region,founder,university,admission_type,college,department,quota,applicants,rate
충북,사립,청주대학교,정원외 특성화고졸업재직자전형,청암학부,한국어교육과 / 한국어를 모국어로 사용하지 않는 외국인 및 재외동포를 대상으로 외국어로서의 한국어를 가르칠 수 있는 인재의 양성을 목표로 하는 학과(한국어 교원 2급 자격증 취득 가능),80,1,0.01
충북,사립,우석대학교(진천),학생부교과_성인학습자등,글로컬 라이프대학,글로컬라이프 자율전공학부(진천) / 소방산업안전학과 창업컨설팅학과 AI융합심리치유학과,81,2,0.02
충북,사립,건국대학교(글로컬),[학생부교과] 만학도(정원외),KU글로컬혁신대학,라이프설계융합학과,35,1,0.03
충북,사립,중원대학교,학생부교과 (일반전형1),,바이오융합학과,27,1,0.04
경기,국립,국립한국교통대학교(의왕),평생학습자전형Ⅲ,,스포츠복지학과(야),21,1,0.05
충북,국립,국립한국교통대학교(충주증평),평생학습자전형Ⅲ,,스포츠복지학과(야),21,1,0.05
서울,사립,숙명여자대학교,[학생부교과] 지역균형선발전형,경상대학,경제학부,16,1,0.06
충남,사립,유원대학교(아산),유원면접,,창의설계학부,29,2,0.07
충북,사립,유원대학교(영동),유원면접,,창의설계학부,29,2,0.07
대전,사립,배재대학교,정원내 학생부교과 일반고교과,,AI소프트웨어공학부(인공지능) [신설],15,1,0.07
충북,사립,극동대학교,정원 외 학생부교과 기회균형전형(정원 외),,"글로벌융합학부(경영서비스, 과학기술, K컬처)",15,1,0.07
대전,사립,한국침례신학대학교,기독교인전형,,기독교문화학과 크리스천커뮤니케이션전공,40,3,0.08
충남,사립,상명대학교(천안),정원내 학생부교과(학생부교과전형),,소프트웨어학과,12,1,0.08
경기,사립,화성의과학대학교,(정원내) 학생부 교과우수자 전형,,바이오헬스케어학과,32,3,0.09
충남,사립,순천향대학교,[정원내] 학생부교과(충청형지역인재전형),AI의료융합혁신교육원,첨단의료기기스쿨,32,3,0.09
경기,사립,루터대학교,학생부위주(종합)-특별전형(성인학습자),,휴먼케어디자인학부,20,2,0.1
서울,사립,한성대학교,교과우수전형,AI융합대학,AI응용학과,20,2,0.1
충북,사립,우석대학교(진천),실기(실적)위주_실기일반,체육대학,체육 자율전공학부(전주) / 체육학과 태권도학과 스포츠지도학과,20,2,0.1
대전,사립,대전대학교,"교과면접전형 [1단계:교과/출석 100%, 2단계:교과/출석 60% + 면접 40%]",SW융합대학,"AI소프트웨어학부 (빅데이터전공, 인공지능전공)",10,1,0.1
충남,사립,백석대학교,정원외 모집 학생부 교과 특성화고교 일반전형,,기독교학부,10,1,0.1
충남,사립,순천향대학교,[정원내] 학생부교과(교과우수자전형),글로벌경영대학,회계학과,10,1,0.1
충북,사립,중원대학교,학생부교과 (일반전형2),,경찰행정학과,10,1,0.1
충북,사립,건국대학교(글로컬),[학생부교과] 만학도(정원외),KU글로컬혁신대학,첨단산업융합학과,35,4,0.11
경기,사립,한국공학대학교,학생부교과(지역균형),,"디자인공학부(산업디자인공학전공, 미디어디자인공학전공)",19,2,0.11
충남,사립,백석대학교,정원외 모집 학생부 교과 + 면접 만학도,,사회복지학부,18,2,0.11
경기,사립,단국대학교(죽전),[학생부교과] 학생부교과우수자 경쟁률 현황 (천안),,아시아중동학부(중동학전공),9,1,0.11
서울,사립,숙명여자대학교,[학생부교과] 지역균형선발전형,문과대학,중어중문학부,9,1,0.11
서울,사립,숙명여자대학교,[학생부교과] 지역균형선발전형,영어영문학부,영어영문학전공,9,1,0.11
대전,국립,충남대학교,지역인재전형,공과대학,스마트시티건축공학과,9,1,0.11
세종,사립,고려대학교(세종),논술(일반전형),과학기술대학,반도체물리학부,9,1,0.11
세종,사립,고려대학교(세종),논술(일반전형),공공정책대학,빅데이터사이언스학부,9,1,0.11
충남,사립,단국대학교(천안),[학생부교과] 학생부교과우수자 경쟁률 현황 (천안),,아시아중동학부(중동학전공),9,1,0.11
충남,사립,유원대학교(아산),유원면접,,스마트팜학과,9,1,0.11
충북,사립,극동대학교,정원 외 학생부교과 농어촌학생전형(정원 외),,"사회복지학부(사회복지, 재활상담치료, 안경광학, 상담복지)",9,1,0.11
충북,사립,유원대학교(영동),유원면접,,스마트팜학과,9,1,0.11
충북,사립,청주대학교,정원내 교과인재전형 [교과100%],경상대학,"회계학과 / 유지취업률 89.2%(25), 2027년 AI+회계 교과목 신설, 연 10회 전문가 초빙 ESG 교육. AI 활용에 강한 회계전문가 양성",9,1,0.11
세종,사립,고려대학교(세종),학생부교과(일반전형),과학기술대학,전자및정보공학과,25,3,0.12
충남,사립,금강대학교,일반전형,,"불교문화학부 | 불교미술전공, 불교음악전공, 불교문화콘텐츠전공",38,5,0.13
경기,사립,화성의과학대학교,(정원내) 학생부 교과우수자 전형,,서비스디자인학과,16,2,0.13
세종,사립,고려대학교(세종),학생부교과(일반전형),과학기술대학,컴퓨터소프트웨어학과,15,2,0.13
경기,사립,강남대학교,[정원내]학생부교과(만학도전형),인문사회계,상경학부(야),8,1,0.13
경기,사립,한양대학교(ERICA),학생부교과(지역균형선발),공학대학,건축학부(건축공학전공),8,1,0.13
서울,사립,동덕여자대학교,논술우수자전형,문화지식융합대학,앙트러프러너십전공,8,1,0.13
서울,사립,세종대학교,학생부교과(지역균형 전형),인공지능융합,양자지능정보학과,8,1,0.13
인천,사립,인하대학교,학생부교과 지역균형,자연과학대학,화학과,8,1,0.13
인천,사립,인하대학교,학생부교과 지역균형,문과대학,일본언어문화학과,8,1,0.13
세종,사립,고려대학교(세종),학생부교과(일반전형),스마트도시학부,스마트도시학부,8,1,0.13
충남,사립,금강대학교,기회균형특별전형,,"프라마나학부 | 불교학전공, 행정학전공, 경영학전공, 사회복지학전공, 프라마나전공",8,1,0.13
충남,사립,유원대학교(아산),장애인 등 대상자,,사회복지학부,8,1,0.13
충남,사립,호서대학교,- 정원내 학생부교과 지역인재전형,,정보통신공학과,8,1,0.13
충북,사립,유원대학교(영동),장애인 등 대상자,,사회복지학부,8,1,0.13
충남,사립,순천향대학교,[정원내] 학생부교과(교과우수자전형),AI의료융합혁신교육원,디지털의료스쿨,50,7,0.14
인천,사립,청운대학교(인천),평생학습자1전형,,지역비즈니스학과(야간),14,2,0.14
충남,사립,청운대학교(홍성),평생학습자1전형,,지역비즈니스학과(야간),14,2,0.14
경기,사립,대진대학교,학생부교과(학교장추천전형) - 교과100%,AI공과대학,컴퓨터공학과 [교직],7,1,0.14
경기,사립,용인대학교,정원내 교과성적우수자 특별전형,AI바이오융합대학,자연과학 / 보건환경안전학과,7,1,0.14
서울,사립,성신여자대학교,지역균형,,컴퓨터공학과,7,1,0.14
서울,사립,숙명여자대학교,[학생부교과] 지역균형선발전형,공과대학,지능형전자시스템학부,7,1,0.14
세종,사립,고려대학교(세종),학생부교과(일반전형),과학기술대학,응용수리과학부,7,1,0.14
충북,사립,우석대학교(진천),학생부교과_교과면접,휴먼테크 융합대학,식품영양학과(전주) [교직],7,1,0.14
충북,사립,중원대학교,학생부교과 (성인학습자전형),,New-Start학과,34,5,0.15
경기,사립,안양대학교(안양),학생부교과(특성화고교 등을 졸업한 재직자),,정보전기전자공학과(야간),20,3,0.15
인천,사립,안양대학교(강화),학생부교과(특성화고교 등을 졸업한 재직자),,정보전기전자공학과(야간),20,3,0.15
대전,사립,목원대학교,실기전형 경쟁률 현황 실기100 [수능최저없음],-,창의예술자율전공학부 (미술·디자인·웹툰·애니메이션·게임콘텐츠 계열),20,3,0.15
대전,사립,배재대학교,정원내 학생부교과 교과,,피지컬AI공학부(AI융합전자) [신설],20,3,0.15
충북,사립,극동대학교,정원 내 학생부교과 교과우수자전형,,"글로벌융합학부(경영서비스, 과학기술, K컬처)",102,16,0.16
충남,사립,유원대학교(아산),유원교과,,자율설계학부,71,12,0.17
충북,사립,유원대학교(영동),유원교과,,자율설계학부,71,12,0.17
충북,사립,세명대학교,일반전형(정원내),자연과학,스마트IT학부 [인공지능응용학/정보통신학],24,4,0.17
경기,사립,강남대학교,[정원내]학생부교과(만학도전형),인문사회계,법행정세무학부(야),12,2,0.17
충북,사립,극동대학교,정원 외 학생부교과 기회균형전형(정원 외),,"항공운항학과(고정익, 회전익)",12,2,0.17
경기,사립,강남대학교,[정원내]학생부교과(만학도전형),인문사회계,사회복지학부(야),6,1,0.17
경기,사립,단국대학교(죽전),[학생부교과] 지역균형선발 경쟁률 현황 (죽전),,기계공학과,6,1,0.17
경기,사립,명지대학교(용인),학생부교과(학교장추천전형),,전기전자공학부 / 전기정보공학전공,6,1,0.17
경기,사립,서울신학대학교,[실적/실기위주]전문연주자전형,,예술학부 / 교회음악과(성악),6,1,0.17
경기,사립,서울장신대학교,학생부교과위주(농어촌 및 특수교육대상자) 특수교육대상자(정원외),,"자율전공학부(학과 선택 시 인원, 성적 제한 없음)",6,1,0.17
경기,사립,한국외국어대학교(용인),학생부종합전형(서류형),,통계학과,6,1,0.17
경기,사립,한신대학교,논술,인문,사회학,6,1,0.17
경기,사립,협성대학교,정원내 [학생부종합]융합인재Ⅱ(면접),경영대학,금융보험학과,6,1,0.17
서울,사립,명지대학교(서울),학생부교과(학교장추천전형),,전기전자공학부 / 전기정보공학전공,6,1,0.17
서울,사립,숙명여자대학교,[학생부종합] 숙명인재(면접형)전형,이과대학,수학과,6,1,0.17
서울,사립,한국외국어대학교(서울),학생부종합전형(서류형),,통계학과,6,1,0.17
충남,사립,나사렛대학교,창의융합인재(학생부종합-서류형/면접형/실기위주),,경영학과,6,1,0.17
충남,사립,단국대학교(천안),[학생부교과] 지역균형선발 경쟁률 현황 (죽전),,기계공학과,6,1,0.17
충남,사립,백석대학교,정원외 모집 학생부 교과 기초생활수급자 및 차상위계층,,어문학부,6,1,0.17
충남,사립,한국기술교육대학교,지역인재,,데이터경영전공,6,1,0.17
충북,사립,극동대학교,정원 외 학생부교과 특성화고 동일계전형(정원 외),,항공운항서비스학과,6,1,0.17
충북,사립,극동대학교,정원 외 학생부교과 기회균형전형(정원 외),,임상병리학과,6,1,0.17
충북,국립,충북대학교,학생부교과(지역인재전형),인문대학,독일언어문화학과,6,1,0.17
충남,사립,순천향대학교,[정원내] 학생부교과(교과우수자전형),AI의료융합혁신교육원,첨단의료기기스쿨,50,9,0.18
충남,사립,순천향대학교,[정원내] 학생부종합(일반학생전형),AI의료융합혁신교육원,디지털의료스쿨,40,7,0.18
경기,사립,아주대학교,고교추천전형,,디지털미디어학과,17,3,0.18
대전,국립,충남대학교,지역인재전형,자연과학대학,화학과*,11,2,0.18
충남,사립,순천향대학교,[정원내] 학생부교과(충청형지역인재전형),AI의료융합혁신교육원,디지털의료스쿨,32,6,0.19
경기,사립,화성의과학대학교,(정원내) 학생부 교과우수자 전형,,데이터사이언스학과,16,3,0.19
경기,사립,수원대학교,특성화고 등을 졸업한 재직자전형,경영공학대학,경영공학대학,40,8,0.2
충남,사립,금강대학교,일반전형,,"프라마나학부 | 불교학전공, 행정학전공, 경영학전공, 사회복지학전공, 프라마나전공",40,8,0.2
충남,사립,순천향대학교,[정원내] 학생부교과(교과우수자전형),공과대학,에너지공학부,20,4,0.2
충북,사립,극동대학교,정원 외 학생부교과 기회균형전형(정원 외),,"사회복지학부(사회복지, 재활상담치료, 안경광학, 상담복지)",15,3,0.2
경기,사립,한신대학교,논술,자연,빅데이터융합학,10,2,0.2
경기,사립,한양대학교(ERICA),학생부교과(지역균형선발),소프트웨어융합대학,ICT융합학부,10,2,0.2
대전,사립,목원대학교,"교과전형 경쟁률 현황 교과100 [면접없음, 수능최저없음]",미술·디자인대학,"입체조형학부(조소전공, 입체캐릭터전공)",10,2,0.2
세종,사립,고려대학교(세종),학생부교과(일반전형),공공정책대학,빅데이터사이언스학부,10,2,0.2
충남,사립,백석대학교,정원외 모집 학생부 교과 특성화고교 일반전형,,사회복지학부,10,2,0.2
충남,사립,백석대학교,정원외 모집 학생부 교과 + 면접 만학도,,기독교학부,10,2,0.2
충남,사립,순천향대학교,[정원내] 학생부교과(교과우수자전형),글로벌경영대학,글로벌문화산업학과,10,2,0.2
충북,사립,건국대학교(글로컬),[학생부교과] 특성화고졸재직자(정원외),KU글로컬혁신대학,라이프설계융합학과,10,2,0.2
충북,사립,세명대학교,면접우수자전형(정원내),인문사회,외국어학부 [영미언어문화/중국언어문화/일본언어문화],10,2,0.2
충북,사립,청주대학교,정원내 교과인재전형 [교과100%],보건의료과학대학,"바이오의약학과 / 충북 도내 유일의 교육용 GMP 실습실을 보유한 학과, 앵커(RISE) 사업을 통한 장학금 및 최첨단 실습교육 지원",10,2,0.2
충북,사립,청주대학교,정원내 미래인재전형 [교과100%],경상대학,무역학과 / 최근 3년 졸업생 취업률 75.1% (전국 무역학과 동일지표 평균대비 11.1% 높은수준). 최근 3년 인재양성 재정지원사업 4.5억원 수주,10,2,0.2
충북,사립,청주대학교,정원내 미래인재전형 [교과100%],보건의료과학대학,"제약공학과 / NCS직무능력은행제 전국 최초 인증, 앵커(RISE)사업을 통한 장학금 및 첨단실습제공, 인공지능활용 교과 운영",10,2,0.2
서울,사립,서울기독대학교,일반전형,,운동건강관리,6,1,0.2
경기,사립,가톨릭대학교(부천),학생부교과(지역균형전형),,사회학과,5,1,0.2
경기,사립,가톨릭대학교(부천),학생부교과(지역균형전형),,회계학과,5,1,0.2
경기,사립,가톨릭대학교(부천),학생부교과(지역균형전형),,의류학과,5,1,0.2
경기,사립,강남대학교,[정원외]학생부교과(기초차상위전형),공학계,컴퓨터공학부,5,1,0.2
경기,사립,단국대학교(죽전),[학생부교과] 학생부교과우수자 경쟁률 현황 (천안),,유럽중남미학부(독일학전공),5,1,0.2
경기,사립,단국대학교(죽전),[학생부교과] 학생부교과우수자 경쟁률 현황 (천안),,유럽중남미학부(포르투갈브라질학전공),5,1,0.2
경기,사립,단국대학교(죽전),[학생부교과] 학생부교과우수자 경쟁률 현황 (천안),,글로벌한국어과,5,1,0.2
경기,사립,대진대학교,학생부교과(학교장추천전형) - 교과100%,인문사회대학,국제통상학과,5,1,0.2
경기,사립,명지대학교(용인),학생부교과(교과면접전형),,데이터사이언스전공,5,1,0.2
경기,사립,신한대학교(의정부/동두천),일반전형(교과60%+면접40%),,산업디자인학과,5,1,0.2
경기,사립,중부대학교(고양),학교생활우수자전형,,작업치료학과 / 작업치료학과,5,1,0.2
경기,사립,협성대학교,정원내 [학생부종합]융합인재Ⅱ(면접),경영대학,유통경영학과,5,1,0.2
경기,사립,협성대학교,정원내 [학생부종합]융합인재Ⅱ(면접),이공대학,건축공학과,5,1,0.2
서울,사립,가톨릭대학교(서울),학생부교과(지역균형전형),,사회학과,5,1,0.2
서울,사립,가톨릭대학교(서울),학생부교과(지역균형전형),,회계학과,5,1,0.2
서울,사립,가톨릭대학교(서울),학생부교과(지역균형전형),,의류학과,5,1,0.2
서울,사립,동덕여자대학교,학생부교과우수자 특별전형,인문대학,국사학전공,5,1,0.2
서울,사립,명지대학교(서울),학생부교과(교과면접전형),,데이터사이언스전공,5,1,0.2
서울,사립,서경대학교,기회균형② 특별전형 - 서해5도,,미래융합학부1,5,1,0.2
서울,사립,성신여자대학교,지역균형,,영어영문학과,5,1,0.2
서울,사립,숙명여자대학교,[학생부교과] 지역균형선발전형,이과대학,통계학과,5,1,0.2
서울,사립,숙명여자대학교,[학생부교과] 지역균형선발전형,공과대학,데이터사이언스전공,5,1,0.2
서울,사립,이화여자대학교,학생부교과(고교추천전형),공과대학,환경공학과,5,1,0.2
서울,사립,이화여자대학교,학생부교과(고교추천전형),사범대학,수학교육과,5,1,0.2
서울,사립,한양대학교(서울),학생부교과(추천형),공과대학,건축공학부,5,1,0.2
인천,국립,인천대학교,학생부교과(교과성적우수자),도시과학대학,도시환경공학부 환경공학전공,5,1,0.2
대전,사립,건양대학교(대전),지역[교과],,"국방XR학부 (영상,미디어,AR,VR,가상현실 등)",5,1,0.2
대전,사립,건양대학교(대전),학생부종합전형,,의료IT공학과,5,1,0.2
대전,사립,건양대학교(대전),학생부종합전형,,의료신소재학과,5,1,0.2
대전,사립,목원대학교,"지역인재전형 경쟁률 현황 교과100 [면접없음, 수능최저없음]",AISW융합대학,"컴퓨터융합학부 [SW] (컴퓨터공학전공, AI실감콘텐츠전공, 사이버보안전공)",5,1,0.2
대전,사립,우송대학교,정원내 학생부 교과 - 자기추천 전형 (교과100% / 12과목 반영),소프트웨어(SW)융합대학,AI·컴퓨터공학과,5,1,0.2
대전,국립,충남대학교,지역인재전형,사회과학대학,정치외교학과,5,1,0.2
충남,사립,건양대학교(논산),지역[교과],,"국방XR학부 (영상,미디어,AR,VR,가상현실 등)",5,1,0.2
충남,사립,건양대학교(논산),학생부종합전형,,의료IT공학과,5,1,0.2
충남,사립,건양대학교(논산),학생부종합전형,,의료신소재학과,5,1,0.2
충남,사립,나사렛대학교,장애학생(학생부종합/실기위주),,"기독교학부(신학전공, 기독교상담교육학전공)",5,1,0.2
충남,사립,단국대학교(천안),[학생부교과] 학생부교과우수자 경쟁률 현황 (천안),,유럽중남미학부(독일학전공),5,1,0.2
충남,사립,단국대학교(천안),[학생부교과] 학생부교과우수자 경쟁률 현황 (천안),,유럽중남미학부(포르투갈브라질학전공),5,1,0.2
충남,사립,단국대학교(천안),[학생부교과] 학생부교과우수자 경쟁률 현황 (천안),,글로벌한국어과,5,1,0.2
충남,사립,백석대학교,정원외 모집 학생부 교과 특성화고교 일반전형,,보건학부 물리치료학과,5,1,0.2
충남,사립,상명대학교(천안),정원외 학생부종합(조기취업형계약학과전형),,(주)제닉,5,1,0.2
충남,사립,유원대학교(아산),학생부종합,,산업안전보건학과,5,1,0.2
충남,사립,중부대학교(금산),학교생활우수자전형,,작업치료학과 / 작업치료학과,5,1,0.2
충북,사립,세명대학교,특성화고교인재전형(정원내),인문사회,미디어콘텐츠창작학과,5,1,0.2
충북,사립,세명대학교,특성화고교인재전형(정원내),공학,재난안전학과,5,1,0.2
충북,사립,유원대학교(영동),학생부종합,,산업안전보건학과,5,1,0.2
충북,사립,중원대학교,학생부교과 (일반전형2),,자율전공학부,5,1,0.2
충북,사립,청주대학교,"정원내 교과면접전형 경쟁률 현황 ※ 면접전형 : 교과70%+ 면접30% 단, 항공서비스학과 만 교과60%+ 면접40% 생활기록부 미반영 면접",예술대학,"산업디자인학과 / 세계 3대 디자인어워드 19년 연속 수상!, 제57회 대한민국디자인전람회 대통령상 수상, 전국최고 공시취업률 92.6%(2022년, 3년 평균 76.6%)달성!",5,1,0.2
충북,사립,중원대학교,학생부교과 (일반전형1),,기계공학과,24,5,0.21
서울,사립,한성대학교,교과우수전형,AI융합대학,문학문화콘텐츠학과,14,3,0.21
충북,사립,세명대학교,인문계고교전형(정원내),예체능,시각·영상디자인학과,14,3,0.21
인천,사립,인하대학교,학생부교과 지역균형,문과대학,문화콘텐츠문화경영학과,9,2,0.22
충남,사립,상명대학교(천안),정원내 학생부교과(학생부교과전형),,ARㆍVR미디어디자인전공,9,2,0.22
충북,사립,청주대학교,정원내 미래인재전형 [교과100%],AI·SW융합대학,"디지털보안학과 / SW중심대학사업 8년간 150억, 산업보안·사이버보안 인재양성사업 주관(2026년 1.75억), 전국 SW개발보안 경진대회 대상·최우수상 수상",9,2,0.22
대전,사립,건양대학교(대전),일반[교과],,"국방XR학부 (영상,미디어,AR,VR,가상현실 등)",22,5,0.23
충남,사립,건양대학교(논산),일반[교과],,"국방XR학부 (영상,미디어,AR,VR,가상현실 등)",22,5,0.23
경기,사립,단국대학교(죽전),[학생부교과] 지역균형선발 경쟁률 현황 (죽전),,경영학부,13,3,0.23
경기,사립,화성의과학대학교,(정원내) 학생부 교과우수자 전형,,라이프스타일테크학과,13,3,0.23
대전,사립,대전대학교,"교과면접전형 [1단계:교과/출석 100%, 2단계:교과/출석 60% + 면접 40%]",SW융합대학,컴퓨터공학과 [교직],13,3,0.23
충남,사립,단국대학교(천안),[학생부교과] 지역균형선발 경쟁률 현황 (죽전),,경영학부,13,3,0.23
서울,국립,서울과학기술대학교,고교추천전형,공과대학,안전공학과,17,4,0.24
충북,사립,우석대학교(진천),학생부교과_교과,휴먼테크 융합대학 (진천),휴먼테크 자율전공학부(진천) / 건축학부 경찰범죄심리학과 군사안보학과 글로벌디자인문화경영학부 문예창작학과 바이오융합학과,17,4,0.24
충남,사립,나사렛대학교,일반학생전형(학생부교과/실기위주),,공공인재학과,20,5,0.25
경기,국립,국립한국교통대학교(의왕),평생학습자전형Ⅲ,,이차전지공학과(야),12,3,0.25
경기,사립,아주대학교,고교추천전형,,지능형반도체공학과,12,3,0.25
경기,사립,한신대학교,논술,인문,경제금융학,12,3,0.25
충북,국립,국립한국교통대학교(충주증평),평생학습자전형Ⅲ,,이차전지공학과(야),12,3,0.25
충북,사립,극동대학교,정원 외 학생부교과 기회균형전형(정원 외),,항공운항서비스학과,12,3,0.25
충북,사립,우석대학교(진천),실기(실적)위주_실기일반,체육대학,태권도학과(전주) [교직] / 겨루기,12,3,0.25
경기,사립,가천대학교(성남),학생부우수자 전형,자연계열,스마트시티학과,8,2,0.25
경기,사립,단국대학교(죽전),[학생부교과] 학생부교과우수자 경쟁률 현황 (천안),,경영공학과,8,2,0.25
경기,사립,대진대학교,"학생부종합(윈윈대진전형) - 1단계:서류평가100%, 2단계:1단계 성적70% + 면접30%",AI공과대학,데이터경영산업공학과 [교직],8,2,0.25
경기,사립,용인대학교,정원내 교과성적우수자 특별전형,인문사회융합대학,인문사회 / 경영학과,8,2,0.25
서울,사립,동덕여자대학교,학생부교과우수자 특별전형,문화지식융합대학,글로벌MICE융합전공,8,2,0.25
인천,사립,가천대학교(인천),학생부우수자 전형,자연계열,스마트시티학과,8,2,0.25
인천,사립,인하대학교,학생부종합 인하미래인재(서류형),사회과학대학,행정학과,8,2,0.25
대전,국립,국립한밭대학교,지역인재(종합)전형,,반도체시스템공학과,8,2,0.25
세종,사립,고려대학교(세종),논술(일반전형),과학기술대학,신소재화학과,8,2,0.25
충남,사립,단국대학교(천안),[학생부교과] 학생부교과우수자 경쟁률 현황 (천안),,경영공학과,8,2,0.25
충북,사립,청주대학교,정원내 교과인재전형 [교과100%],인문사회대학,"경찰행정학과 / 청원경찰서와 연계한 경찰 현장 실습으로 차별화된 현장감 있는 경찰 교육, 전 학년 대상 토익 특강과 전문 경찰 영어 교육을 통해 대한민국을 이끌어갈 정예 경찰관 육성",8,2,0.25
경기,사립,경희대학교(용인),국제캠퍼스 학생부교과(지역균형전형),인문계열,글로벌커뮤니케이션학부,4,1,0.25
경기,사립,대진대학교,학생부교과(학생부우수자전형) - 교과70% + 면접30%,인문사회대학,국제지역학과,4,1,0.25
경기,사립,대진대학교,학생부교과(학교장추천전형) - 교과100%,인문사회대학,문예콘텐츠창작학과,4,1,0.25
경기,사립,대진대학교,학생부교과(학교장추천전형) - 교과100%,인문사회대학,공공인재법학과,4,1,0.25
경기,사립,서울신학대학교,[학생부종합]H+인재전형,,데이터사이언스학과,4,1,0.25
경기,사립,안양대학교(안양),학생부교과(아리학생부면접),,신학과,4,1,0.25
경기,사립,안양대학교(안양),학생부교과(아리학생부면접),,데이터사이언스학과(야간),4,1,0.25
경기,사립,을지대학교(성남의정부),EU서류형,,첨단학부,4,1,0.25
경기,국립,한경국립대학교,학생부교과(지역균형선발_안성)_정원내,,공과대학,4,1,0.25
경기,사립,한국외국어대학교(용인),학교장추천전형,,인도·남아시아학과,4,1,0.25
경기,사립,한국외국어대학교(용인),학교장추천전형,,루마니아학과,4,1,0.25
경기,사립,한국외국어대학교(용인),학교장추천전형,,환경학과,4,1,0.25
경기,사립,한국외국어대학교(용인),학교장추천전형,,Finance & AI융합학부,4,1,0.25
경기,사립,한국외국어대학교(용인),기회균형전형,,Finance & AI융합학부,4,1,0.25
경기,사립,협성대학교,정원내 [학생부교과]미래창의인재,이공대학,컴퓨터공학과,4,1,0.25
서울,사립,건국대학교(서울),학생부교과(KU지역균형),부동산과학원,부동산학과,4,1,0.25
서울,사립,경희대학교(서울),국제캠퍼스 학생부교과(지역균형전형),인문계열,글로벌커뮤니케이션학부,4,1,0.25
서울,사립,서울여자대학교,학생부교과(교과우수자전형),과학기술융합대학,수학과,4,1,0.25
서울,사립,서울여자대학교,학생부교과(교과우수자전형),미래산업융합대학,인공지능전공,4,1,0.25
서울,사립,성신여자대학교,지역균형,,독일어문·문화학과,4,1,0.25
서울,사립,성신여자대학교,지역균형,,사학과,4,1,0.25
서울,사립,성신여자대학교,지역균형,,지리학과,4,1,0.25
서울,사립,성신여자대학교,지역균형,,사회복지학과,4,1,0.25
서울,사립,성신여자대학교,지역균형,,수리통계데이터사이언스학부(통계학/빅데이터사이언스),4,1,0.25
서울,사립,성신여자대학교,지역균형,,화학·에너지융합학부,4,1,0.25
서울,사립,성신여자대학교,지역균형,,바이오헬스융합학부,4,1,0.25
서울,사립,성신여자대학교,지역균형,,융합보안공학과,4,1,0.25
서울,사립,성신여자대학교,지역균형,,한문교육과,4,1,0.25
서울,사립,세종대학교,학생부교과(지역균형 전형),생명과학,스마트생명산업융합학과,4,1,0.25
서울,사립,한국외국어대학교(서울),학교장추천전형,,인도·남아시아학과,4,1,0.25
서울,사립,한국외국어대학교(서울),학교장추천전형,,루마니아학과,4,1,0.25
서울,사립,한국외국어대학교(서울),학교장추천전형,,환경학과,4,1,0.25
서울,사립,한국외국어대학교(서울),학교장추천전형,,Finance & AI융합학부,4,1,0.25
서울,사립,한국외국어대학교(서울),기회균형전형,,Finance & AI융합학부,4,1,0.25
서울,국립,한국체육대학교,특수교육대상자,,태권도학과-공인품새,4,1,0.25
인천,사립,안양대학교(강화),학생부교과(아리학생부면접),,신학과,4,1,0.25
인천,사립,안양대학교(강화),학생부교과(아리학생부면접),,데이터사이언스학과(야간),4,1,0.25
인천,사립,인하대학교,학생부종합 인하미래인재(서류형),문과대학,철학과,4,1,0.25
인천,사립,인하대학교,학생부교과 지역균형,공과대학,공간정보공학과,4,1,0.25
대전,사립,건양대학교(대전),학생부종합전형,,스마트보안학과,4,1,0.25
대전,국립,국립한밭대학교,지역인재(교과)전형,,정보통신공학과,4,1,0.25
대전,사립,대전대학교,지역인재Ⅰ전형 [교과/출석 100%],디자인·아트대학,건축학과(4년제),4,1,0.25
대전,사립,우송대학교,정원내 학생부 교과 - 지역인재 전형 (교과100% / 12과목 반영),소프트웨어(SW)융합대학,AI·컴퓨터공학과,4,1,0.25
대전,사립,을지대학교(대전),EU서류형,,첨단학부,4,1,0.25
대전,국립,충남대학교,지역인재전형,농업생명과학대학,응용생물학과*,4,1,0.25
대전,국립,충남대학교,지역인재전형,창의융합대학,자연과학융합학부 생활과학대학자율전공,4,1,0.25
충남,사립,건양대학교(논산),학생부종합전형,,스마트보안학과,4,1,0.25
충남,사립,나사렛대학교,장애학생(학생부종합/실기위주),,인간재활학과,4,1,0.25
충남,사립,남서울대학교,학생부교과(교과＋면접)(계약학과 채용조건형_정원외),AI 공과대학,(충남형)AI 스마트산업시스템공학과 ㈜에코에너젠,4,1,0.25
충남,사립,남서울대학교,학생부교과(교과＋면접)(계약학과 채용조건형_정원외),AI 공과대학,(충남형)AI 플랫폼소프트웨어학과 ㈜파로스시스템,4,1,0.25
충남,사립,백석대학교,정원외 모집 학생부 교과 농어촌학생 일반전형,,관광학부 글로벌호텔비즈니스,4,1,0.25
충남,사립,백석대학교,정원외 모집 학생부 교과 + 면접 계약학과,,온리유 헤어룸,4,1,0.25
충남,사립,순천향대학교,[정원내] 학생부교과(충청형지역인재전형),인문사회과학대학,한국문화콘텐츠학과,4,1,0.25
충남,사립,순천향대학교,[정원내] 학생부교과(충청형지역인재전형),공과대학,나노화학공학과,4,1,0.25
충남,사립,순천향대학교,[정원내] 학생부교과(충청형지역인재전형),공과대학,에너지환경공학과,4,1,0.25
충남,사립,순천향대학교,[정원내] 학생부교과(충청형지역인재전형),공과대학,디스플레이신소재공학과,4,1,0.25
충남,사립,순천향대학교,[정원내] 학생부교과(충청형지역인재전형),공과대학,스마트자동차학과,4,1,0.25
충남,사립,호서대학교,- 정원외 학생부교과 조기취업형 계약학과,,(주)엑스티,4,1,0.25
충남,사립,호서대학교,- 정원외 학생부교과 조기취업형 계약학과,,㈜뉴젠스,4,1,0.25
충북,국립,충북대학교,학생부종합(학생부종합Ⅱ전형),인문대학,프랑스언어문화학과,4,1,0.25
충북,국립,충북대학교,학생부교과(지역인재전형),농업생명환경대학,농업생명환경자율전공학부,4,1,0.25
대전,사립,한국침례신학대학교,기독교인전형,,신학과 신학전공,150,23,0.26
충남,사립,유원대학교(아산),유원교과,,산업안전보건학과,19,5,0.26
충남,사립,유원대학교(아산),유원교과,,AI소프트웨어학과,19,5,0.26
충남,사립,유원대학교(아산),유원교과,,국방인재개발학과,19,5,0.26
충북,사립,세명대학교,인문계고교전형(정원내),예체능,아트&산업디자인학과,19,5,0.26
충북,사립,유원대학교(영동),유원교과,,산업안전보건학과,19,5,0.26
충북,사립,유원대학교(영동),유원교과,,AI소프트웨어학과,19,5,0.26
충북,사립,유원대학교(영동),유원교과,,국방인재개발학과,19,5,0.26
충북,사립,극동대학교,정원 내 학생부교과 교과우수자전형,,항공안전관리학과,26,7,0.27
경기,사립,강남대학교,[정원내]논술위주(논술전형),인문사회계,법행정세무학부(야),22,6,0.27
충북,사립,극동대학교,정원 내 실기 일반학생전형(실기),,스포츠재활학과,22,6,0.27
인천,사립,청운대학교(인천),평생학습자1전형,,농식품산업학과(야간),15,4,0.27
충남,사립,청운대학교(홍성),평생학습자1전형,,농식품산업학과(야간),15,4,0.27
경기,사립,안양대학교(안양),학생부교과(아리학생부교과),,인문계열자유전공,11,3,0.27
인천,사립,안양대학교(강화),학생부교과(아리학생부교과),,인문계열자유전공,11,3,0.27
세종,사립,고려대학교(세종),학생부교과(일반전형),과학기술대학,반도체물리학부,11,3,0.27
충북,사립,우석대학교(진천),학생부교과_교과,수소테크 융합대학,수소테크 자율전공학부 / 수소에너지공학과 경영학부 AI모빌리티공학부,65,18,0.28
충남,사립,순천향대학교,[정원내] 학생부종합(일반학생전형),AI의료융합혁신교육원,첨단의료기기스쿨,43,12,0.28
경기,사립,한세대학교,교과우수자 - 교과 100%,,자유전공학부,29,8,0.28
서울,사립,성신여자대학교,자기주도인재,,융합AI반도체공학과,17,5,0.29
충북,국립,충북대학교,학생부교과(학생부교과전형),전자정보대학,인공지능학부,17,5,0.29
경기,사립,명지대학교(용인),학생부종합(명지인재면접전형),,AI응용시스템전공,14,4,0.29
서울,사립,명지대학교(서울),학생부종합(명지인재면접전형),,AI응용시스템전공,14,4,0.29
세종,사립,홍익대학교(세종),교과우수자전형,AID융합과학기술대학,AI기계융합공학과,14,4,0.29
경기,사립,대진대학교,학생부교과(학교장추천전형) - 교과100%,보건과학대학,보건경영학과,7,2,0.29
경기,사립,을지대학교(성남의정부),지역균형(학교장추천),,첨단학부,7,2,0.29
경기,사립,한신대학교,논술,인문,국제관계학,7,2,0.29
서울,사립,서울여자대학교,학생부교과(교과우수자전형),미래산업융합대학,지능정보보호학부,7,2,0.29
대전,사립,배재대학교,정원내 학생부교과 지역인재Ⅰ,,자율전공학부,7,2,0.29
대전,사립,을지대학교(대전),지역균형(학교장추천),,첨단학부,7,2,0.29
충남,사립,호서대학교,- 정원내 학생부종합 호서인재전형,,지능로봇학과,7,2,0.29
서울,사립,동덕여자대학교,특성화고 등 고졸재직자 특별전형,미래인재융합대학,금융회계학부,84,25,0.3
경기,사립,강남대학교,[정원내]논술위주(논술전형),인문사회계,상경학부(야),27,8,0.3
충남,사립,호서대학교,- 정원내 학생부교과 학생부전형,,인공지능학과,27,8,0.3
서울,사립,서울기독대학교,일반전형,,글로벌휴먼경영,26,9,0.3
경기,사립,대진대학교,"학생부종합(윈윈대진전형) - 1단계:서류평가100%, 2단계:1단계 성적70% + 면접30%",AI공과대학,반도체융합공학과 [교직],10,3,0.3
경기,사립,아주대학교,고교추천전형,,자유전공학부(자연),10,3,0.3
경기,사립,한국외국어대학교(용인),학생부종합전형(SW인재),,AI로봇공학과,10,3,0.3
서울,국립,서울과학기술대학교,고교추천전형,에너지바이오대학,안경광학과,10,3,0.3
서울,사립,성신여자대학교,자기주도인재,,한문교육과,10,3,0.3
서울,사립,한국외국어대학교(서울),학생부종합전형(SW인재),,AI로봇공학과,10,3,0.3
대전,사립,배재대학교,정원내 학생부교과 일반고교과,,피지컬AI공학부(AI융합전자) [신설],10,3,0.3
충남,사립,백석대학교,정원외 모집 학생부 교과 농어촌학생 일반전형,,관광학부,10,3,0.3
충남,사립,백석대학교,정원외 모집 학생부 교과 기초생활수급자 및 차상위계층,,경상학부,10,3,0.3
충북,사립,우석대학교(진천),실기(실적)위주_실적우수자,체육대학,"스포츠문화예술학부(진천) / 태권도(남,여)",10,3,0.3
충남,사립,유원대학교(아산),유원교과,,창의설계학부,32,10,0.31
충북,사립,유원대학교(영동),유원교과,,창의설계학부,32,10,0.31
경기,사립,한양대학교(ERICA),학생부교과(지역균형선발),LIONS칼리지,LIONS자율전공학부(자연계열),50,16,0.32
인천,사립,청운대학교(인천),청운인재전형,,스포츠과학과,25,8,0.32
대전,사립,배재대학교,정원내 학생부교과 교과,,AI소프트웨어공학부(인공지능) [신설],25,8,0.32
충남,사립,청운대학교(홍성),청운인재전형,,스포츠과학과,25,8,0.32
충북,사립,중원대학교,실기위주 (체육우수인재(스포츠지도전공)),,스포츠과학부,25,8,0.32
서울,사립,세종대학교,학생부교과(지역균형 전형),인공지능융합,지능정보융합학과,22,7,0.32
충남,사립,유원대학교(아산),유원교과,,와인사이언스학과,19,6,0.32
충북,사립,유원대학교(영동),유원교과,,와인사이언스학과,19,6,0.32
경기,사립,한양대학교(ERICA),학생부교과(지역균형선발),첨단융합대학,차세대반도체융합공학부(신소재·반도체공학전공),15,5,0.33
서울,사립,덕성여자대학교,덕성인재전형Ⅱ[학생부위주(종합)],,미래인재대학(가상현실융합학과),15,5,0.33
충남,사립,순천향대학교,[정원내] 학생부교과(교과우수자전형),공과대학,전자정보공학과,15,5,0.33
충남,사립,순천향대학교,[정원외] 학생부종합(특성화고졸재직자전형),글로벌경영대학,경영학과,15,5,0.33
경기,사립,대진대학교,"학생부종합(윈윈대진전형) - 1단계:서류평가100%, 2단계:1단계 성적70% + 면접30%",인문사회대학,글로벌경제학과,12,4,0.33
경기,사립,용인대학교,정원내 일반학생 전형,체육과학대학,사범 / 특수체육교육과,12,4,0.33
경기,국립,한경국립대학교,학생부종합(잠재력우수자_안성)_정원내,,공과대학,12,4,0.33
충북,사립,청주대학교,정원내 미래인재전형 [교과100%],경상대학,"회계학과 / 유지취업률 89.2%(25), 2027년 AI+회계 교과목 신설, 연 10회 전문가 초빙 ESG 교육. AI 활용에 강한 회계전문가 양성",12,4,0.33
경기,사립,단국대학교(죽전),[학생부교과] 학생부교과우수자 경쟁률 현황 (천안),,의생명과학부(생명과학전공),9,3,0.33
경기,사립,한국외국어대학교(용인),학생부종합전형(서류형),,화학과,9,3,0.33
경기,사립,한국외국어대학교(용인),학생부종합전형(서류형),,AI융합대학(글로벌)[통합모집],9,3,0.33
서울,사립,숙명여자대학교,[학생부교과] 지역균형선발전형,공과대학,컴퓨터과학전공,9,3,0.33
서울,사립,숭실대학교,학생부교과(교과우수자전형-학교장 추천),,사회복지학부,9,3,0.33
서울,사립,한국외국어대학교(서울),학생부종합전형(서류형),,화학과,9,3,0.33
서울,사립,한국외국어대학교(서울),학생부종합전형(서류형),,AI융합대학(글로벌)[통합모집],9,3,0.33
충남,사립,단국대학교(천안),[학생부교과] 학생부교과우수자 경쟁률 현황 (천안),,의생명과학부(생명과학전공),9,3,0.33
충북,사립,청주대학교,정원내 미래인재전형 [교과100%],인문사회대학,"신문방송학과 / 실무현장 수준의 방송 스튜디오와 편집실, 실전 경력이 되는 현장실습 프로그램을 갖춘 AX 시대 미디어·콘텐츠 인재 양성의 산실",9,3,0.33
경기,사립,경희대학교(용인),국제캠퍼스 학생부종합(네오르네상스전형),자연계열,전자공학부 반도체공학과,6,2,0.33
경기,사립,대진대학교,학생부교과(학교장추천전형) - 교과100%,AI공과대학,건축공학과 [교직],6,2,0.33
경기,사립,서울신학대학교,[학생부교과]일반전형,,데이터사이언스학과,6,2,0.33
경기,사립,한신대학교,논술,인문,한국어문학,6,2,0.33
경기,사립,협성대학교,정원내 [학생부종합]융합인재Ⅱ(면접),인문사회과학대학,도시행정학과,6,2,0.33
서울,사립,경희대학교(서울),국제캠퍼스 학생부종합(네오르네상스전형),자연계열,전자공학부 반도체공학과,6,2,0.33
서울,사립,동덕여자대학교,학생부교과우수자 특별전형,인문대학,국어국문학전공,6,2,0.33
서울,사립,삼육대학교,재림교회목회자추천전형,,화학생명과학과,6,2,0.33
서울,사립,성공회대학교,특성화고교교과성적,,소프트웨어융합학부,6,2,0.33
서울,사립,이화여자대학교,학생부교과(고교추천전형),사범대학,유아교육과,6,2,0.33
서울,사립,이화여자대학교,학생부교과(고교추천전형),인공지능대학,사이버보안학과,6,2,0.33
충남,사립,백석대학교,정원외 모집 학생부 교과 농어촌학생 일반전형,,어문학부,6,2,0.33
충남,사립,순천향대학교,[정원내] 학생부교과(충청형지역인재전형),글로벌경영대학,국제통상학과,6,2,0.33
충남,사립,순천향대학교,[정원내] 학생부교과(충청형지역인재전형),공과대학,에너지공학부,6,2,0.33
충남,사립,호서대학교,- 정원내 학생부교과 지역인재전형,,생명공학과,6,2,0.33
충남,사립,호서대학교,- 정원내 학생부종합 호서인재전형,,정보통신공학과,6,2,0.33
충북,사립,극동대학교,정원 외 학생부교과 농어촌학생전형(정원 외),,"항공운항학과(고정익, 회전익)",6,2,0.33
충북,사립,극동대학교,정원 외 학생부교과 기회균형전형(정원 외),,작업치료학과,6,2,0.33
충북,사립,청주대학교,정원내 미래인재전형 [교과100%],공과대학,"건축공학과 / 56년역사, 충북최초 건축공학과개설, 건축공학4대전공(구조·시공·환경·설계) 융합AI스마트건축기술교육! 기술사·교수·공무원100여명배출, 최근 5년연구비50억수주",6,2,0.33
충북,사립,청주대학교,정원내 미래인재전형 [교과100%],공과대학,"시스템반도체공학과 / 국내 최초 반도체공학과의 저력! 130평 반도체공정·설계실습 인프라, 2029년까지 최대150억 국비지원, 실무형 인재양성, 반도체기업 취업까지 연결",6,2,0.33
충북,사립,청주대학교,정원내 지역인재전형 [교과100%],AI·SW융합대학,"디지털보안학과 / SW중심대학사업 8년간 150억, 산업보안·사이버보안 인재양성사업 주관(2026년 1.75억), 전국 SW개발보안 경진대회 대상·최우수상 수상",6,2,0.33
경기,사립,강남대학교,[정원내]실기/실적위주(실기전형),예체능계,음악학과(성악),3,1,0.33
경기,사립,강남대학교,[정원외]학생부교과(기초차상위전형),인문사회계,상경학부(야),3,1,0.33
경기,국립,국립한국교통대학교(의왕),평생학습자전형Ⅱ,,이차전지공학과(야),3,1,0.33
경기,사립,단국대학교(죽전),[학생부종합] 창업인재 경쟁률 현황 (죽전),,융합반도체공학과,3,1,0.33
경기,사립,단국대학교(죽전),[학생부종합] 교육기회배려자(정원외) 경쟁률 현황 (죽전),,인프라건설공학과,3,1,0.33
경기,사립,단국대학교(죽전),[학생부종합] 교육기회배려자(정원외) 경쟁률 현황 (죽전),,컴퓨터공학과,3,1,0.33
경기,사립,대진대학교,학생부교과(고른기회전형) - 교과100%,인문사회대학,국제지역학과,3,1,0.33
경기,사립,대진대학교,학생부교과(고른기회전형) - 교과100%,AI공과대학,스마트융합보안학과,3,1,0.33
경기,사립,수원대학교,교과우수전형,혁신공과대학,도시부동산학과,3,1,0.33
경기,사립,용인대학교,정원내 체육우수자 특별전형,체육과학대학,스포츠레저학과-탁구(여),3,1,0.33
경기,사립,을지대학교(성남의정부),재외국민과외국인(모집정원2%제한),,간호학과(성남),3,1,0.33
경기,사립,을지대학교(성남의정부),재외국민과외국인(모집정원2%제한),,물리치료학과,3,1,0.33
경기,사립,중부대학교(고양),지역인재Ⅰ전형,,스포츠건강관리학전공 / 스포츠건강관리학전공,3,1,0.33
경기,국립,한경국립대학교,학생부교과(지역균형선발_안성)_정원내,,전자공학과,3,1,0.33
경기,국립,한경국립대학교,학생부종합(사회통합_안성)_정원내,,안전공학과,3,1,0.33
경기,국립,한경국립대학교,학생부종합(사회통합_안성)_정원내,,화학공학과,3,1,0.33
경기,사립,한신대학교,농어촌학생,휴먼서비스계열,심리·아동학,3,1,0.33
경기,사립,협성대학교,정원내 [학생부교과]미래창의인재,경영대학,유통경영학과,3,1,0.33
경기,사립,협성대학교,정원내 [실기/실적]실기우수자,예술대학,음악학부 성악,3,1,0.33
경기,사립,화성의과학대학교,(정원내) 기회균형 특별전형,,의생명과학과,3,1,0.33
서울,사립,건국대학교(서울),학생부교과(KU지역균형),경영대학,기술경영학과,3,1,0.33
서울,사립,광운대학교,학생부종합【광운참빛인재전형Ⅱ-서류형】,,건축학과(5년제),3,1,0.33
서울,사립,삼육대학교,재림교회목회자추천전형,,데이터클라우드공학과,3,1,0.33
서울,국립,서울과학기술대학교,학교생활우수자전형,기술경영융합대학,경영학과(글로벌테크노경영전공)_자연,3,1,0.33
서울,국립,서울과학기술대학교,기회균형전형(기회균등),정보통신대학,ICT융합공학과,3,1,0.33
서울,사립,숙명여자대학교,[학생부교과] 지역균형선발전형,생활과학대학,가족자원경영학과,3,1,0.33
서울,사립,홍익대학교(서울),학교장추천자전형,건축도시대학,건축학부 실내건축학전공,3,1,0.33
인천,국립,인천대학교,학생부교과(교과성적우수자),도시과학대학,도시공학과,3,1,0.33
인천,국립,인천대학교,학생부교과(지역균형),사회과학대학,창의인재개발학과,3,1,0.33
대전,국립,국립한밭대학교,지역인재(교과)전형,,경제학과,3,1,0.33
대전,국립,국립한밭대학교,학생부종합(일반)전형,,모바일융합공학과,3,1,0.33
대전,국립,국립한밭대학교,지역인재(종합)전형,,빅데이터헬스케어융합학과,3,1,0.33
대전,사립,목원대학교,"지역인재전형 경쟁률 현황 교과100 [면접없음, 수능최저없음]",보건안전대학,보건의료행정학과,3,1,0.33
대전,사립,우송대학교,정원내 학생부 교과 - 지역인재 전형 (교과100% / 12과목 반영),엔디컷국제대학,AI·빅데이터학과,3,1,0.33
대전,사립,우송대학교,정원내 학생부 교과 - 지역인재 전형 (교과100% / 12과목 반영),철도대학,철도건설시스템전공,3,1,0.33
대전,사립,우송대학교,정원내 학생부 교과 - 지역인재 전형 (교과100% / 12과목 반영),외식조리대학,"외식,조리경영전공",3,1,0.33
대전,사립,우송대학교,정원내 학생부 종합 - 종합면접형 전형,외식조리대학,외식조리영양학과,3,1,0.33
대전,사립,을지대학교(대전),재외국민과외국인(모집정원2%제한),,간호학과(성남),3,1,0.33
대전,사립,을지대학교(대전),재외국민과외국인(모집정원2%제한),,물리치료학과,3,1,0.33
대전,국립,충남대학교,지역인재전형,사범대학,화학공학교육과,3,1,0.33
대전,국립,충남대학교,지역인재전형,생명시스템과학대학,미생물·분자생명과학과,3,1,0.33
대전,국립,충남대학교,지역인재전형,창의융합대학,자연과학융합학부 생명시스템과학대학자율전공,3,1,0.33
대전,국립,충남대학교,학생부종합 서류전형,공과대학,환경공학과,3,1,0.33
대전,국립,충남대학교,만학도전형(종합),자연과학대학,물리학과*,3,1,0.33
대전,국립,충남대학교,만학도전형(종합),자연과학대학,반도체융합학과,3,1,0.33
대전,국립,충남대학교,만학도전형(종합),공과대학,자율운항시스템공학과,3,1,0.33
충남,사립,나사렛대학교,창의융합인재(학생부종합-서류형/면접형/실기위주),,아동심리교육학과,3,1,0.33
충남,사립,나사렛대학교,장애학생(학생부종합/실기위주),,수어통역교육학과,3,1,0.33
충남,사립,단국대학교(천안),[학생부종합] 창업인재 경쟁률 현황 (죽전),,융합반도체공학과,3,1,0.33
충남,사립,단국대학교(천안),[학생부종합] 교육기회배려자(정원외) 경쟁률 현황 (죽전),,인프라건설공학과,3,1,0.33
충남,사립,단국대학교(천안),[학생부종합] 교육기회배려자(정원외) 경쟁률 현황 (죽전),,컴퓨터공학과,3,1,0.33
충남,사립,백석대학교,정원외 모집 학생부 교과 기초생활수급자 및 차상위계층,,사범학부 유아특수교육과,3,1,0.33
충남,사립,백석대학교,정원외 모집 학생부 교과 서해5도민,,경찰학부,3,1,0.33
충남,사립,백석대학교,정원외 모집 학생부 교과 서해5도민,,관광학부,3,1,0.33
충남,사립,백석대학교,정원외 모집 학생부 교과 서해5도민,,관광학부 항공서비스,3,1,0.33
충남,사립,백석대학교,정원외 모집 학생부 교과 서해5도민,,보건학부 안경광학과,3,1,0.33
충남,사립,백석대학교,정원외 모집 학생부 교과 + 면접 계약학과,,온양관광호텔,3,1,0.33
충남,사립,백석대학교,정원외 모집 학생부 교과 + 면접 계약학과,,(주)즐거운밥상,3,1,0.33
충남,사립,상명대학교(천안),정원외 학생부종합(조기취업형계약학과전형),,바이오푸드테크학과 / 뚜쥬루개발 (주),3,1,0.33
충남,사립,상명대학교(천안),정원외 학생부종합(조기취업형계약학과전형),,(주)화인에프티,3,1,0.33
충남,사립,상명대학교(천안),정원외 학생부종합(조기취업형계약학과전형),,주식회사 비에스텍,3,1,0.33
충남,사립,순천향대학교,[정원내] 학생부교과(기회균형전형),공과대학,에너지공학부,3,1,0.33
충남,사립,유원대학교(아산),국가보훈대상자,,사회복지학부,3,1,0.33
충남,사립,유원대학교(아산),농어촌학생,,물리치료학과,3,1,0.33
충남,사립,중부대학교(금산),지역인재Ⅰ전형,,스포츠건강관리학전공 / 스포츠건강관리학전공,3,1,0.33
충남,사립,한국기술교육대학교,충남형 계약학과 (조기 취업형),,씨앤테크(주),3,1,0.33
충남,사립,호서대학교,- 정원외 학생부교과 조기취업형 계약학과,,(주)코츠,3,1,0.33
충북,국립,국립한국교통대학교(충주증평),평생학습자전형Ⅱ,,이차전지공학과(야),3,1,0.33
충북,사립,극동대학교,정원 외 학생부교과 특성화고 동일계전형(정원 외),,방사선학과,3,1,0.33
충북,사립,극동대학교,정원 외 학생부교과 특성화고 동일계전형(정원 외),,작업치료학과,3,1,0.33
충북,사립,세명대학교,지역인재(일반)전형(정원내),자연과학,스마트IT학부 [인공지능응용학/정보통신학],3,1,0.33
충북,사립,세명대학교,특성화고교인재전형(정원내),예체능,시각·영상디자인학과,3,1,0.33
충북,사립,세명대학교,특성화고교인재전형(정원내),인문사회,호텔경영학과,3,1,0.33
충북,사립,우석대학교(진천),실기(실적)위주_기회균형(정원외),체육대학,태권도학과(전주) [교직],3,1,0.33
충북,사립,우석대학교(진천),실기(실적)위주_농어촌학생(정원외),체육대학,체육학과(전주) [교직],3,1,0.33
충북,사립,유원대학교(영동),국가보훈대상자,,사회복지학부,3,1,0.33
충북,사립,유원대학교(영동),농어촌학생,,물리치료학과,3,1,0.33
충북,사립,중원대학교,학생부교과 (지역인재전형1),,보건복지학과,3,1,0.33
충북,사립,청주대학교,정원내 교과인재전형 [교과100%],AI·SW융합대학,"데이터사이언스학과 / 국비지원 인력양성사업 수행중(SW중심대학사업 ‘25년~‘33년 150억, 첨단산업 부트캠프사업 ‘24년~‘29년 75억), 데이터로 세상을 읽고 미래를 설계하는 전문가 양성",3,1,0.33
충북,사립,청주대학교,"정원내 교과면접전형 경쟁률 현황 ※ 면접전형 : 교과70%+ 면접30% 단, 항공서비스학과 만 교과60%+ 면접40% 생활기록부 미반영 면접",공과대학,"조경학과 / 전국 조경학과 최초 AI 특성화 교육, AI TRIPLE TRACK(이론·실습·프로젝트)으로 AI 조경 전문가 양성",3,1,0.33
충북,사립,청주대학교,"정원내 교과면접전형 경쟁률 현황 ※ 면접전형 : 교과70%+ 면접30% 단, 항공서비스학과 만 교과60%+ 면접40% 생활기록부 미반영 면접",공과대학,"에너지융합공학과 / 전국 공학계열 평균취업률 70.4%, 에너지기업·연구소·공공기관 취업률 85%! 국내 유일 전고체전지·파우치셀 조립공조라인을 갖춘 태양광·이차전지·수소에너지 실무형 인재 양성",3,1,0.33
충북,사립,청주대학교,정원내 지역인재전형 [교과100%],인문사회대학,"수학교육과 (사범) / 수학교육과 취업률 충청권 1위, 전국4위(24). 학생 1인당 연간 장학금 충청권 1위, 전국 5위 달성(25).",3,1,0.33
충북,사립,청주대학교,정원내 지역인재전형 [교과100%],인문사회대학,"국어교육과 (사범) / 25 충북권 국어교육과 장학금 1위(4,692,990), 취업률 2위, 청석학원 중·고 5개교를 협력학교로 교육 현장에 바로 설 국어교사를 양성",3,1,0.33
충북,사립,청주대학교,정원내 지역인재전형 [교과100%],공과대학,토목공학과 / 57년 전통의 충북K-건설의 요람! 사회기반시설의 안전성과 지속가능성을 높이는 미래 스마트 건설·인프라 인재 양성,3,1,0.33
충북,국립,충북대학교,학생부교과(지역인재전형),경영대학,경영학자율전공학부,3,1,0.33
충북,국립,충북대학교,학생부교과(지역인재전형),사범대학,물리교육과,3,1,0.33
충북,국립,충북대학교,학생부교과(지역인재전형),생활과학대학,소비자학과,3,1,0.33
인천,사립,청운대학교(인천),일반전형,,스포츠과학과,45,16,0.36
충남,사립,청운대학교(홍성),일반전형,,스포츠과학과,45,16,0.36
대전,국립,충남대학교,지역인재전형,공과대학,정보통신융합학부,25,9,0.36
경기,사립,한신대학교,체육실기,특수체육학,특수체육학,22,8,0.36
충남,사립,유원대학교(아산),유원면접,,호텔조리베이커리학과,22,8,0.36
충북,사립,유원대학교(영동),유원면접,,호텔조리베이커리학과,22,8,0.36
충북,사립,중원대학교,학생부교과 (일반전형1),,전기반도체컴퓨터공학과,22,8,0.36
서울,사립,이화여자대학교,학생부교과(고교추천전형),인공지능대학,컴퓨터공학과,14,5,0.36
세종,사립,고려대학교(세종),학생부교과(일반전형),공공정책대학,공공사회·통일외교학부,14,5,0.36
세종,사립,고려대학교(세종),학생부교과(일반전형),과학기술대학,환경시스템공학과,11,4,0.36
서울,사립,한성대학교,교과우수전형,IT공과대학,IT공과대학,65,24,0.37
경기,사립,한양대학교(ERICA),학생부종합(조기취업형 계약학과),공학대학,스마트융합공학부(스마트건축구조시공융합전공),54,20,0.37
충북,사립,세명대학교,일반전형(정원내),인문사회,회계세무금융학과,27,10,0.37
세종,사립,홍익대학교(세종),교과우수자전형,AID융합과학기술대학,소프트웨어융합학과,19,7,0.37
충남,사립,호서대학교,- 정원외 학생부교과 만학도전형,,미래융합스쿨,68,26,0.38
충남,사립,유원대학교(아산),유원교과,,중등특수교육과,29,11,0.38
충북,사립,유원대학교(영동),유원교과,,중등특수교육과,29,11,0.38
경기,국립,한경국립대학교,학생부교과(일반전형_안성)_정원내,,생명자원과학대학,26,10,0.38
경기,사립,강남대학교,[정원내]학생부교과(지역균형전형),공학계,컴퓨터공학부,13,5,0.38
대전,국립,충남대학교,지역인재전형,자연과학대학,수학과,13,5,0.38
경기,사립,서울신학대학교,[학생부교과]일반전형,,글로벌비즈니스학부 / 글로벌경영학과,8,3,0.38
경기,사립,서울신학대학교,[학생부교과]일반전형,,아시아문화콘텐츠학부 / 중국언어문화콘텐츠학과,8,3,0.38
경기,사립,한국공학대학교,학생부교과(지역균형),,반도체공학부 나노반도체공학전공,8,3,0.38
서울,사립,동덕여자대학교,학생부교과우수자 특별전형,문화지식융합대학,커뮤니케이션콘텐츠전공,8,3,0.38
서울,사립,동덕여자대학교,학생부교과우수자 특별전형,문화지식융합대학,HCI사이언스전공,8,3,0.38
서울,사립,숭실대학교,학생부교과(교과우수자전형-학교장 추천),,정보통계·보험수리학과,8,3,0.38
서울,사립,장로회신학대학교,정원내 일반전형,,성악(여),8,3,0.38
서울,사립,총신대학교,정원내 실기우수자,예능계열,교회음악과 바이올린,8,1,0.38
세종,사립,고려대학교(세종),논술(일반전형),글로벌비즈니스대학,표준·지식학과,8,3,0.38
세종,사립,고려대학교(세종),학생부교과(일반전형),글로벌비즈니스대학,표준·지식학과,8,3,0.38
충남,사립,순천향대학교,[정원내] 학생부교과(충청형지역인재전형),AI의료융합혁신교육원,헬스케어서비스스쿨,23,9,0.39
경기,사립,용인대학교,정원내 일반학생 전형,AI바이오융합대학,자연과학 / 보건환경안전학과,15,6,0.4
서울,사립,숙명여자대학교,[학생부교과] 지역균형선발전형,법과대학,법학부,15,6,0.4
인천,사립,청운대학교(인천),평생학습자1전형,,청소년상담교육학과(야간),15,6,0.4
대전,사립,배재대학교,정원내 학생부교과 일반고교과,,AI소프트웨어공학부(소프트웨어학),15,6,0.4
충남,사립,순천향대학교,[정원내] 학생부교과(교과우수자전형),자연과학대학,환경보건학과,15,6,0.4
충남,사립,청운대학교(홍성),평생학습자1전형,,청소년상담교육학과(야간),15,6,0.4
충북,사립,세명대학교,일반전형(정원내),예체능,시각·영상디자인학과 [실기 100%],15,6,0.4
충북,사립,중원대학교,학생부교과 (일반전형1),,종교문화학부(종교문화유산학과 한국어교육문화학과 ),15,6,0.4
경기,사립,가톨릭대학교(부천),학생부교과(지역균형전형),,자연공학계열,10,4,0.4
경기,사립,대진대학교,"학생부종합(윈윈대진전형) - 1단계:서류평가100%, 2단계:1단계 성적70% + 면접30%",AI공과대학,스마트융합보안학과,10,4,0.4
경기,사립,명지대학교(용인),학생부교과(교과면접전형),,아너칼리지(전공자유대학) / 자율전공학부(자연),10,4,0.4
경기,사립,서울신학대학교,[학생부교과]일반전형,,관광경영학과,10,4,0.4
경기,사립,서울신학대학교,[학생부종합]H+인재전형,,"IT융합학부 / IT융합학부(컴퓨터공학과, AI융합학과)",10,4,0.4
경기,사립,성균관대학교(수원),학생부교과(추천인재),,한문교육과,10,4,0.4
경기,사립,신한대학교(의정부/동두천),논술전형(약술형)(교과10%+논술90%),,첨단소재공학과,10,4,0.4
경기,사립,한국공학대학교,학생부교과(교과우수자),,컴퓨터공학부 컴퓨터공학전공,10,4,0.4
경기,사립,한국외국어대학교(용인),학교장추천전형,,독일어과,10,4,0.4
경기,사립,한신대학교,논술,자연,금융공학,10,4,0.4
서울,사립,가톨릭대학교(서울),학생부교과(지역균형전형),,자연공학계열,10,4,0.4
서울,사립,명지대학교(서울),학생부교과(교과면접전형),,아너칼리지(전공자유대학) / 자율전공학부(자연),10,4,0.4
서울,사립,성균관대학교(서울),학생부교과(추천인재),,한문교육과,10,4,0.4
서울,사립,성신여자대학교,지역균형,,바이오신약의과학부,10,4,0.4
서울,사립,성신여자대학교,일반학생,,무용예술학과(댄스스포츠),10,4,0.4
서울,사립,숙명여자대학교,[학생부교과] 지역균형선발전형,공과대학,인공지능공학부,10,4,0.4
서울,사립,숭실대학교,학생부교과(교과우수자전형-학교장 추천),,회계학과,10,4,0.4
서울,사립,이화여자대학교,학생부교과(고교추천전형),자연과학대학,화학·나노과학과,10,4,0.4
서울,사립,한국외국어대학교(서울),학교장추천전형,,독일어과,10,4,0.4
서울,사립,한성대학교,지역균형전형,AI융합대학,미래모빌리티학과,10,4,0.4
인천,사립,인하대학교,학생부교과 지역균형,사회과학대학,경제학과,10,4,0.4
대전,사립,목원대학교,"교과전형 경쟁률 현황 교과100 [면접없음, 수능최저없음]",미술·디자인대학,시각디자인학과,10,4,0.4
대전,사립,우송대학교,정원내 학생부 교과 - 교과면접 전형 (교과80%+면접20% / 6과목 반영),보건복지대학,언어치료·청각재활학과,10,4,0.4
충남,사립,호서대학교,- 정원내 학생부교과 면접전형,,기독교학과,10,4,0.4
충남,사립,호서대학교,- 정원내 학생부교과 지역인재전형,,컴퓨터공학과,10,4,0.4
충북,사립,세명대학교,인문계고교전형(정원내),인문사회,광고홍보학과,10,4,0.4
충북,사립,중원대학교,학생부교과 (일반전형1),,"AI융합디자인학부(만화애니메이션전공,AI미디어디자인전공)",10,4,0.4
충북,사립,청주대학교,정원내 교과인재전형 [교과100%],경상대학,"관광경영학과 / 1983년 중부권 최초로 개설, 40년 이상의 전통을 이어온 글로벌 관광 인재 양성의 요람",10,4,0.4
경기,사립,가톨릭대학교(부천),학생부교과(지역균형전형),,철학과,5,2,0.4
경기,사립,가톨릭대학교(부천),학생부교과(지역균형전형),,중국언어문화학과,5,2,0.4
경기,사립,가톨릭대학교(부천),학생부교과(지역균형전형),,일어일본문화학과,5,2,0.4
경기,사립,가톨릭대학교(부천),학생부종합(잠재능력우수자서류전형),,수학과,5,2,0.4
경기,사립,단국대학교(죽전),[학생부교과] 지역균형선발 경쟁률 현황 (죽전),,고분자시스템공학부(융합소재공학전공),5,2,0.4
경기,사립,대진대학교,학생부교과(학생부우수자전형) - 교과70% + 면접30%,인문사회대학,국제통상학과,5,2,0.4
경기,사립,대진대학교,학생부교과(학교장추천전형) - 교과100%,인문사회대학,글로벌경제학과,5,2,0.4
경기,사립,대진대학교,학생부교과(학교장추천전형) - 교과100%,인문사회대학,중국학과 [교직],5,2,0.4
경기,사립,대진대학교,학생부교과(고른기회전형) - 교과100%,인문사회대학,공공인재법학과,5,2,0.4
경기,사립,대진대학교,"학생부종합(윈윈대진전형) - 1단계:서류평가100%, 2단계:1단계 성적70% + 면접30%",인문사회대학,영어영문학과,5,2,0.4
경기,사립,명지대학교(용인),학생부교과(학교장추천전형),,AI경영정보학과,5,2,0.4
경기,사립,명지대학교(용인),학생부교과(교과면접전형),,스마트모빌리티공학전공,5,2,0.4
경기,사립,신한대학교(의정부/동두천),신한국인전형(학생부서류100%),,바둑콘텐츠학과,5,2,0.4
경기,사립,안양대학교(안양),학생부교과(아리학생부면접),,도시정보공학과(야간),5,2,0.4
경기,사립,안양대학교(안양),학생부교과(아리학생부면접),,해양바이오공학과,5,2,0.4
경기,사립,중부대학교(고양),지역인재Ⅰ전형,,물리치료학과 / 물리치료학과,5,2,0.4
경기,사립,한국공학대학교,학생부교과(지역균형),,경영학부 데이터사이언스경영전공,5,2,0.4
경기,사립,한국공학대학교,학생부교과(지역균형),,경영학부 IT경영전공,5,2,0.4
경기,사립,한국외국어대학교(용인),학교장추천전형,,중국외교통상학부,5,2,0.4
경기,사립,한국외국어대학교(용인),학생부종합전형(서류형),,태국학과,5,2,0.4
경기,사립,한세대학교,한세인재 - 서류 100%,,자유전공학부,5,2,0.4
경기,사립,한신대학교,논술,인문,재활상담학,5,2,0.4
경기,사립,협성대학교,정원내 [학생부종합]융합인재Ⅱ(면접),경영대학,글로벌통상·문화학과,5,2,0.4
서울,사립,가톨릭대학교(서울),학생부교과(지역균형전형),,철학과,5,2,0.4
서울,사립,가톨릭대학교(서울),학생부교과(지역균형전형),,중국언어문화학과,5,2,0.4
서울,사립,가톨릭대학교(서울),학생부교과(지역균형전형),,일어일본문화학과,5,2,0.4
서울,사립,가톨릭대학교(서울),학생부종합(잠재능력우수자서류전형),,수학과,5,2,0.4
서울,사립,광운대학교,학생부교과【지역균형 전형】,,수학과,5,2,0.4
서울,사립,명지대학교(서울),학생부교과(학교장추천전형),,AI경영정보학과,5,2,0.4
서울,사립,명지대학교(서울),학생부교과(교과면접전형),,스마트모빌리티공학전공,5,2,0.4
서울,사립,서울여자대학교,학생부교과(교과우수자전형),인문대학,독일문화콘텐츠전공,5,2,0.4
서울,사립,성신여자대학교,지역균형,,중국어문·문화학과,5,2,0.4
서울,사립,성신여자대학교,지역균형,,경제학과,5,2,0.4
서울,사립,성신여자대학교,지역균형,,미디어커뮤니케이션학과,5,2,0.4
서울,사립,숭실대학교,학생부교과(교과우수자전형-학교장 추천),,불어불문학과,5,2,0.4
서울,사립,한국외국어대학교(서울),학교장추천전형,,중국외교통상학부,5,2,0.4
서울,사립,한국외국어대학교(서울),학생부종합전형(서류형),,태국학과,5,2,0.4
서울,사립,한양대학교(서울),학생부교과(추천형),공과대학,도시공학과,5,2,0.4
서울,사립,한양대학교(서울),학생부교과(추천형),사회과학대학,관광학부,5,2,0.4
서울,사립,홍익대학교(서울),학교장추천자전형,문과대학,영어영문학과,5,2,0.4
인천,사립,안양대학교(강화),학생부교과(아리학생부면접),,도시정보공학과(야간),5,2,0.4
인천,사립,안양대학교(강화),학생부교과(아리학생부면접),,해양바이오공학과,5,2,0.4
인천,국립,인천대학교,학생부교과(교과성적우수자),생명과학기술대학,생명공학부 나노바이오공학전공,5,2,0.4
인천,사립,인하대학교,학생부교과 지역균형,예술체육대학,의류디자인학과(일반),5,2,0.4
대전,사립,건양대학교(대전),학생부종합전형,,데이터의학과,5,2,0.4
대전,사립,대전대학교,지역인재Ⅰ전형 [교과/출석 100%],보건의료과학대학,화장품학과,5,2,0.4
대전,사립,우송대학교,정원내 학생부 교과 - 지역인재 전형 (교과100% / 12과목 반영),엔디컷국제대학,AI경영학과,5,2,0.4
충남,사립,건양대학교(논산),학생부종합전형,,데이터의학과,5,2,0.4
충남,사립,나사렛대학교,지역인재1(학생부교과),,유아특수교육과,5,2,0.4
충남,사립,단국대학교(천안),[학생부교과] 지역균형선발 경쟁률 현황 (죽전),,고분자시스템공학부(융합소재공학전공),5,2,0.4
충남,사립,백석대학교,정원외 모집 학생부 교과 특성화고교 일반전형,,보건학부 치위생학과,5,2,0.4
충남,사립,백석대학교,정원외 모집 학생부 교과 기초생활수급자 및 차상위계층,,보건학부 안경광학과,5,2,0.4
충남,사립,상명대학교(천안),정원외 학생부종합(조기취업형계약학과전형),,(주)제닉,5,2,0.4
충남,사립,순천향대학교,[정원내] 학생부교과(충청형지역인재전형),자연과학대학,환경보건학과,5,2,0.4
충남,사립,순천향대학교,[정원내] 학생부교과(충청형지역인재전형),인문사회과학대학,법·행정학부(행정학전공),5,2,0.4
충남,사립,순천향대학교,[정원내] 학생부교과(충청형지역인재전형),AI대학,컴퓨터공학부(컴퓨터공학전공),5,2,0.4
충남,사립,순천향대학교,[정원내] 학생부교과(기회균형전형),AI의료융합혁신교육원,첨단의료기기스쿨,5,2,0.4
충남,사립,중부대학교(금산),지역인재Ⅰ전형,,물리치료학과 / 물리치료학과,5,2,0.4
충남,사립,한국기술교육대학교,지역인재,,디자인공학과,5,2,0.4
충남,사립,호서대학교,- 정원내 학생부교과 지역인재전형,,인공지능학과,5,2,0.4
충남,사립,호서대학교,- 정원내 학생부종합 호서인재전형,,전자재료공학과,5,2,0.4
충남,사립,호서대학교,- 정원외 학생부교과 조기취업형 계약학과,,하이쎄미코(주),5,2,0.4
충북,사립,세명대학교,특성화고교인재전형(정원내),자연과학,작업치료학과,5,2,0.4
충북,국립,충북대학교,학생부종합(학생부종합Ⅰ전형),인문대학,독일언어문화학과,5,2,0.4
충북,국립,충북대학교,학생부교과(학생부교과전형),생활과학대학,주거환경학과,5,2,0.4
충북,국립,충북대학교,학생부교과(지역인재전형),인문대학,러시아언어문화학과,5,2,0.4
서울,국립,서울과학기술대학교,고교추천전형,창의융합대학,인공지능응용학과,27,11,0.41
인천,사립,인천가톨릭대학교(인천/강화),ICCU미래인재,자유전공,자유전공,27,11,0.41
경기,사립,서울신학대학교,[학생부교과]일반전형,,자율전공학부,17,7,0.41
서울,사립,한성대학교,지역균형전형,IT공과대학,IT공과대학,38,16,0.42
충북,사립,극동대학교,정원 내 학생부교과 일반학생전형(면접),,임상병리학과,26,11,0.42
경기,사립,서울신학대학교,[학생부교과]일반전형,,"IT융합학부 / IT융합학부(컴퓨터공학과, AI융합학과)",24,10,0.42
경기,사립,화성의과학대학교,(정원내) 학생부 교과우수자 전형,,의생명과학과,24,10,0.42
경기,사립,대진대학교,"학생부종합(윈윈대진전형) - 1단계:서류평가100%, 2단계:1단계 성적70% + 면접30%",AI공과대학,AI빅데이터공학과,12,5,0.42
경기,사립,루터대학교,학생부위주(종합)-일반전형(섬김인재),,휴먼케어디자인학부,12,5,0.42
경기,사립,용인대학교,정원내 교과성적우수자 특별전형,AI바이오융합대학,"AI융합학부-AI,빅데이터",12,5,0.42
경기,사립,한국공학대학교,학생부교과(교과우수자),,신소재공학과,12,5,0.42
충남,사립,순천향대학교,[정원내] 학생부교과(교과우수자전형),AI대학,컴퓨터공학부(소프트웨어공학전공),12,5,0.42
경기,사립,한양대학교(ERICA),학생부교과(지역균형선발),LIONS칼리지,LIONS자율전공학부(전계열),69,30,0.43
대전,국립,충남대학교,일반전형,공과대학,정보통신융합학부,30,13,0.43
경기,사립,대진대학교,학생부교과(학교장추천전형) - 교과100%,AI공과대학,공학자율학부,23,10,0.43
경기,사립,서울장신대학교,학생부교과 일반전형,,"자율전공학부(학과 선택 시 인원, 성적 제한 없음)",21,9,0.43
경기,사립,대진대학교,"학생부종합(윈윈대진전형) - 1단계:서류평가100%, 2단계:1단계 성적70% + 면접30%",AI공과대학,스마트시티·환경공학과,14,6,0.43
경기,사립,아주대학교,고교추천전형,,첨단에코에너지공학과,14,6,0.43
경기,사립,한신대학교,참인재,신학·인문융합계열,신학,14,6,0.43
서울,사립,숭실대학교,학생부교과(교과우수자전형-학교장 추천),,자유전공학부(자연),14,6,0.43
경기,사립,가천대학교(성남),학생부우수자 전형,자연계열,건설환경공학과,7,3,0.43
경기,사립,가톨릭대학교(부천),학생부교과(지역균형전형),,바이오메디컬소프트웨어학과,7,3,0.43
경기,사립,가톨릭대학교(부천),실기우수자전형,,작곡,7,3,0.43
경기,사립,단국대학교(죽전),[학생부교과] 지역균형선발 경쟁률 현황 (죽전),,인프라건설공학과,7,3,0.43
경기,사립,아주대학교,고교추천전형,,건설시스템공학과,7,3,0.43
경기,사립,한국공학대학교,학생부종합(창의인재),,경영학부 IT경영전공,7,3,0.43
경기,사립,한신대학교,논술,인문,공공인재빅데이터융합학,7,3,0.43
경기,사립,한양대학교(ERICA),학생부교과(지역균형선발),커뮤니케이션&컬처대학,문화인류학과,7,3,0.43
서울,사립,가톨릭대학교(서울),학생부교과(지역균형전형),,바이오메디컬소프트웨어학과,7,3,0.43
서울,사립,가톨릭대학교(서울),실기우수자전형,,작곡,7,3,0.43
서울,사립,세종대학교,학생부종합(세종인재 전형(서류형)),인공지능융합,양자지능정보학과,7,3,0.43
서울,사립,숙명여자대학교,[학생부교과] 지역균형선발전형,생활과학대학,식품영양학과,7,3,0.43
서울,사립,이화여자대학교,학생부종합(미래인재전형-서류형),공과대학,융합전자반도체공학부 지능형반도체공학전공,7,3,0.43
인천,사립,가천대학교(인천),학생부우수자 전형,자연계열,건설환경공학과,7,3,0.43
대전,국립,충남대학교,일반전형,농업생명과학대학,응용생물학과*,7,3,0.43
충남,사립,단국대학교(천안),[학생부교과] 지역균형선발 경쟁률 현황 (죽전),,인프라건설공학과,7,3,0.43
충남,사립,호서대학교,- 정원내 학생부종합 호서인재전형,,디지털금융경영학과,7,3,0.43
충북,국립,충북대학교,학생부교과(지역인재전형),공과대학,환경공학과,7,3,0.43
충북,국립,충북대학교,학생부교과(지역인재전형),전자정보대학,지능로봇공학과,7,3,0.43
경기,국립,한경국립대학교,학생부교과(일반전형_안성)_정원내,,공과대학,48,21,0.44
충북,국립,충북대학교,학생부교과(지역인재전형),창의융합대학,자연과학자율전공계열,39,17,0.44
서울,국립,서울과학기술대학교,고교추천전형,창의융합대학,자유전공학부(창의융합대학),25,11,0.44
충북,사립,극동대학교,정원 내 학생부교과 교과우수자전형,,군사학과,25,11,0.44
충북,사립,중원대학교,학생부교과 (일반전형1),,보건복지학과,18,8,0.44
충북,사립,중원대학교,학생부교과 (일반전형1),,AI드라마제작학과,18,8,0.44
서울,사립,동덕여자대학교,동덕창의리더전형,자연정보과학대학,컴퓨터학전공,16,7,0.44
경기,사립,단국대학교(죽전),[학생부교과] 학생부교과우수자 경쟁률 현황 (천안),,아시아중동학부(몽골학전공),9,4,0.44
경기,사립,단국대학교(죽전),[학생부교과] 학생부교과우수자 경쟁률 현황 (천안),,의생명과학부(미생물학전공),9,4,0.44
경기,국립,한경국립대학교,학생부교과(일반전형_안성)_정원내,,인공지능학과,9,4,0.44
경기,사립,한양대학교(ERICA),학생부교과(지역균형선발),경상대학,보험계리학과,9,4,0.44
서울,사립,동덕여자대학교,동덕창의리더전형,자연정보과학대학,정보통계학전공,9,4,0.44
서울,사립,이화여자대학교,학생부교과(고교추천전형),인문과학대학,영어영문학부,9,4,0.44
세종,사립,고려대학교(세종),학생부교과(일반전형),과학기술대학,자유전공학부(과학기술),9,4,0.44
충남,사립,단국대학교(천안),[학생부교과] 학생부교과우수자 경쟁률 현황 (천안),,아시아중동학부(몽골학전공),9,4,0.44
충남,사립,단국대학교(천안),[학생부교과] 학생부교과우수자 경쟁률 현황 (천안),,의생명과학부(미생물학전공),9,4,0.44
충남,사립,유원대학교(아산),유원면접,,치위생학과,9,4,0.44
충북,사립,유원대학교(영동),유원면접,,치위생학과,9,4,0.44
충북,사립,청주대학교,정원내 교과인재전형 [교과100%],보건의료과학대학,스포츠재활학과 / 첨단 동작분석 및 재활 실습실 기반의 보건의료·스포츠 융합 실무 커리큘럼을 통해 국가공인 자격 취득 및 병원·프로구단 진출 지원,9,4,0.44
충북,국립,충북대학교,학생부교과(지역인재전형),전자정보대학,반도체공학부,9,4,0.44
대전,국립,국립한밭대학교,특성화고등을졸업한재직자전형(야간),,전기시스템공학과(야간),82,16,0.45
충북,사립,중원대학교,학생부교과 (일반전형1),,자율전공학부,38,17,0.45
충남,국립,국립공주대학교,학생부교과전형  일반전형(정원내),천안공과대학,소프트웨어학과,20,9,0.45
충남,사립,순천향대학교,[정원내] 학생부교과(교과우수자전형),AI의료융합혁신교육원,헬스케어서비스스쿨,20,9,0.45
경기,사립,신한대학교(의정부/동두천),일반전형(교과60%+면접40%),,바둑콘텐츠학과,11,5,0.45
경기,사립,화성의과학대학교,(정원내) 학생부 교과우수자 전형,,스포츠과학과,11,5,0.45
서울,사립,동덕여자대학교,학생부교과우수자 특별전형,인문대학,중어중국학전공,11,5,0.45
인천,사립,인하대학교,학생부교과 지역균형,AI융합대학,인공지능공학과,11,5,0.45
충남,사립,순천향대학교,[정원내] 학생부교과(교과우수자전형),글로벌경영대학,경영학과,11,5,0.45
충남,사립,순천향대학교,[정원내] 학생부교과(교과우수자전형),공과대학,전자공학부(정보통신공학전공),11,5,0.45
충북,사립,청주대학교,정원내 미래인재전형 [교과100%],AI·SW융합대학,"인공지능소프트웨어학과 / SW중심대학사업 8년간 150억, RISE AI첨단제조 공동연구센터 구축 5년간 37.5억, 4단계 BK21사업 지역대학 연합형 교육연구단 지원 시범사업 참여",11,5,0.45
충북,사립,극동대학교,정원 내 학생부교과 교과우수자전형,,"사회복지학부(사회복지, 재활상담치료, 안경광학, 상담복지)",90,41,0.46
경기,사립,강남대학교,[정원내]학생부교과(지역균형전형),공학계,부동산건설학부,13,6,0.46
경기,사립,성균관대학교(수원),실기/실적(예체능 실기우수자),,무용학과 / 한국무용,13,6,0.46
서울,국립,서울과학기술대학교,고교추천전형,정보통신대학,ICT융합공학과,13,6,0.46
서울,사립,성균관대학교(서울),실기/실적(예체능 실기우수자),,무용학과 / 한국무용,13,6,0.46
서울,사립,성신여자대학교,지역균형,,창의융합학부(첨단분야전공),73,34,0.47
대전,사립,건양대학교(대전),일반[교과],,의공학과,38,18,0.47
충남,사립,건양대학교(논산),일반[교과],,의공학과,38,18,0.47
서울,사립,광운대학교,학생부종합【특성화고 등을 졸업한 재직자전형(정원외)】,,스포츠상담재활학과,30,14,0.47
서울,국립,서울과학기술대학교,고교추천전형,공과대학,건설시스템공학과,30,14,0.47
충남,사립,호서대학교,- 정원내 학생부교과 학생부전형,,한국언어문화학과,19,9,0.47
충북,사립,청주대학교,정원내 일반전형 [교과100%],경상대학,"회계학과 / 유지취업률 89.2%(25), 2027년 AI+회계 교과목 신설, 연 10회 전문가 초빙 ESG 교육. AI 활용에 강한 회계전문가 양성",19,9,0.47
서울,사립,한성대학교,지역균형전형,AI융합대학,AI기계로봇공학과,17,8,0.47
대전,국립,충남대학교,지역인재전형,창의융합대학,인문사회융합학부 인문대학자율전공,17,8,0.47
충북,사립,중원대학교,학생부교과 (일반전형1),,스마트농산림학과,17,8,0.47
경기,사립,가톨릭대학교(부천),학생부교과(지역균형전형),,인문사회계열,15,7,0.47
서울,사립,가톨릭대학교(서울),학생부교과(지역균형전형),,인문사회계열,15,7,0.47
인천,사립,청운대학교(인천),평생학습자1전형,,미디어커머스학과(야간),15,7,0.47
대전,사립,건양대학교(대전),일반[교과],,데이터의학과,15,7,0.47
충남,사립,건양대학교(논산),일반[교과],,데이터의학과,15,7,0.47
충남,사립,순천향대학교,[정원내] 학생부교과(교과우수자전형),글로벌경영대학,경제금융학과,15,7,0.47
충남,사립,청운대학교(홍성),평생학습자1전형,,미디어커머스학과(야간),15,7,0.47
서울,사립,삼육대학교,특성화고졸재직자전형,,경영학과,63,30,0.48
서울,사립,세종대학교,학생부종합(세종인재 전형(서류형)),,첨단융합계열,50,24,0.48
경기,사립,한양대학교(ERICA),학생부교과(지역균형선발),첨단융합대학,바이오신약융합학부,25,12,0.48
경기,사립,협성대학교,정원내 [학생부교과]웨슬리,웨슬리대학,신학과,25,12,0.48
충남,사립,순천향대학교,[정원내] 학생부교과(교과우수자전형),AI의료융합혁신교육원,의약바이오스쿨,37,18,0.49
충남,사립,유원대학교(아산),유원교과,,스포츠학부,36,18,0.5
충북,사립,유원대학교(영동),유원교과,,스포츠학부,36,18,0.5
경기,사립,명지대학교(용인),학생부교과(학교장추천전형),,아너칼리지(전공자유대학) / 자율전공학부(자연),22,11,0.5
서울,사립,명지대학교(서울),학생부교과(학교장추천전형),,아너칼리지(전공자유대학) / 자율전공학부(자연),22,11,0.5
서울,사립,홍익대학교(서울),학교장추천자전형,공과대학,컴퓨터공학과,22,11,0.5
충북,사립,세명대학교,일반전형(정원내),인문사회,법학과,22,11,0.5
서울,사립,상명대학교(서울),정원 내 학생부교과(고교추천전형),,SW융합학부 / 컴퓨터과학전공,18,9,0.5
대전,국립,충남대학교,일반전형,공과대학,자율운항시스템공학과,18,9,0.5
충북,사립,가톨릭꽃동네대학교,지역인재-일반,,간호학과,18,9,0.5
대전,국립,충남대학교,지역인재전형,창의융합대학,자연과학융합학부 자연과학대학자율전공,16,8,0.5
서울,사립,광운대학교,학생부종합【광운참빛인재전형Ⅰ-면접형】,,전자통신공학과,14,7,0.5
충북,사립,중원대학교,학생부교과 (일반전형2),,드론봇군사학과,14,7,0.5
경기,사립,대진대학교,"학생부종합(윈윈대진전형) - 1단계:서류평가100%, 2단계:1단계 성적70% + 면접30%",AI공과대학,건축공학과 [교직],12,6,0.5
경기,사립,성균관대학교(수원),학생부교과(추천인재),,아동·청소년학과,12,6,0.5
경기,사립,수원대학교,교과논술전형,지능형SW융합대학,지능형보안학부,12,6,0.5
서울,사립,성균관대학교(서울),학생부교과(추천인재),,아동·청소년학과,12,6,0.5
경기,국립,국립한국교통대학교(의왕),평생학습자전형Ⅱ,,건설방재융합공학과(야),10,5,0.5
경기,사립,대진대학교,학생부교과(학생부우수자전형) - 교과70% + 면접30%,AI공과대학,건축공학과 [교직],10,5,0.5
경기,사립,대진대학교,"학생부종합(윈윈대진전형) - 1단계:서류평가100%, 2단계:1단계 성적70% + 면접30%",인문사회대학,국제지역학과,10,5,0.5
경기,사립,대진대학교,"학생부종합(윈윈대진전형) - 1단계:서류평가100%, 2단계:1단계 성적70% + 면접30%",AI공과대학,화학공학과 [교직],10,5,0.5
경기,사립,명지대학교(용인),학생부종합(명지인재서류전형),,전기전자공학부 / 전기정보공학전공,10,5,0.5
경기,사립,신한대학교(의정부/동두천),논술전형(약술형)(교과10%+논술90%),,기계공학과,10,5,0.5
서울,사립,명지대학교(서울),학생부종합(명지인재서류전형),,전기전자공학부 / 전기정보공학전공,10,5,0.5
서울,사립,한성대학교,교과우수전형,AI융합대학,융합보안학과,10,5,0.5
서울,사립,한양대학교(서울),학생부교과(추천형),생활과학대학,실내건축디자인학과,10,5,0.5
세종,사립,고려대학교(세종),논술(일반전형),과학기술대학,인공지능사이버보안학과,10,5,0.5
세종,사립,고려대학교(세종),논술(일반전형),공공정책대학,공공사회·통일외교학부,10,5,0.5
세종,사립,홍익대학교(세종),논술전형,AID융합과학기술대학,AID융합과학기술대학자율전공,10,5,0.5
충남,사립,백석대학교,정원외 모집 학생부 교과 특성화고교 일반전형,,관광학부,10,5,0.5
충남,사립,백석대학교,정원외 모집 학생부 교과 농어촌학생 일반전형,,AI컴퓨터공학부,10,5,0.5
충남,사립,한국기술교육대학교,충남형 계약학과 (조기 취업형),,동해금속(주),10,5,0.5
충남,사립,호서대학교,- 정원내 학생부교과 지역인재전형,,자유전공학부,10,5,0.5
충북,사립,건국대학교(글로컬),[학생부교과] 특성화고졸재직자(정원외),KU글로컬혁신대학,첨단산업융합학과,10,5,0.5
충북,국립,국립한국교통대학교(충주증평),평생학습자전형Ⅱ,,건설방재융합공학과(야),10,5,0.5
충북,사립,청주대학교,정원내 미래인재전형 [교과100%],경상대학,경영학과 / 60여 년 전통의 동문 네트워크. 최근 3년간 장관상 포함 경진대회·공모전 5건 이상 수상. 데이터·AI 기반 실무교육으로 미래 경영인재 양성,10,5,0.5
경기,국립,국립한국교통대학교(의왕),평생학습자전형Ⅲ,,스마트철도교통공학과(야),8,4,0.5
경기,사립,단국대학교(죽전),[학생부종합] DKU인재(서류형) 경쟁률 현황 (천안),,화학과,8,4,0.5
경기,사립,서울신학대학교,[학생부종합]H+인재전형,,관광경영학과,8,4,0.5
경기,사립,수원대학교,면접위주교과전형,혁신공과대학,반도체공학과,8,4,0.5
경기,사립,용인대학교,정원내 교과성적우수자 특별전형,AI바이오융합대학,AI시스템반도체학과,8,4,0.5
경기,사립,한국공학대학교,학생부교과(지역균형),,경영학부 경영학전공,8,4,0.5
경기,사립,한국공학대학교,학생부종합(창의인재),,반도체공학부 반도체시스템전공,8,4,0.5
경기,사립,한세대학교,기회균형 - 교과 100%,,첨단융합학부,8,4,0.5
경기,사립,한신대학교,논술,인문,동아시아통상학,8,4,0.5
경기,사립,한양대학교(ERICA),학생부교과(지역균형선발),공학대학,해양융합공학과,8,4,0.5
인천,사립,인하대학교,학생부교과 지역균형,공과대학,사회인프라공학과,8,4,0.5
대전,사립,목원대학교,"지역인재전형 경쟁률 현황 교과100 [면접없음, 수능최저없음]",사회과학대학,경찰법학과,8,4,0.5
대전,국립,충남대학교,지역인재전형,공과대학,에너지공학과,8,4,0.5
세종,사립,홍익대학교(세종),학교생활우수자전형,AID융합과학기술대학,나노반도체공학과,8,4,0.5
충남,사립,나사렛대학교,지역인재1(학생부교과),,"AI융합학부(AI빅데이터소프트웨어전공, AI사물인터넷보안전공)",8,4,0.5
충남,사립,단국대학교(천안),[학생부종합] DKU인재(서류형) 경쟁률 현황 (천안),,화학과,8,4,0.5
충북,국립,국립한국교통대학교(충주증평),평생학습자전형Ⅲ,,스마트철도교통공학과(야),8,4,0.5
충북,사립,우석대학교(진천),학생부교과_교과면접,휴먼테크 융합대학 (진천),군사안보학과(진천),8,4,0.5
충북,사립,청주대학교,정원내 미래인재전형 [교과100%],공과대학,"건축학과 (5년제) / 56년 건축교육의 힘, 건축가의 꿈을 현실로! 건축학인증 무결점 최고등급획득·5년제출신 건축사 42명 배출· 25 취업률86.2%(전국평균대비 13.3%높은수준)",8,4,0.5
충북,국립,충북대학교,학생부교과(지역인재전형),자연과학대학,물리학과,8,4,0.5
충북,국립,충북대학교,학생부교과(지역인재전형),경영대학,경영정보학과,8,4,0.5
경기,사립,가톨릭대학교(부천),실기우수자전형,,성악(남),6,3,0.5
경기,국립,국립한국교통대학교(의왕),평생학습자전형Ⅰ,,건설방재융합공학과(야),6,3,0.5
경기,사립,대진대학교,학생부교과(학교장추천전형) - 교과100%,인문사회대학,미디어커뮤니케이션학과,6,3,0.5
경기,사립,명지대학교(용인),학생부교과(학교장추천전형),,시스템생명과학전공,6,3,0.5
경기,사립,서울신학대학교,[학생부종합]H+인재전형,,글로벌비즈니스학부 / 글로벌경영학과,6,3,0.5
경기,사립,한국공학대학교,학생부교과(지역균형),,반도체공학부 반도체시스템전공,6,3,0.5
경기,사립,한국공학대학교,학생부교과(지역균형),,메카트로닉스공학부 AI로봇전공,6,3,0.5
경기,사립,한국공학대학교,학생부교과(지역균형),,에너지ㆍ전기공학부 에너지공학전공,6,3,0.5
경기,사립,한신대학교,논술,인문,문예창작학,6,3,0.5
경기,사립,한신대학교,논술,인문,중국어문화콘텐츠학,6,3,0.5
경기,사립,한신대학교,참인재,첨단융합계열,금융공학,6,3,0.5
경기,사립,한양대학교(ERICA),학생부교과(지역균형선발),소프트웨어융합대학,컴퓨터학부(지능형클라우드전공),6,3,0.5
경기,사립,한양대학교(ERICA),학생부교과(지역균형선발),소프트웨어융합대학,수리데이터사이언스학과,6,3,0.5
경기,사립,협성대학교,정원내 [학생부종합]융합인재Ⅱ(면접),경영대학,경영학과,6,3,0.5
경기,사립,협성대학교,정원내 [학생부종합]융합인재Ⅱ(면접),이공대학,소프트웨어공학과,6,3,0.5
서울,사립,가톨릭대학교(서울),실기우수자전형,,성악(남),6,3,0.5
서울,사립,동덕여자대학교,학생부교과우수자 특별전형,자연정보과학대학,보건관리학전공,6,3,0.5
서울,사립,명지대학교(서울),학생부교과(학교장추천전형),,시스템생명과학전공,6,3,0.5
서울,사립,서울여자대학교,학생부교과(교과우수자전형),과학기술융합대학,화학과,6,3,0.5
서울,사립,서울여자대학교,학생부교과(교과우수자전형),과학기술융합대학,바이오헬스융합학과,6,3,0.5
서울,사립,서울여자대학교,학생부교과(교과우수자전형),과학기술융합대학,식품영양학과,6,3,0.5
서울,사립,세종대학교,학생부교과(지역균형 전형),공과,기계공학과,6,3,0.5
서울,사립,세종대학교,학생부종합(세종인재 전형(면접형)),인공지능융합,반도체시스템공학과,6,3,0.5
서울,사립,세종대학교,학생부종합(세종인재 전형(서류형)),공과,우주항공시스템공학부-지능형드론융합전공,6,3,0.5
서울,사립,한양대학교(서울),학생부교과(추천형),인문과학대학,중어중문학과,6,3,0.5
대전,사립,대전대학교,"교과면접전형 [1단계:교과/출석 100%, 2단계:교과/출석 60% + 면접 40%]",SW융합대학,정보통신공학과,6,3,0.5
대전,사립,대전대학교,지역인재Ⅰ전형 [교과/출석 100%],SW융합대학,"AI소프트웨어학부 (빅데이터전공, 인공지능전공)",6,3,0.5
대전,국립,충남대학교,지역인재전형,생명시스템과학대학,생물과학과*,6,3,0.5
충남,국립,국립공주대학교,학생부교과전형  일반전형(정원내),인문사회과학대학,독어독문학과,6,3,0.5
충남,사립,나사렛대학교,창의융합인재(학생부종합-서류형/면접형/실기위주),,"기독교학부(신학전공, 기독교상담교육학전공)",6,3,0.5
충남,사립,순천향대학교,[정원내] 학생부교과(충청형지역인재전형),인문사회과학대학,경찰행정학과,6,3,0.5
충남,사립,순천향대학교,[정원내] 학생부교과(충청형지역인재전형),글로벌경영대학,경영학과,6,3,0.5
충북,국립,국립한국교통대학교(충주증평),평생학습자전형Ⅰ,,건설방재융합공학과(야),6,3,0.5
충북,사립,청주대학교,정원내 교과인재전형 [교과100%],보건의료과학대학,"의료경영학과 / 최근 3년 동일 전공 전국 평균을 뛰어넘는 우수한 취업 경쟁력! 서울성모병원, 암 센터 등 메이저 대학병원 및 보건 의료 공공기관 취업 성과",6,3,0.5
충북,사립,청주대학교,정원내 미래인재전형 [교과100%],인문사회대학,"법학과 / 60년의 설립 역사! 졸업생 다수 전국의 법무법인 취업 및 근무, 변호사 배출, 공기업 취업 유리 학과",6,3,0.5
충북,사립,청주대학교,정원내 미래인재전형 [교과100%],보건의료과학대학,스포츠재활학과 / 첨단 동작분석 및 재활 실습실 기반의 보건의료·스포츠 융합 실무 커리큘럼을 통해 국가공인 자격 취득 및 병원·프로구단 진출 지원,6,3,0.5
충북,사립,청주대학교,정원내 지역인재전형 [교과100%],경상대학,무역학과 / 최근 3년 졸업생 취업률 75.1% (전국 무역학과 동일지표 평균대비 11.1% 높은수준). 최근 3년 인재양성 재정지원사업 4.5억원 수주,6,3,0.5
충북,사립,청주대학교,정원내 지역인재전형 [교과100%],AI·SW융합대학,"인공지능소프트웨어학과 / SW중심대학사업 8년간 150억, RISE AI첨단제조 공동연구센터 구축 5년간 37.5억, 4단계 BK21사업 지역대학 연합형 교육연구단 지원 시범사업 참여",6,3,0.5
충북,국립,충북대학교,학생부교과(지역인재전형),전자정보대학,컴퓨터공학과,6,3,0.5
경기,사립,경희대학교(용인),국제캠퍼스 학생부교과(지역균형전형),자연계열,사회기반시스템공학과,4,2,0.5
경기,사립,경희대학교(용인),국제캠퍼스 학생부교과(지역균형전형),자연계열,응용화학과,4,2,0.5
경기,사립,경희대학교(용인),국제캠퍼스 학생부교과(지역균형전형),예술계열,환경조경디자인학과,4,2,0.5
경기,사립,대진대학교,학생부교과(고른기회전형) - 교과100%,인문사회대학,글로벌경제학과,4,2,0.5
경기,사립,성결대학교,[학생부교과] (정원외) 특성화고교졸업자,IT융합공과대학,컴퓨터AI공학과,4,2,0.5
경기,사립,안양대학교(안양),학생부교과(특성화고교졸업자),,AI학부,4,2,0.5
경기,국립,한경국립대학교,학생부교과(농어촌학생)_정원외,,공과대학,4,2,0.5
경기,사립,한국외국어대학교(용인),학교장추천전형,,태국학과,4,2,0.5
경기,사립,한국외국어대학교(용인),학교장추천전형,,베트남학과,4,2,0.5
경기,사립,한국외국어대학교(용인),학교장추천전형,,튀르키예·아제르바이잔학과,4,2,0.5
경기,사립,한국외국어대학교(용인),학교장추천전형,,페르시아어·이란학과,4,2,0.5
경기,사립,한국외국어대학교(용인),학교장추천전형,,체코·슬로바키아학과,4,2,0.5
경기,사립,한국외국어대학교(용인),학교장추천전형,,세르비아·크로아티아학과,4,2,0.5
경기,사립,한국외국어대학교(용인),학교장추천전형,,산업경영공학과,4,2,0.5
경기,사립,한국외국어대학교(용인),학교장추천전형,,투어리즘 & 웰니스학부,4,2,0.5
경기,사립,한국외국어대학교(용인),기회균형전형,,AI로봇공학과,4,2,0.5
경기,사립,한국외국어대학교(용인),기회균형전형,,투어리즘 & 웰니스학부,4,2,0.5
서울,사립,경희대학교(서울),국제캠퍼스 학생부교과(지역균형전형),자연계열,사회기반시스템공학과,4,2,0.5
서울,사립,경희대학교(서울),국제캠퍼스 학생부교과(지역균형전형),자연계열,응용화학과,4,2,0.5
서울,사립,경희대학교(서울),국제캠퍼스 학생부교과(지역균형전형),예술계열,환경조경디자인학과,4,2,0.5
서울,사립,삼육대학교,실기우수자전형,,성악,4,2,0.5
서울,사립,서울기독대학교,일반전형,,상담심리(야간),4,2,0.5
서울,사립,성신여자대학교,지역균형,,문화예술경영학과,4,2,0.5
서울,사립,성신여자대학교,지역균형,,바이오식품공학과,4,2,0.5
서울,사립,성신여자대학교,지역균형,,서비스디자인공학과,4,2,0.5
서울,사립,총신대학교,정원내 코람데오인재,인문사회계열,아동학과,4,2,0.5
서울,사립,한국외국어대학교(서울),학교장추천전형,,태국학과,4,2,0.5
서울,사립,한국외국어대학교(서울),학교장추천전형,,베트남학과,4,2,0.5
서울,사립,한국외국어대학교(서울),학교장추천전형,,튀르키예·아제르바이잔학과,4,2,0.5
서울,사립,한국외국어대학교(서울),학교장추천전형,,페르시아어·이란학과,4,2,0.5
서울,사립,한국외국어대학교(서울),학교장추천전형,,체코·슬로바키아학과,4,2,0.5
서울,사립,한국외국어대학교(서울),학교장추천전형,,세르비아·크로아티아학과,4,2,0.5
서울,사립,한국외국어대학교(서울),학교장추천전형,,산업경영공학과,4,2,0.5
서울,사립,한국외국어대학교(서울),학교장추천전형,,투어리즘 & 웰니스학부,4,2,0.5
서울,사립,한국외국어대학교(서울),기회균형전형,,AI로봇공학과,4,2,0.5
서울,사립,한국외국어대학교(서울),기회균형전형,,투어리즘 & 웰니스학부,4,2,0.5
서울,사립,홍익대학교(서울),농어촌학생전형,공과대학,컴퓨터공학과,4,2,0.5
인천,사립,안양대학교(강화),학생부교과(특성화고교졸업자),,AI학부,4,2,0.5
인천,국립,인천대학교,학생부교과(교과성적우수자),글로벌정경대학,소비자학과,4,2,0.5
인천,국립,인천대학교,학생부교과(지역균형),자연과학대학,수학과,4,2,0.5
인천,사립,인하대학교,학생부교과 지역균형,바이오융합대학,생명과학과,4,2,0.5
인천,사립,청운대학교(인천),청운인재전형,,토목환경공학과,4,2,0.5
인천,사립,청운대학교(인천),청운인재전형,,멀티미디어학과,4,2,0.5
대전,사립,대전대학교,"교과면접전형 [1단계:교과/출석 100%, 2단계:교과/출석 60% + 면접 40%]",경영대학,물류통상학과,4,2,0.5
대전,사립,대전대학교,지역인재Ⅰ전형 [교과/출석 100%],SW융합대학,정보보안학과,4,2,0.5
대전,사립,목원대학교,"지역인재전형 경쟁률 현황 교과100 [면접없음, 수능최저없음]",웹툰애니메이션게임대학,웹툰학과 [SW],4,2,0.5
대전,사립,배재대학교,정원내 학생부교과 지역인재Ⅰ,,AI소프트웨어공학부(게임공학),4,2,0.5
대전,국립,충남대학교,지역인재전형,농업생명과학대학,동물자원생명과학과*,4,2,0.5
대전,국립,충남대학교,지역인재전형,농업생명과학대학,동물바이오시스템과학과*,4,2,0.5
대전,국립,충남대학교,지역인재전형,사범대학,기술교육과,4,2,0.5
세종,사립,고려대학교(세종),학생부종합(지역인재전형),글로벌비즈니스대학,글로벌학부,4,2,0.5
충남,국립,국립공주대학교,학생부교과전형  지역인재전형(정원내),사범대학,국어교육과,4,2,0.5
충남,사립,나사렛대학교,지역인재1(학생부교과),,공공인재학과,4,2,0.5
충남,사립,백석대학교,정원외 모집 학생부 교과 + 면접 계약학과,,라마다앙코르바이윈덤 천안,4,2,0.5
충남,사립,순천향대학교,[정원내] 학생부교과(충청형지역인재전형),공과대학,전자공학부(정보통신공학전공),4,2,0.5
충남,사립,순천향대학교,[정원내] 학생부교과(기회균형전형),AI의료융합혁신교육원,의약바이오스쿨,4,2,0.5
충남,사립,청운대학교(홍성),청운인재전형,,토목환경공학과,4,2,0.5
충남,사립,청운대학교(홍성),청운인재전형,,멀티미디어학과,4,2,0.5
충남,사립,한국기술교육대학교,지역인재,,컴퓨터공학부 / 컴퓨터공학전공,4,2,0.5
충남,사립,호서대학교,- 정원내 실기/실적 체육특기자전형,,사회체육학과 / 태권도,4,2,0.5
충북,사립,중원대학교,학생부교과 (지역인재전형2),,간호학과,4,2,0.5
충북,사립,중원대학교,학생부교과 (기회균형선발),,작업치료학과,4,2,0.5
충북,사립,청주대학교,정원내 교과인재전형 [교과100%],인문사회대학,"법학과 / 60년의 설립 역사! 졸업생 다수 전국의 법무법인 취업 및 근무, 변호사 배출, 공기업 취업 유리 학과",4,2,0.5
충북,사립,청주대학교,정원내 미래인재전형 [교과100%],보건의료과학대학,"의료경영학과 / 최근 3년 동일 전공 전국 평균을 뛰어넘는 우수한 취업 경쟁력! 서울성모병원, 암 센터 등 메이저 대학병원 및 보건 의료 공공기관 취업 성과",4,2,0.5
충북,사립,청주대학교,"정원내 교과면접전형 경쟁률 현황 ※ 면접전형 : 교과70%+ 면접30% 단, 항공서비스학과 만 교과60%+ 면접40% 생활기록부 미반영 면접",공과대학,신소재화학과 / 화학·소재 산업을 주도하는 융합형 전문인재 양성 학과(25 취업률: 63.6%(전국평균 57.5%); 위험물산업기사 포함 국가기술자격증 18명 취득),4,2,0.5
충북,사립,청주대학교,정원내 지역인재전형 [교과100%],공과대학,"건축학과 (5년제) / 56년 건축교육의 힘, 건축가의 꿈을 현실로! 건축학인증 무결점 최고등급획득·5년제출신 건축사 42명 배출· 25 취업률86.2%(전국평균대비 13.3%높은수준)",4,2,0.5
충북,사립,청주대학교,정원내 지역인재전형 [교과100%],공과대학,"시스템반도체공학과 / 국내 최초 반도체공학과의 저력! 130평 반도체공정·설계실습 인프라, 2029년까지 최대150억 국비지원, 실무형 인재양성, 반도체기업 취업까지 연결",4,2,0.5
충북,사립,청주대학교,정원내 지역인재전형 [교과100%],보건의료과학대학,"임상병리학과 / 최근 2개년 임상병리사 국가시험 100% 합격, 서울아산·삼성서울·서울대·세브란스병원 등 전국 상급종합병원 진출, NGS 등 최신 분자진단기술 실습",4,2,0.5
충북,국립,충북대학교,학생부종합(학생부종합Ⅱ전형),농업생명환경대학,바이오시스템공학과,4,2,0.5
충북,국립,충북대학교,학생부종합(학생부종합Ⅱ전형),농업생명환경대학,목재·종이과학과,4,2,0.5
충북,국립,충북대학교,학생부종합(학생부종합Ⅱ전형),생활과학대학,주거환경학과,4,2,0.5
충북,국립,충북대학교,학생부교과(학생부교과전형),경영대학,경영학자율전공학부,4,2,0.5
충북,국립,충북대학교,학생부교과(지역인재전형),생활과학대학,아동복지학과,4,2,0.5
경기,사립,가천대학교(성남),농어촌(교과) 전형,자연계열,바이오나노학과,2,1,0.5
경기,사립,가천대학교(성남),기회균형 전형,인문계열,응용통계학과,2,1,0.5
경기,사립,가천대학교(성남),기회균형 전형,자연계열,의공학과,2,1,0.5
경기,사립,가천대학교(성남),농어촌(종합) 전형,인문계열,응용통계학과,2,1,0.5
경기,사립,가천대학교(성남),농어촌(종합) 전형,자연계열,신소재공학과,2,1,0.5
경기,사립,가톨릭대학교(부천),학생부종합(가톨릭지도자추천전형),,회계학과,2,1,0.5
경기,사립,가톨릭대학교(부천),학생부종합(기회균형Ⅰ전형),,수학과,2,1,0.5
경기,사립,가톨릭대학교(부천),실기우수자전형,,첼로,2,1,0.5
경기,사립,강남대학교,[정원내]학생부교과(국가보훈대상자전형),,자유전공학부,2,1,0.5
경기,사립,강남대학교,[정원내]학생부교과(국가보훈대상자전형),인문사회계,상경학부,2,1,0.5
경기,사립,강남대학교,[정원내]학생부교과(국가보훈대상자전형),공학계,인공지능융합공학부,2,1,0.5
경기,사립,강남대학교,[정원외]학생부교과(특성화고교졸업자전형),인문사회계,법행정세무학부,2,1,0.5
경기,사립,강남대학교,[정원외]학생부교과(특성화고교졸업자전형),인문사회계,글로벌문화콘텐츠대학,2,1,0.5
경기,사립,강남대학교,[정원외]학생부교과(특성화고교졸업자전형),공학계,부동산건설학부,2,1,0.5
경기,사립,경기대학교(수원),학생부교과(교과성적우수자전형),,수학과,2,1,0.5
경기,사립,경희대학교(용인),국제캠퍼스 학생부교과(지역균형전형),예술계열,시각디자인학과,2,1,0.5
경기,사립,경희대학교(용인),국제캠퍼스 학생부종합[기회균형전형Ⅰ(국가보훈·농어촌·수급자·자립아동 등)],예술계열,의류디자인학과,2,1,0.5
경기,사립,단국대학교(죽전),[학생부종합] 기회균형선발 경쟁률 현황 (죽전),,고분자시스템공학부(융합소재공학전공),2,1,0.5
경기,사립,단국대학교(죽전),[학생부종합] 기회균형선발 경쟁률 현황 (죽전),,건축학부(건축공학전공),2,1,0.5
경기,사립,단국대학교(죽전),[학생부종합] 기회균형선발 경쟁률 현황 (죽전),,통계데이터사이언스학과,2,1,0.5
경기,사립,단국대학교(죽전),[학생부종합] 기회균형선발 경쟁률 현황 (죽전),,AI건축융합학과,2,1,0.5
경기,사립,단국대학교(죽전),[학생부종합] 교육기회배려자(정원외) 경쟁률 현황 (죽전),,융합반도체공학과,2,1,0.5
경기,사립,단국대학교(죽전),[학생부교과] 지역균형선발 경쟁률 현황 (죽전),,철학과,2,1,0.5
경기,사립,단국대학교(죽전),[논술위주] 논술우수자 경쟁률 현황 (죽전),,AI건축융합학과,2,1,0.5
경기,사립,단국대학교(죽전),[학생부종합] 사회적배려대상자 경쟁률 현황 (천안),,화학과,2,1,0.5
경기,사립,단국대학교(죽전),[학생부종합] 교육기회배려자(정원외) 경쟁률 현황 (천안),,영어과,2,1,0.5
경기,사립,단국대학교(죽전),[학생부종합] 교육기회배려자(정원외) 경쟁률 현황 (천안),,생명공학부(녹지조경학전공),2,1,0.5
경기,사립,단국대학교(죽전),[학생부종합] 농어촌학생(정원외) 경쟁률 현황 (천안),,의생명과학부(생명과학전공),2,1,0.5
경기,사립,단국대학교(죽전),[실기/실적위주] 체육특기자 경쟁률 현황 (천안),,국제스포츠학부(국제스포츠전공)(남)-조정(중량급 스컬),2,1,0.5
경기,사립,대진대학교,학생부교과(농어촌학생전형-정원외) - 교과100%,인문사회대학,공공인재법학과,2,1,0.5
경기,사립,대진대학교,학생부교과(농어촌학생전형-정원외) - 교과100%,AI공과대학,AI건설융합공학과,2,1,0.5
경기,사립,대진대학교,학생부교과(농어촌학생전형-정원외) - 교과100%,AI공과대학,반도체융합공학과 [교직],2,1,0.5
경기,사립,대진대학교,학생부교과(농어촌학생전형-정원외) - 교과100%,AI공과대학,AI빅데이터공학과,2,1,0.5
경기,사립,대진대학교,학생부교과(농어촌학생전형-정원외) - 교과100%,예술대학,산업디자인학과 [교직],2,1,0.5
경기,사립,대진대학교,학생부교과(특성화고교졸업자전형-정원외) - 교과100%,예술대학,연기예술학과 [교직] [문화예술사],2,1,0.5
경기,사립,대진대학교,학생부교과(기초생활수급권자 및 차상위계층전형-정원외) - 교과100%,AI공과대학,화학공학과 [교직],2,1,0.5
경기,사립,명지대학교(용인),학생부교과(특수교육대상자전형),,산업경영공학과,2,1,0.5
경기,사립,명지대학교(용인),학생부종합(농어촌학생전형),,스마트인프라공학부 / 건설환경공학전공,2,1,0.5
경기,사립,명지대학교(용인),학생부종합(농어촌학생전형),,AI응용시스템전공,2,1,0.5
경기,사립,서울신학대학교,[학생부교과]기회균형선발전형(정원외),,유아교육과 [교직],2,1,0.5
경기,사립,성결대학교,[학생부교과] (정원내) 특성화고교졸업자,글로벌경영대학,스마트관광항공학부(관광학전공),2,1,0.5
경기,사립,성결대학교,[학생부교과] (정원내) 특성화고교졸업자,사범대학,유아교육과,2,1,0.5
경기,사립,성결대학교,[학생부교과] (정원외) 고른기회Ⅱ,IT융합공과대학,컴퓨터AI공학과,2,1,0.5
경기,사립,성결대학교,[학생부교과] (정원외) 고른기회Ⅱ,IT융합공과대학,스마트도시공학과,2,1,0.5
경기,사립,수원대학교,교과우수전형,혁신공과대학,바이오공학과,2,1,0.5
경기,사립,안양대학교(안양),학생부종합(고른기회),,정보전기전자공학과,2,1,0.5
경기,사립,안양대학교(안양),실기/실적(체육특기자),,수영,2,1,0.5
경기,사립,안양대학교(안양),실기/실적(체육특기자),,스키/스노보드,2,1,0.5
경기,사립,안양대학교(안양),학생부교과(농어촌학생),,식품영양학과(교직),2,1,0.5
경기,사립,용인대학교,정원내 기회균형 특별전형,체육과학대학,체육학과,2,1,0.5
경기,사립,용인대학교,정원내 기회균형 특별전형,인문사회융합대학,관광경영학과,2,1,0.5
경기,사립,용인대학교,정원내 기회균형 특별전형,인문사회융합대학,중국학과,2,1,0.5
경기,사립,용인대학교,정원내 기회균형 특별전형,문화예술대학,문화콘텐츠학과,2,1,0.5
경기,사립,용인대학교,정원내 기회균형 특별전형,AI바이오융합대학,"AI융합학부-AI,빅데이터",2,1,0.5
경기,사립,용인대학교,정원내 기회균형 특별전형,AI바이오융합대학,AI시스템반도체학과,2,1,0.5
경기,사립,용인대학교,정원외 농어촌학생 특별전형,인문사회융합대학,관광경영학과,2,1,0.5
경기,국립,한경국립대학교,학생부교과(지역균형선발_안성)_정원내,,영미언어문화학과,2,1,0.5
경기,국립,한경국립대학교,학생부종합(사회통합_안성)_정원내,,원예생명공학과,2,1,0.5
경기,사립,한국공학대학교,학생부종합(기회균형),,전자공학부 임베디드시스템전공,2,1,0.5
경기,사립,협성대학교,정원내 [학생부교과]기회균형,인문사회과학대학,아동보육학과,2,1,0.5
경기,사립,협성대학교,정원내 [학생부교과]기회균형,인문사회과학대학,중국어문화학과,2,1,0.5
경기,사립,협성대학교,정원내 [학생부교과]기회균형,경영대학,세무회계학과,2,1,0.5
경기,사립,협성대학교,정원내 [학생부교과]기회균형,경영대학,글로벌통상·문화학과,2,1,0.5
경기,사립,협성대학교,정원내 [학생부교과]기회균형,이공대학,컴퓨터공학과,2,1,0.5
경기,사립,협성대학교,정원내 [학생부교과]기회균형,이공대학,소프트웨어공학과,2,1,0.5
경기,사립,협성대학교,정원내 [학생부교과]기회균형,이공대학,건축공학과,2,1,0.5
경기,사립,협성대학교,정원내 [학생부교과]기회균형,이공대학,도시공학과,2,1,0.5
경기,사립,협성대학교,정원내 [학생부교과]기회균형,이공대학,보건관리학과,2,1,0.5
경기,사립,협성대학교,정원내 [학생부교과]사회배려자,경영대학,경영학과,2,1,0.5
경기,사립,협성대학교,정원내 [학생부교과]사회배려자,경영대학,글로벌통상·문화학과,2,1,0.5
경기,사립,협성대학교,정원내 [학생부교과]사회배려자,이공대학,건축공학과,2,1,0.5
경기,사립,협성대학교,정원내 [학생부교과]사회배려자,이공대학,의생명화학과,2,1,0.5
경기,사립,협성대학교,정원내 [학생부종합]융합인재Ⅱ(면접),인문사회과학대학,중국어문화학과,2,1,0.5
경기,사립,협성대학교,정원외 [학생부교과]농어촌학생,이공대학,컴퓨터공학과,2,1,0.5
경기,사립,화성의과학대학교,(정원내) 기회균형 특별전형,,바이오헬스케어학과,2,1,0.5
서울,사립,가톨릭대학교(서울),학생부종합(가톨릭지도자추천전형),,회계학과,2,1,0.5
서울,사립,가톨릭대학교(서울),학생부종합(기회균형Ⅰ전형),,수학과,2,1,0.5
서울,사립,가톨릭대학교(서울),실기우수자전형,,첼로,2,1,0.5
서울,사립,강서대학교,사회통합,,실용음악학과(사회통합),2,1,0.5
서울,사립,경기대학교(서울),학생부교과(교과성적우수자전형),,수학과,2,1,0.5
서울,사립,경희대학교(서울),국제캠퍼스 학생부교과(지역균형전형),예술계열,시각디자인학과,2,1,0.5
서울,사립,경희대학교(서울),국제캠퍼스 학생부종합[기회균형전형Ⅰ(국가보훈·농어촌·수급자·자립아동 등)],예술계열,의류디자인학과,2,1,0.5
서울,사립,광운대학교,학생부종합【특성화고졸업자전형】,,국제통상학부,2,1,0.5
서울,사립,동덕여자대학교,실기우수자전형,예술대학,관현악전공(비올라),2,1,0.5
서울,사립,명지대학교(서울),학생부교과(특수교육대상자전형),,산업경영공학과,2,1,0.5
서울,사립,명지대학교(서울),학생부종합(농어촌학생전형),,스마트인프라공학부 / 건설환경공학전공,2,1,0.5
서울,사립,명지대학교(서울),학생부종합(농어촌학생전형),,AI응용시스템전공,2,1,0.5
서울,사립,삼육대학교,농어촌전형,,인공지능융합학부,2,1,0.5
서울,사립,삼육대학교,농어촌전형,,화학생명과학과,2,1,0.5
서울,사립,상명대학교(서울),정원 내 학생부종합(상명인재전형),,지적재산권전공,2,1,0.5
서울,사립,상명대학교(서울),정원 내 학생부종합(기회균형전형),,데이터과학전공,2,1,0.5
서울,사립,서경대학교,실기우수자 전형,,음악학부-관현악-현악(비올라),2,1,0.5
서울,사립,서경대학교,실기우수자 전형,,음악학부-관현악-현악(첼로),2,1,0.5
서울,사립,서경대학교,기회균형② 특별전형 - 서해5도,,자유전공학부,2,1,0.5
서울,국립,서울과학기술대학교,기회균형전형(농어촌학생),공과대학,건축학부(건축공학전공),2,1,0.5
서울,국립,서울과학기술대학교,기회균형전형(농어촌학생),기술경영융합대학,MSDE학과,2,1,0.5
서울,사립,서울여자대학교,학생부종합(기회균형전형_사회통합지원),인문대학,AI융합콘텐츠전공,2,1,0.5
서울,사립,서울여자대학교,학생부종합(기회균형전형_사회통합지원),사회과학대학,경제학과,2,1,0.5
서울,사립,서울여자대학교,학생부종합(기회균형전형_사회통합지원),과학기술융합대학,수학과,2,1,0.5
서울,사립,서울여자대학교,학생부종합(기회균형전형_사회통합지원),과학기술융합대학,화학과,2,1,0.5
서울,사립,서울여자대학교,학생부종합(기회균형전형_사회통합지원),과학기술융합대학,바이오헬스융합학과,2,1,0.5
서울,사립,서울여자대학교,학생부종합(기회균형전형_사회통합지원),미래산업융합대학,지능정보보호학부,2,1,0.5
서울,사립,서울여자대학교,학생부종합(기회균형전형_사회통합지원),미래산업융합대학,소프트웨어전공,2,1,0.5
서울,사립,서울여자대학교,학생부종합(기회균형전형_사회통합지원),미래산업융합대학,데이터사이언스전공,2,1,0.5
서울,사립,숙명여자대학교,[학생부종합] 기회균형전형,이과대학,통계학과,2,1,0.5
서울,사립,숙명여자대학교,[학생부교과] 지역균형선발전형,사회과학대학,사회심리학과,2,1,0.5
서울,사립,숙명여자대학교,[학생부종합] 농어촌학생전형(정원외),문과대학,교육학부,2,1,0.5
서울,사립,숙명여자대학교,[학생부종합] 특성화고교출신자전형(정원외),공과대학,컴퓨터과학전공,2,1,0.5
서울,사립,이화여자대학교,학생부종합(고른기회전형),사범대학,영어교육과,2,1,0.5
서울,사립,장로회신학대학교,정원내 성경고사성적우수자,,자유전공,2,1,0.5
서울,사립,장로회신학대학교,정원내 일반전형,,오르간,2,1,0.5
서울,사립,총신대학교,정원내 총신고른기회,인문사회계열,아동학과,2,1,0.5
서울,사립,추계예술대학교,실기/실적(일반학생전형),공연예술대학1,아쟁,2,1,0.5
서울,국립,한국체육대학교,체육특기자(개인),,체육학과-태권도[남] 페더,2,1,0.5
서울,사립,한양대학교(서울),실기/실적(체육특기자),예술체육대학,스포츠산업과학부(스포츠매니지먼트전공)(배구(남)아웃사이드히터(레프트)),2,1,0.5
인천,사립,가천대학교(인천),농어촌(교과) 전형,자연계열,바이오나노학과,2,1,0.5
인천,사립,가천대학교(인천),기회균형 전형,인문계열,응용통계학과,2,1,0.5
인천,사립,가천대학교(인천),기회균형 전형,자연계열,의공학과,2,1,0.5
인천,사립,가천대학교(인천),농어촌(종합) 전형,인문계열,응용통계학과,2,1,0.5
인천,사립,가천대학교(인천),농어촌(종합) 전형,자연계열,신소재공학과,2,1,0.5
인천,사립,안양대학교(강화),학생부종합(고른기회),,정보전기전자공학과,2,1,0.5
인천,사립,안양대학교(강화),실기/실적(체육특기자),,수영,2,1,0.5
인천,사립,안양대학교(강화),실기/실적(체육특기자),,스키/스노보드,2,1,0.5
인천,사립,안양대학교(강화),학생부교과(농어촌학생),,식품영양학과(교직),2,1,0.5
인천,사립,인하대학교,학생부종합 고른기회,공과대학,산업경영공학과,2,1,0.5
인천,사립,인하대학교,학생부종합 고른기회,공과대학,에너지자원공학과,2,1,0.5
인천,사립,인하대학교,학생부종합 고른기회,사범대학,사회교육과,2,1,0.5
인천,사립,인하대학교,학생부종합 농어촌학생,문과대학,사학과,2,1,0.5
대전,사립,건양대학교(대전),농어촌학생전형,,의료IT공학과,2,1,0.5
대전,사립,건양대학교(대전),농어촌학생전형,,임상의약바이오학과,2,1,0.5
대전,사립,건양대학교(대전),채용조건형[계약],,유무인항공학과[유아이헬리콥터],2,1,0.5
대전,사립,건양대학교(대전),채용조건형[계약],,유무인항공학과[TPC로보틱스],2,1,0.5
대전,사립,건양대학교(대전),채용조건형[계약],,유무인항공학과[프리뉴],2,1,0.5
대전,사립,건양대학교(대전),채용조건형[계약],,유무인항공학과[태경전자],2,1,0.5
대전,국립,국립한밭대학교,지역인재(종합)전형,,창의융합학과,2,1,0.5
대전,국립,국립한밭대학교,학생부종합(소프트웨어인재)전형,,지능미디어공학과,2,1,0.5
대전,국립,국립한밭대학교,농어촌학생전형,,정보통신공학과,2,1,0.5
대전,사립,대전대학교,지역인재Ⅱ전형 [교과/출석 100%],보건의료과학대학,간호학과 [교직],2,1,0.5
대전,사립,대전대학교,고른기회전형 [교과/출석 100%],경영대학,산업ㆍ광고심리학과 [교직],2,1,0.5
대전,사립,우송대학교,정원내 학생부 교과 - 지역인재 전형 (교과100% / 12과목 반영),보건복지대학,보건복지자율전공학부,2,1,0.5
대전,사립,우송대학교,정원내 학생부 교과 - 자기추천 전형 (교과100% / 12과목 반영),외식조리대학,외식조리영양학과,2,1,0.5
대전,사립,우송대학교,정원내 학생부 종합 - 지역인재Ⅱ 전형,보건복지대학,간호학과,2,1,0.5
대전,사립,우송대학교,정원내 실기/실적 - 체육특기자 전형,보건복지대학,재활학부 / 스포츠건강재활학과,2,1,0.5
대전,국립,충남대학교,일반전형,예술대학,관현악과(Horn),2,1,0.5
대전,국립,충남대학교,일반전형,예술대학,관현악과(Viola),2,1,0.5
대전,국립,충남대학교,지역인재전형,지식융합학부,공공안전융합전공,2,1,0.5
대전,국립,충남대학교,학생부종합 면접전형,인문대학,국사학과,2,1,0.5
대전,국립,충남대학교,체육특기자전형,자연과학대학,스포츠과학과(요트),2,1,0.5
대전,국립,충남대학교,농어촌학생전형,인문대학,국어국문학과,2,1,0.5
대전,국립,충남대학교,저소득층학생전형,자연과학대학,수학과,2,1,0.5
대전,국립,충남대학교,저소득층학생전형,공과대학,자율운항시스템공학과,2,1,0.5
대전,국립,충남대학교,특수교육대상자전형,인문대학,영어영문학과,2,1,0.5
대전,국립,충남대학교,특수교육대상자전형,경상대학,경제학과,2,1,0.5
대전,국립,충남대학교,특수교육대상자전형,공과대학,정보통신융합학부,2,1,0.5
대전,국립,충남대학교,특수교육대상자전형,사범대학,화학공학교육과,2,1,0.5
대전,국립,충남대학교,만학도전형(종합),인문대학,독어독문학과*,2,1,0.5
대전,국립,충남대학교,만학도전형(종합),자연과학대학,해양환경과학과*,2,1,0.5
세종,사립,고려대학교(세종),학생부종합(지역인재전형),과학기술대학,반도체물리학부,2,1,0.5
세종,사립,고려대학교(세종),학생부종합(지역인재전형),과학기술대학,생명정보공학과,2,1,0.5
세종,사립,고려대학교(세종),학생부종합(지역인재전형),과학기술대학,전자·기계융합공학과,2,1,0.5
세종,사립,고려대학교(세종),학생부종합(지역인재전형),과학기술대학,지능형반도체공학과,2,1,0.5
세종,사립,고려대학교(세종),학생부종합(지역인재전형),공공정책대학,경제통계학부,2,1,0.5
세종,사립,홍익대학교(세종),고른기회Ⅰ전형,AID융합과학기술대학,소프트웨어융합학과,2,1,0.5
충남,사립,건양대학교(논산),농어촌학생전형,,의료IT공학과,2,1,0.5
충남,사립,건양대학교(논산),농어촌학생전형,,임상의약바이오학과,2,1,0.5
충남,사립,건양대학교(논산),채용조건형[계약],,유무인항공학과[유아이헬리콥터],2,1,0.5
충남,사립,건양대학교(논산),채용조건형[계약],,유무인항공학과[TPC로보틱스],2,1,0.5
충남,사립,건양대학교(논산),채용조건형[계약],,유무인항공학과[프리뉴],2,1,0.5
충남,사립,건양대학교(논산),채용조건형[계약],,유무인항공학과[태경전자],2,1,0.5
충남,국립,국립공주대학교,학생부교과전형  지역인재전형(정원내),사범대학,생물교육과,2,1,0.5
충남,국립,국립공주대학교,학생부교과전형  지역인재전형(정원내),사범대학,컴퓨터교육과,2,1,0.5
충남,국립,국립공주대학교,학생부교과전형  농어촌학생전형(정원외),인문사회과학대학,경제통상학부,2,1,0.5
충남,국립,국립공주대학교,학생부교과전형  농어촌학생전형(정원외),간호보건대학,의료정보학과,2,1,0.5
충남,국립,국립공주대학교,학생부교과전형  농어촌학생전형(정원외),천안공과대학,정보통신공학과,2,1,0.5
충남,국립,국립공주대학교,학생부교과전형  농어촌학생전형(정원외),천안공과대학,환경공학과,2,1,0.5
충남,사립,나사렛대학교,장애학생(학생부종합/실기위주),,재활의료공학과,2,1,0.5
충남,사립,나사렛대학교,장애학생(학생부종합/실기위주),,유아특수교육과,2,1,0.5
충남,사립,남서울대학교,학생부교과(교과＋면접)(계약학과 채용조건형_정원외),AI 공과대학,(충남형)AI 스마트산업시스템공학과 ㈜TSPG,2,1,0.5
충남,사립,남서울대학교,학생부교과(교과＋면접)(계약학과 채용조건형_정원외),AI 공과대학,(충남형)AI 플랫폼소프트웨어학과 ㈜케이엠에프,2,1,0.5
충남,사립,단국대학교(천안),[학생부종합] 기회균형선발 경쟁률 현황 (죽전),,고분자시스템공학부(융합소재공학전공),2,1,0.5
충남,사립,단국대학교(천안),[학생부종합] 기회균형선발 경쟁률 현황 (죽전),,건축학부(건축공학전공),2,1,0.5
충남,사립,단국대학교(천안),[학생부종합] 기회균형선발 경쟁률 현황 (죽전),,통계데이터사이언스학과,2,1,0.5
충남,사립,단국대학교(천안),[학생부종합] 기회균형선발 경쟁률 현황 (죽전),,AI건축융합학과,2,1,0.5
충남,사립,단국대학교(천안),[학생부종합] 교육기회배려자(정원외) 경쟁률 현황 (죽전),,융합반도체공학과,2,1,0.5
충남,사립,단국대학교(천안),[학생부교과] 지역균형선발 경쟁률 현황 (죽전),,철학과,2,1,0.5
충남,사립,단국대학교(천안),[논술위주] 논술우수자 경쟁률 현황 (죽전),,AI건축융합학과,2,1,0.5
충남,사립,단국대학교(천안),[학생부종합] 사회적배려대상자 경쟁률 현황 (천안),,화학과,2,1,0.5
충남,사립,단국대학교(천안),[학생부종합] 교육기회배려자(정원외) 경쟁률 현황 (천안),,영어과,2,1,0.5
충남,사립,단국대학교(천안),[학생부종합] 교육기회배려자(정원외) 경쟁률 현황 (천안),,생명공학부(녹지조경학전공),2,1,0.5
충남,사립,단국대학교(천안),[학생부종합] 농어촌학생(정원외) 경쟁률 현황 (천안),,의생명과학부(생명과학전공),2,1,0.5
충남,사립,단국대학교(천안),[실기/실적위주] 체육특기자 경쟁률 현황 (천안),,국제스포츠학부(국제스포츠전공)(남)-조정(중량급 스컬),2,1,0.5
충남,사립,백석대학교,정원내 모집 학생부 교과 지역인재(일반),,기독교학부,2,1,0.5
충남,사립,백석대학교,정원내 모집 실기위주 (예·체능계열) 일반실기,,관악기·타악기 및 그 외 악기,2,1,0.5
충남,사립,백석대학교,정원외 모집 학생부 교과 농어촌학생 일반전형,,사범학부 특수교육과,2,1,0.5
충남,사립,백석대학교,정원외 모집 학생부 교과 서해5도민,,간호학과,2,1,0.5
충남,사립,백석대학교,정원외 모집 학생부 교과 + 면접 계약학과,,베스트웨스턴 아산호텔,2,1,0.5
충남,사립,백석대학교,정원외 모집 학생부 교과 + 면접 계약학과,,㈜프로메카,2,1,0.5
충남,사립,상명대학교(천안),정원내 학생부종합(기회균형전형),,건설시스템공학과,2,1,0.5
충남,사립,상명대학교(천안),정원외 학생부종합(특수교육대상자전형),,디지털만화영상전공,2,1,0.5
충남,사립,상명대학교(천안),정원외 학생부종합(조기취업형계약학과전형),,주식회사 큐이노텍,2,1,0.5
충남,사립,상명대학교(천안),정원외 학생부종합(조기취업형계약학과전형),,주식회사 큐이노텍,2,1,0.5
충남,사립,상명대학교(천안),정원외 학생부종합(조기취업형계약학과전형),,주식회사 페어엑스 (FairX),2,1,0.5
충남,사립,순천향대학교,[정원내] 학생부교과(기회균형전형),자연과학대학,화학과,2,1,0.5
충남,사립,순천향대학교,[정원내] 학생부교과(기회균형전형),글로벌경영대학,IT금융경영학과,2,1,0.5
충남,사립,순천향대학교,[정원내] 학생부교과(기회균형전형),공과대학,나노화학공학과,2,1,0.5
충남,사립,순천향대학교,[정원내] 학생부교과(기회균형전형),공과대학,스마트자동차학과,2,1,0.5
충남,사립,순천향대학교,[정원내] 학생부교과(기회균형전형),공과대학,건축학과(5),2,1,0.5
충남,사립,순천향대학교,[정원내] 학생부종합(SW융합전형),AI의료융합혁신교육원,디지털의료스쿨,2,1,0.5
충남,사립,순천향대학교,[정원내] 학생부종합(사회통합전형),인문사회과학대학,특수교육과,2,1,0.5
충남,사립,순천향대학교,[정원외] 학생부종합(조기취업형계약학과전형),창의라이프대학,(주)서창테크,2,1,0.5
충남,사립,순천향대학교,[정원외] 학생부종합(조기취업형계약학과전형),창의라이프대학,(주)아림공조,2,1,0.5
충남,사립,순천향대학교,[정원외] 학생부종합(조기취업형계약학과전형),창의라이프대학,(주)운영,2,1,0.5
충남,사립,순천향대학교,[정원외] 학생부종합(조기취업형계약학과전형),창의라이프대학,삼보오토(주),2,1,0.5
충남,사립,순천향대학교,[정원외] 학생부종합(조기취업형계약학과전형),창의라이프대학,코리아웨코스타(주),2,1,0.5
충남,사립,순천향대학교,[정원외] 학생부종합(조기취업형계약학과전형),창의라이프대학,(주)계림농장,2,1,0.5
충남,사립,순천향대학교,[정원외] 학생부종합(조기취업형계약학과전형),창의라이프대학,(주)큐이노텍,2,1,0.5
충남,사립,순천향대학교,[정원외] 학생부종합(조기취업형계약학과전형),창의라이프대학,(주)대흥금속,2,1,0.5
충남,사립,순천향대학교,[정원외] 학생부종합(조기취업형계약학과전형),창의라이프대학,(주)엑스티,2,1,0.5
충남,사립,순천향대학교,[정원외] 학생부종합(조기취업형계약학과전형),창의라이프대학,(주)보국강업,2,1,0.5
충남,사립,순천향대학교,[정원외] 학생부종합(조기취업형계약학과전형),창의라이프대학,(주)하이셈테크놀로지,2,1,0.5
충남,사립,순천향대학교,[정원외] 학생부종합(조기취업형계약학과전형),창의라이프대학,신라엔지니어링(주),2,1,0.5
충남,사립,순천향대학교,[정원외] 학생부종합(조기취업형계약학과전형),창의라이프대학,(주)피엠티,2,1,0.5
충남,사립,순천향대학교,[정원외] 학생부종합(조기취업형계약학과전형),창의라이프대학,선진정공(주),2,1,0.5
충남,사립,순천향대학교,[정원외] 학생부종합(조기취업형계약학과전형),창의라이프대학,(주)실크로드시앤티,2,1,0.5
충남,사립,순천향대학교,[정원외] 학생부종합(조기취업형계약학과전형),창의라이프대학,(주)다다,2,1,0.5
충남,사립,순천향대학교,[정원외] 학생부종합(조기취업형계약학과전형),창의라이프대학,(주)플라스탈,2,1,0.5
충남,사립,순천향대학교,[정원외] 학생부종합(조기취업형계약학과전형),창의라이프대학,(주)넥스플러스,2,1,0.5
충남,사립,유원대학교(아산),지역인재Ⅱ,,간호학과,2,1,0.5
충남,사립,유원대학교(아산),특성화고교졸업자,,뷰티케어학과,2,1,0.5
충남,사립,유원대학교(아산),기초생활수급자 등,,뷰티케어학과,2,1,0.5
충남,사립,한국기술교육대학교,충남형 계약학과 (조기 취업형),,(주)위드텍,2,1,0.5
충남,사립,한국기술교육대학교,충남형 계약학과 (조기 취업형),,홍스웍스(주),2,1,0.5
충남,사립,호서대학교,- 정원내 학생부교과 지역인재Ⅱ전형,,간호학과,2,1,0.5
충남,사립,호서대학교,- 정원내 학생부교과 기회균형전형,,물리치료학과,2,1,0.5
충남,사립,호서대학교,- 정원외 학생부교과 농어촌학생전형,,임상병리학과,2,1,0.5
충남,사립,호서대학교,- 정원외 학생부교과 특성화고교졸업자전형,,"사회복지학부(사회복지학트랙, 노인복지학트랙)",2,1,0.5
충남,사립,호서대학교,- 정원외 학생부교과 조기취업형 계약학과,,제이머티리얼즈(주),2,1,0.5
충남,사립,호서대학교,- 정원외 학생부교과 조기취업형 계약학과,,더영메디(주),2,1,0.5
충남,사립,호서대학교,- 정원외 학생부교과 조기취업형 계약학과,,(주)에스티엘,2,1,0.5
충남,사립,호서대학교,- 정원외 학생부교과 조기취업형 계약학과,,디고랩스(주),2,1,0.5
충남,사립,호서대학교,- 정원외 학생부교과 조기취업형 계약학과,,(주)삼정이엔지,2,1,0.5
충남,사립,호서대학교,- 정원외 학생부교과 조기취업형 계약학과,,(주)제이이노텍,2,1,0.5
충남,사립,호서대학교,- 정원외 학생부교과 조기취업형 계약학과,,유토피아 정보기술㈜,2,1,0.5
충남,사립,호서대학교,- 정원외 학생부교과 조기취업형 계약학과,,(주)지아이텍,2,1,0.5
충북,사립,가톨릭꽃동네대학교,지역인재-경제배려대상자,,간호학과,2,1,0.5
충북,사립,건국대학교(글로컬),[학생부교과] 지역인재,인문사회융합대학,경찰학과,2,1,0.5
충북,사립,건국대학교(글로컬),[학생부교과] 특성화고교졸업자(정원외),인문사회융합대학,신문방송학과,2,1,0.5
충북,사립,건국대학교(글로컬),[학생부교과] 농어촌학생(정원외),인문사회융합대학,경영학과,2,1,0.5
충북,사립,건국대학교(글로컬),[학생부교과] 농어촌학생(정원외),과학기술대학,컴퓨터공학과,2,1,0.5
충북,사립,건국대학교(글로컬),[학생부교과] 기초생활 및 차상위(정원외),인문사회융합대학,소방방재융합학과,2,1,0.5
충북,사립,건국대학교(글로컬),[학생부교과] 기초생활 및 차상위(정원외),인문사회융합대학,유아교육과,2,1,0.5
충북,사립,건국대학교(글로컬),[학생부교과] 기초생활 및 차상위(정원외),과학기술대학,컴퓨터공학과,2,1,0.5
충북,사립,세명대학교,사회배려자및봉사자전형(정원내),예체능,공연예술학과,2,1,0.5
충북,사립,유원대학교(영동),지역인재Ⅱ,,간호학과,2,1,0.5
충북,사립,유원대학교(영동),특성화고교졸업자,,뷰티케어학과,2,1,0.5
충북,사립,유원대학교(영동),기초생활수급자 등,,뷰티케어학과,2,1,0.5
충북,사립,중원대학교,학생부교과 (기회균형선발),,뷰티메디컬학과,2,1,0.5
충북,사립,청주대학교,정원내 지역인재전형 [교과100%],인문사회대학,"영어영문학과 (교직) / 최근 3개년 공인영어 인증 보유율 100% 달성, 한·미 WEST 취업연수 합격자 8명 배출, 유네스코 국제기록유산센터 MOU 체결을 통한 글로벌 역량 강화",2,1,0.5
충북,사립,청주대학교,정원내 지역인재전형 [교과100%],AI·SW융합대학,"데이터사이언스학과 / 국비지원 인력양성사업 수행중(SW중심대학사업 ‘25년~‘33년 150억, 첨단산업 부트캠프사업 ‘24년~‘29년 75억), 데이터로 세상을 읽고 미래를 설계하는 전문가 양성",2,1,0.5
충북,국립,충북대학교,학생부종합(농어촌학생전형),농업생명환경대학,환경생명화학과,2,1,0.5
충북,국립,충북대학교,학생부교과(지역경제배려대상자전형),간호대학,간호학과,2,1,0.5
세종,사립,고려대학교(세종),학생부교과(일반전형),글로벌비즈니스대학,글로벌학부,29,15,0.52
충북,사립,세명대학교,일반전형(정원내),인문사회,부동산지적학과,25,13,0.52
경기,사립,한양대학교(ERICA),학생부교과(지역균형선발),경상대학,경영학부,21,11,0.52
대전,사립,배재대학교,정원내 학생부교과 일반고교과,,AI소프트웨어공학부(컴퓨터공학),32,17,0.53
경기,사립,강남대학교,[정원내]학생부교과(지역균형전형),인문사회계,상경학부,19,10,0.53
경기,사립,강남대학교,[정원내]학생부종합(학교생활우수자전형1),인문사회계,법행정세무학부(야),19,10,0.53
서울,국립,서울과학기술대학교,고교추천전형,공과대학,건축학부(건축공학전공),19,10,0.53
충북,사립,세명대학교,인문계고교전형(정원내),예체능,패션디자인학과,17,9,0.53
인천,사립,청운대학교(인천),평생학습자1전형,,뷰티웰니스학과(야간),15,8,0.53
충남,사립,청운대학교(홍성),평생학습자1전형,,뷰티웰니스학과(야간),15,8,0.53
대전,국립,충남대학교,지역인재전형,공과대학,유기재료공학과,13,7,0.54
세종,사립,고려대학교(세종),논술(일반전형),과학기술대학,컴퓨터소프트웨어학과,13,7,0.54
경기,사립,대진대학교,"학생부종합(윈윈대진전형) - 1단계:서류평가100%, 2단계:1단계 성적70% + 면접30%",상생교양대학,자율전공학부,20,11,0.55
세종,사립,고려대학교(세종),학생부종합(크림슨인재전형),과학기술대학,컴퓨터소프트웨어학과,20,11,0.55
충북,사립,세명대학교,일반전형(정원내),예체능,생활체육학과 [교과 20% + 실기 80%],20,11,0.55
충북,국립,충북대학교,학생부교과(특성화고졸재직자전형),농업생명환경대학,지역건설공학과(야간),20,11,0.55
경기,사립,한국공학대학교,학생부교과(지역균형),,메카트로닉스공학부 메카트로닉스전공,11,6,0.55
서울,사립,동덕여자대학교,논술우수자전형,인문대학,유러피언스터디즈전공,11,6,0.55
서울,사립,서울여자대학교,학생부교과(교과우수자전형),미래산업융합대학,경영학과,11,6,0.55
충남,국립,국립공주대학교,학생부교과전형  일반전형(정원내),천안공과대학,스마트정보기술공학과,11,6,0.55
충남,사립,상명대학교(천안),정원내 학생부교과(학생부교과전형),,건설시스템공학과,11,6,0.55
세종,사립,홍익대학교(세종),교과우수자전형,상경대학,상경학부,52,29,0.56
대전,사립,대전대학교,"교과면접전형 [1단계:교과/출석 100%, 2단계:교과/출석 60% + 면접 40%]",혜화리버럴아츠칼리지,"글로벌문화콘텐츠학전공, 국어국문창작학전공, 역사문화학전공, 영미언어문화학전공, 경제학전공, 생명과학전공, PPE(정치·경제·철학)전공, MCS(수학·컴퓨터과학)전공, 학생설계전공",25,14,0.56
경기,사립,명지대학교(용인),학생부교과(특성화고등졸재직자전형),,융합인재학부 / 사회복지학전공,18,10,0.56
서울,사립,명지대학교(서울),학생부교과(특성화고등졸재직자전형),,융합인재학부 / 사회복지학전공,18,10,0.56
서울,국립,서울과학기술대학교,고교추천전형,기술경영융합대학,산업공학부(산업정보시스템전공)_자연,18,10,0.56
세종,사립,홍익대학교(세종),교과우수자전형,AID융합과학기술대학,건축공학부,16,9,0.56
경기,사립,아주대학교,고교추천전형,,경영인텔리전스학과,9,5,0.56
경기,사립,한국공학대학교,학생부교과(지역균형),,전자공학부 임베디드시스템전공,9,5,0.56
경기,사립,한국외국어대학교(용인),학생부종합전형(서류형),,산업경영공학과,9,5,0.56
경기,사립,한양대학교(ERICA),학생부교과(지역균형선발),공학대학,건설환경공학과,9,5,0.56
서울,사립,동덕여자대학교,동덕창의리더전형,문화지식융합대학,HCI사이언스전공,9,5,0.56
서울,사립,서경대학교,기회균형② 특별전형 - 특성화고 등을 졸업한 재직자,,뷰티디자인학과,9,5,0.56
서울,사립,이화여자대학교,실기/실적(예체능실기전형),음악대학,한국음악과 / 가야금,9,5,0.56
서울,사립,한국외국어대학교(서울),학생부종합전형(서류형),,산업경영공학과,9,5,0.56
인천,국립,인천대학교,학생부교과(교과성적우수자),인문대학,중어중국학과,9,5,0.56
인천,국립,인천대학교,학생부교과(지역균형),인공지능대학,인공지능정보통신공학부,9,5,0.56
대전,국립,충남대학교,일반전형,농업생명과학대학,동물바이오시스템과학과*,9,5,0.56
충남,사립,백석대학교,정원외 모집 학생부 교과 특성화고교 일반전형,,경찰학부,9,5,0.56
충북,사립,건국대학교(글로컬),[학생부종합] Cogito자기추천,과학기술대학,컴퓨터공학과,28,16,0.57
서울,국립,서울과학기술대학교,고교추천전형,에너지바이오대학,환경공학과,21,12,0.57
세종,사립,고려대학교(세종),학생부종합(크림슨인재전형),과학기술대학,지능형반도체공학과,21,12,0.57
서울,사립,동덕여자대학교,학생부교과우수자 특별전형,자연정보과학대학,컴퓨터학전공,14,8,0.57
대전,국립,충남대학교,지역인재전형,창의융합대학,인문사회융합학부 경상대학자율전공,14,8,0.57
충남,사립,순천향대학교,[정원내] 학생부교과(교과우수자전형),AI대학,컴퓨터공학부(컴퓨터공학전공),14,8,0.57
경기,사립,가천대학교(성남),학생부우수자 전형,자연계열,스마트팩토리학과,7,4,0.57
경기,사립,경동대학교(양주),자기추천제,,메트로폴캠퍼스(경기도 양주) / 항공서비스학과,7,4,0.57
경기,사립,대진대학교,학생부교과(학생부우수자전형) - 교과70% + 면접30%,인문사회대학,경영학과,7,4,0.57
경기,사립,대진대학교,"학생부종합(윈윈대진전형) - 1단계:서류평가100%, 2단계:1단계 성적70% + 면접30%",보건과학대학,보건경영학과,7,4,0.57
경기,사립,아주대학교,고교추천전형,,심리학과,7,4,0.57
서울,사립,상명대학교(서울),정원 내 실기/실적(실기전형),,관현악(현악)-바이올린,7,4,0.57
서울,사립,서울여자대학교,학생부교과(교과우수자전형),인문대학,영어영문학과,7,4,0.57
인천,사립,가천대학교(인천),학생부우수자 전형,자연계열,스마트팩토리학과,7,4,0.57
인천,사립,인하대학교,학생부교과 지역균형,사회과학대학,미디어커뮤니케이션학과,7,4,0.57
대전,국립,충남대학교,일반전형,창의융합대학,자연과학융합학부 생활과학대학자율전공,7,4,0.57
충남,사립,호서대학교,- 정원내 학생부교과 지역인재전형,,미래자동차공학과,7,4,0.57
충북,사립,청주대학교,정원내 교과인재전형 [교과100%],AI·SW융합대학,"전기제어공학과 / 국비지원사업선정(SW중심대학사업 8년간 150억, 첨단로봇/제조를 위한 요소기술개발 공동연구센터사업 5년간 25억, AI모빌리티 R&BD센터 5년간 5억 등)",7,4,0.57
충북,국립,충북대학교,학생부교과(학생부교과전형),자연과학대학,생화학과,7,4,0.57
충북,국립,충북대학교,학생부교과(지역인재전형),자연과학대학,정보통계학과,7,4,0.57
충북,국립,충북대학교,학생부교과(지역인재전형),공과대학,신소재공학과,7,4,0.57
충북,사립,청주대학교,정원내 예체능전형,예술대학,"생활체육학과 / AI·스포츠·문화의 융합, 이론과 실기를 바탕으로 전문교육을 현장역량까지 확장. 스포츠지도·산업·콘텐츠·공공 분야로 진출하는 스포츠 전문인재 양성",26,15,0.58
인천,국립,인천대학교,학생부교과(교과성적우수자),공과대학,전자공학부,19,11,0.58
충남,사립,순천향대학교,[정원내] 학생부종합(일반학생전형),공과대학,에너지공학부,19,11,0.58
충북,사립,청주대학교,정원내 미래인재전형 [교과100%],인문사회대학,광고홍보학과 / 광고홍보 캠페인을 내 손으로! AI 시대가 요구하는 기획력과 제작 역량을 완성한다,19,11,0.58
경기,사립,성균관대학교(수원),학생부교과(추천인재),,사회복지학과,12,7,0.58
서울,사립,동덕여자대학교,동덕창의리더전형,문화지식융합대학,앙트러프러너십전공,12,7,0.58
서울,사립,성균관대학교(서울),학생부교과(추천인재),,사회복지학과,12,7,0.58
서울,사립,이화여자대학교,학생부종합(미래인재전형-서류형),인공지능대학,사이버보안학과,12,7,0.58
세종,사립,고려대학교(세종),학생부교과(일반전형),글로벌비즈니스대학,융합경영학부,34,20,0.59
대전,국립,충남대학교,일반전형,공과대학,신소재공학과,29,17,0.59
충남,사립,유원대학교(아산),유원교과,,초등특수교육과,29,17,0.59
충북,사립,유원대학교(영동),유원교과,,초등특수교육과,29,17,0.59
경기,사립,한국공학대학교,학생부종합(창의인재),,"디자인공학부(산업디자인공학전공, 미디어디자인공학전공)",22,13,0.59
경기,사립,중부대학교(고양),실기우수자전형,,사진영상학전공 [교직] / 사진영상학전공 [교직],17,10,0.59
서울,사립,성신여자대학교,자기주도인재,,컴퓨터공학과,17,10,0.59
대전,국립,충남대학교,일반전형,예술대학,음악과(성악),17,10,0.59
충남,사립,중부대학교(금산),실기우수자전형,,사진영상학전공 [교직] / 사진영상학전공 [교직],17,10,0.59
충남,사립,백석대학교,정원내 모집 학생부 교과 지역인재(일반),,AI컴퓨터공학부,35,21,0.6
대전,사립,건양대학교(대전),일반[교과],,스마트보안학과,30,18,0.6
대전,사립,배재대학교,정원내 학생부교과 교과,,AI소프트웨어공학부(소프트웨어학),30,18,0.6
충남,사립,건양대학교(논산),일반[교과],,스마트보안학과,30,18,0.6
경기,사립,대진대학교,실기/실적위주(실기우수자전형) - 실기80% + 교과20%,보건과학대학,스포츠건강과학과,25,15,0.6
충남,사립,호서대학교,- 정원외 학생부교과 재직자전형,,미래융합스쿨,20,12,0.6
경기,사립,성균관대학교(수원),학생부교과(추천인재),,전공예약 / 유학·동양학과,15,9,0.6
서울,사립,성균관대학교(서울),학생부교과(추천인재),,전공예약 / 유학·동양학과,15,9,0.6
서울,사립,숭실대학교,학생부교과(교과우수자전형-학교장 추천),,경제학과,15,9,0.6
충남,국립,국립공주대학교,학생부교과전형  일반전형(정원내),자연과학대학,데이터정보물리학과,15,9,0.6
경기,사립,대진대학교,"학생부종합(윈윈대진전형) - 1단계:서류평가100%, 2단계:1단계 성적70% + 면접30%",AI공과대학,IT기계공학과 [교직],10,6,0.6
경기,사립,성균관대학교(수원),학생부교과(추천인재),,한문학과,10,6,0.6
경기,사립,신한대학교(의정부/동두천),논술전형(약술형)(교과10%+논술90%),,미래자동차공학과,10,6,0.6
경기,사립,신한대학교(의정부/동두천),논술전형(약술형)(교과10%+논술90%),,기후환경·에너지공학과,10,6,0.6
서울,사립,건국대학교(서울),학생부교과(KU지역균형),문과대학,영어영문학과,10,6,0.6
서울,사립,성공회대학교,학생부종합 대안학교출신자,,사회융합학부,10,6,0.6
서울,사립,성균관대학교(서울),학생부교과(추천인재),,한문학과,10,6,0.6
서울,사립,한성대학교,교과우수전형,AI융합대학,AI기계로봇공학과,10,6,0.6
대전,사립,목원대학교,"교과전형 경쟁률 현황 교과100 [면접없음, 수능최저없음]",-,창의예술자율전공학부 (미술·디자인·웹툰·애니메이션·게임콘텐츠 계열),10,6,0.6
대전,사립,목원대학교,"지역인재전형 경쟁률 현황 교과100 [면접없음, 수능최저없음]",공과대학,"건축학부(건축학전공(5년), 건축공학전공)",10,6,0.6
충남,사립,나사렛대학교,창의융합인재(학생부종합-서류형/면접형/실기위주),,유아특수교육과,10,6,0.6
충남,사립,백석대학교,정원내 모집 학생부 교과 지역인재(일반),,경상학부,10,6,0.6
충남,사립,호서대학교,- 정원외 학생부교과 조기취업형 계약학과,,(주)영광YKMC,10,6,0.6
충북,사립,청주대학교,정원내 교과인재전형 [교과100%],공과대학,"전자공학과 / 국비지원 반도체 부트캠프사업 5년간 150억, RISE사업 5년간 150억 선정, AI기반설계시스템을 활용한 시스템반도체설계 인력양성사업 2년간 13억 선정",10,6,0.6
서울,사립,서울기독대학교,일반전형,,뮤지컬,8,5,0.6
경기,사립,가톨릭대학교(부천),학생부교과(지역균형전형),,아동학과,5,3,0.6
경기,사립,가톨릭대학교(부천),학생부교과(지역균형전형),,수학과,5,3,0.6
경기,사립,가톨릭대학교(부천),학생부종합(잠재능력우수자서류전형),,사회학과,5,3,0.6
경기,사립,가톨릭대학교(부천),학생부종합(잠재능력우수자서류전형),,물리학과,5,3,0.6
경기,사립,가톨릭대학교(부천),학생부종합(잠재능력우수자서류전형),,바이오메디컬소프트웨어학과,5,3,0.6
경기,사립,가톨릭대학교(부천),실기우수자전형,,바이올린,5,3,0.6
경기,사립,단국대학교(죽전),[학생부교과] 지역균형선발 경쟁률 현황 (죽전),,도시계획ㆍ부동산학부,5,3,0.6
경기,사립,명지대학교(용인),학생부교과(학교장추천전형),,스마트인프라공학부 / 건설환경공학전공,5,3,0.6
경기,사립,명지대학교(용인),학생부교과(교과면접전형),,응용통계학전공,5,3,0.6
경기,사립,명지대학교(용인),학생부교과(교과면접전형),,환경시스템공학전공,5,3,0.6
경기,사립,명지대학교(용인),학생부교과(교과면접전형),,반도체·ICT대학 / 반도체공학부,5,3,0.6
경기,사립,서울신학대학교,[학생부종합]H+인재전형,,아시아문화콘텐츠학부 / 중국언어문화콘텐츠학과,5,3,0.6
경기,사립,수원대학교,농어촌학생전형,혁신공과대학,전기전자공학부,5,3,0.6
경기,사립,아주대학교,고교추천전형,,화학공학과,5,3,0.6
경기,사립,아주대학교,고교추천전형,,금융공학과,5,3,0.6
경기,사립,아주대학교,고교추천전형,,문화콘텐츠학과,5,3,0.6
경기,사립,안양대학교(안양),학생부종합(아리학생부종합),,이공계열자유전공,5,3,0.6
경기,사립,한국공학대학교,학생부교과(교과우수자),,인공지능학과,5,3,0.6
경기,사립,한신대학교,논술,인문,철학,5,3,0.6
경기,사립,협성대학교,정원내 [학생부교과]미래창의인재,인문사회과학대학,아동보육학과,5,3,0.6
서울,사립,가톨릭대학교(서울),학생부교과(지역균형전형),,아동학과,5,3,0.6
서울,사립,가톨릭대학교(서울),학생부교과(지역균형전형),,수학과,5,3,0.6
서울,사립,가톨릭대학교(서울),학생부종합(잠재능력우수자서류전형),,사회학과,5,3,0.6
서울,사립,가톨릭대학교(서울),학생부종합(잠재능력우수자서류전형),,물리학과,5,3,0.6
서울,사립,가톨릭대학교(서울),학생부종합(잠재능력우수자서류전형),,바이오메디컬소프트웨어학과,5,3,0.6
서울,사립,가톨릭대학교(서울),실기우수자전형,,바이올린,5,3,0.6
서울,사립,동덕여자대학교,특기자 특별전형,공연예술대학,실용음악전공(실용음악특기자),5,3,0.6
서울,사립,명지대학교(서울),학생부교과(학교장추천전형),,스마트인프라공학부 / 건설환경공학전공,5,3,0.6
서울,사립,명지대학교(서울),학생부교과(교과면접전형),,응용통계학전공,5,3,0.6
서울,사립,명지대학교(서울),학생부교과(교과면접전형),,환경시스템공학전공,5,3,0.6
서울,사립,명지대학교(서울),학생부교과(교과면접전형),,반도체·ICT대학 / 반도체공학부,5,3,0.6
서울,사립,서울기독대학교,일반전형,,기독교신학,5,3,0.6
서울,사립,서울여자대학교,학생부교과(교과우수자전형),과학기술융합대학,생명환경공학과,5,3,0.6
서울,사립,성신여자대학교,논술우수자,,컴퓨터공학과,5,3,0.6
서울,사립,세종대학교,학생부종합(세종인재 전형(면접형)),인공지능융합,양자지능정보학과,5,3,0.6
서울,사립,숙명여자대학교,[학생부교과] 지역균형선발전형,문과대학,르꼬르동블루외식경영전공,5,3,0.6
서울,사립,숙명여자대학교,[학생부교과] 지역균형선발전형,사회과학대학,행정학과,5,3,0.6
서울,사립,숙명여자대학교,[학생부교과] 지역균형선발전형,공과대학,신소재물리학부,5,3,0.6
서울,사립,연세대학교(서울),학생부교과전형 (추천형),생활과학대학,아동·가족학과,5,3,0.6
인천,사립,안양대학교(강화),학생부종합(아리학생부종합),,이공계열자유전공,5,3,0.6
인천,국립,인천대학교,학생부교과(교과성적우수자),공과대학,에너지화학공학과,5,3,0.6
인천,사립,인하대학교,학생부종합 인하미래인재(서류형),AI융합대학,디자인테크놀로지학과,5,3,0.6
인천,사립,인하대학교,학생부교과 지역균형,자연과학대학,수학과,5,3,0.6
인천,사립,인하대학교,학생부교과 지역균형,문과대학,철학과,5,3,0.6
대전,사립,건양대학교(대전),지역[기초],,간호학과 [교직],5,3,0.6
대전,사립,건양대학교(대전),학생부종합전형,,유무인항공학과,5,3,0.6
대전,국립,국립한밭대학교,지역인재(교과)전형,,영어영문학과,5,3,0.6
대전,국립,국립한밭대학교,지역인재(교과)전형,,회계세무학과,5,3,0.6
대전,국립,국립한밭대학교,지역인재(종합)전형,,정보통신공학과,5,3,0.6
대전,사립,목원대학교,"지역인재전형 경쟁률 현황 교과100 [면접없음, 수능최저없음]",보건안전대학,"생물산업학부(반려동물전공, 생명과학전공)",5,3,0.6
대전,사립,목원대학교,"지역인재전형 경쟁률 현황 교과100 [면접없음, 수능최저없음]",AISW융합대학,AI응용학과 [SW],5,3,0.6
대전,사립,배재대학교,정원내 학생부교과 지역인재Ⅰ,,경찰법학부(경찰학/법학),5,3,0.6
대전,사립,배재대학교,정원내 학생부교과 지역인재Ⅰ,,의류패션학과,5,3,0.6
대전,사립,배재대학교,정원내 학생부교과 지역인재Ⅰ,,레저스포츠학부(스포츠지도·건강재활),5,3,0.6
대전,사립,우송대학교,정원내 학생부 교과 - 자기추천 전형 (교과100% / 12과목 반영),엔디컷국제대학,AI경영학과,5,3,0.6
대전,사립,우송대학교,정원내 학생부 종합 - 종합서류형 전형 (면접X),소프트웨어(SW)융합대학,테크노미디어융합학부 / 글로벌미디어AI영상학과,5,3,0.6
충남,사립,건양대학교(논산),지역[기초],,간호학과 [교직],5,3,0.6
충남,사립,건양대학교(논산),학생부종합전형,,유무인항공학과,5,3,0.6
충남,사립,단국대학교(천안),[학생부교과] 지역균형선발 경쟁률 현황 (죽전),,도시계획ㆍ부동산학부,5,3,0.6
충남,사립,백석대학교,정원외 모집 학생부 교과 특성화고교 일반전형,,보건학부 응급구조학과,5,3,0.6
충남,사립,백석대학교,정원외 모집 학생부 교과 농어촌학생 일반전형,,보건학부 작업치료학과,5,3,0.6
충남,사립,상명대학교(천안),정원내 학생부종합(기회균형전형),,정보통신공학과,5,3,0.6
충남,사립,순천향대학교,[정원내] 학생부교과(충청형지역인재전형),AI의료융합혁신교육원,헬스케어서비스스쿨(작업치료학전공),5,3,0.6
충남,사립,한국기술교육대학교,지역인재,,고용서비스정책학과,5,3,0.6
충남,사립,호서대학교,- 정원내 학생부교과 면접전형,,산업디자인학과,5,3,0.6
충남,사립,호서대학교,- 정원내 학생부종합 호서인재전형,,인공지능학과,5,3,0.6
충북,사립,극동대학교,정원 내 실적 체육특기우수자,,스포츠재활학과,5,3,0.6
충북,사립,세명대학교,인문계고교전형(정원내),자연과학,바이오제약산업학부 [제약산업/바이오의약],5,3,0.6
충북,사립,세명대학교,면접우수자전형(정원내),인문사회,상담심리학과,5,3,0.6
충북,사립,우석대학교(진천),학생부교과_교과면접,휴먼테크 융합대학,심리학과(전주) [교직],5,3,0.6
충북,사립,중원대학교,학생부교과 (일반전형2),,임상병리학과,5,3,0.6
충북,사립,청주대학교,정원내 교과인재전형 [교과100%],공과대학,신소재화학과 / 화학·소재 산업을 주도하는 융합형 전문인재 양성 학과(25 취업률: 63.6%(전국평균 57.5%); 위험물산업기사 포함 국가기술자격증 18명 취득),5,3,0.6
충북,사립,청주대학교,정원내 미래인재전형 [교과100%],인문사회대학,"수학교육과 (사범) / 수학교육과 취업률 충청권 1위, 전국4위(24). 학생 1인당 연간 장학금 충청권 1위, 전국 5위 달성(25).",5,3,0.6
충북,사립,청주대학교,"정원내 교과면접전형 경쟁률 현황 ※ 면접전형 : 교과70%+ 면접30% 단, 항공서비스학과 만 교과60%+ 면접40% 생활기록부 미반영 면접",인문사회대학,"지적학과 / 1979년 설립 이래 공공분야 인재 1,700여 명 배출, 최근 5년간 지적직 공무원·공기업 연평균 21명 이상 합격, 2025년 지적 국가기술자격 취득률 63%(전국 41%)",5,3,0.6
충북,사립,청주대학교,"정원내 교과면접전형 경쟁률 현황 ※ 면접전형 : 교과70%+ 면접30% 단, 항공서비스학과 만 교과60%+ 면접40% 생활기록부 미반영 면접",예술대학,디지털미디어디자인학과 / AI·XR 실습환경에서 기획부터 프로토타입까지 완성하는 실무 훈련으로 웹디자인·영상·게임·3D·실감콘텐츠 분야 진출,5,3,0.6
충북,국립,충북대학교,학생부종합(학생부종합Ⅰ전형),인문대학,프랑스언어문화학과,5,3,0.6
충북,국립,충북대학교,학생부교과(학생부교과전형),생활과학대학,소비자학과,5,3,0.6
충북,국립,충북대학교,학생부교과(지역인재전형),인문대학,영어영문학과,5,3,0.6
충북,국립,충북대학교,학생부교과(지역인재전형),농업생명환경대학,바이오시스템공학과,5,3,0.6
충남,사립,호서대학교,- 정원내 학생부교과 학생부전형,,"빅데이터AI학부(빅데이터분석트랙, AI응용비즈니스트랙)",57,35,0.61
경기,사립,강남대학교,[정원내]학생부교과(지역균형전형),인문사회계,상경학부(야),23,14,0.61
경기,사립,한국공학대학교,학생부교과(교과우수자),,"디자인공학부(산업디자인공학전공, 미디어디자인공학전공)",18,11,0.61
충남,사립,상명대학교(천안),정원내 학생부교과(학생부교과전형),,자유전공(공학계열),77,48,0.62
서울,사립,성공회대학교,학생부종합 열린인재,,소프트웨어융합학부,52,32,0.62
경기,사립,화성의과학대학교,(정원내) 학생부 교과우수자 전형,,경찰과학수사학과,26,16,0.62
경기,사립,칼빈대학교,학생부교과(일반학생전형),광역계열,자유전공학부,21,13,0.62
경기,사립,용인대학교,정원내 일반학생 전형,AI바이오융합대학,바이오생명공학과,13,8,0.62
서울,사립,상명대학교(서울),정원 내 학생부교과(고교추천전형),,데이터과학전공,13,8,0.62
세종,사립,고려대학교(세종),논술(일반전형),과학기술대학,지능형반도체공학과,13,8,0.62
충남,사립,순천향대학교,[정원내] 학생부교과(교과우수자전형),공과대학,기계공학과,13,8,0.62
서울,사립,서경대학교,교과균형 전형,,미래융합학부1,89,56,0.63
경기,사립,한국공학대학교,학생부종합(특성화고졸재직자),,디지털경영학과(야간),40,25,0.63
대전,사립,배재대학교,정원내 학생부교과 교과,,AI소프트웨어공학부(컴퓨터공학),35,22,0.63
서울,사립,숙명여자대학교,[학생부교과] 지역균형선발전형,경상대학,경영학부,30,19,0.63
충북,사립,세명대학교,일반전형(정원내),자연과학,바이오제약산업학부 [제약산업/바이오의약],30,19,0.63
충북,사립,중원대학교,학생부교과 (일반전형1),,작업치료학과,30,19,0.63
경기,사립,아주대학교,고교추천전형,,경영학과,19,12,0.63
경기,사립,화성의과학대학교,(정원내) 학생부 교과우수자 전형,,의료경영학과,16,10,0.63
충남,사립,순천향대학교,[정원내] 학생부종합(일반학생전형),공과대학,디스플레이신소재공학과,16,10,0.63
경기,사립,단국대학교(죽전),[학생부교과] 학생부교과우수자 경쟁률 현황 (천안),,의생명과학부(의생명시스템학전공),8,5,0.63
경기,사립,대진대학교,학생부교과(학교장추천전형) - 교과100%,AI공과대학,스마트융합보안학과,8,5,0.63
경기,사립,수원대학교,교과논술전형,혁신공과대학,도시부동산학과,8,5,0.63
경기,사립,수원대학교,면접위주교과전형,혁신공과대학,바이오공학과,8,5,0.63
서울,사립,광운대학교,학생부교과【지역균형 전형】,,컴퓨터정보공학부,8,5,0.63
서울,사립,광운대학교,학생부교과【지역균형 전형】,,로봇학부 AI로봇전공,8,5,0.63
서울,사립,동덕여자대학교,동덕창의리더전형,자연정보과학대학,보건관리학전공,8,5,0.63
서울,사립,서울여자대학교,학생부교과(교과우수자전형),과학기술융합대학,원예생명조경학과,8,5,0.63
서울,사립,숙명여자대학교,[학생부교과] 지역균형선발전형,문과대학,한국어문학부,8,5,0.63
서울,사립,숙명여자대학교,[학생부교과] 지역균형선발전형,공과대학,화공생명공학부,8,5,0.63
인천,사립,인하대학교,학생부교과 지역균형,공과대학,반도체시스템공학과,8,5,0.63
인천,사립,인하대학교,학생부교과 지역균형,경영대학,국제통상학과,8,5,0.63
대전,국립,국립한밭대학교,지역인재(종합)전형,,영어영문학과,8,5,0.63
대전,국립,충남대학교,일반전형,예술대학,관현악과(Violin),8,5,0.63
세종,사립,고려대학교(세종),학생부교과(일반전형),과학기술대학,미래모빌리티학과,8,5,0.63
충남,사립,단국대학교(천안),[학생부교과] 학생부교과우수자 경쟁률 현황 (천안),,의생명과학부(의생명시스템학전공),8,5,0.63
충남,사립,백석대학교,정원외 모집 학생부 교과 + 면접 계약학과,,㈜찰스리 헤어테크,8,5,0.63
충남,사립,순천향대학교,[정원내] 학생부종합(일반학생전형),글로벌경영대학,회계학과,8,5,0.63
충북,사립,세명대학교,지역인재(일반)전형(정원내),자연과학,작업치료학과,8,5,0.63
충북,사립,청주대학교,정원내 교과인재전형 [교과100%],경상대학,무역학과 / 최근 3년 졸업생 취업률 75.1% (전국 무역학과 동일지표 평균대비 11.1% 높은수준). 최근 3년 인재양성 재정지원사업 4.5억원 수주,8,5,0.63
충북,사립,청주대학교,정원내 미래인재전형 [교과100%],공과대학,"조경학과 / 전국 조경학과 최초 AI 특성화 교육, AI TRIPLE TRACK(이론·실습·프로젝트)으로 AI 조경 전문가 양성",8,5,0.63
충북,국립,충북대학교,학생부교과(학생부교과전형),자연과학대학,미생물학과,8,5,0.63
충남,사립,유원대학교(아산),유원교과,,사회복지학부,50,32,0.64
충북,사립,유원대학교(영동),유원교과,,사회복지학부,50,32,0.64
경기,사립,용인대학교,정원내 자율전공 특별전형,,자연과학 / 자연계열전공학부,25,16,0.64
서울,사립,서울여자대학교,학생부종합(기회균형전형_특성화고등을졸업한재직자)[전형기간자율모집],첨단융합학부,AI실감콘텐츠전공,25,16,0.64
서울,사립,이화여자대학교,학생부종합(미래인재전형-서류형),인공지능대학,컴퓨터공학과,25,16,0.64
대전,사립,우송대학교,정원내 학생부 교과 - 교과중심 전형 (교과100% / 12과목 반영),소프트웨어(SW)융합대학,테크노미디어융합학부 / 글로벌미디어AI영상학과,22,14,0.64
서울,사립,광운대학교,학생부종합【광운참빛인재전형Ⅱ-서류형】,,법학부,14,9,0.64
서울,사립,상명대학교(서울),정원 내 학생부교과(고교추천전형),,글로벌경영학과,14,9,0.64
경기,사립,강남대학교,[정원내]논술위주(논술전형),인문사회계,사회복지학부(야),11,7,0.64
경기,사립,명지대학교(용인),학생부종합(명지인재서류전형),,경상·통계학부 / 경제학전공,11,7,0.64
경기,사립,한국항공대학교,학교장추천 전형,,자유전공학부(공학적성),11,7,0.64
경기,사립,한양대학교(ERICA),학생부교과(지역균형선발),소프트웨어융합대학,컴퓨터학부(컴퓨터전공),11,7,0.64
서울,사립,명지대학교(서울),학생부종합(명지인재서류전형),,경상·통계학부 / 경제학전공,11,7,0.64
대전,사립,건양대학교(대전),지역[교과],,의공학과,11,7,0.64
세종,사립,고려대학교(세종),논술(일반전형),과학기술대학,자유전공학부(과학기술),11,7,0.64
충남,사립,건양대학교(논산),지역[교과],,의공학과,11,7,0.64
충남,사립,상명대학교(천안),정원내 학생부교과(학생부교과전형),,경영공학과,11,7,0.64
충북,국립,충북대학교,학생부교과(학생부교과전형),자연과학대학,화학과,11,7,0.64
대전,국립,국립한밭대학교,학생부교과(일반)전형,,인문사회경상학부,54,35,0.65
충남,사립,백석대학교,정원내 모집 학생부 종합 창의인재,,AI컴퓨터공학부,40,26,0.65
대전,사립,건양대학교(대전),일반[교과],,"ND산업디자인학부 (비실기,시각,산업,웹툰/애니메이션 등)",31,20,0.65
충남,사립,건양대학교(논산),일반[교과],,"ND산업디자인학부 (비실기,시각,산업,웹툰/애니메이션 등)",31,20,0.65
충북,사립,세명대학교,일반전형(정원내),공학,재난안전학과,20,13,0.65
서울,사립,삼육대학교,세움인재전형,,인공지능융합학부,17,11,0.65
충남,사립,순천향대학교,[정원내] 학생부교과(교과우수자전형),인문사회과학대학,영미학과,17,11,0.65
충북,사립,세명대학교,일반전형(정원내),인문사회,광고홍보학과,17,11,0.65
충남,사립,호서대학교,- 정원내 학생부교과 학생부전형,,에너지환경화학공학과,51,34,0.67
충북,사립,세명대학교,일반전형(정원내),자연과학,AI컴퓨터학부 [인공지능소프트웨어/컴퓨터시스템],42,28,0.67
경기,사립,중부대학교(고양),학생부우수자전형,,경영학전공 / 경영학전공,30,20,0.67
서울,사립,세종대학교,학생부종합(세종인재 전형(서류형)),,IT계열,30,20,0.67
충남,사립,중부대학교(금산),학생부우수자전형,,경영학전공 / 경영학전공,30,20,0.67
서울,사립,성신여자대학교,자기주도인재,,융합보안공학과,21,14,0.67
충남,사립,상명대학교(천안),정원내 학생부교과(학생부교과전형),,글로벌금융경영학부,21,14,0.67
충북,국립,충북대학교,학생부교과(지역인재전형),전자정보대학,정보통신공학부,18,12,0.67
경기,사립,대진대학교,"학생부종합(윈윈대진전형) - 1단계:서류평가100%, 2단계:1단계 성적70% + 면접30%",보건과학대학,의생명과학과,15,10,0.67
경기,사립,명지대학교(용인),학생부교과(특성화고등졸재직자전형),,법무행정학전공,15,10,0.67
경기,사립,성결대학교,[학생부교과] SKU창의,IT융합공과대학,스마트도시공학과,15,10,0.67
서울,사립,덕성여자대학교,덕성인재전형Ⅱ[학생부위주(종합)],,미래인재대학(AI신약학과),15,10,0.67
서울,사립,명지대학교(서울),학생부교과(특성화고등졸재직자전형),,법무행정학전공,15,10,0.67
충남,사립,순천향대학교,[정원내] 학생부교과(교과우수자전형),공과대학,스마트자동차학과,15,10,0.67
충북,사립,중원대학교,학생부교과 (일반전형1),,글로벌항공서비스학과,15,10,0.67
경기,사립,대진대학교,학생부교과(학생부우수자전형) - 교과70% + 면접30%,AI공과대학,스마트시티·환경공학과,12,8,0.67
경기,사립,한양대학교(ERICA),학생부교과(지역균형선발),커뮤니케이션&컬처대학,미디어학과,12,8,0.67
서울,사립,광운대학교,학생부교과【지역균형 전형】,,법학부,12,8,0.67
인천,사립,인하대학교,학생부종합 인하미래인재(면접형),경영대학,경영학부(파이낸스경영학과),12,8,0.67
충남,국립,국립공주대학교,학생부교과전형  일반전형(정원내),천안공과대학,정보통신공학과,12,8,0.67
충남,사립,상명대학교(천안),정원내 학생부교과(학생부교과전형),,정보보안공학과,12,8,0.67
충남,사립,순천향대학교,[정원내] 학생부교과(교과우수자전형),공과대학,전자공학부(전자공학전공),12,8,0.67
경기,사립,가톨릭대학교(부천),학생부교과(지역균형전형),,인공지능학과,9,6,0.67
경기,사립,단국대학교(죽전),[학생부교과] 학생부교과우수자 경쟁률 현황 (천안),,식품공학과,9,6,0.67
경기,사립,명지대학교(용인),학생부교과(교과면접전형),,컴퓨터AI응용공학부 / AI컴퓨터공학전공,9,6,0.67
경기,사립,아주대학교,고교추천전형,,행정학과,9,6,0.67
경기,사립,한국공학대학교,학생부교과(지역균형),,컴퓨터공학부 컴퓨터공학전공,9,6,0.67
경기,사립,한국외국어대학교(용인),학생부종합전형(서류형),,환경학과,9,6,0.67
서울,사립,가톨릭대학교(서울),학생부교과(지역균형전형),,인공지능학과,9,6,0.67
서울,사립,건국대학교(서울),학생부교과(KU지역균형),문과대학,국어국문학과,9,6,0.67
서울,사립,동덕여자대학교,학생부교과우수자 특별전형,인문대학,영어전공,9,6,0.67
서울,사립,명지대학교(서울),학생부교과(교과면접전형),,컴퓨터AI응용공학부 / AI컴퓨터공학전공,9,6,0.67
서울,사립,이화여자대학교,학생부교과(고교추천전형),인공지능대학,인공지능데이터사이언스학부,9,6,0.67
서울,사립,한국외국어대학교(서울),학생부종합전형(서류형),,환경학과,9,6,0.67
인천,국립,인천대학교,학생부교과(지역균형),도시과학대학,도시건축학부,9,6,0.67
인천,사립,인하대학교,학생부교과 지역균형,공과대학,건축학부,9,6,0.67
대전,국립,국립한밭대학교,지역인재(종합)전형,,컴퓨터공학과,9,6,0.67
대전,국립,충남대학교,일반전형,공과대학,환경공학과,9,6,0.67
세종,사립,홍익대학교(세종),논술전형,AID융합과학기술대학,나노반도체공학과,9,6,0.67
충남,사립,단국대학교(천안),[학생부교과] 학생부교과우수자 경쟁률 현황 (천안),,식품공학과,9,6,0.67
충남,사립,상명대학교(천안),정원내 학생부교과(학생부교과전형),,한국언어문화전공,9,6,0.67
충북,사립,청주대학교,정원내 미래인재전형 [교과100%],경상대학,"관광경영학과 / 1983년 중부권 최초로 개설, 40년 이상의 전통을 이어온 글로벌 관광 인재 양성의 요람",9,6,0.67
충북,사립,청주대학교,정원내 미래인재전형 [교과100%],자유전공학부,"자유전공학부 / 원하는 전공을 찾고, 나만의 경쟁력을 키우자! 46개 전공 탐색과 멘토링·소학회·세미나·전문가 특강 등 다양한 비교과 프로그램을 통해 많은 경험을 제공합니다.",9,6,0.67
충북,사립,청주대학교,정원내 지역인재전형 [교과100%],인문사회대학,광고홍보학과 / 광고홍보 캠페인을 내 손으로! AI 시대가 요구하는 기획력과 제작 역량을 완성한다,9,6,0.67
충북,국립,충북대학교,학생부종합(학생부종합Ⅱ전형),창의융합대학,바이오헬스학부,9,6,0.67
경기,사립,가천대학교(성남),학생부우수자 전형,자연계열,의공학과,6,4,0.67
경기,사립,대진대학교,학생부교과(고른기회전형) - 교과100%,보건과학대학,의생명과학과,6,4,0.67
경기,사립,한국공학대학교,학생부교과(교과우수자),,반도체공학부 반도체시스템전공,6,4,0.67
경기,사립,한국외국어대학교(용인),학생부종합전형(서류형),,전자물리학과,6,4,0.67
경기,사립,한신대학교,논술,인문,영미문화학,6,4,0.67
경기,사립,한신대학교,논술,인문,일본학,6,4,0.67
서울,사립,광운대학교,학생부종합【광운참빛인재전형Ⅰ-면접형】,,영어영문학과,6,4,0.67
서울,사립,서울여자대학교,학생부교과(교과우수자전형),사회과학대학,사회복지학과,6,4,0.67
서울,사립,성신여자대학교,기회균형Ⅰ,,융합보안공학과,6,4,0.67
서울,사립,숙명여자대학교,[학생부교과] 지역균형선발전형,미디어학부,미디어학부,6,4,0.67
서울,사립,숙명여자대학교,[실기/실적] 예능창의인재전형,미술대학,시각·영상디자인과,6,4,0.67
서울,사립,숭실대학교,학생부교과(교과우수자전형-학교장 추천),,국제법무학과,6,4,0.67
서울,사립,한국외국어대학교(서울),학생부종합전형(서류형),,전자물리학과,6,4,0.67
인천,사립,가천대학교(인천),학생부우수자 전형,자연계열,의공학과,6,4,0.67
인천,사립,인하대학교,학생부교과 지역균형,자연과학대학,통계학과,6,4,0.67
인천,사립,인하대학교,학생부교과 지역균형,자연과학대학,해양과학과,6,4,0.67
대전,사립,대전대학교,지역인재Ⅰ전형 [교과/출석 100%],보건의료과학대학,응급구조학과,6,4,0.67
대전,사립,배재대학교,정원내 학생부교과 교과,,공연예술학부(영화영상학-연기),6,4,0.67
대전,국립,충남대학교,일반전형,농업생명과학대학,환경소재공학과,6,4,0.67
대전,국립,충남대학교,일반전형,생활과학대학,소비자학과,6,4,0.67
대전,국립,충남대학교,지역인재전형,경상대학,무역학과,6,4,0.67
충남,사립,순천향대학교,[정원내] 학생부교과(충청형지역인재전형),자연과학대학,생명과학과,6,4,0.67
충남,사립,호서대학교,- 정원외 학생부교과 조기취업형 계약학과,,(주)엑스티,6,4,0.67
충북,사립,극동대학교,정원 내 학생부교과 일반학생전형(면접),,작업치료학과,6,4,0.67
충북,사립,청주대학교,"정원내 교과면접전형 경쟁률 현황 ※ 면접전형 : 교과70%+ 면접30% 단, 항공서비스학과 만 교과60%+ 면접40% 생활기록부 미반영 면접",경상대학,"관광경영학과 / 1983년 중부권 최초로 개설, 40년 이상의 전통을 이어온 글로벌 관광 인재 양성의 요람",6,4,0.67
충북,사립,청주대학교,정원내 지역인재전형 [교과100%],보건의료과학대학,"치위생학과 / 국가시험 3년 연속 100% 합격, 취업률 90%! 서울대·고려대·단국대병원 임상실습과 디지털 기반 실무교육, 다양한 진로 지원으로 치위생 전문 리더 양성!",6,4,0.67
충북,국립,충북대학교,학생부교과(지역인재전형),공과대학,건축학과,6,4,0.67
경기,사립,가천대학교(성남),농어촌(교과) 전형,자연계열,금융·빅데이터학부,3,2,0.67
경기,사립,가천대학교(성남),농어촌(교과) 전형,자연계열,컴퓨터공학과,3,2,0.67
경기,사립,가톨릭대학교(부천),학생부종합(기회균형Ⅰ전형),,회계학과,3,2,0.67
경기,사립,경기대학교(수원),학생부교과(교과성적우수자전형),,관광문화콘텐츠학과,3,2,0.67
경기,사립,경기대학교(수원),학생부교과(기초생활수급자등선발전형),,"AI컴퓨터공학부 / 컴퓨터공학전공, 인공지능전공, SW안전보안전공, 모빌리티SW전공",3,2,0.67
경기,사립,경희대학교(용인),국제캠퍼스 학생부교과(지역균형전형),인문계열,스페인어학과,3,2,0.67
경기,사립,경희대학교(용인),국제캠퍼스 학생부교과(지역균형전형),인문계열,러시아어학과,3,2,0.67
경기,사립,경희대학교(용인),국제캠퍼스 학생부교과(지역균형전형),인문계열,한국어학과,3,2,0.67
경기,사립,단국대학교(죽전),[학생부종합] 기회균형선발 경쟁률 현황 (죽전),,인프라건설공학과,3,2,0.67
경기,사립,단국대학교(죽전),[학생부종합] 기회균형선발 경쟁률 현황 (죽전),,화학공학과,3,2,0.67
경기,사립,단국대학교(죽전),[학생부교과] 지역균형선발 경쟁률 현황 (죽전),,상담학과,3,2,0.67
경기,사립,단국대학교(죽전),[학생부교과] 지역균형선발 경쟁률 현황 (죽전),,AI건축융합학과,3,2,0.67
경기,사립,단국대학교(죽전),[학생부종합] 사회적배려대상자 경쟁률 현황 (천안),,의생명과학부(생명과학전공),3,2,0.67
경기,사립,대진대학교,학생부교과(학교장추천전형) - 교과100%,AI공과대학,AI건설융합공학과,3,2,0.67
경기,사립,대진대학교,학생부교과(농어촌학생전형-정원외) - 교과100%,보건과학대학,스포츠건강과학과,3,2,0.67
경기,사립,명지대학교(용인),학생부종합(명지인재서류전형),,응용통계학전공,3,2,0.67
경기,사립,명지대학교(용인),학생부종합(명지인재서류전형),,데이터사이언스전공,3,2,0.67
경기,사립,성결대학교,[학생부교과] (정원내) 특성화고교졸업자,IT융합공과대학,ICT공학과,3,2,0.67
경기,사립,성결대학교,[학생부교과] (정원내) 특성화고교졸업자,IT융합공과대학,미디어소프트웨어학과,3,2,0.67
경기,사립,성결대학교,[학생부교과] (정원외) 특성화고교졸업자,IT융합공과대학,산업시스템공학과,3,2,0.67
경기,사립,신한대학교(의정부/동두천),"실적우수자전형2(학생부교과,출결20%+실적80%)",,바둑콘텐츠학과,3,2,0.67
경기,사립,아주대학교,고교추천전형,,수학과,3,2,0.67
경기,사립,아주대학교,고교추천전형,,불어불문학과,3,2,0.67
경기,사립,을지대학교(성남의정부),사회기여 및 배려대상자,,자유전공학부(의정부),3,2,0.67
경기,국립,한경국립대학교,학생부교과(일반전형_안성)_정원내,,AI융합대학,3,2,0.67
경기,국립,한경국립대학교,학생부종합(사회통합_안성)_정원내,,법학과,3,2,0.67
경기,국립,한경국립대학교,학생부종합(사회통합_안성)_정원내,,전자공학과,3,2,0.67
경기,국립,한경국립대학교,학생부교과(특수교육대상자_평택)_정원내,,유아특수보육학과,3,2,0.67
경기,사립,협성대학교,정원내 [학생부교과]미래창의인재,경영대학,금융보험학과,3,2,0.67
경기,사립,협성대학교,정원내 [학생부교과]미래창의인재,경영대학,세무회계학과,3,2,0.67
경기,사립,협성대학교,정원내 [학생부교과]미래창의인재,경영대학,글로벌통상·문화학과,3,2,0.67
경기,사립,협성대학교,정원내 [학생부종합]융합인재Ⅰ(서류),경영대학,호텔관광경영학과,3,2,0.67
경기,사립,협성대학교,정원내 [학생부종합]융합인재Ⅰ(서류),경영대학,유통경영학과,3,2,0.67
경기,사립,협성대학교,정원내 [학생부종합]융합인재Ⅰ(서류),경영대학,글로벌통상·문화학과,3,2,0.67
서울,사립,가톨릭대학교(서울),학생부종합(기회균형Ⅰ전형),,회계학과,3,2,0.67
서울,사립,건국대학교(서울),학생부교과(KU지역균형),공과대학,생물공학과,3,2,0.67
서울,사립,경기대학교(서울),학생부교과(교과성적우수자전형),,관광문화콘텐츠학과,3,2,0.67
서울,사립,경기대학교(서울),학생부교과(기초생활수급자등선발전형),,"AI컴퓨터공학부 / 컴퓨터공학전공, 인공지능전공, SW안전보안전공, 모빌리티SW전공",3,2,0.67
서울,사립,경희대학교(서울),국제캠퍼스 학생부교과(지역균형전형),인문계열,스페인어학과,3,2,0.67
서울,사립,경희대학교(서울),국제캠퍼스 학생부교과(지역균형전형),인문계열,러시아어학과,3,2,0.67
서울,사립,경희대학교(서울),국제캠퍼스 학생부교과(지역균형전형),인문계열,한국어학과,3,2,0.67
서울,사립,동덕여자대학교,학생부교과우수자 특별전형,예술대학,큐레이터학전공,3,2,0.67
서울,사립,명지대학교(서울),학생부종합(명지인재서류전형),,응용통계학전공,3,2,0.67
서울,사립,명지대학교(서울),학생부종합(명지인재서류전형),,데이터사이언스전공,3,2,0.67
서울,국립,서울과학기술대학교,고교추천전형,기술경영융합대학,경영학과(글로벌테크노경영전공)_자연,3,2,0.67
서울,사립,성공회대학교,특성화고교졸업자(정원외),,소프트웨어융합학부,3,2,0.67
서울,사립,세종대학교,실기/실적(예체능특기자 전형),예체능,체육학과-리듬체조(여),3,2,0.67
서울,사립,이화여자대학교,학생부종합(고른기회전형),자연과학대학,수학과,3,2,0.67
서울,사립,이화여자대학교,학생부종합(고른기회전형),인공지능대학,사이버보안학과,3,2,0.67
서울,사립,이화여자대학교,실기/실적(예체능실기전형),음악대학,타악기,3,2,0.67
서울,사립,총신대학교,정원내 실기우수자,예능계열,교회음악과 작곡,3,2,0.67
서울,사립,홍익대학교(서울),농어촌학생전형,공과대학,신소재·화공시스템공학부,3,2,0.67
인천,사립,가천대학교(인천),농어촌(교과) 전형,자연계열,금융·빅데이터학부,3,2,0.67
인천,사립,가천대학교(인천),농어촌(교과) 전형,자연계열,컴퓨터공학과,3,2,0.67
인천,국립,인천대학교,학생부교과(지역균형),글로벌정경대학,정치외교학과,3,2,0.67
인천,사립,인하대학교,학생부종합 농어촌학생,경영대학,국제통상학과,3,2,0.67
인천,사립,인하대학교,학생부종합 농어촌학생,사회과학대학,경제학과,3,2,0.67
대전,국립,국립한밭대학교,지역인재(교과)전형,,인공지능소프트웨어학과,3,2,0.67
대전,국립,국립한밭대학교,지역인재(교과)전형,,지능미디어공학과,3,2,0.67
대전,국립,국립한밭대학교,지역인재(종합)전형,,인공지능소프트웨어학과,3,2,0.67
대전,사립,대전대학교,지역인재Ⅰ전형 [교과/출석 100%],사회과학대학,중등특수교육과 [사범],3,2,0.67
대전,사립,목원대학교,"지역인재전형 경쟁률 현황 교과100 [면접없음, 수능최저없음]",보건안전대학,화장품학과,3,2,0.67
대전,사립,우송대학교,정원내 학생부 교과 - 지역인재 전형 (교과100% / 12과목 반영),철도대학,철도건설시스템학부 / 글로벌철도학과,3,2,0.67
대전,사립,우송대학교,정원내 학생부 교과 - 지역인재 전형 (교과100% / 12과목 반영),철도대학,건축공학전공,3,2,0.67
대전,사립,우송대학교,정원내 학생부 교과 - 지역인재 전형 (교과100% / 12과목 반영),외식조리대학,호텔관광학부 / 호텔관광경영전공,3,2,0.67
대전,사립,우송대학교,정원내 학생부 교과 - 지역인재 전형 (교과100% / 12과목 반영),보건복지대학,응급구조학과,3,2,0.67
대전,사립,우송대학교,정원내 학생부 교과 - 지역인재 전형 (교과100% / 12과목 반영),보건복지대학,재활학부 / 스포츠건강재활학과,3,2,0.67
대전,사립,우송대학교,정원내 학생부 교과 - 자기추천 전형 (교과100% / 12과목 반영),철도대학,철도건설시스템학부 / 철도건설시스템전공,3,2,0.67
대전,사립,우송대학교,정원내 학생부 교과 - 자기추천 전형 (교과100% / 12과목 반영),철도대학,철도시스템학부 / 철도전기시스템전공,3,2,0.67
대전,사립,우송대학교,정원내 학생부 교과 - 자기추천 전형 (교과100% / 12과목 반영),보건복지대학,보건의료경영학과,3,2,0.67
대전,사립,을지대학교(대전),사회기여 및 배려대상자,,자유전공학부(의정부),3,2,0.67
대전,국립,충남대학교,일반전형,창의융합대학,인문사회융합학부 지식융합학부자율전공,3,2,0.67
대전,국립,충남대학교,지역인재전형,농업생명과학대학,원예학과,3,2,0.67
대전,국립,충남대학교,학생부종합 면접전형,농업생명과학대학,환경소재공학과,3,2,0.67
대전,국립,충남대학교,학생부종합 면접전형,농업생명과학대학,지역환경토목학과,3,2,0.67
대전,국립,충남대학교,만학도전형(종합),인문대학,영어영문학과,3,2,0.67
대전,국립,충남대학교,만학도전형(종합),인문대학,중어중문학과*,3,2,0.67
충남,국립,국립공주대학교,학생부종합전형  성인학습자전형Ⅰ(정원내),산업과학대학,식물자원학과(성인학습자전담과정),3,2,0.67
충남,국립,국립공주대학교,학생부교과전형  지역인재전형(정원내),천안공과대학,지능형모빌리티공학과,3,2,0.67
충남,사립,단국대학교(천안),[학생부종합] 기회균형선발 경쟁률 현황 (죽전),,인프라건설공학과,3,2,0.67
충남,사립,단국대학교(천안),[학생부종합] 기회균형선발 경쟁률 현황 (죽전),,화학공학과,3,2,0.67
충남,사립,단국대학교(천안),[학생부교과] 지역균형선발 경쟁률 현황 (죽전),,상담학과,3,2,0.67
충남,사립,단국대학교(천안),[학생부교과] 지역균형선발 경쟁률 현황 (죽전),,AI건축융합학과,3,2,0.67
충남,사립,단국대학교(천안),[학생부종합] 사회적배려대상자 경쟁률 현황 (천안),,의생명과학부(생명과학전공),3,2,0.67
충남,사립,백석대학교,정원내 모집 학생부 교과 지역인재(일반),,보건학부 안경광학과,3,2,0.67
충남,사립,백석대학교,정원외 모집 학생부 교과 농어촌학생 일반전형,,문화예술학부 글로벌뷰티아트,3,2,0.67
충남,사립,상명대학교(천안),정원내 학생부종합(기회균형전형),,휴먼지능로봇공학과,3,2,0.67
충남,사립,순천향대학교,[정원내] 학생부교과(충청형지역인재전형),인문사회과학대학,영미학과,3,2,0.67
충남,사립,한국기술교육대학교,농어촌학생[정원외],,데이터경영전공,3,2,0.67
충남,사립,한국기술교육대학교,충남형 계약학과 (조기 취업형),,반도체·디스플레이공학과 / (주)뉴앤뉴,3,2,0.67
충남,사립,한국기술교육대학교,충남형 계약학과 (조기 취업형),,(주)바론,3,2,0.67
충남,사립,호서대학교,- 정원내 학생부교과 기회균형전형,,글로벌통상학과,3,2,0.67
충남,사립,호서대학교,- 정원외 학생부교과 조기취업형 계약학과,,(주)쎌텍,3,2,0.67
충남,사립,호서대학교,- 정원외 학생부교과 조기취업형 계약학과,,(주)코엠에스,3,2,0.67
충북,사립,건국대학교(글로컬),[학생부교과] 지역인재,인문사회융합대학,경영학과,3,2,0.67
충북,사립,건국대학교(글로컬),[학생부교과] 지역인재,인문사회융합대학,경제통상학과,3,2,0.67
충북,사립,건국대학교(글로컬),[학생부교과] 지역인재,과학기술대학,컴퓨터공학과,3,2,0.67
충북,사립,건국대학교(글로컬),[학생부교과] 지역인재,과학기술대학,바이오메디컬공학과,3,2,0.67
충북,사립,건국대학교(글로컬),[학생부교과] 사회통합,인문사회융합대학,경영학과,3,2,0.67
충북,사립,세명대학교,지역인재(일반)전형(정원내),인문사회,사회복지학과,3,2,0.67
충북,사립,세명대학교,지역인재(일반)전형(정원내),자연과학,AI컴퓨터학부 [인공지능소프트웨어/컴퓨터시스템],3,2,0.67
충북,사립,세명대학교,특성화고교인재전형(정원내),자연과학,동물보건학과,3,2,0.67
충북,사립,세명대학교,특성화고교인재전형(정원내),자연과학,반려동물산업학과,3,2,0.67
충북,사립,세명대학교,면접우수자전형(정원내),인문사회,사회복지학과,3,2,0.67
충북,사립,청주대학교,"정원내 교과면접전형 경쟁률 현황 ※ 면접전형 : 교과70%+ 면접30% 단, 항공서비스학과 만 교과60%+ 면접40% 생활기록부 미반영 면접",인문사회대학,"법학과 / 60년의 설립 역사! 졸업생 다수 전국의 법무법인 취업 및 근무, 변호사 배출, 공기업 취업 유리 학과",3,2,0.67
충북,사립,청주대학교,"정원내 교과면접전형 경쟁률 현황 ※ 면접전형 : 교과70%+ 면접30% 단, 항공서비스학과 만 교과60%+ 면접40% 생활기록부 미반영 면접",AI·SW융합대학,"디지털보안학과 / SW중심대학사업 8년간 150억, 산업보안·사이버보안 인재양성사업 주관(2026년 1.75억), 전국 SW개발보안 경진대회 대상·최우수상 수상",3,2,0.67
충북,사립,청주대학교,정원내 지역인재전형 [교과100%],공과대학,"조경학과 / 전국 조경학과 최초 AI 특성화 교육, AI TRIPLE TRACK(이론·실습·프로젝트)으로 AI 조경 전문가 양성",3,2,0.67
충북,사립,청주대학교,정원내 지역인재전형 [교과100%],공과대학,"에너지융합공학과 / 전국 공학계열 평균취업률 70.4%, 에너지기업·연구소·공공기관 취업률 85%! 국내 유일 전고체전지·파우치셀 조립공조라인을 갖춘 태양광·이차전지·수소에너지 실무형 인재 양성",3,2,0.67
충북,국립,충북대학교,학생부교과(지역인재전형),사범대학,지구과학교육과,3,2,0.67
대전,사립,목원대학교,"교과전형 경쟁률 현황 교과100 [면접없음, 수능최저없음]",AISW융합대학,"컴퓨터융합학부 [SW] (컴퓨터공학전공, AI실감콘텐츠전공, 사이버보안전공)",65,44,0.68
경기,사립,가천대학교(성남),학생부우수자 전형,자연계열,화공생명배터리공학부,25,17,0.68
서울,사립,삼육대학교,재림교회목회자추천전형,,미래융합자유전공학부,25,17,0.68
인천,사립,가천대학교(인천),학생부우수자 전형,자연계열,화공생명배터리공학부,25,17,0.68
대전,사립,배재대학교,정원내 실기/실적 예술인재,,디자인학부(커뮤니케이션디자인),25,17,0.68
충북,사립,청주대학교,정원내 일반전형 [교과100%],AI·SW융합대학,"디지털보안학과 / SW중심대학사업 8년간 150억, 산업보안·사이버보안 인재양성사업 주관(2026년 1.75억), 전국 SW개발보안 경진대회 대상·최우수상 수상",22,15,0.68
경기,사립,가천대학교(성남),특성화고졸재직자 전형,자연계열,컴퓨터공학과,90,62,0.69
인천,사립,가천대학교(인천),특성화고졸재직자 전형,자연계열,컴퓨터공학과,90,62,0.69
충남,사립,유원대학교(아산),유원교과,,작업치료학과,49,34,0.69
충북,사립,유원대학교(영동),유원교과,,작업치료학과,49,34,0.69
충북,사립,세명대학교,일반전형(정원내),공학,건축학과,35,24,0.69
충북,사립,청주대학교,정원내 일반전형 [교과100%],경상대학,경영학과 / 60여 년 전통의 동문 네트워크. 최근 3년간 장관상 포함 경진대회·공모전 5건 이상 수상. 데이터·AI 기반 실무교육으로 미래 경영인재 양성,32,22,0.69
대전,국립,충남대학교,지역인재전형,공과대학,기계공학부,16,11,0.69
세종,사립,홍익대학교(세종),교과우수자전형,AID융합과학기술대학,전자전기융합공학과,16,11,0.69
서울,사립,이화여자대학교,실기/실적(예체능실기전형),음악대학,무용과 / 한국무용,13,9,0.69
대전,국립,충남대학교,지역인재전형,공과대학,신소재공학과,13,9,0.69
충북,사립,청주대학교,정원내 일반전형 [교과100%],보건의료과학대학,"바이오의약학과 / 충북 도내 유일의 교육용 GMP 실습실을 보유한 학과, 앵커(RISE) 사업을 통한 장학금 및 최첨단 실습교육 지원",13,9,0.69
충북,국립,충북대학교,학생부교과(지역인재전형),전자정보대학,인공지능학부,13,9,0.69
서울,사립,상명대학교(서울),정원 내 학생부교과(고교추천전형),,인문 / 자유전공(인문계열),56,39,0.7
세종,사립,홍익대학교(세종),교과우수자전형,,세종캠퍼스자율전공(자연·예능),54,38,0.7
충남,사립,나사렛대학교,일반학생전형(학생부교과/실기위주),,재활의료공학과,40,28,0.7
경기,사립,경희대학교(용인),서울캠퍼스 학생부교과[기회균형전형Ⅰ-특성화고 등을 졸업한 재직자(정원외)],인문계열,조리산업학과,33,23,0.7
서울,사립,경희대학교(서울),서울캠퍼스 학생부교과[기회균형전형Ⅰ-특성화고 등을 졸업한 재직자(정원외)],인문계열,조리산업학과,33,23,0.7
서울,사립,세종대학교,학생부교과(지역균형 전형),인공지능융합,AI로봇학과,30,21,0.7
충남,사립,순천향대학교,[정원내] 학생부교과(충청형지역인재전형),AI의료융합혁신교육원,의약바이오스쿨,27,19,0.7
충북,사립,청주대학교,정원내 일반전형 [교과100%],자유전공학부,"자유전공학부 / 원하는 전공을 찾고, 나만의 경쟁력을 키우자! 46개 전공 탐색과 멘토링·소학회·세미나·전문가 특강 등 다양한 비교과 프로그램을 통해 많은 경험을 제공합니다.",23,16,0.7
경기,사립,서울신학대학교,[학생부교과]교과성적전형,,"IT융합학부 / IT융합학부(컴퓨터공학과, AI융합학과)",20,14,0.7
경기,사립,한국공학대학교,학생부종합(조기취업형계약학과),,IT융합디자인공학과,20,14,0.7
충남,사립,호서대학교,- 정원내 실기/실적 실기전형,,디지털프로덕트디자인학과,20,14,0.7
충북,사립,세명대학교,일반전형(정원내),공학,보건안전공학과,20,14,0.7
경기,사립,경희대학교(용인),서울캠퍼스 학생부교과(지역균형전형),인문계열,무역학과,10,7,0.7
경기,사립,단국대학교(죽전),[학생부교과] 학생부교과우수자 경쟁률 현황 (천안),,식품자원경제학과,10,7,0.7
경기,사립,대진대학교,"학생부종합(윈윈대진전형) - 1단계:서류평가100%, 2단계:1단계 성적70% + 면접30%",AI공과대학,전기공학과 [교직],10,7,0.7
경기,사립,성결대학교,[학생부종합] 영암인재,IT융합공과대학,미디어소프트웨어학과,10,7,0.7
경기,사립,수원대학교,교과우수전형,혁신공과대학,건설환경에너지공학부,10,7,0.7
경기,사립,중부대학교(고양),학교생활우수자전형,,글로벌무역학전공 / 글로벌무역학전공,10,7,0.7
경기,사립,한국공학대학교,학생부종합(창의인재),,경영학부 경영학전공,10,7,0.7
서울,사립,경희대학교(서울),서울캠퍼스 학생부교과(지역균형전형),인문계열,무역학과,10,7,0.7
인천,국립,인천대학교,학생부종합(자기추천),사회과학대학,창의인재개발학과,10,7,0.7
대전,국립,국립한밭대학교,만학도전형(야간),,전기시스템공학과(야간),10,5,0.7
대전,사립,목원대학교,"교과전형 경쟁률 현황 교과100 [면접없음, 수능최저없음]",미술·디자인대학,산업디자인학과,10,7,0.7
대전,사립,배재대학교,정원내 학생부교과 일반고교과,,스마트배터리학과,10,7,0.7
충남,사립,단국대학교(천안),[학생부교과] 학생부교과우수자 경쟁률 현황 (천안),,식품자원경제학과,10,7,0.7
충남,사립,순천향대학교,[정원내] 학생부종합(일반학생전형),공과대학,전자공학부(전자공학전공),10,7,0.7
충남,사립,중부대학교(금산),학교생활우수자전형,,글로벌무역학전공 / 글로벌무역학전공,10,7,0.7
충북,사립,중원대학교,실기위주 (체육우수인재(스포츠산업전공)),,스포츠산업학부,10,7,0.7
충북,사립,청주대학교,정원내 교과인재전형 [교과100%],공과대학,"에너지융합공학과 / 전국 공학계열 평균취업률 70.4%, 에너지기업·연구소·공공기관 취업률 85%! 국내 유일 전고체전지·파우치셀 조립공조라인을 갖춘 태양광·이차전지·수소에너지 실무형 인재 양성",10,7,0.7
충북,사립,청주대학교,정원내 미래인재전형 [교과100%],공과대학,"전자공학과 / 국비지원 반도체 부트캠프사업 5년간 150억, RISE사업 5년간 150억 선정, AI기반설계시스템을 활용한 시스템반도체설계 인력양성사업 2년간 13억 선정",10,7,0.7
서울,국립,서울과학기술대학교,고교추천전형,공과대학,기계공학과,38,27,0.71
충북,사립,건국대학교(글로컬),[학생부종합] Cogito자기추천,과학기술대학,바이오메디컬공학과,28,20,0.71
경기,사립,중부대학교(고양),학생부우수자전형,,인공지능전공 / 인공지능전공,24,17,0.71
경기,사립,한국공학대학교,학생부종합(조기취업형계약학과),,스마트그린소재공학과,24,17,0.71
서울,사립,한성대학교,교과우수전형,미래융합사회과학대학,미래융합사회과학대학(야),24,17,0.71
충남,사립,중부대학교(금산),학생부우수자전형,,인공지능전공 / 인공지능전공,24,17,0.71
인천,사립,인하대학교,학생부교과 지역균형,AI융합대학,컴퓨터공학과,17,12,0.71
충남,사립,상명대학교(천안),정원내 학생부교과(학생부교과전형),,AI반도체공학과,14,10,0.71
경기,사립,단국대학교(죽전),[학생부종합] DKU인재(서류형) 경쟁률 현황 (죽전),,인공지능학과,7,5,0.71
경기,사립,단국대학교(죽전),[학생부교과] 지역균형선발 경쟁률 현황 (죽전),,화학공학과,7,5,0.71
경기,사립,대진대학교,학생부교과(학교장추천전형) - 교과100%,AI공과대학,반도체융합공학과 [교직],7,5,0.71
경기,사립,한국외국어대학교(용인),학생부종합전형(서류형),,외국어교육학부(중국어교육전공),7,5,0.71
경기,사립,한양대학교(ERICA),학생부교과(지역균형선발),첨단융합대학,바이오신약융합학부(바이오나노공학전공),7,5,0.71
서울,사립,서울여자대학교,학생부교과(교과우수자전형),사회과학대학,경제학과,7,5,0.71
서울,사립,성신여자대학교,일반학생,,작곡과(작곡전공),7,5,0.71
서울,사립,세종대학교,학생부교과(지역균형 전형),공과,나노신소재공학과,7,5,0.71
서울,사립,숙명여자대학교,[학생부교과] 지역균형선발전형,생활과학대학,아동복지학부,7,5,0.71
서울,사립,한국외국어대학교(서울),학생부종합전형(서류형),,외국어교육학부(중국어교육전공),7,5,0.71
서울,사립,한성대학교,교과우수전형,AI디자인대학,AI패션학부,7,5,0.71
서울,사립,한양대학교(서울),학생부종합(추천형),경영대학,파이낸스경영학과,7,5,0.71
서울,사립,홍익대학교(서울),학교장추천자전형,,경제학부,7,5,0.71
인천,사립,인하대학교,학생부종합 인하미래인재(서류형),사회과학대학,정치외교학과,7,5,0.71
인천,사립,인하대학교,학생부교과 지역균형,문과대학,한국어문학과,7,5,0.71
대전,사립,건양대학교(대전),학생부종합전형,,의공학과,7,5,0.71
대전,사립,대전대학교,지역인재Ⅰ전형 [교과/출석 100%],SW융합대학,컴퓨터공학과 [교직],7,5,0.71
대전,국립,충남대학교,일반전형,자연과학대학,생화학과,7,5,0.71
세종,사립,고려대학교(세종),논술(일반전형),스마트도시학부,스마트도시학부,7,5,0.71
세종,사립,고려대학교(세종),학생부교과(일반전형),과학기술대학,디지털헬스케어공학과,7,5,0.71
세종,사립,고려대학교(세종),학생부교과(일반전형),약학대학,첨단융합신약학과,7,5,0.71
충남,사립,건양대학교(논산),학생부종합전형,,의공학과,7,5,0.71
충남,사립,나사렛대학교,장애학생(학생부종합/실기위주),,"재활스포츠학부(특수체육학전공, 스포츠재활전공, 시니어스포츠전공)",7,5,0.71
충남,사립,단국대학교(천안),[학생부종합] DKU인재(서류형) 경쟁률 현황 (죽전),,인공지능학과,7,5,0.71
충남,사립,단국대학교(천안),[학생부교과] 지역균형선발 경쟁률 현황 (죽전),,화학공학과,7,5,0.71
충남,사립,한국기술교육대학교,일반전형,,에너지신소재화학공학부 / 에너지신소재공학전공,7,5,0.71
충북,국립,충북대학교,학생부종합(학생부종합Ⅰ전형),자연과학대학,미생물학과,7,5,0.71
충북,국립,충북대학교,학생부교과(학생부교과전형),농업생명환경대학,식물의학과,7,5,0.71
충북,국립,충북대학교,학생부교과(지역인재전형),자연과학대학,수학과,7,5,0.71
충북,국립,충북대학교,학생부교과(지역인재전형),자연과학대학,미생물학과,7,5,0.71
충북,국립,충북대학교,학생부교과(지역인재전형),공과대학,건축공학과,7,5,0.71
충북,국립,충북대학교,학생부교과(지역인재전형),공과대학,도시공학과,7,5,0.71
경기,사립,차의과학대학교,학생부종합(CHA학생부종합전형),,글로벌미래인재대학,152,109,0.72
경기,사립,한양대학교(ERICA),학생부종합(특성화고졸재직자(정원외)),경상대학,회계세무학과,67,48,0.72
대전,국립,충남대학교,지역인재전형,AI(인공지능)대학,컴퓨터인공지능학부*,43,31,0.72
대전,사립,건양대학교(대전),일반[교과],,의료IT공학과,39,28,0.72
충남,사립,건양대학교(논산),일반[교과],,의료IT공학과,39,28,0.72
경기,사립,아주대학교,고교추천전형,,프런티어과학학부,18,13,0.72
경기,사립,아주대학교,첨단융합인재전형,,첨단스마트산업공학과,18,13,0.72
서울,국립,서울과학기술대학교,고교추천전형,창의융합대학,지능형반도체공학과,18,13,0.72
대전,국립,충남대학교,일반전형,AI(인공지능)대학,컴퓨터인공지능학부*,52,38,0.73
경기,사립,강남대학교,[정원내]학생부교과(지역균형전형),인문사회계,글로벌문화콘텐츠대학,22,16,0.73
경기,사립,대진대학교,"학생부종합(윈윈대진전형) - 1단계:서류평가100%, 2단계:1단계 성적70% + 면접30%",AI공과대학,컴퓨터공학과 [교직],15,11,0.73
서울,사립,숭실대학교,학생부교과(교과우수자전형-학교장 추천),,컴퓨터학부,15,11,0.73
충남,국립,국립공주대학교,학생부교과전형  일반전형(정원내),천안공과대학,지능형모빌리티공학과,15,11,0.73
경기,사립,한국항공대학교,교과성적우수자 전형,,자유전공학부(공학적성),11,8,0.73
경기,사립,한국항공대학교,교과성적우수자 전형,,자유전공학부,11,8,0.73
서울,사립,동덕여자대학교,논술우수자전형,인문대학,중어중국학전공,11,8,0.73
서울,사립,이화여자대학교,학생부교과(고교추천전형),사회과학대학,경제학과,11,8,0.73
대전,국립,국립한밭대학교,학생부종합전형(야간),,회계세무부동산학과(야간),11,8,0.73
충북,사립,청주대학교,정원내 교과인재전형 [교과100%],AI·SW융합대학,"디지털보안학과 / SW중심대학사업 8년간 150억, 산업보안·사이버보안 인재양성사업 주관(2026년 1.75억), 전국 SW개발보안 경진대회 대상·최우수상 수상",11,8,0.73
충북,사립,세명대학교,지역인재(일반)전형(정원내),자연과학,간호학과 【교직】,34,25,0.74
충북,국립,충북대학교,학생부교과(지역인재전형),경영대학,경영학부,23,17,0.74
충남,사립,유원대학교(아산),유원교과,,미래자동차학과,19,14,0.74
충북,사립,유원대학교(영동),유원교과,,미래자동차학과,19,14,0.74
경기,사립,차의과학대학교,학생부교과(지역균형선발전형),,글로벌미래인재대학,72,54,0.75
충남,사립,호서대학교,- 정원내 학생부교과 학생부전형,,기계공학과,32,24,0.75
경기,사립,차의과학대학교,학생부종합(사회통합전형),,글로벌미래인재대학,28,21,0.75
충남,사립,상명대학교(천안),정원내 학생부교과(학생부교과전형),,간호학과,24,18,0.75
경기,사립,한양대학교(ERICA),학생부교과(지역균형선발),LIONS칼리지,LIONS자율전공학부(인문사회계열),20,15,0.75
서울,국립,서울과학기술대학교,고교추천전형,공과대학,신소재공학과,20,15,0.75
충남,사립,상명대학교(천안),정원내 학생부교과(학생부교과전형),,정보통신공학과,20,15,0.75
경기,사립,강남대학교,[정원내]학생부교과(지역균형전형),공학계,전자반도체공학부,16,12,0.75
경기,사립,명지대학교(용인),학생부종합(명지인재서류전형),,AI응용시스템전공,16,12,0.75
서울,사립,명지대학교(서울),학생부종합(명지인재서류전형),,AI응용시스템전공,16,12,0.75
경기,사립,대진대학교,학생부교과(학교장추천전형) - 교과100%,AI공과대학,스마트모빌리티공학과,12,9,0.75
경기,사립,대진대학교,"학생부종합(윈윈대진전형) - 1단계:서류평가100%, 2단계:1단계 성적70% + 면접30%",인문사회대학,경영학과,12,9,0.75
경기,사립,대진대학교,"학생부종합(윈윈대진전형) - 1단계:서류평가100%, 2단계:1단계 성적70% + 면접30%",인문사회대학,공공인재법학과,12,9,0.75
경기,사립,성결대학교,[학생부종합] 영암인재,IT융합공과대학,ICT공학과,12,9,0.75
경기,사립,안양대학교(안양),학생부교과(아리학생부교과),,도시정보공학과(야간),12,9,0.75
경기,사립,한국공학대학교,학생부교과(지역균형),,신소재공학과,12,9,0.75
경기,사립,한국공학대학교,학생부종합(창의인재),,에너지ㆍ전기공학부 전기공학전공,12,9,0.75
서울,사립,삼육대학교,세움인재전형,,컴퓨터공학부,12,9,0.75
인천,사립,안양대학교(강화),학생부교과(아리학생부교과),,도시정보공학과(야간),12,9,0.75
대전,국립,충남대학교,일반전형,공과대학,에너지공학과,12,9,0.75
충남,사립,호서대학교,- 정원내 학생부종합 호서인재전형,,전기시스템공학과,12,9,0.75
충북,사립,우석대학교(진천),학생부교과_교과면접,휴먼테크 융합대학 (진천),건축학부(진천),12,9,0.75
경기,사립,가천대학교(성남),학생부우수자 전형,자연계열,인공지능시스템학과,8,6,0.75
경기,사립,가톨릭대학교(부천),학생부교과(지역균형전형),,데이터사이언스학과,8,6,0.75
경기,사립,가톨릭대학교(부천),학생부종합(잠재능력우수자서류전형),,바이오로직스공학부,8,6,0.75
경기,사립,명지대학교(용인),학생부교과(교과면접전형),,전기전자공학부 / 전기정보공학전공,8,6,0.75
경기,사립,명지대학교(용인),학생부종합(명지인재서류전형),,화공신소재공학부 / 화학공학전공,8,6,0.75
경기,사립,서울신학대학교,[학생부교과]교과성적전형,,아시아문화콘텐츠학부 / 중국언어문화콘텐츠학과,8,6,0.75
경기,사립,성결대학교,[학생부교과] SKU창의,글로벌경영대학,스마트관광항공학부(항공경영전공),8,6,0.75
경기,사립,안양대학교(안양),학생부교과(아리학생부교과),,데이터사이언스학과,8,6,0.75
경기,국립,한경국립대학교,학생부종합(잠재력우수자_안성)_정원내,,생명자원과학대학,8,6,0.75
경기,사립,한양대학교(ERICA),학생부교과(지역균형선발),첨단융합대학,차세대반도체융합공학부(반도체·디스플레이공학전공),8,6,0.75
서울,사립,가톨릭대학교(서울),학생부교과(지역균형전형),,데이터사이언스학과,8,6,0.75
서울,사립,가톨릭대학교(서울),학생부종합(잠재능력우수자서류전형),,바이오로직스공학부,8,6,0.75
서울,사립,건국대학교(서울),학생부교과(KU지역균형),문과대학,중어중문학과,8,6,0.75
서울,사립,동덕여자대학교,동덕창의리더전형,자연정보과학대학,응용화학전공,8,6,0.75
서울,사립,동덕여자대학교,논술우수자전형,인문대학,문예창작전공,8,6,0.75
서울,사립,명지대학교(서울),학생부교과(교과면접전형),,전기전자공학부 / 전기정보공학전공,8,6,0.75
서울,사립,명지대학교(서울),학생부종합(명지인재서류전형),,화공신소재공학부 / 화학공학전공,8,6,0.75
서울,국립,서울과학기술대학교,기회균형전형(기회균등),공과대학,건설시스템공학과,8,6,0.75
서울,사립,이화여자대학교,학생부교과(고교추천전형),자연과학대학,통계학과,8,6,0.75
인천,사립,가천대학교(인천),학생부우수자 전형,자연계열,인공지능시스템학과,8,6,0.75
인천,사립,안양대학교(강화),학생부교과(아리학생부교과),,데이터사이언스학과,8,6,0.75
대전,국립,국립한밭대학교,지역인재(종합)전형,,도시공학과,8,6,0.75
세종,사립,고려대학교(세종),논술(일반전형),공공정책대학,경제통계학부,8,6,0.75
충남,사립,순천향대학교,[정원내] 학생부교과(교과우수자전형),인문사회과학대학,법·행정학부(법학전공),8,6,0.75
충남,사립,호서대학교,- 정원내 학생부종합 호서인재전형,,반도체공학과,8,6,0.75
충북,사립,청주대학교,정원내 미래인재전형 [교과100%],인문사회대학,"문헌정보학과 (교직) / 공공·학교·대학도서관 등 사서직 39명을 포함하여 89명의 인재 배출(23~25), 학생 1인당 연간 장학금 충북 1위(25), 전공교육과정 우수인증 학과",8,6,0.75
경기,사립,경희대학교(용인),서울캠퍼스 학생부교과(지역균형전형),인문계열,주거환경학과,4,3,0.75
경기,사립,경희대학교(용인),국제캠퍼스 학생부교과(지역균형전형),자연계열,신소재공학과,4,3,0.75
경기,국립,국립한국교통대학교(의왕),평생학습자전형Ⅲ,,건설방재융합공학과(야),4,3,0.75
경기,사립,단국대학교(죽전),[논술위주] 논술우수자 경쟁률 현황 (죽전),,고분자시스템공학부(고분자공학전공),4,3,0.75
경기,사립,대진대학교,학생부교과(학교장추천전형) - 교과100%,보건과학대학,식품영양학과 [교직],4,3,0.75
경기,사립,대진대학교,학생부교과(학교장추천전형) - 교과100%,AI공과대학,데이터경영산업공학과 [교직],4,3,0.75
경기,사립,명지대학교(용인),학생부교과(학교장추천전형),,일어일문학전공,4,3,0.75
경기,사립,명지대학교(용인),학생부교과(학교장추천전형),,스마트모빌리티공학전공,4,3,0.75
경기,사립,을지대학교(성남의정부),EU면접형,,첨단학부,4,3,0.75
경기,국립,한경국립대학교,학생부종합(사회통합_안성)_정원내,,식물생명환경학과,4,3,0.75
경기,사립,한국공학대학교,학생부교과(교과우수자),,기계설계공학부 지능형모빌리티전공,4,3,0.75
경기,사립,한국외국어대학교(용인),학교장추천전형,,이탈리아어과,4,3,0.75
경기,사립,한국외국어대학교(용인),학교장추천전형,,포르투갈어과,4,3,0.75
경기,사립,한국외국어대학교(용인),학교장추천전형,,네덜란드어과,4,3,0.75
경기,사립,한국외국어대학교(용인),학교장추천전형,,그리스·불가리아학과,4,3,0.75
경기,사립,한국외국어대학교(용인),학교장추천전형,,생명공학과,4,3,0.75
경기,사립,한국외국어대학교(용인),학교장추천전형,,화학과,4,3,0.75
경기,사립,한국외국어대학교(용인),학교장추천전형,,글로벌스포츠산업학부,4,3,0.75
경기,사립,한세대학교,실기우수자 - 교과 20% + 실기 80%,,음악전공 아트앤미디어작곡,4,3,0.75
경기,사립,협성대학교,정원내 [학생부교과]미래창의인재,이공대학,의생명화학과,4,3,0.75
경기,사립,협성대학교,정원내 [학생부종합]융합인재Ⅰ(서류),인문사회과학대학,도시행정학과,4,3,0.75
경기,사립,협성대학교,정원내 [학생부종합]융합인재Ⅰ(서류),이공대학,소프트웨어공학과,4,3,0.75
경기,사립,협성대학교,정원내 [실기/실적]실기우수자,예술대학,음악학부 관현악,4,3,0.75
서울,사립,건국대학교(서울),학생부교과(KU지역균형),공과대학,재료공학과,4,3,0.75
서울,사립,경희대학교(서울),서울캠퍼스 학생부교과(지역균형전형),인문계열,주거환경학과,4,3,0.75
서울,사립,경희대학교(서울),국제캠퍼스 학생부교과(지역균형전형),자연계열,신소재공학과,4,3,0.75
서울,사립,광운대학교,학생부교과【지역균형 전형】,,건축공학과,4,3,0.75
서울,사립,광운대학교,학생부교과【지역균형 전형】,,영어영문학과,4,3,0.75
서울,사립,동덕여자대학교,논술우수자전형,예술대학,큐레이터학전공,4,3,0.75
서울,사립,명지대학교(서울),학생부교과(학교장추천전형),,일어일문학전공,4,3,0.75
서울,사립,명지대학교(서울),학생부교과(학교장추천전형),,스마트모빌리티공학전공,4,3,0.75
서울,사립,삼육대학교,재림교회목회자추천전형,,건축학과(5년제),4,3,0.75
서울,국립,서울과학기술대학교,기회균형전형(농어촌학생),조형대학,금속공예디자인학과,4,3,0.75
서울,사립,서울여자대학교,학생부종합(바롬인재서류전형),미래산업융합대학,패션산업학과,4,3,0.75
서울,사립,숙명여자대학교,[학생부교과] 지역균형선발전형,이과대학,수학과,4,3,0.75
서울,사립,숭실대학교,학생부교과(교과우수자전형-학교장 추천),,독어독문학과,4,3,0.75
서울,사립,이화여자대학교,학생부종합(고른기회전형),공과대학,융합전자반도체공학부 지능형반도체공학전공,4,3,0.75
서울,사립,총신대학교,정원내 코람데오인재,-,자율전공학부,4,3,0.75
서울,사립,한국외국어대학교(서울),학교장추천전형,,이탈리아어과,4,3,0.75
서울,사립,한국외국어대학교(서울),학교장추천전형,,포르투갈어과,4,3,0.75
서울,사립,한국외국어대학교(서울),학교장추천전형,,네덜란드어과,4,3,0.75
서울,사립,한국외국어대학교(서울),학교장추천전형,,그리스·불가리아학과,4,3,0.75
서울,사립,한국외국어대학교(서울),학교장추천전형,,생명공학과,4,3,0.75
서울,사립,한국외국어대학교(서울),학교장추천전형,,화학과,4,3,0.75
서울,사립,한국외국어대학교(서울),학교장추천전형,,글로벌스포츠산업학부,4,3,0.75
서울,사립,한성대학교,지역균형전형,미래융합사회과학대학,미래융합사회과학대학,4,3,0.75
서울,사립,홍익대학교(서울),학교장추천자전형,문과대학,불어불문학과,4,3,0.75
인천,국립,인천대학교,학생부교과(교과성적우수자),자연과학대학,수학과,4,3,0.75
인천,국립,인천대학교,학생부교과(교과성적우수자),공과대학,신소재공학과,4,3,0.75
인천,국립,인천대학교,학생부교과(지역균형),인문대학,독어독문학과,4,3,0.75
인천,국립,인천대학교,학생부교과(지역균형),글로벌정경대학,행정학과,4,3,0.75
인천,국립,인천대학교,학생부교과(지역균형),글로벌정경대학,소비자학과,4,3,0.75
인천,국립,인천대학교,학생부교과(지역균형),도시과학대학,도시공학과,4,3,0.75
인천,사립,인하대학교,학생부종합 인하미래인재(서류형),공과대학,조선해양공학과,4,3,0.75
인천,사립,인하대학교,학생부종합 고른기회,공과대학,반도체시스템공학과,4,3,0.75
인천,사립,인하대학교,학생부교과 지역균형,공과대학,화공에너지공학부(이차전지공학전공),4,3,0.75
인천,사립,인하대학교,학생부교과 지역균형,자연과학대학,식품영양학과,4,3,0.75
인천,사립,인하대학교,학생부교과 지역균형,사회과학대학,사회복지학과,4,3,0.75
인천,사립,인하대학교,학생부교과 지역균형,바이오융합대학,첨단바이오의약학과,4,3,0.75
인천,사립,청운대학교(인천),청운인재전형,,무역물류학과,4,3,0.75
대전,사립,건양대학교(대전),농어촌학생전형,,물리치료학과,4,3,0.75
대전,사립,대전대학교,지역인재Ⅰ전형 [교과/출석 100%],사회과학대학,상담학과,4,3,0.75
대전,사립,대전대학교,지역인재Ⅰ전형 [교과/출석 100%],공과대학,건축공학과,4,3,0.75
대전,사립,대전대학교,고른기회전형 [교과/출석 100%],SW융합대학,컴퓨터공학과 [교직],4,3,0.75
대전,사립,우송대학교,정원내 학생부 교과 - 자기추천 전형 (교과100% / 12과목 반영),외식조리대학,"외식,조리경영전공",4,3,0.75
대전,사립,우송대학교,정원내 학생부 교과 - 자기추천 전형 (교과100% / 12과목 반영),보건복지대학,재활학부 / 스포츠건강재활학과,4,3,0.75
대전,사립,을지대학교(대전),EU면접형,,첨단학부,4,3,0.75
대전,국립,충남대학교,지역인재전형,사회과학대학,문헌정보학과*,4,3,0.75
대전,국립,충남대학교,지역인재전형,생활과학대학,소비자학과,4,3,0.75
대전,국립,충남대학교,학생부종합 면접전형,사범대학,기술교육과,4,3,0.75
충남,사립,건양대학교(논산),농어촌학생전형,,물리치료학과,4,3,0.75
충남,사립,단국대학교(천안),[논술위주] 논술우수자 경쟁률 현황 (죽전),,고분자시스템공학부(고분자공학전공),4,3,0.75
충남,사립,백석대학교,정원외 모집 학생부 교과 특성화고교 일반전형,,관광학부 글로벌호텔비즈니스,4,3,0.75
충남,사립,백석대학교,정원외 모집 학생부 교과 기초생활수급자 및 차상위계층,,관광학부 글로벌호텔비즈니스,4,3,0.75
충남,사립,순천향대학교,[정원내] 학생부교과(충청형지역인재전형),공과대학,전자공학부(전자공학전공),4,3,0.75
충남,사립,순천향대학교,[정원내] 학생부교과(충청형지역인재전형),공과대학,전자정보공학과,4,3,0.75
충남,사립,순천향대학교,[정원내] 학생부교과(충청형지역인재전형),AI의료융합혁신교육원,헬스케어서비스스쿨(보건행정경영학전공),4,3,0.75
충남,사립,청운대학교(홍성),청운인재전형,,무역물류학과,4,3,0.75
충남,사립,호서대학교,- 정원내 학생부교과 지역인재전형,,중국학과,4,3,0.75
충북,국립,국립한국교통대학교(충주증평),평생학습자전형Ⅲ,,건설방재융합공학과(야),4,3,0.75
충북,사립,우석대학교(진천),실기(실적)위주_실적우수자,체육대학,생활체육학부(진천) / 야구(남)-투수(우완),4,3,0.75
충북,사립,청주대학교,정원내 미래인재전형 [교과100%],인문사회대학,"영어영문학과 (교직) / 최근 3개년 공인영어 인증 보유율 100% 달성, 한·미 WEST 취업연수 합격자 8명 배출, 유네스코 국제기록유산센터 MOU 체결을 통한 글로벌 역량 강화",4,3,0.75
충북,사립,청주대학교,정원내 지역인재전형 [교과100%],공과대학,"전자공학과 / 국비지원 반도체 부트캠프사업 5년간 150억, RISE사업 5년간 150억 선정, AI기반설계시스템을 활용한 시스템반도체설계 인력양성사업 2년간 13억 선정",4,3,0.75
충북,사립,청주대학교,정원내 지역인재전형 [교과100%],보건의료과학대학,"의료경영학과 / 최근 3년 동일 전공 전국 평균을 뛰어넘는 우수한 취업 경쟁력! 서울성모병원, 암 센터 등 메이저 대학병원 및 보건 의료 공공기관 취업 성과",4,3,0.75
충북,국립,충북대학교,학생부종합(학생부종합Ⅱ전형),인문대학,독일언어문화학과,4,3,0.75
충북,국립,충북대학교,학생부종합(학생부종합Ⅱ전형),농업생명환경대학,특용식물학과,4,3,0.75
충북,국립,충북대학교,학생부교과(지역인재전형),생활과학대학,의류학과,4,3,0.75
서울,사립,서경대학교,교과균형 전형,,미래융합학부2,89,68,0.76
서울,사립,세종대학교,학생부종합(특성화고교졸 재직자 특별전형),호텔관광,조리서비스경영학과,59,45,0.76
충북,사립,극동대학교,정원 내 학생부교과 교과우수자전형,,작업치료학과,25,19,0.76
경기,사립,한국공학대학교,학생부교과(지역균형),,기계공학과,17,13,0.76
인천,사립,청운대학교(인천),일반전형,,AI융합학과,17,13,0.76
충남,사립,상명대학교(천안),정원내 학생부교과(학생부교과전형),,그린스마트시티학과,17,13,0.76
충남,사립,순천향대학교,[정원내] 학생부교과(교과우수자전형),자연과학대학,생명과학과,17,13,0.76
충남,사립,청운대학교(홍성),일반전형,,AI융합학과,17,13,0.76
충북,국립,충북대학교,학생부교과(지역인재전형),공과대학,토목공학부,17,13,0.76
충북,국립,충북대학교,학생부교과(지역인재전형),창의융합대학,바이오헬스학부,17,13,0.76
서울,국립,서울과학기술대학교,기회균형전형(특성화고등을졸업한재직자),미래융합대학,헬스피트니스학과,26,20,0.77
경기,사립,아주대학교,고교추천전형,,첨단바이오융합대학,22,17,0.77
서울,사립,상명대학교(서울),정원 내 학생부교과(고교추천전형),,지능·데이터융합학부 / 휴먼AI공학전공,22,17,0.77
경기,사립,한국공학대학교,학생부종합(창의인재),,반도체공학부 나노반도체공학전공,13,10,0.77
서울,국립,서울과학기술대학교,고교추천전형,에너지바이오대학,식품생명공학과,13,10,0.77
세종,사립,홍익대학교(세종),교과우수자전형,AID융합과학기술대학,바이오화학융합공학과,13,10,0.77
충남,사립,순천향대학교,[정원내] 학생부종합(일반학생전형),공과대학,나노화학공학과,13,10,0.77
대전,사립,건양대학교(대전),일반[교과],,국방산업경영학부,32,25,0.78
충남,사립,건양대학교(논산),일반[교과],,국방산업경영학부,32,25,0.78
서울,국립,서울과학기술대학교,고교추천전형,정보통신대학,전기정보공학과,27,21,0.78
충북,사립,청주대학교,정원내 일반전형 [교과100%],공과대학,"에너지융합공학과 / 전국 공학계열 평균취업률 70.4%, 에너지기업·연구소·공공기관 취업률 85%! 국내 유일 전고체전지·파우치셀 조립공조라인을 갖춘 태양광·이차전지·수소에너지 실무형 인재 양성",18,14,0.78
경기,사립,단국대학교(죽전),[학생부종합] DKU인재(서류형) 경쟁률 현황 (천안),,아시아중동학부(몽골학전공),9,7,0.78
경기,사립,단국대학교(죽전),[학생부종합] DKU인재(서류형) 경쟁률 현황 (천안),,의생명과학부(미생물학전공),9,7,0.78
경기,사립,중부대학교(고양),실기우수자전형,,스포츠건강관리학전공 / 스포츠건강관리학전공,9,7,0.78
경기,사립,한국외국어대학교(용인),학생부종합전형(서류형),,반도체전자공학부(전자공학전공),9,7,0.78
경기,사립,한신대학교,참인재,글로벌융합계열,국제관계학,9,7,0.78
서울,사립,광운대학교,학생부교과【지역균형 전형】,,정보융합학부,9,7,0.78
서울,사립,세종대학교,학생부교과(지역균형 전형),인공지능융합,AI융합전자공학과,9,7,0.78
서울,사립,이화여자대학교,학생부교과(고교추천전형),사범대학,특수교육과,9,7,0.78
서울,사립,한국외국어대학교(서울),학생부종합전형(서류형),,반도체전자공학부(전자공학전공),9,7,0.78
인천,사립,인하대학교,학생부종합 인하미래인재(서류형),사회과학대학,경제학과,9,7,0.78
대전,사립,목원대학교,특기자전형 경쟁률 현황 서류70+교과30(교과+출결) [수능최저없음],보건안전대학,스포츠건강관리학과,9,7,0.78
대전,사립,우송대학교,정원내 학생부 교과 - 교과면접 전형 (교과80%+면접20% / 6과목 반영),보건복지대학,동물관리학부 / 토탈펫케어학과,9,7,0.78
대전,국립,충남대학교,지역인재전형,자연과학대학,물리학과*,9,7,0.78
대전,국립,충남대학교,지역인재전형,공과대학,자율운항시스템공학과,9,7,0.78
세종,사립,고려대학교(세종),논술(일반전형),과학기술대학,환경시스템공학과,9,7,0.78
충남,사립,단국대학교(천안),[학생부종합] DKU인재(서류형) 경쟁률 현황 (천안),,아시아중동학부(몽골학전공),9,7,0.78
충남,사립,단국대학교(천안),[학생부종합] DKU인재(서류형) 경쟁률 현황 (천안),,의생명과학부(미생물학전공),9,7,0.78
충남,사립,중부대학교(금산),실기우수자전형,,스포츠건강관리학전공 / 스포츠건강관리학전공,9,7,0.78
충남,사립,한국기술교육대학교,일반전형,,디자인공학과,9,7,0.78
충북,국립,충북대학교,학생부교과(학생부교과전형),사회과학대학,경제학과,9,7,0.78
인천,국립,인천대학교,학생부교과(지역균형),융합자유전공대학,자유전공학부(자연),38,30,0.79
세종,사립,고려대학교(세종),학생부종합(크림슨인재전형),과학기술대학,전자및정보공학과,33,26,0.79
충북,사립,청주대학교,정원내 일반전형 [교과100%],공과대학,"전자공학과 / 국비지원 반도체 부트캠프사업 5년간 150억, RISE사업 5년간 150억 선정, AI기반설계시스템을 활용한 시스템반도체설계 인력양성사업 2년간 13억 선정",29,23,0.79
서울,국립,한국체육대학교,교과성적우수자,,특수체육교육과,19,15,0.79
대전,국립,충남대학교,일반전형,공과대학,응용화학공학과,19,15,0.79
충남,사립,유원대학교(아산),유원교과,,드론로봇응용학과,19,15,0.79
충북,사립,유원대학교(영동),유원교과,,드론로봇응용학과,19,15,0.79
대전,국립,국립한밭대학교,학생부교과(일반)전형,,모바일융합공학과,14,11,0.79
충남,국립,국립공주대학교,학생부교과전형  일반전형(정원내),자연과학대학,응용수학과,14,11,0.79
충남,사립,순천향대학교,[정원내] 학생부교과(교과우수자전형),글로벌경영대학,관광경영학과,14,11,0.79
충북,국립,한국교원대학교,학생부종합우수자 일반전형,,기술교육과,14,11,0.79
경기,사립,한신대학교,논술,자연,AI·SW학 (소프트웨어/인공지능/데이터사이언스/XR콘텐츠/지능형IoT),50,40,0.8
충남,사립,호서대학교,- 정원내 학생부교과 학생부전형,,정보통신공학과,40,32,0.8
경기,사립,수원대학교,교과우수전형,경영공학대학,경영공학대학,30,24,0.8
서울,사립,덕성여자대학교,덕성인재전형Ⅰ[학생부위주(종합)],,미래인재대학(자유전공학부),30,24,0.8
경기,사립,한양대학교(ERICA),학생부교과(지역균형선발),첨단융합대학,국방지능정보융합공학부(지능형시스템공학전공),20,16,0.8
서울,사립,숭실대학교,학생부교과(교과우수자전형-학교장 추천),,산업·정보시스템공학과,20,16,0.8
대전,사립,배재대학교,정원내 실기/실적 예술인재,,디자인학부(산업디자인),20,16,0.8
충남,사립,유원대학교(아산),유원교과,,문화복지융합학부,20,16,0.8
충북,사립,유원대학교(영동),유원교과,,문화복지융합학부,20,16,0.8
경기,사립,강남대학교,[정원내]학생부교과(지역균형전형),인문사회계,법행정세무학부(야),15,12,0.8
서울,사립,덕성여자대학교,덕성인재전형Ⅱ[학생부위주(종합)],,미래인재대학(데이터사이언스학과),15,12,0.8
대전,사립,목원대학교,"교과전형 경쟁률 현황 교과100 [면접없음, 수능최저없음]",미술·디자인대학,"미술학부(한국화전공, 서양화전공, 아트미디어전공)",15,12,0.8
대전,사립,배재대학교,정원내 학생부교과 일반고교과,,자율전공학부,15,12,0.8
충북,사립,우석대학교(진천),학생부교과_교과,체육대학,체육 자율전공학부(진천) / 생활체육학부 스포츠문화예술학부,15,12,0.8
경기,사립,단국대학교(죽전),[학생부교과] 학생부교과우수자 경쟁률 현황 (천안),,에너지공학과,10,8,0.8
경기,사립,대진대학교,학생부교과(학생부우수자전형) - 교과70% + 면접30%,AI공과대학,스마트모빌리티공학과,10,8,0.8
경기,사립,용인대학교,정원내 체육우수자 특별전형,무도대학,무도학과-검도,10,8,0.8
경기,사립,한세대학교,실기우수자 - 교과 20% + 실기 80%,,음악전공 성악,10,8,0.8
경기,사립,한양대학교(ERICA),학생부종합(서류형),첨단융합대학,차세대반도체융합공학부(반도체·디스플레이공학전공),10,8,0.8
인천,사립,인하대학교,학생부교과 지역균형,사회과학대학,행정학과,10,8,0.8
대전,국립,충남대학교,일반전형,자연과학대학,정보통계학과,10,8,0.8
세종,사립,고려대학교(세종),논술(일반전형),과학기술대학,식품생명공학과,10,8,0.8
세종,사립,홍익대학교(세종),교과우수자전형,,게임학부 게임소프트웨어전공(공학계),10,8,0.8
충남,국립,국립공주대학교,학생부교과전형  일반전형(정원내),사범대학,체육교육과,10,8,0.8
충남,사립,나사렛대학교,창의융합인재(학생부종합-서류형/면접형/실기위주),,"방송시각영상디자인학부(방송미디어전공, 시각영상디자인전공)",10,8,0.8
충남,사립,단국대학교(천안),[학생부교과] 학생부교과우수자 경쟁률 현황 (천안),,에너지공학과,10,8,0.8
충남,사립,백석대학교,정원내 모집 학생부 교과 지역인재(일반),,사범학부 유아교육과,10,8,0.8
충남,사립,백석대학교,정원외 모집 학생부 교과 특성화고교 일반전형,,경상학부,10,8,0.8
충북,사립,청주대학교,정원내 미래인재전형 [교과100%],AI·SW융합대학,"전기제어공학과 / 국비지원사업선정(SW중심대학사업 8년간 150억, 첨단로봇/제조를 위한 요소기술개발 공동연구센터사업 5년간 25억, AI모빌리티 R&BD센터 5년간 5억 등)",10,8,0.8
경기,사립,가톨릭대학교(부천),학생부교과(지역균형전형),,프랑스어문화학과,5,4,0.8
경기,사립,가톨릭대학교(부천),학생부교과(지역균형전형),,사회복지학과,5,4,0.8
경기,사립,가톨릭대학교(부천),학생부교과(지역균형전형),,물리학과,5,4,0.8
경기,사립,가톨릭대학교(부천),학생부교과(지역균형전형),,공간디자인·소비자학과,5,4,0.8
경기,사립,가톨릭대학교(부천),학생부교과(지역균형전형),,에너지환경공학과,5,4,0.8
경기,사립,단국대학교(죽전),[학생부교과] 지역균형선발 경쟁률 현황 (죽전),,융합반도체공학과,5,4,0.8
경기,사립,단국대학교(죽전),[학생부교과] 지역균형선발 경쟁률 현황 (죽전),,고분자시스템공학부(고분자공학전공),5,4,0.8
경기,사립,대진대학교,학생부교과(학생부우수자전형) - 교과70% + 면접30%,AI공과대학,IT기계공학과 [교직],5,4,0.8
경기,사립,대진대학교,학생부교과(고른기회전형) - 교과100%,AI공과대학,컴퓨터공학과 [교직],5,4,0.8
경기,사립,명지대학교(용인),학생부교과(학교장추천전형),,미디어·휴먼라이프대학 / 디지털미디어학부,5,4,0.8
경기,사립,명지대학교(용인),실기/실적(실기우수자전형),,성악(여),5,4,0.8
경기,사립,신한대학교(의정부/동두천),학생부우수자전형(교과100%),,전자공학과,5,4,0.8
경기,사립,안양대학교(안양),학생부교과(아리학생부면접),,이공계열자유전공,5,4,0.8
경기,사립,안양대학교(안양),학생부교과(아리학생부면접),,스마트시티공학과,5,4,0.8
경기,사립,용인대학교,정원내 교과성적우수자 특별전형,문화예술대학,문화콘텐츠학과,5,4,0.8
경기,사립,용인대학교,정원내 교과성적우수자 특별전형,AI바이오융합대학,식품영양학과,5,4,0.8
경기,사립,한국외국어대학교(용인),학교장추천전형,,아프리카학부,5,4,0.8
경기,사립,한국외국어대학교(용인),학생부종합전형(면접형),,국제금융학과,5,4,0.8
경기,사립,한양대학교(ERICA),학생부교과(지역균형선발),소프트웨어융합대학,컴퓨터학부,5,4,0.8
경기,사립,한양대학교(ERICA),학생부종합(서류형),공학대학,에너지바이오학과,5,4,0.8
경기,사립,협성대학교,정원내 [학생부교과]미래창의인재,이공대학,보건관리학과,5,4,0.8
경기,사립,협성대학교,정원내 [학생부종합]융합인재Ⅱ(면접),경영대학,호텔관광경영학과,5,4,0.8
경기,사립,협성대학교,정원내 [학생부종합]융합인재Ⅱ(면접),이공대학,컴퓨터공학과,5,4,0.8
경기,사립,협성대학교,정원내 [학생부종합]융합인재Ⅱ(면접),이공대학,보건관리학과,5,4,0.8
서울,사립,가톨릭대학교(서울),학생부교과(지역균형전형),,프랑스어문화학과,5,4,0.8
서울,사립,가톨릭대학교(서울),학생부교과(지역균형전형),,사회복지학과,5,4,0.8
서울,사립,가톨릭대학교(서울),학생부교과(지역균형전형),,물리학과,5,4,0.8
서울,사립,가톨릭대학교(서울),학생부교과(지역균형전형),,공간디자인·소비자학과,5,4,0.8
서울,사립,가톨릭대학교(서울),학생부교과(지역균형전형),,에너지환경공학과,5,4,0.8
서울,사립,광운대학교,학생부교과【지역균형 전형】,,산업심리학과,5,4,0.8
서울,사립,동덕여자대학교,학생부교과우수자 특별전형,자연정보과학대학,화장품학전공,5,4,0.8
서울,사립,명지대학교(서울),학생부교과(학교장추천전형),,미디어·휴먼라이프대학 / 디지털미디어학부,5,4,0.8
서울,사립,명지대학교(서울),실기/실적(실기우수자전형),,성악(여),5,4,0.8
서울,사립,성신여자대학교,논술우수자,,융합AI반도체공학과,5,4,0.8
서울,사립,세종대학교,학생부종합(세종인재 전형(서류형)),인공지능융합,지능정보융합학과,5,4,0.8
서울,사립,세종대학교,논술(논술우수자 전형),인공지능융합,양자지능정보학과,5,4,0.8
서울,사립,한국외국어대학교(서울),학교장추천전형,,아프리카학부,5,4,0.8
서울,사립,한국외국어대학교(서울),학생부종합전형(면접형),,국제금융학과,5,4,0.8
서울,사립,한양대학교(서울),실기/실적(음악특기자),음악대학,국악과(가야금),5,4,0.8
인천,사립,안양대학교(강화),학생부교과(아리학생부면접),,이공계열자유전공,5,4,0.8
인천,사립,안양대학교(강화),학생부교과(아리학생부면접),,스마트시티공학과,5,4,0.8
인천,국립,인천대학교,학생부교과(지역균형),공과대학,바이오-로봇시스템공학과,5,4,0.8
인천,사립,인하대학교,학생부종합 인하미래인재(서류형),자연과학대학,수학과,5,4,0.8
인천,사립,인하대학교,학생부종합 인하미래인재(서류형),AI융합대학,데이터사이언스학과,5,4,0.8
인천,사립,인하대학교,학생부교과 지역균형,사회과학대학,소비자학과,5,4,0.8
인천,사립,인하대학교,학생부교과 지역균형,문과대학,사학과,5,4,0.8
대전,사립,건양대학교(대전),지역[교과],,특수교육과 [사범],5,4,0.8
대전,국립,국립한밭대학교,지역인재(종합)전형,,모바일융합공학과,5,4,0.8
대전,국립,국립한밭대학교,농어촌학생전형,,신소재공학과,5,4,0.8
대전,사립,대전대학교,"교과면접전형 [1단계:교과/출석 100%, 2단계:교과/출석 60% + 면접 40%]",공과대학,건축공학과,5,4,0.8
대전,사립,대전대학교,지역인재Ⅰ전형 [교과/출석 100%],디자인·아트대학,뷰티디자인학과 [교직],5,4,0.8
대전,사립,배재대학교,정원내 학생부교과 지역인재Ⅰ,,AI소프트웨어공학부(컴퓨터공학),5,4,0.8
대전,사립,배재대학교,정원내 학생부교과 지역인재Ⅰ,,건축학과 [5년제],5,4,0.8
대전,국립,충남대학교,지역인재전형,인문대학,독어독문학과*,5,4,0.8
대전,국립,충남대학교,지역인재전형,자연과학대학,생화학과,5,4,0.8
대전,국립,충남대학교,지역인재전형,생활과학대학,의류학과,5,4,0.8
세종,사립,홍익대학교(세종),농어촌학생전형,상경대학,상경학부,5,4,0.8
충남,사립,건양대학교(논산),지역[교과],,특수교육과 [사범],5,4,0.8
충남,사립,나사렛대학교,지역인재1(학생부교과),,특수교육과,5,4,0.8
충남,사립,단국대학교(천안),[학생부교과] 지역균형선발 경쟁률 현황 (죽전),,융합반도체공학과,5,4,0.8
충남,사립,단국대학교(천안),[학생부교과] 지역균형선발 경쟁률 현황 (죽전),,고분자시스템공학부(고분자공학전공),5,4,0.8
충남,사립,상명대학교(천안),정원내 학생부종합(상명인재전형),,AI모빌리티공학과,5,4,0.8
충남,사립,순천향대학교,[정원내] 학생부교과(충청형지역인재전형),자연과학대학,식품영양학과,5,4,0.8
충남,사립,순천향대학교,[정원내] 학생부교과(충청형지역인재전형),인문사회과학대학,법·행정학부(법학전공),5,4,0.8
충남,사립,순천향대학교,[정원내] 학생부교과(충청형지역인재전형),인문사회과학대학,중국학과,5,4,0.8
충남,사립,호서대학교,- 정원내 학생부교과 지역인재전형,,임상병리학과,5,4,0.8
충남,사립,호서대학교,- 정원내 학생부교과 지역인재전형,,글로벌통상학과,5,4,0.8
충남,사립,호서대학교,- 정원내 학생부종합 호서인재전형,,글로벌통상학과,5,4,0.8
충북,사립,극동대학교,정원 내 학생부교과 기회균형전형(정원 내),,"사회복지학부(사회복지, 재활상담치료, 안경광학, 상담복지)",5,4,0.8
충북,사립,세명대학교,인문계고교전형(정원내),자연과학,바이오코스메틱학과,5,4,0.8
충북,사립,세명대학교,특성화고교인재전형(정원내),인문사회,경영학과,5,4,0.8
충북,사립,우석대학교(진천),학생부교과_교과면접,AI융합대학,정보보안학과(전주),5,4,0.8
충북,사립,중원대학교,학생부교과 (일반전형1),,드론봇군사학과,5,4,0.8
충북,사립,청주대학교,정원내 교과인재전형 [교과100%],보건의료과학대학,"동물보건복지학과 / 수의사 교수진 4명의 현장중심 교육, 15개 교과목·40학점과 동물병원 현장실습 120시간 운영, 동물보건·복지·실험동물 전문인재 양성",5,4,0.8
충북,사립,청주대학교,정원내 미래인재전형 [교과100%],경상대학,호텔외식경영학과 / SSCI Tourism & Hospitality 논문 피인용지수 전국 6위의 검증된 교수진. 현장 연계 실무교육으로 글로벌 호텔·외식산업을 선도할 호스피탈리티 전문 인재 양성,5,4,0.8
충북,사립,청주대학교,"정원내 교과면접전형 경쟁률 현황 ※ 면접전형 : 교과70%+ 면접30% 단, 항공서비스학과 만 교과60%+ 면접40% 생활기록부 미반영 면접",공과대학,"건축학과 (5년제) / 56년 건축교육의 힘, 건축가의 꿈을 현실로! 건축학인증 무결점 최고등급획득·5년제출신 건축사 42명 배출· 25 취업률86.2%(전국평균대비 13.3%높은수준)",5,4,0.8
충북,사립,청주대학교,"정원내 교과면접전형 경쟁률 현황 ※ 면접전형 : 교과70%+ 면접30% 단, 항공서비스학과 만 교과60%+ 면접40% 생활기록부 미반영 면접",AI·SW융합대학,"인공지능소프트웨어학과 / SW중심대학사업 8년간 150억, RISE AI첨단제조 공동연구센터 구축 5년간 37.5억, 4단계 BK21사업 지역대학 연합형 교육연구단 지원 시범사업 참여",5,4,0.8
충북,사립,청주대학교,"정원내 교과면접전형 경쟁률 현황 ※ 면접전형 : 교과70%+ 면접30% 단, 항공서비스학과 만 교과60%+ 면접40% 생활기록부 미반영 면접",항공·국방대학,"무인항공기학과 / UAM·AI드론시대를 준비하는 미래 항공인재 양성학과, 항공우주 부트캠프사업 5년간 70억 선정, 항공방산SW전문인력양성사업 선정, 자격증 90% 취득, 취업률 100%(24)",5,4,0.8
충북,국립,충북대학교,학생부종합(sw우수인재전형),전자정보대학,인공지능학부,5,4,0.8
충북,국립,충북대학교,학생부교과(학생부교과전형),공과대학,화학공학과,5,4,0.8
충북,국립,충북대학교,학생부교과(지역인재전형),인문대학,사학과,5,4,0.8
충북,국립,충북대학교,학생부교과(지역인재전형),인문대학,고고미술사학과,5,4,0.8
대전,사립,배재대학교,정원내 학생부교과 교과,,스마트배터리학과,32,26,0.81
충남,사립,호서대학교,- 정원내 학생부교과 학생부전형,,전자재료공학과,27,22,0.81
충북,사립,청주대학교,정원내 일반전형 [교과100%],보건의료과학대학,"제약공학과 / NCS직무능력은행제 전국 최초 인증, 앵커(RISE)사업을 통한 장학금 및 첨단실습제공, 인공지능활용 교과 운영",21,17,0.81
경기,사립,강남대학교,[정원내]학생부교과(지역균형전형),공학계,인공지능융합공학부,16,13,0.81
충남,국립,국립공주대학교,학생부교과전형  지역인재전형(정원내),본부,자율전공학부(천안캠퍼스) - 유형Ⅰ,87,71,0.82
경기,사립,명지대학교(용인),학생부교과(학교장추천전형),,아너칼리지(전공자유대학) / 자율전공학부(인문),65,53,0.82
서울,사립,명지대학교(서울),학생부교과(학교장추천전형),,아너칼리지(전공자유대학) / 자율전공학부(인문),65,53,0.82
경기,사립,경동대학교(양주),일반학생,,소프트웨어융합보안학과,39,32,0.82
대전,국립,국립한밭대학교,학생부종합(학·석사)전형,,창의융합학과,28,23,0.82
대전,국립,충남대학교,일반전형,자연과학대학,수학과,22,18,0.82
경기,사립,한양대학교(ERICA),학생부종합(서류형),경상대학,경제학부,11,9,0.82
서울,사립,동덕여자대학교,논술우수자전형,문화지식융합대학,글로벌MICE융합전공,11,9,0.82
서울,사립,서울한영대학교,일반전형,,신학과,11,9,0.82
충남,사립,순천향대학교,[정원내] 학생부교과(교과우수자전형),공과대학,나노화학공학과,11,9,0.82
충북,국립,충북대학교,학생부교과(학생부교과전형),전자정보대학,전자공학과,11,9,0.82
경기,사립,한신대학교,참인재,AI·SW계열,AI·SW학 (소프트웨어/인공지능/데이터사이언스/XR콘텐츠/지능형IoT),60,50,0.83
서울,사립,상명대학교(서울),정원 내 학생부교과(고교추천전형),,자연 / 자유전공(이공계열),36,30,0.83
서울,사립,광운대학교,학생부종합【특성화고 등을 졸업한 재직자전형(정원외)】,,게임콘텐츠학과,30,25,0.83
서울,사립,한성대학교,지역균형전형,미래융합사회과학대학,미래융합사회과학대학(야),18,15,0.83
대전,사립,대전대학교,지역인재Ⅰ전형 [교과/출석 100%],보건의료과학대학,간호학과 [교직],18,15,0.83
경기,사립,성결대학교,[학생부교과] SKU창의,IT융합공과대학,산업시스템공학과,12,10,0.83
경기,사립,성균관대학교(수원),실기/실적(예체능 실기우수자),,발레,12,10,0.83
경기,사립,안양대학교(안양),학생부종합(아리학생부종합),,환경에너지공학과,12,10,0.83
경기,사립,한국외국어대학교(용인),학생부종합전형(서류형),,AI융합대학(서울)[통합모집],12,10,0.83
서울,사립,성균관대학교(서울),실기/실적(예체능 실기우수자),,발레,12,10,0.83
서울,사립,연세대학교(서울),학생부교과전형 (추천형),문과대학,영어영문학과,12,10,0.83
서울,사립,한국외국어대학교(서울),학생부종합전형(서류형),,AI융합대학(서울)[통합모집],12,10,0.83
인천,사립,안양대학교(강화),학생부종합(아리학생부종합),,환경에너지공학과,12,10,0.83
충북,국립,충북대학교,학생부종합(학생부종합Ⅰ전형),창의융합대학,자연과학자율전공계열,12,10,0.83
경기,사립,가천대학교(성남),학생부우수자 전형,자연계열,반도체물리학과,6,5,0.83
경기,사립,강남대학교,[정원외]학생부교과(기초차상위전형),공학계,부동산건설학부,6,5,0.83
경기,사립,경기대학교(수원),학생부교과(교과성적우수자전형),,"공공인재학부 / 행정학전공, 정치외교학전공",6,5,0.83
경기,사립,단국대학교(죽전),[학생부교과] 학생부교과우수자 경쟁률 현황 (천안),,아시아중동학부(베트남학전공),6,5,0.83
경기,사립,대진대학교,학생부교과(학생부우수자전형) - 교과70% + 면접30%,보건과학대학,의생명과학과,6,5,0.83
경기,사립,대진대학교,학생부교과(학교장추천전형) - 교과100%,인문사회대학,경영학과,6,5,0.83
경기,사립,성균관대학교(수원),학생부교과(추천인재),,통계학과,6,5,0.83
경기,사립,한국항공대학교,고른기회 전형,,항공·경영대학(이학적성),6,5,0.83
경기,사립,한신대학교,논술,인문,심리·아동학,6,5,0.83
서울,사립,경기대학교(서울),학생부교과(교과성적우수자전형),,"공공인재학부 / 행정학전공, 정치외교학전공",6,5,0.83
서울,사립,광운대학교,학생부교과【지역균형 전형】,,반도체시스템공학부 반도체시스템공학전공,6,5,0.83
서울,사립,상명대학교(서울),정원 내 학생부종합(상명인재전형),,데이터과학전공,6,5,0.83
서울,사립,성균관대학교(서울),학생부교과(추천인재),,통계학과,6,5,0.83
서울,사립,성신여자대학교,지역균형,,경영학과,6,5,0.83
서울,사립,세종대학교,학생부종합(세종인재 전형(면접형)),공과,양자원자력공학과,6,5,0.83
서울,사립,숭실대학교,학생부교과(교과우수자전형-학교장 추천),,화학과,6,5,0.83
서울,사립,장로회신학대학교,정원내 드림(PUTS인재),,자유전공,6,5,0.83
서울,사립,장로회신학대학교,정원내 일반전형,,실용음악(기악-건반),6,2,0.83
서울,사립,한양대학교(서울),학생부교과(추천형),공과대학,미래자동차공학과,6,5,0.83
인천,사립,가천대학교(인천),학생부우수자 전형,자연계열,반도체물리학과,6,5,0.83
인천,사립,인하대학교,학생부종합 고른기회,AI융합대학,컴퓨터공학과,6,5,0.83
대전,사립,대전대학교,지역인재Ⅰ전형 [교과/출석 100%],공과대학,"건설환경안전공학부 (건설환경공학전공, 재난안전공학전공) / 건설환경공학전공 재난안전공학전공",6,5,0.83
대전,국립,충남대학교,일반전형,농업생명과학대학,스마트농업시스템기계공학과*,6,5,0.83
세종,사립,고려대학교(세종),실기/실적(미래인재전형),과학기술대학,인공지능사이버보안학과,6,5,0.83
충남,사립,단국대학교(천안),[학생부교과] 학생부교과우수자 경쟁률 현황 (천안),,아시아중동학부(베트남학전공),6,5,0.83
충남,사립,유원대학교(아산),기초생활수급자 등,,물리치료학과,6,5,0.83
충북,사립,극동대학교,정원 외 학생부교과 농어촌학생전형(정원 외),,항공운항서비스학과,6,5,0.83
충북,사립,유원대학교(영동),기초생활수급자 등,,물리치료학과,6,5,0.83
충북,국립,충북대학교,학생부종합(학생부종합Ⅰ전형),공과대학,환경공학과,6,5,0.83
충북,국립,충북대학교,학생부교과(학생부교과전형),공과대학,환경공학과,6,5,0.83
충북,국립,충북대학교,학생부교과(지역인재전형),농업생명환경대학,원예과학과,6,5,0.83
경기,사립,가천대학교(성남),특성화고졸재직자 전형,인문계열,경영학과,90,76,0.84
인천,사립,가천대학교(인천),특성화고졸재직자 전형,인문계열,경영학과,90,76,0.84
대전,사립,배재대학교,정원내 학생부교과 교과,,IT경영정보학과,32,27,0.84
경기,사립,강남대학교,[정원내]논술위주(논술전형),인문사회계,법행정세무학부,25,21,0.84
대전,국립,충남대학교,일반전형,공과대학,유기재료공학과,19,16,0.84
충남,사립,유원대학교(아산),유원면접,,문화복지융합학부,19,16,0.84
충북,사립,유원대학교(영동),유원면접,,문화복지융합학부,19,16,0.84
대전,사립,대전대학교,교과중점전형 [교과/출석 100%],공과대학,"건설환경안전공학부 (건설환경공학전공, 재난안전공학전공) / 건설환경공학전공 재난안전공학전공",52,44,0.85
대전,국립,충남대학교,지역인재전형,창의융합대학,자율전공융합학부,46,39,0.85
대전,사립,건양대학교(대전),일반[교과],,제약생명공학과,41,35,0.85
충남,사립,건양대학교(논산),일반[교과],,제약생명공학과,41,35,0.85
서울,사립,성공회대학교,학생부종합 열린인재,,미래융합학부,20,17,0.85
서울,사립,총신대학교,정원외 특별전형 특수교육대상자,인문사회계열,신학과,20,3,0.85
인천,사립,인하대학교,학생부교과 지역균형,프런티어창의대학,자유전공융합학부,20,17,0.85
서울,사립,한성대학교,교과우수전형,AI디자인대학,AI패션학부(야),13,11,0.85
인천,사립,인하대학교,학생부종합 인하미래인재(면접형),문과대학,한국어문학과,13,11,0.85
충남,사립,상명대학교(천안),정원내 학생부교과(학생부교과전형),,그린화학공학과,13,11,0.85
충남,사립,상명대학교(천안),정원내 학생부교과(학생부교과전형),,휴먼지능로봇공학과,13,11,0.85
충북,사립,청주대학교,정원내 교과인재전형 [교과100%],AI·SW융합대학,"인공지능소프트웨어학과 / SW중심대학사업 8년간 150억, RISE AI첨단제조 공동연구센터 구축 5년간 37.5억, 4단계 BK21사업 지역대학 연합형 교육연구단 지원 시범사업 참여",13,11,0.85
충북,국립,충북대학교,학생부교과(학생부교과전형),창의융합대학,자연과학자율전공계열,70,60,0.86
경기,사립,한세대학교,교과우수자 - 교과 100%,,첨단융합학부,56,48,0.86
서울,사립,숙명여자대학교,[학생부교과] 지역균형선발전형,순헌칼리지,자유전공학부,29,25,0.86
충남,사립,호서대학교,- 정원내 학생부교과 학생부전형,,영어영문학과,29,25,0.86
경기,사립,칼빈대학교,학생부교과(일반학생전형),인문사회계열,신학과,21,18,0.86
대전,사립,목원대학교,농·어촌학생(실기)전형 경쟁률 현황 실기100 [수능최저없음],미술·디자인대학,"미술학부(한국화전공, 서양화전공, 아트미디어전공)",21,3,0.86
경기,사립,강남대학교,[정원내]학생부교과(지역균형전형),인문사회계,복지융합대학,14,12,0.86
경기,사립,성결대학교,[학생부종합] 영암인재,IT융합공과대학,컴퓨터AI공학과,14,12,0.86
경기,사립,한양대학교(ERICA),학생부교과(지역균형선발),공학대학,배터리소재화학공학과,14,12,0.86
서울,사립,성신여자대학교,자기주도인재,,경제학과,14,12,0.86
충남,사립,호서대학교,- 정원내 학생부교과 지역인재전형,,심리학과,14,12,0.86
충북,사립,건국대학교(글로컬),[학생부종합] Cogito자기추천,과학기술대학,에너지신소재공학과,14,12,0.86
경기,사립,가천대학교(성남),학생부우수자 전형,인문계열,의료산업경영학과,7,6,0.86
경기,사립,가천대학교(성남),학생부우수자 전형,자연계열,식품생명공학과,7,6,0.86
경기,사립,가톨릭대학교(부천),학생부교과(지역균형전형),,국제학부,7,6,0.86
경기,사립,가톨릭대학교(부천),실기우수자전형,,성악(여),7,6,0.86
경기,사립,단국대학교(죽전),[학생부교과] 학생부교과우수자 경쟁률 현황 (천안),,유럽중남미학부(러시아학전공),7,6,0.86
경기,사립,대진대학교,학생부교과(학생부우수자전형) - 교과70% + 면접30%,AI공과대학,AI빅데이터공학과,7,6,0.86
경기,사립,중부대학교(고양),학교생활우수자전형,,경찰경호학전공 / 경찰경호학전공,7,6,0.86
서울,사립,가톨릭대학교(서울),학생부교과(지역균형전형),,국제학부,7,6,0.86
서울,사립,가톨릭대학교(서울),실기우수자전형,,성악(여),7,6,0.86
서울,사립,상명대학교(서울),정원 내 학생부교과(고교추천전형),,생명화학공학부 / 생명공학전공,7,6,0.86
서울,사립,서울여자대학교,학생부종합(바롬인재서류전형),미래산업융합대학,데이터사이언스전공,7,6,0.86
서울,사립,숙명여자대학교,[학생부교과] 지역균형선발전형,이과대학,생명시스템학부,7,6,0.86
서울,사립,한성대학교,지역균형전형,AI디자인대학,AI패션학부(야),7,6,0.86
서울,사립,한양대학교(서울),학생부교과(추천형),인문과학대학,영어영문학과,7,6,0.86
인천,사립,가천대학교(인천),학생부우수자 전형,인문계열,의료산업경영학과,7,6,0.86
인천,사립,가천대학교(인천),학생부우수자 전형,자연계열,식품생명공학과,7,6,0.86
인천,국립,인천대학교,학생부교과(교과성적우수자),자연과학대학,물리학과,7,6,0.86
인천,사립,인하대학교,학생부종합 인하미래인재(서류형),문과대학,문화콘텐츠문화경영학과,7,6,0.86
대전,사립,건양대학교(대전),지역[교과],,글로벌의료뷰티학전공 [교직],7,6,0.86
대전,사립,대전대학교,"교과면접전형 [1단계:교과/출석 100%, 2단계:교과/출석 60% + 면접 40%]",공과대학,"건설환경안전공학부 (건설환경공학전공, 재난안전공학전공) / 건설환경공학전공 재난안전공학전공",7,6,0.86
충남,사립,건양대학교(논산),지역[교과],,글로벌의료뷰티학전공 [교직],7,6,0.86
충남,사립,단국대학교(천안),[학생부교과] 학생부교과우수자 경쟁률 현황 (천안),,유럽중남미학부(러시아학전공),7,6,0.86
충남,사립,중부대학교(금산),학교생활우수자전형,,경찰경호학전공 / 경찰경호학전공,7,6,0.86
충남,사립,호서대학교,- 정원내 학생부종합 호서인재전형,,식품공학과,7,6,0.86
충북,사립,세명대학교,인문계고교전형(정원내),예체능,실내디자인학과,7,6,0.86
충북,사립,청주대학교,정원내 미래인재전형 [교과100%],공과대학,"에너지융합공학과 / 전국 공학계열 평균취업률 70.4%, 에너지기업·연구소·공공기관 취업률 85%! 국내 유일 전고체전지·파우치셀 조립공조라인을 갖춘 태양광·이차전지·수소에너지 실무형 인재 양성",7,6,0.86
충북,사립,청주대학교,정원내 미래인재전형 [교과100%],보건의료과학대학,"바이오의약학과 / 충북 도내 유일의 교육용 GMP 실습실을 보유한 학과, 앵커(RISE) 사업을 통한 장학금 및 최첨단 실습교육 지원",7,6,0.86
충북,국립,충북대학교,학생부교과(학생부교과전형),사회과학대학,정치외교학과,7,6,0.86
충북,국립,충북대학교,학생부교과(지역인재전형),공과대학,화학공학과,7,6,0.86
충남,사립,상명대학교(천안),정원내 학생부교과(학생부교과전형),,글로벌지역학부,69,60,0.87
대전,사립,배재대학교,정원내 학생부교과 교과,,철도건설공학과,30,26,0.87
충북,사립,극동대학교,정원 내 학생부교과 일반학생전형(면접),,"항공운항학과(고정익, 회전익)",30,26,0.87
경기,사립,한국공학대학교,학생부교과(교과우수자),,게임공학과,15,13,0.87
대전,사립,배재대학교,정원내 학생부교과 교과,,자율전공학부,58,51,0.88
충남,국립,국립공주대학교,학생부교과전형  일반전형(정원내),천안공과대학,화학공학부,34,30,0.88
대전,사립,대전대학교,지역인재Ⅰ전형 [교과/출석 100%],혜화리버럴아츠칼리지,"글로벌문화콘텐츠학전공, 국어국문창작학전공, 역사문화학전공, 영미언어문화학전공, 경제학전공, 생명과학전공, PPE(정치·경제·철학)전공, MCS(수학·컴퓨터과학)전공, 학생설계전공",25,22,0.88
대전,사립,배재대학교,정원내 학생부교과 교과,,피지컬AI공학부(드론로봇공학) [신설],25,22,0.88
충북,사립,세명대학교,일반전형(정원내),인문사회,외국어학부 [영미언어문화/중국언어문화/일본언어문화],25,22,0.88
충남,사립,한국기술교육대학교,일반전형,,AI·소프트웨어전공,17,15,0.88
경기,사립,강남대학교,[정원내]학생부종합(학교생활우수자전형2),인문사회계,교육학과,16,14,0.88
경기,사립,단국대학교(죽전),[학생부교과] 학생부교과우수자 경쟁률 현황 (천안),,제약공학과,8,7,0.88
경기,사립,성결대학교,[학생부종합] 영암인재,글로벌경영대학,스마트관광항공학부(항공경영전공),8,7,0.88
경기,사립,한양대학교(ERICA),학생부교과(지역균형선발),공학대학,에너지바이오학과,8,7,0.88
경기,사립,한양대학교(ERICA),학생부종합(서류형),첨단융합대학,바이오신약융합학부(바이오나노공학전공),8,7,0.88
서울,사립,광운대학교,학생부종합【광운참빛인재전형Ⅱ-서류형】,,전자재료공학과,8,7,0.88
서울,사립,광운대학교,학생부교과【지역균형 전형】,,전자융합공학과,8,7,0.88
서울,사립,동덕여자대학교,학생부교과우수자 특별전형,인문대학,일어일본학전공,8,7,0.88
세종,사립,고려대학교(세종),논술(일반전형),공공정책대학,정부행정학부,8,7,0.88
충남,사립,단국대학교(천안),[학생부교과] 학생부교과우수자 경쟁률 현황 (천안),,제약공학과,8,7,0.88
충남,사립,백석대학교,정원내 모집 실기위주 (예·체능계열) 일반실기,,프로페셔널 뮤직,8,7,0.88
충남,사립,백석대학교,정원내 모집 실기위주 (예·체능계열) 체육특기자,,스포츠과학부 / 배드민턴,8,7,0.88
충남,사립,호서대학교,- 정원내 학생부종합 호서인재전형,,기계공학과,8,7,0.88
충북,사립,청주대학교,정원내 교과인재전형 [교과100%],인문사회대학,"국어교육과 (사범) / 25 충북권 국어교육과 장학금 1위(4,692,990), 취업률 2위, 청석학원 중·고 5개교를 협력학교로 교육 현장에 바로 설 국어교사를 양성",8,7,0.88
충북,국립,충북대학교,학생부종합(학생부종합Ⅱ전형),전자정보대학,전자정보자율전공학부,8,7,0.88
충북,국립,충북대학교,학생부교과(학생부교과전형),자연과학대학,정보통계학과,8,7,0.88
충북,국립,충북대학교,학생부교과(지역인재전형),자연과학대학,화학과,8,7,0.88
경기,사립,용인대학교,정원내 자율전공 특별전형,,전 계열 / 무전공학부,100,89,0.89
대전,사립,목원대학교,실기전형 경쟁률 현황 실기100 [수능최저없음],음악대학,"관현악학부(관악전공, 현악전공, 작곡전공)",28,25,0.89
서울,사립,한성대학교,한성인재전형,AI융합대학,AI응용학과,27,24,0.89
경기,사립,명지대학교(용인),학생부종합(명지인재서류전형),,아너칼리지(전공자유대학) / 자율전공학부(자연),19,17,0.89
서울,사립,명지대학교(서울),학생부종합(명지인재서류전형),,아너칼리지(전공자유대학) / 자율전공학부(자연),19,17,0.89
충남,사립,순천향대학교,[정원내] 학생부교과(교과우수자전형),공과대학,전기공학과,18,16,0.89
충북,사립,가톨릭꽃동네대학교,일반학생,,"자율전공학부(사회복지학전공,상담심리학전공)",18,16,0.89
충북,사립,세명대학교,인문계고교전형(정원내),예체능,영화웹툰애니메이션학과,18,16,0.89
충북,사립,청주대학교,정원내 일반전형 [교과100%],인문사회대학,"지적학과 / 1979년 설립 이래 공공분야 인재 1,700여 명 배출, 최근 5년간 지적직 공무원·공기업 연평균 21명 이상 합격, 2025년 지적 국가기술자격 취득률 63%(전국 41%)",18,16,0.89
경기,사립,단국대학교(죽전),[학생부교과] 학생부교과우수자 경쟁률 현황 (천안),,생명공학부(환경원예학전공),9,8,0.89
경기,사립,명지대학교(용인),학생부교과(학교장추천전형),,AI응용시스템전공,9,8,0.89
경기,사립,한국공학대학교,학생부교과(지역균형),,에너지ㆍ전기공학부 전기공학전공,9,8,0.89
경기,사립,한신대학교,참인재,글로벌융합계열,공공인재빅데이터융합학,9,8,0.89
서울,사립,동덕여자대학교,동덕창의리더전형,인문대학,국어국문학전공,9,8,0.89
서울,사립,명지대학교(서울),학생부교과(학교장추천전형),,AI응용시스템전공,9,8,0.89
서울,사립,세종대학교,학생부종합(세종인재 전형(면접형)),인공지능융합,지능정보융합학과,9,8,0.89
인천,사립,인하대학교,학생부교과 지역균형,자연과학대학,물리학과,9,8,0.89
충남,사립,단국대학교(천안),[학생부교과] 학생부교과우수자 경쟁률 현황 (천안),,생명공학부(환경원예학전공),9,8,0.89
충남,사립,한국기술교육대학교,일반전형,,건축공학과,9,8,0.89
충북,국립,충북대학교,학생부종합(학생부종합Ⅰ전형),경영대학,경영정보학과,9,8,0.89
충북,국립,충북대학교,학생부종합(학생부종합Ⅱ전형),전자정보대학,인공지능학부,9,8,0.89
충남,사립,호서대학교,- 정원내 학생부교과 학생부전형,,컴퓨터공학과,67,60,0.9
경기,사립,가톨릭대학교(부천),학생부종합(특성화고 등을 졸업한 재직자전형)(정원 외),,글로벌경영학부 IT파이낸스학과,31,28,0.9
서울,사립,가톨릭대학교(서울),학생부종합(특성화고 등을 졸업한 재직자전형)(정원 외),,글로벌경영학부 IT파이낸스학과,31,28,0.9
경기,사립,한국항공대학교,학교장추천 전형,,공과대학,30,27,0.9
인천,국립,인천대학교,학생부교과(교과성적우수자),공과대학,기계공학과,20,18,0.9
대전,국립,충남대학교,일반전형,자연과학대학,반도체융합학과,20,18,0.9
경기,사립,단국대학교(죽전),[학생부종합] DKU인재(서류형) 경쟁률 현황 (천안),,에너지공학과,10,9,0.9
경기,사립,대진대학교,"학생부종합(윈윈대진전형) - 1단계:서류평가100%, 2단계:1단계 성적70% + 면접30%",인문사회대학,국제통상학과,10,9,0.9
경기,사립,대진대학교,"학생부종합(윈윈대진전형) - 1단계:서류평가100%, 2단계:1단계 성적70% + 면접30%",인문사회대학,문헌정보학과 [교직],10,9,0.9
경기,사립,대진대학교,"학생부종합(윈윈대진전형) - 1단계:서류평가100%, 2단계:1단계 성적70% + 면접30%",보건과학대학,식품영양학과 [교직],10,9,0.9
경기,사립,성균관대학교(수원),학생부교과(추천인재),,컴퓨터교육과,10,9,0.9
경기,사립,수원대학교,실기우수자전형,음악테크놀로지대학,성악과,10,9,0.9
경기,사립,신한대학교(의정부/동두천),논술전형(약술형)(교과10%+논술90%),,전자공학과,10,9,0.9
서울,사립,덕성여자대학교,기회균형전형Ⅰ_사회통합[학생부위주(교과)],,과학기술대학,10,9,0.9
서울,국립,서울과학기술대학교,고교추천전형,에너지바이오대학,정밀화학과,10,9,0.9
서울,사립,서울여자대학교,학생부교과(교과우수자전형),사회과학대학,언론영상학부,10,9,0.9
서울,사립,성균관대학교(서울),학생부교과(추천인재),,컴퓨터교육과,10,9,0.9
서울,사립,숭실대학교,학생부교과(교과우수자전형-학교장 추천),,자유전공학부(인문),10,9,0.9
서울,사립,한성대학교,교과우수전형,미래융합사회과학대학,미래융합사회과학대학,10,9,0.9
대전,국립,국립한밭대학교,학생부종합(일반)전형,,반도체시스템공학과,10,9,0.9
대전,국립,국립한밭대학교,지역인재(종합)전형,,전자공학과,10,9,0.9
대전,국립,충남대학교,일반전형,생명시스템과학대학,생물과학과*,10,9,0.9
충남,사립,나사렛대학교,창의융합인재(학생부종합-서류형/면접형/실기위주),,특수교육과,10,9,0.9
충남,사립,나사렛대학교,창의융합인재(학생부종합-서류형/면접형/실기위주),,중등특수교육과,10,9,0.9
충남,사립,단국대학교(천안),[학생부종합] DKU인재(서류형) 경쟁률 현황 (천안),,에너지공학과,10,9,0.9
충남,사립,순천향대학교,[정원내] 학생부종합(일반학생전형),글로벌경영대학,경제금융학과,10,9,0.9
충남,사립,호서대학교,- 정원내 학생부교과 지역인재전형,,에너지환경화학공학과,10,9,0.9
충남,사립,호서대학교,- 정원내 학생부교과 지역인재전형,,"건축토목공학부(건축공학트랙, 토목공학트랙)",10,9,0.9
충북,사립,세명대학교,인문계고교전형(정원내),자연과학,AI컴퓨터학부 [인공지능소프트웨어/컴퓨터시스템],10,9,0.9
세종,사립,홍익대학교(세종),교과우수자전형,,세종캠퍼스자율전공(인문·예능),54,49,0.91
대전,국립,충남대학교,지역인재전형,경상대학,경영학부,35,32,0.91
대전,사립,배재대학교,정원내 학생부교과 교과,,건축학과 [5년제],33,30,0.91
충북,사립,세명대학교,일반전형(정원내),인문사회,호텔경영학과,23,21,0.91
서울,국립,서울과학기술대학교,고교추천전형,정보통신대학,컴퓨터공학과,22,20,0.91
경기,사립,서울신학대학교,[학생부종합]H+인재전형,,사범학부 / 기독교교육과 [교직],11,10,0.91
인천,국립,인천대학교,학생부교과(지역균형),공과대학,전자공학부,11,10,0.91
충남,사립,나사렛대학교,창의융합인재(학생부종합-서류형/면접형/실기위주),,상담심리학과,11,10,0.91
충북,사립,청주대학교,정원내 교과인재전형 [교과100%],경상대학,경제금융학과 / 최근 3년 유지취업률 88.8% 달성! 4차 산업혁명과 함께하는 글로벌 경제 금융 인재 양성,11,10,0.91
충북,국립,충북대학교,학생부종합(학생부종합Ⅰ전형),전자정보대학,전자정보자율전공학부,11,10,0.91
인천,국립,인천대학교,학생부교과(교과성적우수자),융합자유전공대학,자유전공학부(자연),53,49,0.92
충남,사립,호서대학교,- 정원내 학생부교과 학생부전형,,디지털금융경영학과,37,34,0.92
서울,국립,서울과학기술대학교,기회균형전형(특성화고등을졸업한재직자),미래융합대학,영어과,26,24,0.92
대전,사립,목원대학교,"교과전형 경쟁률 현황 교과100 [면접없음, 수능최저없음]",공과대학,도시공학과,26,24,0.92
대전,국립,국립한밭대학교,학생부교과(일반)전형,,회계세무학과,25,23,0.92
경기,사립,한양대학교(ERICA),학생부교과(지역균형선발),소프트웨어융합대학,인공지능학과,13,12,0.92
경기,사립,화성의과학대학교,(정원내) 학생부 교과우수자 전형,,의료사회복지학과,13,12,0.92
서울,사립,이화여자대학교,실기/실적(예체능실기전형),음악대학,현대무용,13,12,0.92
충남,사립,순천향대학교,[정원내] 학생부종합(일반학생전형),공과대학,전자정보공학과,13,12,0.92
충북,국립,충북대학교,학생부교과(지역인재전형),창의융합대학,인문사회자율전공계열,13,12,0.92
경기,사립,한양대학교(ERICA),학생부교과(지역균형선발),커뮤니케이션&컬처대학,광고홍보학과,12,11,0.92
경기,사립,한양대학교(ERICA),학생부종합(서류형),첨단융합대학,바이오신약융합학부(분자의약전공),12,11,0.92
인천,사립,인하대학교,학생부종합 인하미래인재(면접형),사회과학대학,사회복지학과,12,11,0.92
충남,사립,순천향대학교,[정원내] 학생부교과(교과우수자전형),향설교양대학,자율전공학과,12,11,0.92
충북,사립,청주대학교,정원내 일반전형 [교과100%],공과대학,신소재화학과 / 화학·소재 산업을 주도하는 융합형 전문인재 양성 학과(25 취업률: 63.6%(전국평균 57.5%); 위험물산업기사 포함 국가기술자격증 18명 취득),12,11,0.92
충북,사립,청주대학교,정원내 교과인재전형 [교과100%],보건의료과학대학,"제약공학과 / NCS직무능력은행제 전국 최초 인증, 앵커(RISE)사업을 통한 장학금 및 첨단실습제공, 인공지능활용 교과 운영",12,11,0.92
경기,사립,경동대학교(양주),일반학생,,컴퓨터공학과,61,57,0.93
대전,사립,목원대학교,"교과전형 경쟁률 현황 교과100 [면접없음, 수능최저없음]",신학대학,신학과 [교직],40,37,0.93
경기,사립,중부대학교(고양),학생부우수자전형,,게임소프트웨어전공 / 게임소프트웨어전공,30,28,0.93
충남,사립,중부대학교(금산),학생부우수자전형,,게임소프트웨어전공 / 게임소프트웨어전공,30,28,0.93
경기,사립,을지대학교(성남의정부),논술우수자,,자유전공학부(의정부),29,27,0.93
대전,사립,을지대학교(대전),논술우수자,,자유전공학부(의정부),29,27,0.93
경기,사립,대진대학교,학생부교과(고른기회전형) - 교과100%,AI공과대학,공학자율학부,15,14,0.93
서울,사립,삼육대학교,S/W인재전형,,인공지능융합학부,15,14,0.93
대전,사립,대전대학교,실기위주전형,디자인·아트대학,"공연예술영상콘텐츠학과 (연기트랙, 영상콘텐츠트랙)",15,14,0.93
세종,사립,홍익대학교(세종),교과우수자전형,AID융합과학기술대학,AID융합과학기술대학자율전공,15,14,0.93
충북,사립,중원대학교,학생부교과 (일반전형2),,글로벌항공서비스학과,15,14,0.93
경기,사립,대진대학교,학생부교과(밝은사회전형) - 교과100%,AI공과대학,공학자율학부,14,13,0.93
경기,사립,안양대학교(안양),학생부교과(아리학생부교과),,사회계열자유전공,14,13,0.93
서울,사립,숭실대학교,학생부교과(교과우수자전형-학교장 추천),,글로벌통상학과,14,13,0.93
인천,사립,안양대학교(강화),학생부교과(아리학생부교과),,사회계열자유전공,14,13,0.93
세종,사립,고려대학교(세종),학생부종합(크림슨인재전형),과학기술대학,반도체물리학부,14,13,0.93
충북,국립,충북대학교,학생부종합(학생부종합Ⅱ전형),전자정보대학,정보통신공학부,14,13,0.93
인천,국립,인천대학교,학생부교과(교과성적우수자),인공지능대학,컴퓨터공학부,18,17,0.94
충북,사립,청주대학교,"정원내 교과면접전형 경쟁률 현황 ※ 면접전형 : 교과70%+ 면접30% 단, 항공서비스학과 만 교과60%+ 면접40% 생활기록부 미반영 면접",보건의료과학대학,"작업치료학과 / 2년 연속(24-25) 작업치료사 국가시험 100% 합격! 충북 유일 석·박사 과정 연계, VR·스마트 재활 첨단 실습환경, 국내 BIG5 병원 임상실습",17,16,0.94
서울,사립,동덕여자대학교,실기우수자전형,예술대학,성악전공,16,15,0.94
충북,사립,건국대학교(글로컬),[학생부교과] 교과우수,의료생명대학,식품영양학과,16,15,0.94
충남,사립,백석대학교,정원내 모집 학생부 교과 일반전형,,자유전공학부,153,145,0.95
충남,사립,나사렛대학교,일반학생전형(학생부교과/실기위주),,"재활스포츠학부(특수체육학전공, 스포츠재활전공, 시니어스포츠전공)",65,62,0.95
경기,사립,경동대학교(양주),일반학생,,체육학과,37,35,0.95
경기,사립,수원대학교,실기우수자전형,음악테크놀로지대학,국악과,22,21,0.95
서울,사립,숭실대학교,학생부교과(교과우수자전형-학교장 추천),,AI소프트웨어학부,22,21,0.95
충북,국립,충북대학교,학생부교과(학생부교과전형),창의융합대학,바이오헬스학부,22,21,0.95
경기,사립,화성의과학대학교,(정원내) 학생부 교과우수자 전형,,의료심리학과,21,20,0.95
경기,사립,아주대학교,고교추천전형,,첨단스마트산업공학과,20,19,0.95
서울,사립,덕성여자대학교,덕성인재전형Ⅰ[학생부위주(종합)],,과학기술대학,20,19,0.95
인천,국립,인천대학교,학생부교과(교과성적우수자),글로벌정경대학,Global Trade & Service학부,20,19,0.95
대전,사립,건양대학교(대전),일반[교과],,유무인항공학과,20,19,0.95
충남,사립,건양대학교(논산),일반[교과],,유무인항공학과,20,19,0.95
충남,사립,백석대학교,정원내 모집 학생부 교과 사회기여자 및 배려대상자,,AI컴퓨터공학부,20,19,0.95
충남,사립,백석대학교,정원내 모집 학생부 교과 + 면접 백석인재,,AI컴퓨터공학부,20,19,0.95
충북,사립,우석대학교(진천),학생부교과_교과면접,휴먼테크 융합대학,조리제과제빵학부(전주) [교직],20,19,0.95
서울,사립,홍익대학교(서울),학교장추천자전형,공과대학,신소재·화공시스템공학부,19,18,0.95
인천,국립,인천대학교,학생부교과(교과성적우수자),경영대학,경영학부,19,18,0.95
충북,사립,중원대학교,학생부교과 (일반전형1),,항공운항학과,19,18,0.95
서울,사립,한성대학교,교과우수전형,AI융합대학,상상력인재학부,50,48,0.96
대전,국립,충남대학교,일반전형,창의융합대학,인문사회융합학부 인문대학자율전공,28,27,0.96
충북,사립,건국대학교(글로컬),[학생부교과] 교과우수,과학기술대학,컴퓨터공학과,28,27,0.96
경기,사립,을지대학교(성남의정부),EU서류형,,자연계열학부,27,26,0.96
대전,사립,을지대학교(대전),EU서류형,,자연계열학부,27,26,0.96
충남,사립,나사렛대학교,일반학생전형(학생부교과/실기위주),,아동심리교육학과,24,23,0.96
인천,사립,청운대학교(인천),일반전형,,컴퓨터공학과,31,30,0.97
충남,사립,청운대학교(홍성),일반전형,,컴퓨터공학과,31,30,0.97
경기,사립,대진대학교,학생부교과(학교장추천전형) - 교과100%,상생교양대학,자율전공학부,30,29,0.97
서울,사립,홍익대학교(서울),학교장추천자전형,공과대학,전자·전기공학부,30,29,0.97
대전,사립,건양대학교(대전),일반[교과],,기업소프트웨어학부,30,29,0.97
충남,사립,건양대학교(논산),일반[교과],,기업소프트웨어학부,30,29,0.97
충남,사립,유원대학교(아산),지역인재Ⅰ,,간호학과,30,29,0.97
충북,사립,유원대학교(영동),지역인재Ⅰ,,간호학과,30,29,0.97
경기,사립,경동대학교(양주),일반학생,,건축디자인학과,29,28,0.97
대전,사립,대전대학교,교과중점전형 [교과/출석 100%],SW융합대학,컴퓨터공학과 [교직],56,55,0.98
경기,사립,경기대학교(수원),학생부종합(KGU학생부종합전형),,"AI컴퓨터공학부 / 컴퓨터공학전공, 인공지능전공, SW안전보안전공, 모빌리티SW전공",52,52,1.0
서울,사립,경기대학교(서울),학생부종합(KGU학생부종합전형),,"AI컴퓨터공학부 / 컴퓨터공학전공, 인공지능전공, SW안전보안전공, 모빌리티SW전공",52,52,1.0
대전,사립,우송대학교,정원내 학생부 교과 - 교과중심 전형 (교과100% / 12과목 반영),철도대학,철도건설시스템전공,38,38,1.0
경기,사립,경기대학교(수원),학생부종합(KGU학생부종합전형),,"전자공학부 / 나노·반도체전공, 정보통신시스템전공, 로봇공학전공",36,36,1.0
서울,사립,경기대학교(서울),학생부종합(KGU학생부종합전형),,"전자공학부 / 나노·반도체전공, 정보통신시스템전공, 로봇공학전공",36,36,1.0
충남,사립,나사렛대학교,일반학생전형(학생부교과/실기위주),,금융부동산학과,35,35,1.0
대전,사립,건양대학교(대전),일반[교과],,의료신소재학과,33,33,1.0
충남,사립,건양대학교(논산),일반[교과],,의료신소재학과,33,33,1.0
충북,사립,우석대학교(진천),학생부교과_교과,휴먼테크 융합대학,휴먼테크 자율전공학부(전주) / 경찰행정학과 군사학과 소방방재학과 심리학과 식품영양학과 아동사회복지학부 조리제과제빵학부 조경학과,31,31,1.0
경기,사립,성결대학교,[학생부교과] 미래인재,신학대학,신학과,30,30,1.0
경기,사립,한신대학교,논술,인문,자유전공학부,30,30,1.0
충북,사립,청주대학교,정원내 일반전형 [교과100%],인문사회대학,광고홍보학과 / 광고홍보 캠페인을 내 손으로! AI 시대가 요구하는 기획력과 제작 역량을 완성한다,30,30,1.0
경기,사립,경동대학교(양주),일반학생,,건축공학과,29,29,1.0
충북,사립,건국대학교(글로컬),[학생부종합] Cogito자기추천,인문사회융합대학,경영학과,28,28,1.0
대전,사립,건양대학교(대전),일반[교과],,의료공간디자인학과,25,25,1.0
대전,국립,충남대학교,일반전형,창의융합대학,인문사회융합학부 경상대학자율전공,25,25,1.0
충남,사립,건양대학교(논산),일반[교과],,의료공간디자인학과,25,25,1.0
충남,사립,호서대학교,- 정원내 학생부교과 학생부전형,,식품공학과,24,24,1.0
서울,사립,성공회대학교,학생부종합 열린인재,,경영학부,22,22,1.0
경기,사립,아주대학교,고교추천전형,,기계공학과,20,20,1.0
서울,사립,성신여자대학교,자기주도인재,,수리통계데이터사이언스학부(통계학/빅데이터사이언스),20,20,1.0
서울,사립,한성대학교,지역균형전형,AI융합대학,문학문화콘텐츠학과,20,20,1.0
충북,사립,우석대학교(진천),학생부교과_교과면접,휴먼테크 융합대학,소방방재학과(전주),20,20,1.0
충북,사립,청주대학교,정원내 일반전형 [교과100%],AI·SW융합대학,"인공지능소프트웨어학과 / SW중심대학사업 8년간 150억, RISE AI첨단제조 공동연구센터 구축 5년간 37.5억, 4단계 BK21사업 지역대학 연합형 교육연구단 지원 시범사업 참여",20,20,1.0
경기,사립,서울장신대학교,학생부교과(정원내) 교역자추천자,,신학부 신학과,19,19,1.0
서울,사립,한성대학교,농어촌학생전형,IT공과대학,IT공과대학,19,19,1.0
경기,사립,한양대학교(ERICA),학생부종합(서류형),첨단융합대학,국방지능정보융합공학부(지능형시스템공학전공),17,17,1.0
경기,사립,안양대학교(안양),학생부교과(아리학생부교과),,신학과,16,16,1.0
인천,사립,안양대학교(강화),학생부교과(아리학생부교과),,신학과,16,16,1.0
세종,사립,고려대학교(세종),학생부교과(일반전형),과학기술대학,지능형반도체공학과,16,16,1.0
세종,사립,고려대학교(세종),학생부종합(크림슨인재전형),과학기술대학,생명정보공학과,16,16,1.0
충북,사립,청주대학교,정원내 일반전형 [교과100%],경상대학,경제금융학과 / 최근 3년 유지취업률 88.8% 달성! 4차 산업혁명과 함께하는 글로벌 경제 금융 인재 양성,16,16,1.0
경기,사립,아주대학교,고교추천전형,,AI컴퓨터공학부,15,15,1.0
서울,사립,이화여자대학교,학생부종합(미래인재전형-서류형),신산업융합대학,융합보건학과,15,15,1.0
대전,사립,우송대학교,정원내 학생부 교과 - 교과면접 전형 (교과80%+면접20% / 6과목 반영),보건복지대학,작업치료학과,15,15,1.0
경기,사립,강남대학교,[정원내]학생부교과(지역균형전형),,자유전공학부,14,14,1.0
경기,사립,한양대학교(ERICA),학생부교과(지역균형선발),경상대학,경제학부,14,14,1.0
세종,사립,고려대학교(세종),학생부종합(크림슨인재전형),공공정책대학,빅데이터사이언스학부,14,14,1.0
세종,사립,홍익대학교(세종),논술전형,AID융합과학기술대학,소프트웨어융합학과,14,14,1.0
경기,사립,수원대학교,교과우수전형,혁신공과대학,화학공학·신소재공학부,13,13,1.0
경기,사립,용인대학교,정원내 일반학생 전형,인문사회융합대학,중국학과,13,13,1.0
경기,사립,한양대학교(ERICA),학생부종합(서류형),첨단융합대학,차세대반도체융합공학부(학부 모집),13,13,1.0
서울,사립,한성대학교,한성인재전형,AI융합대학,AI기계로봇공학과,13,13,1.0
충남,사립,호서대학교,- 정원내 학생부종합 호서인재전형,,게임소프트웨어학과,13,13,1.0
충북,사립,중원대학교,실기중심전형,,"AI융합디자인학부(만화애니메이션전공,AI미디어디자인전공)",13,13,1.0
충북,국립,한국교원대학교,학생부종합우수자 일반전형,,컴퓨터교육과,13,13,1.0
경기,사립,단국대학교(죽전),[학생부종합] DKU인재(서류형) 경쟁률 현황 (천안),,공공정책학과(야),12,12,1.0
경기,사립,안양대학교(안양),학생부교과(아리학생부교과),,데이터사이언스학과(야간),12,12,1.0
서울,사립,동덕여자대학교,논술우수자전형,인문대학,영어전공,12,12,1.0
인천,사립,안양대학교(강화),학생부교과(아리학생부교과),,데이터사이언스학과(야간),12,12,1.0
대전,사립,대전대학교,"교과면접전형 [1단계:교과/출석 100%, 2단계:교과/출석 60% + 면접 40%]",사회과학대학,상담학과,12,12,1.0
충남,사립,단국대학교(천안),[학생부종합] DKU인재(서류형) 경쟁률 현황 (천안),,공공정책학과(야),12,12,1.0
충남,사립,백석대학교,정원내 모집 학생부 교과 지역인재(일반),,외식산업학부,12,12,1.0
충북,사립,청주대학교,정원내 일반전형 [교과100%],공과대학,토목공학과 / 57년 전통의 충북K-건설의 요람! 사회기반시설의 안전성과 지속가능성을 높이는 미래 스마트 건설·인프라 인재 양성,12,12,1.0
충북,국립,충북대학교,학생부교과(지역인재전형),경영대학,국제경영학과,12,12,1.0
경기,사립,협성대학교,정원내 [학생부교과]교과성적우수자,이공대학,소프트웨어공학과,11,11,1.0
서울,사립,숙명여자대학교,[실기/실적] 예능창의인재전형,미술대학,산업디자인과,11,11,1.0
서울,사립,홍익대학교(서울),학교장추천자전형,공과대학,산업·데이터공학과,11,11,1.0
인천,국립,인천대학교,학생부종합(자기추천),인문대학,불어불문학과,11,11,1.0
세종,사립,고려대학교(세종),학생부종합(크림슨인재전형),약학대학,첨단융합신약학과,11,11,1.0
세종,사립,홍익대학교(세종),논술전형,AID융합과학기술대학,전자전기융합공학과,11,11,1.0
경기,사립,가천대학교(성남),학생부우수자 전형,자연계열,컴퓨터공학과,10,10,1.0
경기,사립,가톨릭대학교(부천),학생부종합(잠재능력우수자서류전형),,인공지능학과,10,10,1.0
경기,사립,강남대학교,[정원내]학생부교과(지역균형전형),인문사회계,사회복지학부(야),10,10,1.0
경기,사립,대진대학교,학생부교과(학생부우수자전형) - 교과70% + 면접30%,AI공과대학,반도체융합공학과 [교직],10,10,1.0
경기,사립,대진대학교,학생부교과(고른기회전형) - 교과100%,상생교양대학,자율전공학부,10,10,1.0
경기,사립,대진대학교,"학생부종합(윈윈대진전형) - 1단계:서류평가100%, 2단계:1단계 성적70% + 면접30%",인문사회대학,문예콘텐츠창작학과,10,10,1.0
경기,사립,수원대학교,교과논술전형,문화예술융합대학,아트앤엔터테인먼트학부 디지털콘텐츠,10,10,1.0
경기,사립,한국공학대학교,학생부교과(지역균형),,기계설계공학부 기계설계전공,10,10,1.0
경기,사립,한신대학교,논술,인문,경영학,10,10,1.0
경기,사립,협성대학교,정원내 [학생부교과]교과성적우수자,웨슬리대학,신학과,10,10,1.0
서울,사립,가톨릭대학교(서울),학생부종합(잠재능력우수자서류전형),,인공지능학과,10,10,1.0
서울,사립,덕성여자대학교,고교추천전형[학생부위주(교과)],,미래인재대학(가상현실융합학과),10,10,1.0
서울,사립,삼육대학교,S/W인재전형,,컴퓨터공학부,10,10,1.0
서울,사립,한성대학교,지역균형전형,크리에이티브인문예술대학,크리에이티브인문학부,10,10,1.0
인천,사립,가천대학교(인천),학생부우수자 전형,자연계열,컴퓨터공학과,10,10,1.0
대전,국립,국립한밭대학교,학생부종합전형(야간),,전기시스템공학과(야간),10,10,1.0
대전,사립,대전대학교,"교과면접전형 [1단계:교과/출석 100%, 2단계:교과/출석 60% + 면접 40%]",보건의료과학대학,보건의료경영학과,10,10,1.0
대전,사립,배재대학교,정원내 학생부교과 일반고교과,,의류패션학과,10,10,1.0
대전,국립,충남대학교,지역인재전형,자연과학대학,반도체융합학과,10,10,1.0
세종,사립,고려대학교(세종),학생부교과(일반전형),문화스포츠대학,문화창의학부,10,10,1.0
충남,국립,국립공주대학교,학생부교과전형  일반전형(정원내),천안공과대학,도시·교통공학과,10,10,1.0
충남,사립,나사렛대학교,창의융합인재(학생부종합-서류형/면접형/실기위주),,언어치료학과,10,10,1.0
충남,사립,백석대학교,정원내 모집 학생부 교과 사회기여자 및 배려대상자,,경상학부,10,10,1.0
충남,사립,백석대학교,정원내 모집 학생부 교과 + 면접 백석인재,,사범학부 특수교육과,10,10,1.0
충남,사립,백석대학교,정원외 모집 학생부 교과 특성화고교 일반전형,,외식산업학부,10,10,1.0
충남,사립,백석대학교,정원외 모집 학생부 교과 기초생활수급자 및 차상위계층,,기독교학부,10,10,1.0
충남,사립,순천향대학교,[정원내] 학생부교과(교과우수자전형),인문사회과학대학,중국학과,10,10,1.0
충남,사립,유원대학교(아산),기초생활수급자 등,,간호학과,10,10,1.0
충북,사립,세명대학교,인문계고교전형(정원내),인문사회,호텔경영학과,10,10,1.0
충북,사립,유원대학교(영동),기초생활수급자 등,,간호학과,10,10,1.0
충북,사립,중원대학교,학생부교과 (일반전형2),,뷰티메디컬학과,10,10,1.0
충북,사립,청주대학교,정원내 교과인재전형 [교과100%],인문사회대학,광고홍보학과 / 광고홍보 캠페인을 내 손으로! AI 시대가 요구하는 기획력과 제작 역량을 완성한다,10,10,1.0
충북,사립,청주대학교,정원내 군사학과전형(육군 협약대학),항공·국방대학,군사학과(여),10,10,1.0
경기,사립,가톨릭대학교(부천),학생부종합(잠재능력우수자면접전형),,회계학과,9,9,1.0
경기,사립,경기대학교(수원),학생부교과(학교장추천전형),,무역학과,9,9,1.0
경기,사립,단국대학교(죽전),[학생부종합] DKU인재(서류형) 경쟁률 현황 (천안),,제약공학과,9,9,1.0
경기,사립,단국대학교(죽전),[학생부종합] DKU인재(서류형) 경쟁률 현황 (천안),,의생명과학부(의생명시스템학전공),9,9,1.0
경기,사립,안양대학교(안양),학생부교과(아리학생부교과),,러시아언어문화학과,9,9,1.0
경기,사립,안양대학교(안양),학생부종합(아리학생부종합),,데이터사이언스학과,9,9,1.0
경기,사립,한국공학대학교,학생부교과(교과우수자),,전자공학부 임베디드시스템전공,9,9,1.0
경기,사립,한국공학대학교,학생부교과(교과우수자),,기계설계공학부 기계설계전공,9,9,1.0
경기,사립,한국외국어대학교(용인),학생부종합전형(서류형),,생명공학과,9,9,1.0
서울,사립,가톨릭대학교(서울),학생부종합(잠재능력우수자면접전형),,회계학과,9,9,1.0
서울,사립,경기대학교(서울),학생부교과(학교장추천전형),,무역학과,9,9,1.0
서울,사립,동덕여자대학교,학생부교과우수자 특별전형,사회과학대학,아동학전공,9,9,1.0
서울,사립,동덕여자대학교,학생부교과우수자 특별전형,자연정보과학대학,정보통계학전공,9,9,1.0
서울,사립,이화여자대학교,학생부교과(고교추천전형),공과대학,식품생명공학과,9,9,1.0
서울,사립,한국외국어대학교(서울),학생부종합전형(서류형),,생명공학과,9,9,1.0
인천,사립,안양대학교(강화),학생부교과(아리학생부교과),,러시아언어문화학과,9,9,1.0
인천,사립,안양대학교(강화),학생부종합(아리학생부종합),,데이터사이언스학과,9,9,1.0
대전,국립,충남대학교,일반전형,자연과학대학,지질환경과학과*,9,9,1.0
충남,사립,단국대학교(천안),[학생부종합] DKU인재(서류형) 경쟁률 현황 (천안),,제약공학과,9,9,1.0
충남,사립,단국대학교(천안),[학생부종합] DKU인재(서류형) 경쟁률 현황 (천안),,의생명과학부(의생명시스템학전공),9,9,1.0
충남,사립,순천향대학교,[정원내] 학생부교과(교과우수자전형),자연과학대학,화학과,9,9,1.0
경기,사립,가톨릭대학교(부천),학생부종합(잠재능력우수자서류전형),,바이오메디컬화학공학과,8,8,1.0
경기,사립,서울신학대학교,[실적/실기위주]전문연주자전형,,교회음악과(피아노),8,8,1.0
경기,사립,한신대학교,참인재,신학·인문융합계열,미디어융합기독교교육,8,8,1.0
경기,사립,한양대학교(ERICA),학생부교과(지역균형선발),공학대학,건축학부(건축학전공),8,8,1.0
경기,사립,한양대학교(ERICA),학생부교과(지역균형선발),공학대학,교통·물류공학과,8,8,1.0
경기,사립,한양대학교(ERICA),학생부교과(지역균형선발),공학대학,로봇공학과,8,8,1.0
경기,사립,협성대학교,정원내 [학생부교과]교과성적우수자,경영대학,세무회계학과,8,8,1.0
경기,사립,협성대학교,정원내 [학생부교과]교과성적우수자,경영대학,유통경영학과,8,8,1.0
서울,사립,가톨릭대학교(서울),학생부종합(잠재능력우수자서류전형),,바이오메디컬화학공학과,8,8,1.0
서울,사립,이화여자대학교,학생부교과(고교추천전형),인문과학대학,중어중문학과,8,8,1.0
서울,사립,이화여자대학교,학생부교과(고교추천전형),공과대학,기후에너지시스템공학과,8,8,1.0
서울,사립,장로회신학대학교,정원내 일반전형,,피아노,8,8,1.0
서울,사립,홍익대학교(서울),학교장추천자전형,공과대학,건설환경공학과,8,8,1.0
인천,국립,인천대학교,학생부교과(지역균형),공과대학,산업경영공학과,8,8,1.0
인천,사립,인하대학교,학생부교과 지역균형,사회과학대학,정치외교학과,8,8,1.0
대전,사립,대전대학교,"교과면접전형 [1단계:교과/출석 100%, 2단계:교과/출석 60% + 면접 40%]",디자인·아트대학,건축학과(4년제),8,8,1.0
대전,사립,우송대학교,정원내 학생부 교과 - 교과면접 전형 (교과80%+면접20% / 6과목 반영),외식조리대학,"글로벌외식,조리경영전공",8,8,1.0
대전,국립,충남대학교,지역인재전형,사회과학대학,행정학부,8,8,1.0
충남,사립,순천향대학교,[정원내] 학생부교과(충청형지역인재전형),인문사회과학대학,미디어커뮤니케이션학과,8,8,1.0
충남,사립,한국기술교육대학교,지역인재,,AI·소프트웨어전공,8,8,1.0
충북,사립,청주대학교,정원내 교과인재전형 [교과100%],공과대학,"조경학과 / 전국 조경학과 최초 AI 특성화 교육, AI TRIPLE TRACK(이론·실습·프로젝트)으로 AI 조경 전문가 양성",8,8,1.0
충북,사립,청주대학교,정원내 지역인재전형 [교과100%],자유전공학부,"자유전공학부 / 원하는 전공을 찾고, 나만의 경쟁력을 키우자! 46개 전공 탐색과 멘토링·소학회·세미나·전문가 특강 등 다양한 비교과 프로그램을 통해 많은 경험을 제공합니다.",8,8,1.0
경기,사립,강남대학교,[정원내]논술위주(논술전형),인문사회계,교육학과,7,7,1.0
경기,사립,대진대학교,학생부교과(학교장추천전형) - 교과100%,AI공과대학,전기공학과 [교직],7,7,1.0
경기,사립,대진대학교,학생부교과(학교장추천전형) - 교과100%,AI공과대학,스마트시티·환경공학과,7,7,1.0
경기,사립,성결대학교,[학생부종합] 영암인재,인문사회융합대학,한국어문화학과,7,7,1.0
경기,사립,용인대학교,정원내 체육우수자 특별전형,무도대학,무도학과-씨름,7,7,1.0
경기,국립,한경국립대학교,학생부종합(잠재력우수자_안성)_정원내,,화학공학과,7,7,1.0
경기,사립,한신대학교,참인재,글로벌융합계열,동아시아통상학,7,7,1.0
서울,사립,광운대학교,학생부교과【지역균형 전형】,,동북아문화산업학부,7,7,1.0
서울,사립,삼육대학교,재림교회목회자추천전형,,물리치료학과,7,7,1.0
서울,국립,서울과학기술대학교,고교추천전형,창의융합대학,미래에너지학과,7,7,1.0
서울,사립,성공회대학교,교과성적,,경영학부,7,7,1.0
서울,사립,세종대학교,학생부종합(세종인재 전형(서류형)),인공지능융합,AI로봇학과,7,7,1.0
서울,사립,연세대학교(서울),학생부교과전형 (추천형),문과대학,국어국문학과,7,7,1.0
인천,사립,인하대학교,학생부종합 인하미래인재(서류형),자연과학대학,화학과,7,7,1.0
인천,사립,인하대학교,학생부교과 지역균형,공과대학,조선해양공학과,7,7,1.0
대전,사립,목원대학교,"지역인재전형 경쟁률 현황 교과100 [면접없음, 수능최저없음]",사회과학대학,"경영학부(경영전공, 글로벌비즈니스전공)",7,7,1.0
대전,국립,충남대학교,일반전형,생명시스템과학대학,생명정보융합학과,7,7,1.0
대전,국립,충남대학교,지역인재전형,공과대학,토목공학과,7,7,1.0
세종,사립,고려대학교(세종),논술(일반전형),문화스포츠대학,문화유산융합학부,7,7,1.0
세종,사립,홍익대학교(세종),논술전형,AID융합과학기술대학,조선해양모빌리티공학과,7,7,1.0
충남,국립,국립공주대학교,학생부종합전형  일반전형(정원내),천안공과대학,산업공학과,7,7,1.0
충남,사립,백석대학교,정원내 모집 학생부 교과 지역인재(일반),,사회복지학부,7,7,1.0
충남,사립,호서대학교,- 정원내 학생부교과 지역인재전형,,소방방재학과,7,7,1.0
충남,사립,호서대학교,- 정원내 학생부교과 지역인재전형,,게임소프트웨어학과,7,7,1.0
충남,사립,호서대학교,- 정원외 학생부교과 기초생활수급자 및 차상위계층전형,,전기시스템공학과,7,1,1.0
충북,사립,청주대학교,정원내 교과인재전형 [교과100%],자유전공학부,"자유전공학부 / 원하는 전공을 찾고, 나만의 경쟁력을 키우자! 46개 전공 탐색과 멘토링·소학회·세미나·전문가 특강 등 다양한 비교과 프로그램을 통해 많은 경험을 제공합니다.",7,7,1.0
충북,국립,충북대학교,학생부종합(학생부종합Ⅱ전형),자연과학대학,물리학과,7,7,1.0
충북,국립,충북대학교,학생부종합(학생부종합Ⅱ전형),공과대학,도시공학과,7,7,1.0
충북,국립,충북대학교,학생부교과(학생부교과전형),자연과학대학,생물학과,7,7,1.0
충북,국립,충북대학교,학생부교과(학생부교과전형),농업생명환경대학,환경생명화학과,7,7,1.0
충북,국립,충북대학교,학생부교과(지역인재전형),농업생명환경대학,축산학과,7,7,1.0
경기,사립,가톨릭대학교(부천),학생부종합(잠재능력우수자서류전형),,AI의공학과,6,6,1.0
경기,사립,가톨릭대학교(부천),학생부종합(잠재능력우수자면접전형),,바이오메디컬소프트웨어학과,6,6,1.0
경기,사립,강남대학교,[정원내]실기/실적위주(실기전형),예체능계,음악학과(관현악),6,6,1.0
경기,사립,경희대학교(용인),서울캠퍼스 학생부교과(지역균형전형),자연계열,약과학과,6,6,1.0
경기,사립,단국대학교(죽전),[학생부종합] DKU인재(서류형) 경쟁률 현황 (죽전),,건축학부[건축학전공(5년제)],6,6,1.0
경기,사립,단국대학교(죽전),[학생부종합] DKU인재(서류형) 경쟁률 현황 (죽전),,컴퓨터공학과,6,6,1.0
경기,사립,명지대학교(용인),학생부교과(학교장추천전형),,영어영문학전공,6,6,1.0
경기,사립,명지대학교(용인),학생부교과(학교장추천전형),,정치외교학전공,6,6,1.0
경기,사립,성결대학교,[학생부종합] 영암인재,글로벌경영대학,국제교류·개발협력학과,6,6,1.0
경기,사립,성균관대학교(수원),학생부교과(추천인재),,심리학과,6,6,1.0
경기,사립,성균관대학교(수원),학생부교과(추천인재),,화학과,6,6,1.0
경기,사립,용인대학교,정원내 체육우수자 특별전형,체육과학대학,"스포츠레저학과-체조(기계체조, 에어로빅체조, 힙합)",6,6,1.0
경기,사립,협성대학교,정원내 [학생부종합]융합인재Ⅱ(면접),인문사회과학대학,아동보육학과,6,6,1.0
서울,사립,가톨릭대학교(서울),학생부종합(잠재능력우수자서류전형),,AI의공학과,6,6,1.0
서울,사립,가톨릭대학교(서울),학생부종합(잠재능력우수자면접전형),,바이오메디컬소프트웨어학과,6,6,1.0
서울,사립,경희대학교(서울),서울캠퍼스 학생부교과(지역균형전형),자연계열,약과학과,6,6,1.0
서울,사립,고려대학교(서울),서울캠퍼스 학생부교과(학교추천전형),문과대학,불어불문학과,6,6,1.0
서울,사립,동덕여자대학교,실기우수자전형,자연정보과학대학,체육학전공(댄스스포츠),6,6,1.0
서울,사립,명지대학교(서울),학생부교과(학교장추천전형),,영어영문학전공,6,6,1.0
서울,사립,명지대학교(서울),학생부교과(학교장추천전형),,정치외교학전공,6,6,1.0
서울,사립,서강대학교,학생부교과(지역균형),,생명과학과,6,6,1.0
서울,사립,서울여자대학교,학생부종합(바롬인재서류전형),과학기술융합대학,식품생명공학과,6,6,1.0
서울,사립,성균관대학교(서울),학생부교과(추천인재),,심리학과,6,6,1.0
서울,사립,성균관대학교(서울),학생부교과(추천인재),,화학과,6,6,1.0
서울,사립,성신여자대학교,논술우수자,,수리통계데이터사이언스학부(통계학/빅데이터사이언스),6,6,1.0
서울,사립,세종대학교,학생부교과(지역균형 전형),공과,환경융합공학과,6,6,1.0
서울,사립,이화여자대학교,학생부교과(고교추천전형),공과대학,융합전자반도체공학부 지능형반도체공학전공,6,6,1.0
서울,사립,이화여자대학교,학생부교과(고교추천전형),공과대학,건축학과,6,6,1.0
서울,사립,이화여자대학교,학생부교과(고교추천전형),신산업융합대학,식품영양학과,6,6,1.0
서울,국립,한국체육대학교,체육특기자(단체),,체육학과-하키-필드[여],6,6,1.0
서울,사립,한양대학교(서울),학생부교과(추천형),공과대학,건설환경공학과,6,6,1.0
인천,국립,인천대학교,학생부교과(교과성적우수자),생명과학기술대학,생명공학부 생명공학전공,6,6,1.0
인천,사립,인하대학교,학생부종합 인하미래인재(서류형),경영대학,국제통상학과,6,6,1.0
인천,사립,인하대학교,학생부종합 인하미래인재(서류형),문과대학,일본언어문화학과,6,6,1.0
대전,사립,대전대학교,지역인재Ⅰ전형 [교과/출석 100%],보건의료과학대학,식품영양학과 [교직],6,6,1.0
대전,사립,배재대학교,정원내 학생부교과 지역인재Ⅰ,,외식조리학과,6,6,1.0
대전,국립,충남대학교,일반전형,농업생명과학대학,농업경제학과,6,6,1.0
세종,사립,고려대학교(세종),논술(일반전형),과학기술대학,응용수리과학부,6,6,1.0
충남,사립,단국대학교(천안),[학생부종합] DKU인재(서류형) 경쟁률 현황 (죽전),,건축학부[건축학전공(5년제)],6,6,1.0
충남,사립,단국대학교(천안),[학생부종합] DKU인재(서류형) 경쟁률 현황 (죽전),,컴퓨터공학과,6,6,1.0
충남,사립,순천향대학교,[정원내] 학생부교과(충청형지역인재전형),글로벌경영대학,관광경영학과,6,6,1.0
충남,사립,호서대학교,- 정원내 학생부교과 지역인재전형,,화장품과학과,6,6,1.0
충남,사립,호서대학교,- 정원내 학생부교과 지역인재전형,,영어영문학과,6,6,1.0
충남,사립,호서대학교,- 정원외 학생부교과 특성화고교졸업자전형,,"건축토목공학부(건축공학트랙, 토목공학트랙)",6,1,1.0
충남,사립,호서대학교,- 정원외 학생부교과 특성화고교졸업자전형,,글로벌통상학과,6,1,1.0
충북,사립,우석대학교(진천),학생부교과_교과면접,사범대학,특수교육과(전주) [교직],6,6,1.0
충북,사립,청주대학교,정원내 미래인재전형 [교과100%],인문사회대학,"사회복지학과 / 1979년 설립 이래 2,000여 명 배출. 산학실습과 자격증 지원으로 공공기관, 복지시설, NGO, 공무원 등 즉시 투입 가능한 현장 밀착형 실무 인재 양성",6,6,1.0
충북,사립,청주대학교,정원내 지역인재전형 [교과100%],보건의료과학대학,"제약공학과 / NCS직무능력은행제 전국 최초 인증, 앵커(RISE)사업을 통한 장학금 및 첨단실습제공, 인공지능활용 교과 운영",6,6,1.0
충북,국립,충북대학교,학생부교과(지역인재전형),자연과학대학,지구환경과학과,6,6,1.0
충북,국립,충북대학교,학생부교과(지역인재전형),농업생명환경대학,식물의학과,6,6,1.0
경기,사립,가톨릭대학교(부천),학생부교과(지역균형전형),,법학과,5,5,1.0
경기,사립,가톨릭대학교(부천),학생부교과(지역균형전형),,화학과,5,5,1.0
경기,사립,강남대학교,[정원외]학생부교과(기초차상위전형),공학계,인공지능융합공학부,5,5,1.0
경기,사립,강남대학교,[정원외]학생부교과(기초차상위전형),공학계,전자반도체공학부,5,5,1.0
경기,사립,경기대학교(수원),학생부교과(교과성적우수자전형),,무역학과,5,5,1.0
경기,사립,경희대학교(용인),국제캠퍼스 논술우수자전형,자연계열,응용화학과,5,5,1.0
경기,사립,단국대학교(죽전),[학생부종합] DKU인재(서류형) 경쟁률 현황 (죽전),,융합반도체공학과,5,5,1.0
경기,사립,단국대학교(죽전),[실기/실적위주] 체육특기자 경쟁률 현황 (천안),,국제스포츠학부(국제스포츠전공)(남)-씨름(경장급~장사급),5,5,1.0
경기,사립,대진대학교,학생부교과(학생부우수자전형) - 교과70% + 면접30%,인문사회대학,문예콘텐츠창작학과,5,5,1.0
경기,사립,대진대학교,학생부교과(학생부우수자전형) - 교과70% + 면접30%,보건과학대학,식품영양학과 [교직],5,5,1.0
경기,사립,대진대학교,학생부교과(고른기회전형) - 교과100%,인문사회대학,미디어커뮤니케이션학과,5,5,1.0
경기,사립,명지대학교(용인),학생부교과(교과면접전형),,AI경영정보학과,5,5,1.0
경기,사립,명지대학교(용인),학생부종합(명지인재서류전형),,반도체·ICT대학 / 반도체공학부,5,5,1.0
경기,사립,신한대학교(의정부/동두천),학생부우수자전형(교과100%),,첨단소재공학과,5,5,1.0
경기,사립,신한대학교(의정부/동두천),학생부우수자전형(교과100%),,바이오식품외식산업학과,5,5,1.0
경기,사립,아주대학교,고교추천전형,,자유전공학부(인문),5,5,1.0
경기,사립,안양대학교(안양),학생부교과(농어촌학생),,AI학부,5,5,1.0
경기,사립,중부대학교(고양),학교생활우수자전형,,응급구조학과 / 응급구조학과,5,5,1.0
경기,사립,한국외국어대학교(용인),학교장추천전형,,노어과,5,5,1.0
경기,사립,한국외국어대학교(용인),학생부종합전형(면접형),,통계학과,5,5,1.0
경기,사립,한국외국어대학교(용인),학생부종합전형(서류형),,헝가리학과,5,5,1.0
경기,사립,한양대학교(ERICA),학생부종합(서류형),소프트웨어융합대학,컴퓨터학부(학부 모집),5,5,1.0
경기,사립,협성대학교,정원내 [학생부종합]융합인재Ⅰ(서류),경영대학,경영학과,5,5,1.0
서울,사립,가톨릭대학교(서울),학생부교과(지역균형전형),,법학과,5,5,1.0
서울,사립,가톨릭대학교(서울),학생부교과(지역균형전형),,화학과,5,5,1.0
서울,사립,경기대학교(서울),학생부교과(교과성적우수자전형),,무역학과,5,5,1.0
서울,사립,경희대학교(서울),국제캠퍼스 논술우수자전형,자연계열,응용화학과,5,5,1.0
서울,사립,광운대학교,학생부종합【농어촌학생전형】,,컴퓨터정보공학부,5,1,1.0
서울,사립,명지대학교(서울),학생부교과(교과면접전형),,AI경영정보학과,5,5,1.0
서울,사립,명지대학교(서울),학생부종합(명지인재서류전형),,반도체·ICT대학 / 반도체공학부,5,5,1.0
서울,사립,상명대학교(서울),정원 내 학생부교과(고교추천전형),,전기공학전공,5,5,1.0
서울,국립,서울과학기술대학교,기회균형전형(기회균등),정보통신대학,전자공학과,5,5,1.0
서울,사립,숙명여자대학교,[학생부교과] 지역균형선발전형,문과대학,문화관광학전공,5,5,1.0
서울,사립,숙명여자대학교,[학생부교과] 지역균형선발전형,이과대학,화학과,5,5,1.0
서울,사립,연세대학교(서울),학생부교과전형 (추천형),문과대학,불어불문학과,5,5,1.0
서울,사립,장로회신학대학교,정원내 일반전형,,교회음악학과 / 성악(남),5,5,1.0
서울,사립,총신대학교,정원내 실기우수자,예능계열,교회음악과 성악(여),5,5,1.0
서울,사립,한국외국어대학교(서울),학교장추천전형,,노어과,5,5,1.0
서울,사립,한국외국어대학교(서울),학생부종합전형(면접형),,통계학과,5,5,1.0
서울,사립,한국외국어대학교(서울),학생부종합전형(서류형),,헝가리학과,5,5,1.0
서울,사립,홍익대학교(서울),학교생활우수자전형,문과대학,국어국문학과,5,5,1.0
인천,사립,안양대학교(강화),학생부교과(농어촌학생),,AI학부,5,5,1.0
인천,국립,인천대학교,학생부교과(지역균형),인문대학,중어중국학과,5,5,1.0
대전,사립,건양대학교(대전),지역[교과],,국방경찰행정학부,5,5,1.0
대전,사립,건양대학교(대전),학생부종합전형,,의료공간디자인학과,5,5,1.0
대전,사립,건양대학교(대전),학생부종합전형,,특수교육과 [사범],5,5,1.0
대전,국립,국립한밭대학교,지역인재(교과)전형,,기계공학과,5,5,1.0
대전,사립,대전대학교,지역인재Ⅰ전형 [교과/출석 100%],디자인·아트대학,패션디자인ㆍ비즈니스학과 [교직],5,5,1.0
대전,사립,목원대학교,"지역인재전형 경쟁률 현황 교과100 [면접없음, 수능최저없음]",공과대학,전기전자공학과,5,5,1.0
대전,사립,배재대학교,정원내 학생부교과 지역인재Ⅰ,,실내건축학과,5,5,1.0
대전,사립,배재대학교,정원내 학생부교과 지역인재Ⅰ,,운동재활복지학과,5,5,1.0
대전,사립,우송대학교,정원내 학생부 종합 - 종합서류형 전형 (면접X),외식조리대학,글로벌호텔관광학과,5,5,1.0
대전,국립,충남대학교,일반전형,창의융합대학,자연과학융합학부 생명시스템과학대학자율전공,5,5,1.0
대전,국립,충남대학교,지역인재전형,인문대학,철학과*,5,5,1.0
대전,국립,충남대학교,지역인재전형,자연과학대학,해양환경과학과*,5,5,1.0
충남,사립,건양대학교(논산),지역[교과],,국방경찰행정학부,5,5,1.0
충남,사립,건양대학교(논산),학생부종합전형,,의료공간디자인학과,5,5,1.0
충남,사립,건양대학교(논산),학생부종합전형,,특수교육과 [사범],5,5,1.0
충남,사립,단국대학교(천안),[학생부종합] DKU인재(서류형) 경쟁률 현황 (죽전),,융합반도체공학과,5,5,1.0
충남,사립,단국대학교(천안),[실기/실적위주] 체육특기자 경쟁률 현황 (천안),,국제스포츠학부(국제스포츠전공)(남)-씨름(경장급~장사급),5,5,1.0
충남,사립,순천향대학교,[정원내] 학생부교과(충청형지역인재전형),인문사회과학대학,유아교육과,5,5,1.0
충남,사립,중부대학교(금산),학교생활우수자전형,,응급구조학과 / 응급구조학과,5,5,1.0
충남,사립,한국기술교육대학교,창의인재(면접형),,컴퓨터공학부 / 컴퓨터공학전공,5,5,1.0
충남,사립,한국기술교육대학교,지역인재,,화학생명공학전공,5,5,1.0
충남,사립,호서대학교,- 정원내 학생부교과 면접전형,,전기시스템공학과,5,5,1.0
충남,사립,호서대학교,- 정원내 학생부교과 지역인재전형,,건축학과,5,5,1.0
충남,사립,호서대학교,- 정원내 학생부종합 호서인재전형,,생명공학과,5,5,1.0
충북,사립,세명대학교,인문계고교전형(정원내),인문사회,상담심리학과,5,5,1.0
충북,사립,세명대학교,지역인재(일반)전형(정원내),인문사회,경찰학과,5,5,1.0
충북,사립,청주대학교,정원내 미래인재전형 [교과100%],공과대학,신소재화학과 / 화학·소재 산업을 주도하는 융합형 전문인재 양성 학과(25 취업률: 63.6%(전국평균 57.5%); 위험물산업기사 포함 국가기술자격증 18명 취득),5,5,1.0
충북,사립,청주대학교,정원내 미래인재전형 [교과100%],항공·국방대학,"무인항공기학과 / UAM·AI드론시대를 준비하는 미래 항공인재 양성학과, 항공우주 부트캠프사업 5년간 70억 선정, 항공방산SW전문인력양성사업 선정, 자격증 90% 취득, 취업률 100%(24)",5,5,1.0
충북,사립,청주대학교,"정원내 교과면접전형 경쟁률 현황 ※ 면접전형 : 교과70%+ 면접30% 단, 항공서비스학과 만 교과60%+ 면접40% 생활기록부 미반영 면접",경상대학,경영학과 / 60여 년 전통의 동문 네트워크. 최근 3년간 장관상 포함 경진대회·공모전 5건 이상 수상. 데이터·AI 기반 실무교육으로 미래 경영인재 양성,5,5,1.0
충북,사립,청주대학교,"정원내 교과면접전형 경쟁률 현황 ※ 면접전형 : 교과70%+ 면접30% 단, 항공서비스학과 만 교과60%+ 면접40% 생활기록부 미반영 면접",공과대학,"건축공학과 / 56년역사, 충북최초 건축공학과개설, 건축공학4대전공(구조·시공·환경·설계) 융합AI스마트건축기술교육! 기술사·교수·공무원100여명배출, 최근 5년연구비50억수주",5,5,1.0
충북,국립,충북대학교,학생부종합(학생부종합Ⅰ전형),인문대학,국어국문학과,5,5,1.0
충북,국립,충북대학교,학생부교과(학생부교과전형),생활과학대학,아동복지학과,5,5,1.0
충북,국립,충북대학교,학생부교과(지역인재전형),농업생명환경대학,산림학과,5,5,1.0
충북,국립,충북대학교,학생부교과(지역인재전형),농업생명환경대학,특용식물학과,5,5,1.0
충북,국립,충북대학교,학생부교과(지역인재전형),농업생명환경대학,목재·종이과학과,5,5,1.0
경기,사립,가톨릭대학교(부천),학생부종합(잠재능력우수자서류전형),,법학과,4,4,1.0
경기,사립,경기대학교(수원),학생부교과(농어촌학생전형),,사회에너지시스템공학과,4,4,1.0
경기,사립,경기대학교(수원),실기/실적(체육특기자전형),,씨름(남),4,4,1.0
경기,사립,경희대학교(용인),서울캠퍼스 학생부교과(지역균형전형),인문계열,영어영문학과,4,4,1.0
경기,국립,국립한국교통대학교(의왕),평생학습자전형Ⅰ,,스마트철도교통공학과(야),4,4,1.0
경기,사립,단국대학교(죽전),[학생부종합] DKU인재(서류형) 경쟁률 현황 (죽전),,건축학부(건축공학전공),4,4,1.0
경기,사립,단국대학교(죽전),[학생부교과] 지역균형선발 경쟁률 현황 (죽전),,무역학과,4,4,1.0
경기,사립,대진대학교,학생부교과(학생부우수자전형) - 교과70% + 면접30%,인문사회대학,영어영문학과,4,4,1.0
경기,사립,대진대학교,학생부교과(학생부우수자전형) - 교과70% + 면접30%,AI공과대학,화학공학과 [교직],4,4,1.0
경기,사립,대진대학교,학생부교과(고른기회전형) - 교과100%,인문사회대학,경영학과,4,4,1.0
경기,사립,명지대학교(용인),학생부교과(학교장추천전형),,국제통상학전공,4,4,1.0
경기,사립,명지대학교(용인),학생부교과(학교장추천전형),,아동학전공,4,4,1.0
경기,사립,수원대학교,면접위주교과전형,혁신공과대학,도시부동산학과,4,4,1.0
경기,사립,용인대학교,정원내 교과성적우수자 특별전형,인문사회융합대학,관광경영학과,4,4,1.0
경기,국립,한경국립대학교,학생부종합(사회통합_안성)_정원내,,식품생명공학과,4,4,1.0
경기,사립,한국외국어대학교(용인),학교장추천전형,,언어인지과학과,4,4,1.0
경기,사립,한국외국어대학교(용인),학교장추천전형,,국제금융학과,4,4,1.0
경기,사립,한국외국어대학교(용인),학교장추천전형,,AI로봇공학과,4,4,1.0
경기,사립,한국외국어대학교(용인),학교장추천전형,,반도체전자공학부(전자공학전공),4,4,1.0
경기,사립,한국외국어대학교(용인),학생부종합전형(서류형),,Social Science & AI융합학부,4,4,1.0
경기,사립,한국외국어대학교(용인),기회균형전형,,반도체전자공학부(반도체공학전공),4,4,1.0
경기,사립,한국외국어대학교(용인),기회균형전형,,반도체전자공학부(전자공학전공),4,4,1.0
경기,사립,한신대학교,기회균형선발,미디어계열,미디어영상광고홍보학,4,4,1.0
경기,사립,한양대학교(ERICA),학생부종합(고른기회),첨단융합대학,국방지능정보융합공학부(지능형시스템공학전공),4,4,1.0
경기,사립,협성대학교,정원내 [실기/실적]실기우수자,예술대학,음악학부 실용음악[보컬],4,1,1.0
서울,사립,가톨릭대학교(서울),학생부종합(잠재능력우수자서류전형),,법학과,4,4,1.0
서울,사립,경기대학교(서울),학생부교과(농어촌학생전형),,사회에너지시스템공학과,4,4,1.0
서울,사립,경기대학교(서울),실기/실적(체육특기자전형),,씨름(남),4,4,1.0
서울,사립,경희대학교(서울),서울캠퍼스 학생부교과(지역균형전형),인문계열,영어영문학과,4,4,1.0
서울,사립,광운대학교,학생부종합【광운참빛인재전형Ⅱ-서류형】,,영어영문학과,4,4,1.0
서울,사립,명지대학교(서울),학생부교과(학교장추천전형),,국제통상학전공,4,4,1.0
서울,사립,명지대학교(서울),학생부교과(학교장추천전형),,아동학전공,4,4,1.0
서울,사립,서울여자대학교,학생부종합(바롬인재서류전형),과학기술융합대학,수학과,4,4,1.0
서울,사립,서울여자대학교,학생부종합(바롬인재서류전형),미래산업융합대학,인공지능전공,4,4,1.0
서울,사립,서울여자대학교,학생부종합(바롬인재서류전형),미래산업융합대학,소프트웨어전공,4,4,1.0
서울,사립,서울여자대학교,학생부종합(SW융합인재전형),미래산업융합대학,인공지능전공,4,4,1.0
서울,사립,성신여자대학교,기회균형Ⅰ,,융합AI반도체공학과,4,4,1.0
서울,사립,숭실대학교,학생부교과(교과우수자전형-학교장 추천),,정보사회학과,4,4,1.0
서울,사립,숭실대학교,학생부교과(교과우수자전형-학교장 추천),,언론홍보학과,4,4,1.0
서울,사립,연세대학교(서울),학생부교과전형 (추천형),이과대학,지구시스템과학과,4,4,1.0
서울,사립,연세대학교(서울),학생부교과전형 (추천형),이과대학,대기과학과,4,4,1.0
서울,사립,이화여자대학교,학생부종합(고른기회전형),공과대학,융합전자반도체공학부 전자전기공학전공,4,4,1.0
서울,사립,이화여자대학교,학생부종합(고른기회전형),공과대학,건축학과,4,4,1.0
서울,사립,이화여자대학교,학생부종합(고른기회전형),인공지능대학,컴퓨터공학과,4,4,1.0
서울,사립,이화여자대학교,학생부종합(고른기회전형),인공지능대학,인공지능데이터사이언스학부,4,4,1.0
서울,사립,한국외국어대학교(서울),학교장추천전형,,언어인지과학과,4,4,1.0
서울,사립,한국외국어대학교(서울),학교장추천전형,,국제금융학과,4,4,1.0
서울,사립,한국외국어대학교(서울),학교장추천전형,,AI로봇공학과,4,4,1.0
서울,사립,한국외국어대학교(서울),학교장추천전형,,반도체전자공학부(전자공학전공),4,4,1.0
서울,사립,한국외국어대학교(서울),학생부종합전형(서류형),,Social Science & AI융합학부,4,4,1.0
서울,사립,한국외국어대학교(서울),기회균형전형,,반도체전자공학부(반도체공학전공),4,4,1.0
서울,사립,한국외국어대학교(서울),기회균형전형,,반도체전자공학부(전자공학전공),4,4,1.0
서울,국립,한국체육대학교,체육특기자(개인),,체육학과-배드민턴-단식 및 복식[여],4,4,1.0
서울,사립,홍익대학교(서울),농어촌학생전형,공과대학,기계·시스템디자인공학과,4,4,1.0
인천,국립,인천대학교,학생부교과(교과성적우수자),공과대학,안전공학과,4,4,1.0
인천,국립,인천대학교,학생부교과(지역균형),인문대학,불어불문학과,4,4,1.0
인천,사립,인하대학교,학생부종합 인하미래인재(서류형),공과대학,화공에너지공학부(이차전지공학전공),4,4,1.0
인천,사립,인하대학교,학생부종합 농어촌학생,AI융합대학,컴퓨터공학과,4,4,1.0
인천,사립,인하대학교,학생부교과 지역균형,사범대학,수학교육과,4,4,1.0
인천,사립,청운대학교(인천),청운인재전형,,화학생명공학과,4,4,1.0
대전,국립,국립한밭대학교,지역인재(교과)전형,,산업경영공학과,4,4,1.0
대전,국립,국립한밭대학교,지역인재(종합)전형,,회계세무학과,4,4,1.0
대전,사립,대전대학교,고른기회전형 [교과/출석 100%],디자인·아트대학,패션디자인ㆍ비즈니스학과 [교직],4,4,1.0
대전,사립,대전대학교,고른기회전형 [교과/출석 100%],사회과학대학,경찰학과,4,4,1.0
대전,사립,대전대학교,고른기회전형 [교과/출석 100%],보건의료과학대학,식품영양학과 [교직],4,4,1.0
대전,사립,대전대학교,특기자전형,보건의료과학대학,스포츠과학부-펜싱,4,4,1.0
대전,사립,목원대학교,"지역인재전형 경쟁률 현황 교과100 [면접없음, 수능최저없음]",사회과학대학,부동산금융보험학과,4,4,1.0
대전,사립,배재대학교,정원내 학생부교과 지역인재Ⅰ,,식품영양학과,4,4,1.0
대전,사립,우송대학교,정원내 학생부 교과 - 지역인재 전형 (교과100% / 12과목 반영),소프트웨어(SW)융합대학,테크노미디어융합학부 / 미디어디자인·영상전공,4,4,1.0
대전,사립,우송대학교,정원내 학생부 교과 - 자기추천 전형 (교과100% / 12과목 반영),소프트웨어(SW)융합대학,미디어디자인·영상전공,4,4,1.0
대전,사립,우송대학교,정원내 학생부 종합 - 종합면접형 전형,철도대학,철도경영학과,4,4,1.0
대전,국립,충남대학교,일반전형,인문대학,한문학과*,4,4,1.0
대전,국립,충남대학교,지역인재전형,농업생명과학대학,농업경제학과,4,4,1.0
대전,국립,충남대학교,지역인재전형,농업생명과학대학,식물자원학과,4,4,1.0
대전,국립,충남대학교,지역인재전형,농업생명과학대학,환경소재공학과,4,4,1.0
대전,국립,충남대학교,지역인재전형,농업생명과학대학,지역환경토목학과,4,4,1.0
대전,국립,충남대학교,지역인재전형,사범대학,전기·전자·통신공학교육과,4,4,1.0
세종,사립,고려대학교(세종),학생부종합(지역인재전형),과학기술대학,전자및정보공학과,4,4,1.0
충남,국립,국립공주대학교,학생부교과전형  지역인재전형(정원내),사범대학,유아교육과,4,4,1.0
충남,국립,국립공주대학교,학생부교과전형  지역인재전형(정원내),예술대학,게임디자인학과,4,4,1.0
충남,사립,단국대학교(천안),[학생부종합] DKU인재(서류형) 경쟁률 현황 (죽전),,건축학부(건축공학전공),4,4,1.0
충남,사립,단국대학교(천안),[학생부교과] 지역균형선발 경쟁률 현황 (죽전),,무역학과,4,4,1.0
충남,사립,백석대학교,정원내 모집 학생부 교과 지역인재(일반),,보건학부 물리치료학과,4,4,1.0
충남,사립,순천향대학교,[정원내] 학생부교과(충청형지역인재전형),AI대학,정보보호학과,4,4,1.0
충남,사립,청운대학교(홍성),청운인재전형,,화학생명공학과,4,4,1.0
충남,사립,호서대학교,- 정원내 학생부종합 호서인재전형,,한국언어문화학과,4,4,1.0
충북,국립,국립한국교통대학교(충주증평),평생학습자전형Ⅰ,,스마트철도교통공학과(야),4,4,1.0
충북,사립,우석대학교(진천),실기(실적)위주_특기자,체육대학,체육학과(전주) [교직] / 배구(여),4,4,1.0
충북,사립,우석대학교(진천),실기(실적)위주_특기자,체육대학,"스포츠지도학과(전주) [교직] / 사격(남, 여)",4,4,1.0
충북,사립,청주대학교,정원내 미래인재전형 [교과100%],공과대학,토목공학과 / 57년 전통의 충북K-건설의 요람! 사회기반시설의 안전성과 지속가능성을 높이는 미래 스마트 건설·인프라 인재 양성,4,4,1.0
충북,사립,청주대학교,"정원내 교과면접전형 경쟁률 현황 ※ 면접전형 : 교과70%+ 면접30% 단, 항공서비스학과 만 교과60%+ 면접40% 생활기록부 미반영 면접",인문사회대학,"문헌정보학과 (교직) / 공공·학교·대학도서관 등 사서직 39명을 포함하여 89명의 인재 배출(23~25), 학생 1인당 연간 장학금 충북 1위(25), 전공교육과정 우수인증 학과",4,4,1.0
충북,사립,청주대학교,"정원내 교과면접전형 경쟁률 현황 ※ 면접전형 : 교과70%+ 면접30% 단, 항공서비스학과 만 교과60%+ 면접40% 생활기록부 미반영 면접",공과대학,"전자공학과 / 국비지원 반도체 부트캠프사업 5년간 150억, RISE사업 5년간 150억 선정, AI기반설계시스템을 활용한 시스템반도체설계 인력양성사업 2년간 13억 선정",4,4,1.0
충북,사립,청주대학교,"정원내 교과면접전형 경쟁률 현황 ※ 면접전형 : 교과70%+ 면접30% 단, 항공서비스학과 만 교과60%+ 면접40% 생활기록부 미반영 면접",보건의료과학대학,"제약공학과 / NCS직무능력은행제 전국 최초 인증, 앵커(RISE)사업을 통한 장학금 및 첨단실습제공, 인공지능활용 교과 운영",4,4,1.0
충북,사립,청주대학교,"정원내 교과면접전형 경쟁률 현황 ※ 면접전형 : 교과70%+ 면접30% 단, 항공서비스학과 만 교과60%+ 면접40% 생활기록부 미반영 면접",자유전공학부,"자유전공학부 / 원하는 전공을 찾고, 나만의 경쟁력을 키우자! 46개 전공 탐색과 멘토링·소학회·세미나·전문가 특강 등 다양한 비교과 프로그램을 통해 많은 경험을 제공합니다.",4,4,1.0
충북,사립,청주대학교,정원내 지역인재전형 [교과100%],인문사회대학,"문헌정보학과 (교직) / 공공·학교·대학도서관 등 사서직 39명을 포함하여 89명의 인재 배출(23~25), 학생 1인당 연간 장학금 충북 1위(25), 전공교육과정 우수인증 학과",4,4,1.0
충북,사립,청주대학교,정원내 지역인재전형 [교과100%],보건의료과학대학,"바이오의약학과 / 충북 도내 유일의 교육용 GMP 실습실을 보유한 학과, 앵커(RISE) 사업을 통한 장학금 및 최첨단 실습교육 지원",4,4,1.0
충북,국립,충북대학교,학생부종합(학생부종합Ⅰ전형),생활과학대학,주거환경학과,4,4,1.0
충북,국립,충북대학교,학생부종합(sw우수인재전형),전자정보대학,컴퓨터공학과,4,4,1.0
경기,사립,가천대학교(성남),농어촌(교과) 전형,자연계열,바이오로직스학과,3,3,1.0
경기,사립,강남대학교,[정원내]학생부종합(학교생활우수자전형2),예체능계,디자인학과,3,3,1.0
경기,사립,경기대학교(수원),학생부교과(농어촌학생전형),,"바이오융합학부 / 생명과학전공, 식품생물공학전공",3,3,1.0
경기,사립,경기대학교(수원),실기/실적(체육특기자전형),,조정(여),3,3,1.0
경기,사립,경희대학교(용인),국제캠퍼스 학생부교과(지역균형전형),인문계열,중국어학과,3,3,1.0
경기,사립,경희대학교(용인),국제캠퍼스 실기우수자전형(체육),체육계열,스포츠지도학과-기계체조(남),3,3,1.0
경기,사립,경희대학교(용인),국제캠퍼스 실기우수자전형(체육),체육계열,스포츠지도학과-양궁,3,3,1.0
경기,사립,경희대학교(용인),국제캠퍼스 실기우수자전형(체육),체육계열,태권도학과-격파(여),3,3,1.0
경기,사립,단국대학교(죽전),[학생부종합] DKU인재(서류형) 경쟁률 현황 (죽전),,철학과,3,3,1.0
경기,사립,단국대학교(죽전),[학생부종합] 교육기회배려자(정원외) 경쟁률 현황 (죽전),,영미인문학과,3,3,1.0
경기,사립,단국대학교(죽전),[학생부종합] 교육기회배려자(정원외) 경쟁률 현황 (죽전),,고분자시스템공학부(고분자공학전공),3,3,1.0
경기,사립,단국대학교(죽전),[학생부종합] 사회적배려대상자 경쟁률 현황 (천안),,에너지공학과,3,3,1.0
경기,사립,단국대학교(죽전),[학생부종합] 교육기회배려자(정원외) 경쟁률 현황 (천안),,화학과,3,3,1.0
경기,사립,단국대학교(죽전),[학생부종합] 교육기회배려자(정원외) 경쟁률 현황 (천안),,신소재공학과,3,3,1.0
경기,사립,대진대학교,학생부교과(고른기회전형) - 교과100%,인문사회대학,중국학과 [교직],3,3,1.0
경기,사립,대진대학교,학생부교과(고른기회전형) - 교과100%,AI공과대학,전기공학과 [교직],3,3,1.0
경기,사립,대진대학교,학생부교과(고른기회전형) - 교과100%,AI공과대학,IT기계공학과 [교직],3,3,1.0
경기,사립,대진대학교,학생부교과(농어촌학생전형-정원외) - 교과100%,인문사회대학,경영학과,3,3,1.0
경기,사립,대진대학교,학생부교과(농어촌학생전형-정원외) - 교과100%,AI공과대학,컴퓨터공학과 [교직],3,3,1.0
경기,사립,대진대학교,학생부교과(특성화고교졸업자전형-정원외) - 교과100%,AI공과대학,컴퓨터공학과 [교직],3,3,1.0
경기,사립,대진대학교,학생부교과(기초생활수급권자 및 차상위계층전형-정원외) - 교과100%,AI공과대학,컴퓨터공학과 [교직],3,3,1.0
경기,사립,명지대학교(용인),학생부교과(특성화고교전형),,환경시스템공학전공,3,3,1.0
경기,사립,명지대학교(용인),학생부종합(농어촌학생전형),,국제통상학전공,3,3,1.0
경기,사립,서울신학대학교,[학생부교과]기회균형선발전형(정원외),,사범학부 / 기독교교육과 [교직],3,3,1.0
경기,사립,성결대학교,[학생부교과] (정원내) 특성화고교졸업자,글로벌경영대학,글로벌물류학과,3,3,1.0
경기,사립,성결대학교,[학생부교과] (정원내) 특성화고교졸업자,IT융합공과대학,컴퓨터AI공학과,3,3,1.0
경기,사립,수원대학교,기회균형특별전형,혁신공과대학,건설환경에너지공학부,3,3,1.0
경기,사립,수원대학교,농어촌학생전형,혁신공과대학,건설환경에너지공학부,3,3,1.0
경기,사립,수원대학교,특성화고졸업자전형,지능형SW융합대학,지능형보안학부,3,3,1.0
경기,사립,아주대학교,고교추천전형,,국어국문학과,3,3,1.0
경기,사립,안양대학교(안양),실기/실적(체육특기자),,태권도,3,3,1.0
경기,사립,용인대학교,정원외 농어촌학생 특별전형,체육과학대학,스포츠레저학과,3,3,1.0
경기,사립,을지대학교(성남의정부),지역균형(학교장추천),,치위생학과,3,3,1.0
경기,사립,을지대학교(성남의정부),기회균형(정원내),,안경광학과,3,3,1.0
경기,사립,을지대학교(성남의정부),기회균형(정원내),,치위생학과,3,3,1.0
경기,사립,중부대학교(고양),지역인재Ⅰ전형,,경찰경호학전공 / 경찰경호학전공,3,3,1.0
경기,국립,한경국립대학교,학생부교과(지역균형선발_안성)_정원내,,법학과,3,3,1.0
경기,국립,한경국립대학교,학생부교과(지역균형선발_안성)_정원내,,화학공학과,3,3,1.0
경기,국립,한경국립대학교,학생부종합(사회통합_안성)_정원내,,환경공학과,3,3,1.0
경기,국립,한경국립대학교,학생부종합(사회통합_안성)_정원내,,ICT로봇공학과,3,3,1.0
경기,국립,한경국립대학교,학생부교과(특수교육대상자_평택)_정원내,,한국수어교육학과,3,3,1.0
경기,사립,한국외국어대학교(용인),학생부종합전형(서류형),,Finance & AI융합학부,3,3,1.0
경기,사립,한세대학교,기회균형 - 교과 100%,,자유전공학부,3,3,1.0
경기,사립,협성대학교,정원내 [학생부교과]기회균형,인문사회과학대학,사회복지학과,3,3,1.0
서울,사립,건국대학교(서울),학생부교과(KU지역균형),융합생명과학대학,환경생태과학부,3,3,1.0
서울,사립,경기대학교(서울),학생부교과(농어촌학생전형),,"바이오융합학부 / 생명과학전공, 식품생물공학전공",3,3,1.0
서울,사립,경기대학교(서울),실기/실적(체육특기자전형),,조정(여),3,3,1.0
서울,사립,경희대학교(서울),국제캠퍼스 학생부교과(지역균형전형),인문계열,중국어학과,3,3,1.0
서울,사립,경희대학교(서울),국제캠퍼스 실기우수자전형(체육),체육계열,스포츠지도학과-기계체조(남),3,3,1.0
서울,사립,경희대학교(서울),국제캠퍼스 실기우수자전형(체육),체육계열,스포츠지도학과-양궁,3,3,1.0
서울,사립,경희대학교(서울),국제캠퍼스 실기우수자전형(체육),체육계열,태권도학과-격파(여),3,3,1.0
서울,사립,동덕여자대학교,실기우수자전형,자연정보과학대학,체육학전공(힙합에어로빅스-에어로빅스),3,3,1.0
서울,사립,명지대학교(서울),학생부교과(특성화고교전형),,환경시스템공학전공,3,3,1.0
서울,사립,명지대학교(서울),학생부종합(농어촌학생전형),,국제통상학전공,3,3,1.0
서울,사립,삼육대학교,예체능인재전형(미술),,아트앤디자인학과,3,3,1.0
서울,국립,서울과학기술대학교,기회균형전형(농어촌학생),에너지바이오대학,안경광학과,3,3,1.0
서울,공립,서울시립대학교,고교추천전형,인문대학,중국어문화학과,3,3,1.0
서울,사립,성신여자대학교,기회균형Ⅰ,,사회복지학과,3,3,1.0
서울,사립,숙명여자대학교,[학생부종합] 기회균형전형,공과대학,인공지능공학부,3,3,1.0
서울,사립,숭실대학교,학생부교과(교과우수자전형-학교장 추천),,중어중문학과,3,3,1.0
서울,사립,이화여자대학교,학생부종합(고른기회전형),자연과학대학,통계학과,3,3,1.0
서울,사립,한국외국어대학교(서울),학생부종합전형(서류형),,Finance & AI융합학부,3,3,1.0
인천,사립,가천대학교(인천),농어촌(교과) 전형,자연계열,바이오로직스학과,3,3,1.0
인천,사립,안양대학교(강화),실기/실적(체육특기자),,태권도,3,3,1.0
인천,국립,인천대학교,학생부교과(교과성적우수자),사범대학,영어교육과,3,3,1.0
인천,국립,인천대학교,학생부교과(교과성적우수자),생명과학기술대학,생명과학부 분자의생명전공,3,3,1.0
인천,국립,인천대학교,학생부교과(지역균형),경영대학,데이터과학과,3,3,1.0
인천,국립,인천대학교,학생부교과(지역균형),생명과학기술대학,생명과학부 생명과학전공,3,3,1.0
인천,사립,인하대학교,학생부종합 농어촌학생,공과대학,공간정보공학과,3,3,1.0
대전,국립,국립한밭대학교,지역인재(교과)전형,,우주국방첨단융합학과,3,3,1.0
대전,사립,대전대학교,특기자전형,보건의료과학대학,스포츠과학부-검도,3,3,1.0
대전,사립,배재대학교,정원내 학생부교과 지역인재Ⅰ,,경영학과,3,3,1.0
대전,사립,우송대학교,정원내 학생부 교과 - 지역인재 전형 (교과100% / 12과목 반영),철도대학,철도차량시스템학과,3,3,1.0
대전,사립,우송대학교,정원내 학생부 교과 - 지역인재 전형 (교과100% / 12과목 반영),외식조리대학,한식·조리과학전공,3,3,1.0
대전,사립,우송대학교,정원내 학생부 교과 - 지역인재 전형 (교과100% / 12과목 반영),보건복지대학,보건의료경영학과,3,3,1.0
대전,사립,우송대학교,정원내 학생부 교과 - 지역인재 전형 (교과100% / 12과목 반영),보건복지대학,사회복지학과,3,3,1.0
대전,사립,우송대학교,정원내 학생부 교과 - 자기추천 전형 (교과100% / 12과목 반영),보건복지대학,소방·안전학부,3,3,1.0
대전,사립,우송대학교,정원내 학생부 종합 - 종합면접형 전형,철도대학,철도시스템학부 / 철도전기시스템전공,3,3,1.0
대전,사립,을지대학교(대전),지역균형(학교장추천),,치위생학과,3,3,1.0
대전,사립,을지대학교(대전),기회균형(정원내),,안경광학과,3,3,1.0
대전,사립,을지대학교(대전),기회균형(정원내),,치위생학과,3,3,1.0
대전,국립,충남대학교,일반전형,예술대학,관현악과(Cello),3,3,1.0
대전,국립,충남대학교,지역인재전형,인문대학,언어학과,3,3,1.0
대전,국립,충남대학교,만학도전형(실기),예술대학,음악과(성악),3,3,1.0
충남,국립,국립공주대학교,학생부종합전형  성인학습자전형Ⅰ(정원내),산업과학대학,원예학과(성인학습자전담과정),3,3,1.0
충남,국립,국립공주대학교,학생부교과전형  지역인재전형(정원내),사범대학,한문교육과,3,3,1.0
충남,사립,나사렛대학교,지역인재1(학생부교과),,아동심리교육학과,3,3,1.0
충남,사립,나사렛대학교,창의융합인재(학생부종합-서류형/면접형/실기위주),,인간재활학과,3,3,1.0
충남,사립,단국대학교(천안),[학생부종합] DKU인재(서류형) 경쟁률 현황 (죽전),,철학과,3,3,1.0
충남,사립,단국대학교(천안),[학생부종합] 교육기회배려자(정원외) 경쟁률 현황 (죽전),,영미인문학과,3,3,1.0
충남,사립,단국대학교(천안),[학생부종합] 교육기회배려자(정원외) 경쟁률 현황 (죽전),,고분자시스템공학부(고분자공학전공),3,3,1.0
충남,사립,단국대학교(천안),[학생부종합] 사회적배려대상자 경쟁률 현황 (천안),,에너지공학과,3,3,1.0
충남,사립,단국대학교(천안),[학생부종합] 교육기회배려자(정원외) 경쟁률 현황 (천안),,화학과,3,3,1.0
충남,사립,단국대학교(천안),[학생부종합] 교육기회배려자(정원외) 경쟁률 현황 (천안),,신소재공학과,3,3,1.0
충남,사립,백석대학교,정원내 모집 학생부 교과 사회기여자 및 배려대상자,,보건학부 응급구조학과,3,3,1.0
충남,사립,백석대학교,정원내 모집 학생부 교과 지역인재(일반),,보건학부 응급구조학과,3,3,1.0
충남,사립,백석대학교,정원내 모집 학생부 종합 창의인재,,보건학부 안경광학과,3,3,1.0
충남,사립,백석대학교,정원내 모집 실기위주 (예·체능계열) 지역인재(실기),,사범학부 특수체육교육과,3,3,1.0
충남,사립,백석대학교,정원외 모집 학생부 교과 특성화고교 일반전형,,문화예술학부 글로벌뷰티아트,3,3,1.0
충남,사립,백석대학교,정원외 모집 학생부 교과 + 면접 계약학과,,㈜피토,3,3,1.0
충남,사립,순천향대학교,[정원내] 학생부교과(충청형지역인재전형),글로벌경영대학,글로벌문화산업학과,3,3,1.0
충남,사립,순천향대학교,[정원내] 학생부교과(충청형지역인재전형),글로벌경영대학,회계학과,3,3,1.0
충남,사립,유원대학교(아산),특기자(검도),,스포츠학부,3,3,1.0
충남,사립,중부대학교(금산),지역인재Ⅰ전형,,경찰경호학전공 / 경찰경호학전공,3,3,1.0
충남,사립,호서대학교,- 정원외 학생부교과 특성화고교졸업자전형,,미디어커뮤니케이션학과,3,3,1.0
충북,사립,건국대학교(글로컬),[학생부교과] 지역인재,의료생명대학,생명공학과,3,3,1.0
충북,사립,건국대학교(글로컬),[학생부교과] 특수교육대상자(정원외),인문사회융합대학,사회복지학과,3,3,1.0
충북,사립,세명대학교,지역인재(일반)전형(정원내),인문사회,회계세무금융학과,3,3,1.0
충북,사립,세명대학교,면접우수자전형(정원내),인문사회,소방방재학과,3,3,1.0
충북,사립,유원대학교(영동),특기자(검도),,스포츠학부,3,3,1.0
충북,사립,청주대학교,"정원내 교과면접전형 경쟁률 현황 ※ 면접전형 : 교과70%+ 면접30% 단, 항공서비스학과 만 교과60%+ 면접40% 생활기록부 미반영 면접",공과대학,"시스템반도체공학과 / 국내 최초 반도체공학과의 저력! 130평 반도체공정·설계실습 인프라, 2029년까지 최대150억 국비지원, 실무형 인재양성, 반도체기업 취업까지 연결",3,3,1.0
충북,사립,청주대학교,"정원내 교과면접전형 경쟁률 현황 ※ 면접전형 : 교과70%+ 면접30% 단, 항공서비스학과 만 교과60%+ 면접40% 생활기록부 미반영 면접",예술대학,"공예디자인학과 / 예비예술인 현장연계 지원사업 2023년(2억), 2024년(1억5천), 2026년(1억4천9백) 선정, 금속, 도자, 유리공예를 중심으로 한 창의 교육",3,3,1.0
충북,사립,청주대학교,정원내 지역인재전형 [교과100%],인문사회대학,"지적학과 / 1979년 설립 이래 공공분야 인재 1,700여 명 배출, 최근 5년간 지적직 공무원·공기업 연평균 21명 이상 합격, 2025년 지적 국가기술자격 취득률 63%(전국 41%)",3,3,1.0
충북,국립,충북대학교,학생부교과(지역인재전형),사범대학,교육학과,3,3,1.0
충북,국립,충북대학교,학생부교과(지역인재전형),사범대학,화학교육과,3,3,1.0
충북,국립,충북대학교,학생부교과(지역인재전형),사범대학,생물교육과,3,3,1.0
경기,사립,가천대학교(성남),특성화고교 전형,인문계열,의료산업경영학과,2,2,1.0
경기,사립,가천대학교(성남),기회균형 전형,인문계열,회계세무학과,2,2,1.0
경기,사립,가천대학교(성남),기회균형 전형,인문계열,경제학과,2,2,1.0
경기,사립,가천대학교(성남),기회균형 전형,자연계열,화학과,2,2,1.0
경기,사립,가천대학교(성남),농어촌(종합) 전형,인문계열,경제학과,2,2,1.0
경기,사립,가톨릭대학교(부천),학생부종합(가톨릭지도자추천전형),,인공지능학과,2,2,1.0
경기,사립,가톨릭대학교(부천),학생부종합(가톨릭지도자추천전형),,데이터사이언스학과,2,2,1.0
경기,사립,가톨릭대학교(부천),실기우수자전형,,비올라,2,2,1.0
경기,사립,강남대학교,[정원내]학생부교과(농어촌학생전형),인문사회계,교육학과,2,2,1.0
경기,사립,강남대학교,[정원내]학생부교과(국가보훈대상자전형),공학계,컴퓨터공학부,2,2,1.0
경기,사립,강남대학교,[정원내]학생부교과(국가보훈대상자전형),공학계,전자반도체공학부,2,2,1.0
경기,사립,강남대학교,[정원내]학생부교과(국가보훈대상자전형),공학계,부동산건설학부,2,2,1.0
경기,사립,경기대학교(수원),학생부교과(교과성적우수자전형),,건축학과(5년제),2,2,1.0
경기,사립,경기대학교(수원),학생부교과(농어촌학생전형),,사학과,2,2,1.0
경기,사립,경기대학교(수원),학생부교과(농어촌학생전형),,관광문화콘텐츠학과,2,2,1.0
경기,사립,경기대학교(수원),학생부교과(기초생활수급자등선발전형),,기계시스템공학과,2,2,1.0
경기,사립,경기대학교(수원),학생부교과(기초생활수급자등선발전형),,"신소재화학공학부 / 신소재공학전공, 화학공학전공",2,2,1.0
경기,사립,경기대학교(수원),실기/실적(체육특기자전형),,유도(여)-52kg,2,2,1.0
경기,사립,경희대학교(용인),서울캠퍼스 학생부종합(기회균형전형Ⅱ),인문계열,무역학과,2,2,1.0
경기,사립,경희대학교(용인),국제캠퍼스 학생부교과(지역균형전형),자연계열,원자력공학과,2,2,1.0
경기,사립,경희대학교(용인),국제캠퍼스 학생부교과(지역균형전형),자연계열,건축학과(5년제),2,2,1.0
경기,사립,경희대학교(용인),국제캠퍼스 학생부교과(지역균형전형),자연계열,전자공학부 반도체공학과,2,2,1.0
경기,사립,경희대학교(용인),국제캠퍼스 학생부교과(지역균형전형),자연계열,생체의공학과,2,2,1.0
경기,사립,경희대학교(용인),국제캠퍼스 학생부종합[기회균형전형Ⅰ(국가보훈·농어촌·수급자·자립아동 등)],자연계열,건축공학과,2,2,1.0
경기,사립,경희대학교(용인),국제캠퍼스 실기우수자전형(체육),체육계열,스포츠지도학과-농구(남)-가드,2,2,1.0
경기,사립,경희대학교(용인),국제캠퍼스 실기우수자전형(체육),체육계열,스포츠지도학과-요트(윈드서핑 포함),2,2,1.0
경기,사립,단국대학교(죽전),[학생부종합] 기회균형선발 경쟁률 현황 (죽전),,사이버보안학과,2,2,1.0
경기,사립,단국대학교(죽전),[학생부종합] 사회적배려대상자 경쟁률 현황 (죽전),,고분자시스템공학부(고분자공학전공),2,2,1.0
경기,사립,단국대학교(죽전),[학생부종합] 농어촌학생(정원외) 경쟁률 현황 (죽전),,영미인문학과,2,2,1.0
경기,사립,단국대학교(죽전),[학생부종합] 사회적배려대상자 경쟁률 현황 (천안),,식품자원경제학과,2,2,1.0
경기,사립,단국대학교(죽전),[학생부종합] 사회적배려대상자 경쟁률 현황 (천안),,생명공학부(녹지조경학전공),2,2,1.0
경기,사립,단국대학교(죽전),[학생부종합] 사회적배려대상자 경쟁률 현황 (천안),,식품공학과,2,2,1.0
경기,사립,단국대학교(죽전),[학생부종합] 교육기회배려자(정원외) 경쟁률 현황 (천안),,유럽중남미학부(러시아학전공),2,2,1.0
경기,사립,단국대학교(죽전),[학생부종합] 교육기회배려자(정원외) 경쟁률 현황 (천안),,공공정책학과(야),2,2,1.0
경기,사립,단국대학교(죽전),[학생부종합] 교육기회배려자(정원외) 경쟁률 현황 (천안),,제약공학과,2,2,1.0
경기,사립,단국대학교(죽전),[실기/실적위주] 체육특기자 경쟁률 현황 (천안),,스포츠경영학과(여)-농구(센터),2,2,1.0
경기,사립,단국대학교(죽전),[실기/실적위주] 체육특기자 경쟁률 현황 (천안),,국제스포츠학부(국제스포츠전공)(여)-축구(DF),2,2,1.0
경기,사립,단국대학교(죽전),[실기/실적위주] 체육특기자 경쟁률 현황 (천안),,국제스포츠학부(국제스포츠전공)(여)-축구(MF),2,2,1.0
경기,사립,단국대학교(죽전),[실기/실적위주] 체육특기자 경쟁률 현황 (천안),,국제스포츠학부(국제스포츠전공)(여)-축구(FW),2,2,1.0
경기,사립,단국대학교(죽전),[실기/실적위주] 체육특기자 경쟁률 현황 (천안),,"국제스포츠학부(국제스포츠전공)(남)-스키,스노보드(스키 크로스컨트리)",2,2,1.0
경기,사립,대진대학교,학생부교과(고른기회전형) - 교과100%,인문사회대학,영어영문학과,2,2,1.0
경기,사립,대진대학교,학생부교과(고른기회전형) - 교과100%,인문사회대학,역사·문화콘텐츠학과,2,2,1.0
경기,사립,대진대학교,학생부교과(고른기회전형) - 교과100%,보건과학대학,식품영양학과 [교직],2,2,1.0
경기,사립,대진대학교,학생부교과(고른기회전형) - 교과100%,AI공과대학,스마트시티·환경공학과,2,2,1.0
경기,사립,대진대학교,학생부교과(고른기회전형) - 교과100%,예술대학,영화영상학과 [교직],2,2,1.0
경기,사립,대진대학교,학생부교과(농어촌학생전형-정원외) - 교과100%,인문사회대학,아동학과,2,2,1.0
경기,사립,대진대학교,학생부교과(농어촌학생전형-정원외) - 교과100%,AI공과대학,스마트융합보안학과,2,2,1.0
경기,사립,대진대학교,학생부교과(농어촌학생전형-정원외) - 교과100%,AI공과대학,스마트모빌리티공학과,2,2,1.0
경기,사립,대진대학교,학생부교과(농어촌학생전형-정원외) - 교과100%,예술대학,영화영상학과 [교직],2,2,1.0
경기,사립,대진대학교,학생부교과(특성화고교졸업자전형-정원외) - 교과100%,AI공과대학,IT기계공학과 [교직],2,2,1.0
경기,사립,대진대학교,학생부교과(특성화고교졸업자전형-정원외) - 교과100%,예술대학,영화영상학과 [교직],2,2,1.0
경기,사립,대진대학교,학생부교과(기초생활수급권자 및 차상위계층전형-정원외) - 교과100%,인문사회대학,글로벌경제학과,2,2,1.0
경기,사립,대진대학교,학생부교과(기초생활수급권자 및 차상위계층전형-정원외) - 교과100%,보건과학대학,식품영양학과 [교직],2,2,1.0
경기,사립,명지대학교(용인),학생부교과(학교장추천전형),,전통건축학전공,2,2,1.0
경기,사립,명지대학교(용인),학생부교과(특성화고교전형),,산업경영공학과,2,2,1.0
경기,사립,명지대학교(용인),학생부종합(명지인재서류전형),,융합에너지학전공,2,2,1.0
경기,사립,명지대학교(용인),학생부종합(농어촌학생전형),,스마트모빌리티공학전공,2,2,1.0
경기,사립,성결대학교,[학생부교과] 고른기회Ⅰ,인문사회융합대학,한국어문화학과,2,2,1.0
경기,사립,성결대학교,[학생부교과] (정원외) 고른기회Ⅱ,인문사회융합대학,한국어문화학과,2,2,1.0
경기,사립,성결대학교,[학생부교과] (정원외) 고른기회Ⅱ,글로벌경영대학,글로벌물류학과,2,2,1.0
경기,사립,성결대학교,[학생부교과] (정원외) 고른기회Ⅱ,IT융합공과대학,ICT공학과,2,2,1.0
경기,사립,성결대학교,[학생부교과] (정원외) 고른기회Ⅱ,IT융합공과대학,미디어소프트웨어학과,2,2,1.0
경기,사립,수원대학교,고교추천전형,혁신공과대학,건축학과,2,2,1.0
경기,사립,수원대학교,고교추천전형,혁신공과대학,도시부동산학과,2,2,1.0
경기,사립,수원대학교,고교추천전형,라이프케어사이언스대학,의류학과,2,2,1.0
경기,사립,수원대학교,기회균형특별전형,혁신공과대학,기계공학부,2,2,1.0
경기,사립,수원대학교,고운사회전형,혁신공과대학,바이오공학과,2,2,1.0
경기,사립,수원대학교,고운사회전형,혁신공과대학,건설환경에너지공학부,2,2,1.0
경기,사립,아주대학교,특수교육대상자전형(정원외),,경영학과,2,2,1.0
경기,사립,안양대학교(안양),학생부종합(고른기회),,식품영양학과(교직),2,2,1.0
경기,사립,안양대학교(안양),실기/실적(체육특기자),,역도,2,2,1.0
경기,사립,용인대학교,정원내 교과성적우수자 특별전형,인문사회융합대학,중국학과,2,2,1.0
경기,사립,용인대학교,정원내 기회균형 특별전형,문화예술대학,예능 / 문화예술계열전공학부,2,2,1.0
경기,사립,용인대학교,정원내 기회균형 특별전형,문화예술대학,회화학과,2,2,1.0
경기,사립,용인대학교,정원내 기회균형 특별전형,AI바이오융합대학,자연과학 / 자연계열전공학부,2,2,1.0
경기,사립,용인대학교,정원외 농어촌학생 특별전형,AI바이오융합대학,AI시스템반도체학과,2,2,1.0
경기,사립,을지대학교(성남의정부),기회균형(정원내),,첨단학부,2,2,1.0
경기,사립,을지대학교(성남의정부),사회기여 및 배려대상자,,안경광학과,2,2,1.0
경기,사립,을지대학교(성남의정부),사회기여 및 배려대상자,,의료경영학과,2,2,1.0
경기,사립,을지대학교(성남의정부),사회기여 및 배려대상자,,첨단학부,2,2,1.0
경기,사립,중부대학교(고양),실적우수자전형,,스포츠재활복지학전공 / 세팍타크로,2,2,1.0
경기,사립,칼빈대학교,학생부교과(저소득층인재특별전형),인문사회계열,신학과,2,2,1.0
경기,국립,한경국립대학교,학생부교과(지역균형선발_안성)_정원내,,경영학과,2,2,1.0
경기,국립,한경국립대학교,학생부교과(지역균형선발_안성)_정원내,,조경학과,2,2,1.0
경기,국립,한경국립대학교,학생부교과(지역균형선발_안성)_정원내,,기계공학과,2,2,1.0
경기,국립,한경국립대학교,학생부교과(농어촌학생)_정원외,,AI반도체융합학과,2,2,1.0
경기,사립,한양대학교(ERICA),학생부종합(고른기회),공학대학,교통·물류공학과,2,2,1.0
경기,사립,한양대학교(ERICA),학생부종합(고른기회),공학대학,에너지바이오학과,2,2,1.0
경기,사립,한양대학교(ERICA),학생부종합(특성화고졸재직자(정원내)),경상대학,회계세무학과,2,2,1.0
경기,사립,협성대학교,정원내 [학생부교과]기회균형,인문사회과학대학,도시행정학과,2,2,1.0
경기,사립,협성대학교,정원내 [학생부교과]기회균형,경영대학,유통경영학과,2,2,1.0
경기,사립,협성대학교,정원내 [학생부교과]사회배려자,인문사회과학대학,도시행정학과,2,2,1.0
경기,사립,협성대학교,정원내 [학생부교과]사회배려자,경영대학,세무회계학과,2,2,1.0
경기,사립,협성대학교,정원내 [학생부교과]사회배려자,경영대학,유통경영학과,2,2,1.0
경기,사립,협성대학교,정원내 [학생부교과]사회배려자,이공대학,컴퓨터공학과,2,2,1.0
경기,사립,협성대학교,정원내 [학생부교과]사회배려자,이공대학,보건관리학과,2,2,1.0
경기,사립,협성대학교,정원외 [학생부교과]농어촌학생,이공대학,소프트웨어공학과,2,2,1.0
경기,사립,협성대학교,정원외 [학생부교과]기초생활수급자/차상위계층/한부모가족,이공대학,소프트웨어공학과,2,2,1.0
서울,사립,가톨릭대학교(서울),학생부종합(가톨릭지도자추천전형),,인공지능학과,2,2,1.0
서울,사립,가톨릭대학교(서울),학생부종합(가톨릭지도자추천전형),,데이터사이언스학과,2,2,1.0
서울,사립,가톨릭대학교(서울),실기우수자전형,,비올라,2,2,1.0
서울,사립,강서대학교,사회통합,,경영학과(사회통합),2,2,1.0
서울,사립,경기대학교(서울),학생부교과(교과성적우수자전형),,건축학과(5년제),2,2,1.0
서울,사립,경기대학교(서울),학생부교과(농어촌학생전형),,사학과,2,2,1.0
서울,사립,경기대학교(서울),학생부교과(농어촌학생전형),,관광문화콘텐츠학과,2,2,1.0
서울,사립,경기대학교(서울),학생부교과(기초생활수급자등선발전형),,기계시스템공학과,2,2,1.0
서울,사립,경기대학교(서울),학생부교과(기초생활수급자등선발전형),,"신소재화학공학부 / 신소재공학전공, 화학공학전공",2,2,1.0
서울,사립,경기대학교(서울),실기/실적(체육특기자전형),,유도(여)-52kg,2,2,1.0
서울,사립,경희대학교(서울),서울캠퍼스 학생부종합(기회균형전형Ⅱ),인문계열,무역학과,2,2,1.0
서울,사립,경희대학교(서울),국제캠퍼스 학생부교과(지역균형전형),자연계열,원자력공학과,2,2,1.0
서울,사립,경희대학교(서울),국제캠퍼스 학생부교과(지역균형전형),자연계열,건축학과(5년제),2,2,1.0
서울,사립,경희대학교(서울),국제캠퍼스 학생부교과(지역균형전형),자연계열,전자공학부 반도체공학과,2,2,1.0
서울,사립,경희대학교(서울),국제캠퍼스 학생부교과(지역균형전형),자연계열,생체의공학과,2,2,1.0
서울,사립,경희대학교(서울),국제캠퍼스 학생부종합[기회균형전형Ⅰ(국가보훈·농어촌·수급자·자립아동 등)],자연계열,건축공학과,2,2,1.0
서울,사립,경희대학교(서울),국제캠퍼스 실기우수자전형(체육),체육계열,스포츠지도학과-농구(남)-가드,2,2,1.0
서울,사립,경희대학교(서울),국제캠퍼스 실기우수자전형(체육),체육계열,스포츠지도학과-요트(윈드서핑 포함),2,2,1.0
서울,사립,동덕여자대학교,실기우수자전형,예술대학,관현악전공(첼로),2,2,1.0
서울,사립,동덕여자대학교,실기우수자전형,예술대학,관현악전공(클라리넷),2,2,1.0
서울,사립,명지대학교(서울),학생부교과(학교장추천전형),,전통건축학전공,2,2,1.0
서울,사립,명지대학교(서울),학생부교과(특성화고교전형),,산업경영공학과,2,2,1.0
서울,사립,명지대학교(서울),학생부종합(명지인재서류전형),,융합에너지학전공,2,2,1.0
서울,사립,명지대학교(서울),학생부종합(농어촌학생전형),,스마트모빌리티공학전공,2,2,1.0
서울,사립,삼육대학교,농어촌전형,,글로벌한국학과,2,2,1.0
서울,사립,삼육대학교,농어촌전형,,환경디자인원예학과,2,2,1.0
서울,사립,상명대학교(서울),정원 내 학생부종합(기회균형전형),,화공신소재전공,2,2,1.0
서울,사립,상명대학교(서울),정원 내 실기/실적(실기전형),,관현악(금관)-호른,2,2,1.0
서울,사립,상명대학교(서울),정원 외 학생부종합(특수교육대상자전형),,가족복지학과,2,2,1.0
서울,국립,서울과학기술대학교,기회균형전형(기회균등),에너지바이오대학,안경광학과,2,2,1.0
서울,사립,서울여자대학교,학생부종합(기회균형전형_사회통합지원),과학기술융합대학,원예생명조경학과,2,2,1.0
서울,사립,서울여자대학교,학생부종합(기회균형전형_사회통합지원),과학기술융합대학,식품생명공학과,2,2,1.0
서울,사립,서울여자대학교,학생부종합(기회균형전형_농어촌학생)[정원외],과학기술융합대학,식품영양학과,2,2,1.0
서울,사립,성공회대학교,기회균형선발(정원외),,경영학부,2,2,1.0
서울,사립,성공회대학교,기회균형선발(정원외),,소프트웨어융합학부,2,2,1.0
서울,사립,성신여자대학교,기회균형Ⅰ,,독일어문·문화학과,2,2,1.0
서울,사립,세종대학교,실기/실적(실기우수자 전형),예체능,음악과-비올라,2,2,1.0
서울,사립,세종대학교,실기/실적(예체능특기자 전형),예체능,체육학과-에어로빅체조,2,2,1.0
서울,사립,숙명여자대학교,[학생부종합] 기회균형전형,사회과학대학,홍보광고학과,2,2,1.0
서울,사립,숙명여자대학교,[학생부종합] 기회균형전형,공과대학,데이터사이언스전공,2,2,1.0
서울,사립,숙명여자대학교,[학생부종합] 농어촌학생전형(정원외),경상대학,경제학부,2,2,1.0
서울,사립,숙명여자대학교,[학생부종합] 특성화고교출신자전형(정원외),사회과학대학,홍보광고학과,2,2,1.0
서울,사립,숭실대학교,학생부종합(기회균형전형),,국제법무학과,2,2,1.0
서울,사립,숭실대학교,학생부종합(기회균형전형),,금융학부,2,2,1.0
서울,사립,숭실대학교,학생부종합(특수교육대상자전형),,영어영문학과,2,2,1.0
서울,사립,이화여자대학교,학생부종합(사회기여자전형),공과대학,휴먼기계바이오공학과,2,2,1.0
서울,국립,한국체육대학교,체육특기자(개인),,체육학과-빙상-스피드 단거리[남],2,2,1.0
서울,국립,한국체육대학교,체육특기자(개인),,체육학과-양궁-리커브[남],2,2,1.0
서울,국립,한국체육대학교,체육특기자(개인),,체육학과-양궁-컴파운드[남],2,2,1.0
서울,국립,한국체육대학교,체육특기자(개인),,체육학과-양궁-리커브[여],2,2,1.0
서울,국립,한국체육대학교,체육특기자(개인),,체육학과-유도[여] -48kg,2,2,1.0
서울,국립,한국체육대학교,체육특기자(개인),,체육학과-유도[여] -78kg,2,2,1.0
서울,국립,한국체육대학교,체육특기자(개인),,체육학과-펜싱-사브르[여],2,2,1.0
서울,국립,한국체육대학교,체육특기자(개인),,체육학과-조정-싱글스컬(1X)[남],2,2,1.0
서울,사립,한양대학교(서울),실기/실적(연기특기자),예술체육대학,연극영화학과(연기),2,2,1.0
인천,사립,가천대학교(인천),특성화고교 전형,인문계열,의료산업경영학과,2,2,1.0
인천,사립,가천대학교(인천),기회균형 전형,인문계열,회계세무학과,2,2,1.0
인천,사립,가천대학교(인천),기회균형 전형,인문계열,경제학과,2,2,1.0
인천,사립,가천대학교(인천),기회균형 전형,자연계열,화학과,2,2,1.0
인천,사립,가천대학교(인천),농어촌(종합) 전형,인문계열,경제학과,2,2,1.0
인천,사립,안양대학교(강화),학생부종합(고른기회),,식품영양학과(교직),2,2,1.0
인천,사립,안양대학교(강화),실기/실적(체육특기자),,역도,2,2,1.0
인천,국립,인천대학교,학생부교과(사회통합),글로벌정경대학,경제학과,2,2,1.0
인천,국립,인천대학교,학생부종합(기회균형),공과대학,바이오-로봇시스템공학과,2,2,1.0
인천,국립,인천대학교,실기/실적(특기자),예술체육대학,테니스(여),2,2,1.0
인천,국립,인천대학교,실기/실적(특기자),예술체육대학,스포츠의학부 / 배드민턴(여),2,2,1.0
인천,국립,인천대학교,실기/실적(특기자),예술체육대학,탁구(여),2,2,1.0
인천,사립,인하대학교,학생부종합 고른기회,공과대학,화공에너지공학부(이차전지공학전공),2,2,1.0
인천,사립,인하대학교,학생부종합 고른기회,자연과학대학,수학과,2,2,1.0
인천,사립,인하대학교,학생부종합 고른기회,자연과학대학,물리학과,2,2,1.0
인천,사립,인하대학교,학생부종합 고른기회,사범대학,영어교육과,2,2,1.0
인천,사립,인하대학교,학생부종합 고른기회,사범대학,교육학과,2,2,1.0
인천,사립,인하대학교,학생부종합 고른기회,사회과학대학,아동심리학과,2,2,1.0
인천,사립,인하대학교,학생부종합 고른기회,문과대학,한국어문학과,2,2,1.0
인천,사립,인하대학교,학생부종합 고른기회,문과대학,사학과,2,2,1.0
인천,사립,인하대학교,학생부종합 고른기회,문과대학,중국학과,2,2,1.0
인천,사립,인하대학교,학생부종합 농어촌학생,사범대학,교육학과,2,2,1.0
인천,사립,인하대학교,학생부종합 농어촌학생,사회과학대학,아동심리학과,2,2,1.0
인천,사립,인하대학교,학생부종합 농어촌학생,사회과학대학,사회복지학과,2,2,1.0
인천,사립,인하대학교,학생부종합 농어촌학생,문과대학,철학과,2,2,1.0
인천,사립,인하대학교,학생부종합 농어촌학생,예술체육대학,의류디자인학과(일반),2,2,1.0
인천,사립,인하대학교,실기/실적 체육특기자,사범대학,씨름(남)씨름(전체급),2,2,1.0
인천,사립,인하대학교,실기/실적 체육특기자,예술체육대학,씨름(남)씨름(전체급),2,2,1.0
대전,사립,건양대학교(대전),농어촌학생전형,,의료신소재학과,2,2,1.0
대전,사립,건양대학교(대전),"기초생활수급자, 차상위계층, 한부모가족 지원대상자 전형",,특수교육과 [사범],2,2,1.0
대전,사립,건양대학교(대전),특성화고교졸업자전형,,의료IT공학과,2,2,1.0
대전,국립,국립한밭대학교,지역인재(종합)전형,,산업디자인학과,2,2,1.0
대전,국립,국립한밭대학교,특성화고교졸업자전형,,자율전공학부,2,2,1.0
대전,사립,목원대학교,"지역인재전형 경쟁률 현황 교과100 [면접없음, 수능최저없음]",웹툰애니메이션게임대학,애니메이션학과 [SW],2,2,1.0
대전,사립,목원대학교,"지역인재전형 경쟁률 현황 교과100 [면접없음, 수능최저없음]",웹툰애니메이션게임대학,게임콘텐츠학과 [SW],2,2,1.0
대전,사립,배재대학교,정원내 실기/실적 체육특기자,,레저스포츠학부(스포츠지도·건강재활) [양궁],2,2,1.0
대전,사립,우송대학교,정원내 학생부 교과 - 지역인재 전형 (교과100% / 12과목 반영),외식조리대학,글로벌제과제빵학과,2,2,1.0
대전,사립,우송대학교,정원내 학생부 교과 - 자기추천 전형 (교과100% / 12과목 반영),철도대학,철도소프트웨어전공,2,2,1.0
대전,사립,우송대학교,정원내 학생부 교과 - 자기추천 전형 (교과100% / 12과목 반영),외식조리대학,글로벌호텔관광학과,2,2,1.0
대전,사립,우송대학교,정원내 학생부 교과 - 자기추천 전형 (교과100% / 12과목 반영),보건복지대학,응급구조학과,2,2,1.0
대전,사립,우송대학교,정원내 학생부 교과 - 자기추천 전형 (교과100% / 12과목 반영),보건복지대학,사회복지학과,2,2,1.0
대전,사립,우송대학교,정원내 학생부 교과 - 자기추천 전형 (교과100% / 12과목 반영),보건복지대학,간호학과,2,2,1.0
대전,사립,우송대학교,정원내 학생부 교과 - 자기추천 전형 (교과100% / 12과목 반영),보건복지대학,보건복지자율전공학부,2,2,1.0
대전,사립,우송대학교,정원내 학생부 종합 - 종합서류형 전형 (면접X),철도대학,철도소프트웨어전공,2,2,1.0
대전,사립,을지대학교(대전),기회균형(정원내),,첨단학부,2,2,1.0
대전,사립,을지대학교(대전),사회기여 및 배려대상자,,안경광학과,2,2,1.0
대전,사립,을지대학교(대전),사회기여 및 배려대상자,,의료경영학과,2,2,1.0
대전,사립,을지대학교(대전),사회기여 및 배려대상자,,첨단학부,2,2,1.0
대전,국립,충남대학교,지역인재전형,인문대학,한문학과*,2,2,1.0
대전,국립,충남대학교,지역인재전형,지식융합학부,문화와사회융합전공,2,2,1.0
대전,국립,충남대학교,학생부종합 면접전형,사범대학,화학공학교육과,2,2,1.0
대전,국립,충남대학교,학생부종합 서류전형,인문대학,국사학과,2,2,1.0
대전,국립,충남대학교,농어촌학생전형,인문대학,영어영문학과,2,2,1.0
대전,국립,충남대학교,농어촌학생전형,경상대학,경제학과,2,2,1.0
대전,국립,충남대학교,농어촌학생전형,경상대학,무역학과,2,2,1.0
대전,국립,충남대학교,특수교육대상자전형,경상대학,경영학부,2,2,1.0
대전,국립,충남대학교,특수교육대상자전형,자연과학대학,물리학과*,2,2,1.0
대전,국립,충남대학교,특수교육대상자전형,자연과학대학,화학과*,2,2,1.0
대전,국립,충남대학교,특수교육대상자전형,생활과학대학,식품영양학과*,2,2,1.0
세종,사립,고려대학교(세종),학생부종합(지역인재전형),과학기술대학,컴퓨터소프트웨어학과,2,2,1.0
세종,사립,고려대학교(세종),학생부종합(지역인재전형),과학기술대학,인공지능사이버보안학과,2,2,1.0
세종,사립,고려대학교(세종),학생부종합(지역인재전형),공공정책대학,공공사회·통일외교학부,2,2,1.0
세종,사립,홍익대학교(세종),기초생활수급자·차상위계층전형,AID융합과학기술대학,소프트웨어융합학과,2,2,1.0
세종,사립,홍익대학교(세종),농어촌학생전형,AID융합과학기술대학,바이오화학융합공학과,2,2,1.0
충남,사립,건양대학교(논산),농어촌학생전형,,의료신소재학과,2,2,1.0
충남,사립,건양대학교(논산),"기초생활수급자, 차상위계층, 한부모가족 지원대상자 전형",,특수교육과 [사범],2,2,1.0
충남,사립,건양대학교(논산),특성화고교졸업자전형,,의료IT공학과,2,2,1.0
충남,국립,국립공주대학교,학생부교과전형  일반전형(정원내),사범대학,교육학과,2,2,1.0
충남,국립,국립공주대학교,학생부교과전형  지역인재전형(정원내),사범대학,물리교육과,2,2,1.0
충남,국립,국립공주대학교,학생부교과전형  농어촌학생전형(정원외),자연과학대학,생명과학과,2,2,1.0
충남,국립,국립공주대학교,실기/실적전형  특기자전형(정원내),사범대학,체육교육과 / 배드민턴_여,2,2,1.0
충남,국립,국립공주대학교,실기/실적전형  특기자전형(정원내),사범대학,탁구_여,2,2,1.0
충남,국립,국립공주대학교,실기/실적전형  특성화고교졸업자전형(정원외),예술대학,영상학과,2,2,1.0
충남,사립,나사렛대학교,장애학생(학생부종합/실기위주),,특수교육과,2,2,1.0
충남,사립,나사렛대학교,장애학생(학생부종합/실기위주),,태권도학과,2,2,1.0
충남,사립,단국대학교(천안),[학생부종합] 기회균형선발 경쟁률 현황 (죽전),,사이버보안학과,2,2,1.0
충남,사립,단국대학교(천안),[학생부종합] 사회적배려대상자 경쟁률 현황 (죽전),,고분자시스템공학부(고분자공학전공),2,2,1.0
충남,사립,단국대학교(천안),[학생부종합] 농어촌학생(정원외) 경쟁률 현황 (죽전),,영미인문학과,2,2,1.0
충남,사립,단국대학교(천안),[학생부종합] 사회적배려대상자 경쟁률 현황 (천안),,식품자원경제학과,2,2,1.0
충남,사립,단국대학교(천안),[학생부종합] 사회적배려대상자 경쟁률 현황 (천안),,생명공학부(녹지조경학전공),2,2,1.0
충남,사립,단국대학교(천안),[학생부종합] 사회적배려대상자 경쟁률 현황 (천안),,식품공학과,2,2,1.0
충남,사립,단국대학교(천안),[학생부종합] 교육기회배려자(정원외) 경쟁률 현황 (천안),,유럽중남미학부(러시아학전공),2,2,1.0
충남,사립,단국대학교(천안),[학생부종합] 교육기회배려자(정원외) 경쟁률 현황 (천안),,공공정책학과(야),2,2,1.0
충남,사립,단국대학교(천안),[학생부종합] 교육기회배려자(정원외) 경쟁률 현황 (천안),,제약공학과,2,2,1.0
충남,사립,단국대학교(천안),[실기/실적위주] 체육특기자 경쟁률 현황 (천안),,스포츠경영학과(여)-농구(센터),2,2,1.0
충남,사립,단국대학교(천안),[실기/실적위주] 체육특기자 경쟁률 현황 (천안),,국제스포츠학부(국제스포츠전공)(여)-축구(DF),2,2,1.0
충남,사립,단국대학교(천안),[실기/실적위주] 체육특기자 경쟁률 현황 (천안),,국제스포츠학부(국제스포츠전공)(여)-축구(MF),2,2,1.0
충남,사립,단국대학교(천안),[실기/실적위주] 체육특기자 경쟁률 현황 (천안),,국제스포츠학부(국제스포츠전공)(여)-축구(FW),2,2,1.0
충남,사립,단국대학교(천안),[실기/실적위주] 체육특기자 경쟁률 현황 (천안),,"국제스포츠학부(국제스포츠전공)(남)-스키,스노보드(스키 크로스컨트리)",2,2,1.0
충남,사립,백석대학교,정원내 모집 학생부 교과 지역인재(일반),,관광학부 글로벌호텔비즈니스,2,2,1.0
충남,사립,백석대학교,정원내 모집 실기위주 (예·체능계열) 체육특기자,,볼링,2,2,1.0
충남,사립,백석대학교,정원외 모집 학생부 교과 서해5도민,,보건학부 응급구조학과,2,2,1.0
충남,사립,백석대학교,정원외 모집 실기위주 (예·체능계열) 농어촌학생 실기전형,,사범학부 특수체육교육과,2,2,1.0
충남,사립,백석대학교,정원외 모집 학생부 교과 + 면접 계약학과,,㈜호반호텔앤리조트(스플라스 리솜),2,2,1.0
충남,사립,백석대학교,정원외 모집 학생부 교과 + 면접 계약학과,,(주)웅비기계,2,2,1.0
충남,사립,백석대학교,정원외 모집 학생부 교과 + 면접 계약학과,,문화예술학부 뷰티디자인학과 / 박승철 헤어스투디오,2,2,1.0
충남,사립,백석대학교,정원외 모집 학생부 교과 + 면접 계약학과,,약손명가 에스테틱,2,2,1.0
충남,사립,상명대학교(천안),정원외 학생부교과(농어촌학생전형),,간호학과 / -,2,2,1.0
충남,사립,순천향대학교,[정원내] 학생부교과(기회균형전형),자연과학대학,환경보건학과,2,2,1.0
충남,사립,순천향대학교,[정원내] 학생부교과(기회균형전형),인문사회과학대학,특수교육과,2,2,1.0
충남,사립,순천향대학교,[정원내] 학생부교과(기회균형전형),인문사회과학대학,법·행정학부(법학전공),2,2,1.0
충남,사립,순천향대학교,[정원내] 학생부교과(기회균형전형),인문사회과학대학,법·행정학부(행정학전공),2,2,1.0
충남,사립,순천향대학교,[정원내] 학생부교과(기회균형전형),인문사회과학대학,한국문화콘텐츠학과,2,2,1.0
충남,사립,순천향대학교,[정원내] 학생부교과(기회균형전형),인문사회과학대학,영미학과,2,2,1.0
충남,사립,순천향대학교,[정원내] 학생부교과(기회균형전형),글로벌경영대학,국제통상학과,2,2,1.0
충남,사립,순천향대학교,[정원내] 학생부교과(기회균형전형),글로벌경영대학,경제금융학과,2,2,1.0
충남,사립,순천향대학교,[정원내] 학생부교과(기회균형전형),글로벌경영대학,글로벌문화산업학과,2,2,1.0
충남,사립,순천향대학교,[정원내] 학생부교과(기회균형전형),공과대학,전자공학부(정보통신공학전공),2,2,1.0
충남,사립,순천향대학교,[정원내] 학생부교과(기회균형전형),공과대학,전자공학부(전자공학전공),2,2,1.0
충남,사립,순천향대학교,[정원내] 학생부종합(SW융합전형),AI대학,컴퓨터공학부(소프트웨어공학전공),2,2,1.0
충남,사립,순천향대학교,[정원내] 실기/실적(특기자전형),자연과학대학,테니스(남),2,2,1.0
충남,사립,순천향대학교,[정원외] 학생부종합(조기취업형계약학과전형),창의라이프대학,(주)수양켐텍,2,2,1.0
충남,사립,순천향대학교,[정원외] 학생부종합(조기취업형계약학과전형),창의라이프대학,(주)알티자동화,2,2,1.0
충남,사립,순천향대학교,[정원외] 학생부종합(조기취업형계약학과전형),창의라이프대학,(주)뉴앤뉴,2,2,1.0
충남,사립,유원대학교(아산),농어촌학생,,뷰티케어학과,2,2,1.0
충남,사립,중부대학교(금산),실적우수자전형,,스포츠재활복지학전공 / 세팍타크로,2,2,1.0
충남,사립,한국기술교육대학교,사회통합,,컴퓨터공학부 / 컴퓨터공학전공,2,2,1.0
충남,사립,한국기술교육대학교,농어촌학생[정원외],,디자인공학과,2,2,1.0
충남,사립,한국기술교육대학교,농어촌학생[정원외],,경영학부 / 융합경영전공,2,2,1.0
충남,사립,호서대학교,- 정원내 학생부교과 기회균형전형,,전기시스템공학과,2,2,1.0
충남,사립,호서대학교,- 정원내 학생부교과 기회균형전형,,식품공학과,2,2,1.0
충남,사립,호서대학교,- 정원내 학생부교과 기회균형전형,,임상병리학과,2,2,1.0
충남,사립,호서대학교,- 정원내 학생부교과 기회균형전형,,미디어커뮤니케이션학과,2,2,1.0
충남,사립,호서대학교,- 정원외 학생부교과 기초생활수급자 및 차상위계층전형,,동물보건복지학과,2,2,1.0
충남,사립,호서대학교,- 정원외 학생부교과 기초생활수급자 및 차상위계층전형,,한국언어문화학과,2,1,1.0
충남,사립,호서대학교,- 정원외 학생부교과 조기취업형 계약학과,,위드위(주),2,2,1.0
충북,사립,가톨릭꽃동네대학교,특수교육대상자,,"자율전공학부(사회복지학전공,상담심리학전공)",2,2,1.0
충북,사립,건국대학교(글로컬),[학생부교과] 지역인재,인문사회융합대학,영어문화학과,2,2,1.0
충북,사립,건국대학교(글로컬),[학생부교과] 지역인재,과학기술대학,녹색기술융합학과,2,2,1.0
충북,사립,건국대학교(글로컬),[학생부교과] 특성화고교졸업자(정원외),디자인대학,패션디자인학과,2,2,1.0
충북,사립,건국대학교(글로컬),[학생부교과] 농어촌학생(정원외),인문사회융합대학,문헌정보학과,2,2,1.0
충북,사립,세명대학교,특성화고교인재전형(정원내),공학,보건안전공학과,2,2,1.0
충북,사립,유원대학교(영동),농어촌학생,,뷰티케어학과,2,2,1.0
충북,사립,청주대학교,정원내 국가보훈대상자전형 [교과100%],인문사회대학,광고홍보학과 / 광고홍보 캠페인을 내 손으로! AI 시대가 요구하는 기획력과 제작 역량을 완성한다,2,2,1.0
충북,사립,청주대학교,정원내 특기자전형,예술대학,생활체육학과(태권도),2,2,1.0
충북,국립,충북대학교,학생부종합(농어촌학생전형),경영대학,국제경영학과,2,2,1.0
충북,국립,충북대학교,학생부종합(농어촌학생전형),경영대학,경영정보학과,2,2,1.0
충북,국립,충북대학교,학생부종합(농어촌학생전형),공과대학,도시공학과,2,2,1.0
충북,국립,충북대학교,실기/실적(체육특기자전형),사범대학,검도 (남),2,2,1.0
충북,국립,충북대학교,실기/실적(체육특기자전형),사범대학,레슬링 (남),2,2,1.0
경기,사립,가천대학교(성남),농어촌(교과) 전형,자연계열,건설환경공학과,1,1,1.0
경기,사립,가천대학교(성남),실기우수자 전형,예체능계열,기악전공(Oboe),1,1,1.0
경기,사립,가천대학교(성남),실기우수자 전형,예체능계열,기악전공(Bass Trombone),1,1,1.0
경기,사립,경기대학교(수원),실기/실적(체육특기자전형),,유도(남)-66kg,1,1,1.0
경기,사립,경기대학교(수원),실기/실적(체육특기자전형),,유도(남)-73kg,1,1,1.0
경기,사립,경기대학교(수원),실기/실적(체육특기자전형),,유도(남)-81kg,1,1,1.0
경기,사립,경기대학교(수원),실기/실적(체육특기자전형),,유도(여)-63kg,1,1,1.0
경기,사립,경희대학교(용인),국제캠퍼스 실기우수자전형(체육),체육계열,스포츠지도학과-배구(남)-세터(S),1,1,1.0
경기,사립,경희대학교(용인),국제캠퍼스 실기우수자전형(체육),체육계열,스포츠지도학과-핸드볼(남)-P.V,1,1,1.0
경기,사립,단국대학교(죽전),[학생부종합] 특수교육대상자(정원외) 경쟁률 현황 (죽전),,영미인문학과,1,1,1.0
경기,사립,단국대학교(죽전),[학생부종합] 특수교육대상자(정원외) 경쟁률 현황 (죽전),,무역학과,1,1,1.0
경기,사립,단국대학교(죽전),[학생부종합] 특수교육대상자(정원외) 경쟁률 현황 (죽전),,경영학부,1,1,1.0
경기,사립,단국대학교(죽전),[학생부종합] 특수교육대상자(정원외) 경쟁률 현황 (죽전),,고분자시스템공학부(고분자공학전공),1,1,1.0
경기,사립,단국대학교(죽전),[학생부종합] 특수교육대상자(정원외) 경쟁률 현황 (죽전),,고분자시스템공학부(융합소재공학전공),1,1,1.0
경기,사립,단국대학교(죽전),[학생부종합] 특수교육대상자(정원외) 경쟁률 현황 (죽전),,컴퓨터공학과,1,1,1.0
경기,사립,단국대학교(죽전),[학생부종합] 특수교육대상자(정원외) 경쟁률 현황 (죽전),,과학교육과,1,1,1.0
경기,사립,단국대학교(죽전),[실기/실적위주] 실기우수자 경쟁률 현황 (죽전),,음악학부(국악전공)-기악(관악)[아쟁],1,1,1.0
경기,사립,단국대학교(죽전),[학생부종합] 사회적배려대상자 경쟁률 현황 (천안),,아시아중동학부(몽골학전공),1,1,1.0
경기,사립,단국대학교(죽전),[학생부종합] 사회적배려대상자 경쟁률 현황 (천안),,아시아중동학부(중동학전공),1,1,1.0
경기,사립,단국대학교(죽전),[학생부종합] 사회적배려대상자 경쟁률 현황 (천안),,생명공학부(동물생명공학전공),1,1,1.0
경기,사립,단국대학교(죽전),[학생부종합] 농어촌학생(정원외) 경쟁률 현황 (천안),,유럽중남미학부(포르투갈브라질학전공),1,1,1.0
경기,사립,단국대학교(죽전),[실기/실적위주] 체육특기자 경쟁률 현황 (천안),,국제스포츠학부(국제스포츠전공)(여)-축구(GK),1,1,1.0
경기,사립,단국대학교(죽전),[실기/실적위주] 체육특기자 경쟁률 현황 (천안),,국제스포츠학부(국제스포츠전공)(여)-빙상(스피드-장거리),1,1,1.0
경기,사립,단국대학교(죽전),[실기/실적위주] 체육특기자 경쟁률 현황 (천안),,"국제스포츠학부(국제스포츠전공)-스키,스노보드(스노보드 알파인)",1,1,1.0
경기,사립,단국대학교(죽전),[실기/실적위주] 체육특기자 경쟁률 현황 (천안),,국제스포츠학부(태권도전공)(여)-겨루기(밴텀),1,1,1.0
경기,사립,대진대학교,학생부교과(취업자전형) - 교과100%,-,드론산업학과(야),1,1,1.0
경기,사립,대진대학교,학생부교과(고른기회전형) - 교과100%,AI공과대학,화학공학과 [교직],1,1,1.0
경기,사립,서울장신대학교,학생부교과위주(농어촌 및 특수교육대상자) 농어촌학생(정원외),,신학부 신학과,1,1,1.0
경기,사립,성균관대학교(수원),학생부종합(성균인재-지역인재),,"의정부권 - 의정부시, 동두천시, 양주시, 연천군",1,1,1.0
경기,사립,수원대학교,고운사회전형,혁신공과대학,건축학과,1,1,1.0
경기,사립,수원대학교,고운사회전형,라이프케어사이언스대학,의류학과,1,1,1.0
경기,사립,아주대학교,고른기회1전형,,경영인텔리전스학과,1,1,1.0
경기,사립,아주대학교,특수교육대상자전형(정원외),,국어국문학과,1,1,1.0
경기,사립,아주대학교,특수교육대상자전형(정원외),,불어불문학과,1,1,1.0
경기,사립,아주대학교,특수교육대상자전형(정원외),,사학과,1,1,1.0
경기,사립,안양대학교(안양),학생부종합(고른기회),,영미언어문화학과,1,1,1.0
경기,사립,안양대학교(안양),학생부종합(고른기회),,러시아언어문화학과,1,1,1.0
경기,사립,안양대학교(안양),학생부종합(고른기회),,데이터사이언스학과,1,1,1.0
경기,사립,안양대학교(안양),학생부종합(고른기회),,환경에너지공학과,1,1,1.0
경기,사립,안양대학교(안양),실기/실적(체육특기자),,유도(여자),1,1,1.0
경기,사립,안양대학교(안양),학생부교과(농어촌학생),,도시정보공학과,1,1,1.0
경기,사립,안양대학교(안양),학생부교과(농어촌학생),,환경에너지공학과,1,1,1.0
경기,사립,안양대학교(안양),학생부교과(특성화고교졸업자),,환경에너지공학과,1,1,1.0
경기,사립,안양대학교(안양),학생부교과(기회균형),,식품영양학과(교직),1,1,1.0
경기,사립,안양대학교(안양),학생부교과(기회균형),,도시정보공학과,1,1,1.0
경기,사립,용인대학교,정원내 기회균형 특별전형,AI바이오융합대학,식품영양학과,1,1,1.0
경기,사립,용인대학교,정원외 기초생활수급자 및 차상위계층 특별전형,인문사회융합대학,인문사회 / 경영학과,1,1,1.0
경기,사립,용인대학교,정원외 특성화고교졸업자 특별전형,인문사회융합대학,중국학과,1,1,1.0
경기,사립,용인대학교,정원외 특성화고교졸업자 특별전형,AI바이오융합대학,물리치료학과,1,1,1.0
경기,사립,을지대학교(성남의정부),기회균형(정원외),,자유전공학부(의정부),1,1,1.0
경기,사립,을지대학교(성남의정부),농어촌학생,,임상병리학과(의정부),1,1,1.0
경기,사립,을지대학교(성남의정부),특성화고교 졸업자,,첨단학부,1,1,1.0
경기,사립,칼빈대학교,학생부교과(크리스찬인재특별전형),인문사회계열,신학과,1,1,1.0
경기,국립,한경국립대학교,학생부교과(지역균형선발_안성)_정원내,,복지상담학과,1,1,1.0
경기,국립,한경국립대학교,학생부교과(지역균형선발_안성)_정원내,,식품영양학과,1,1,1.0
경기,국립,한경국립대학교,학생부종합(사회통합_안성)_정원내,,응용생명공학과,1,1,1.0
경기,국립,한경국립대학교,학생부종합(사회통합_안성)_정원내,,건축공학과,1,1,1.0
경기,국립,한경국립대학교,학생부종합(사회통합_안성)_정원내,,의류산업학과,1,1,1.0
경기,국립,한경국립대학교,학생부교과(농어촌학생)_정원외,,응용생명공학과,1,1,1.0
경기,국립,한경국립대학교,학생부교과(농어촌학생)_정원외,,식품생명공학과,1,1,1.0
경기,국립,한경국립대학교,학생부교과(농어촌학생)_정원외,,화학공학과,1,1,1.0
경기,국립,한경국립대학교,학생부교과(농어촌학생)_정원외,,스포츠과학과,1,1,1.0
경기,국립,한경국립대학교,학생부교과(농어촌학생)_정원외,,의료재활공학과,1,1,1.0
경기,국립,한경국립대학교,학생부교과(기초생활수급자 및 차상위계층 등)_정원외,,AI융합대학,1,1,1.0
경기,사립,한국공학대학교,학생부교과(특성화고교졸업자),,기계설계공학부 지능형모빌리티전공,1,1,1.0
경기,사립,협성대학교,정원외 [학생부교과]농어촌학생,경영대학,경영학과,1,1,1.0
경기,사립,협성대학교,정원외 [학생부교과]농어촌학생,경영대학,유통경영학과,1,1,1.0
경기,사립,협성대학교,정원외 [학생부교과]농어촌학생,이공대학,의생명화학과,1,1,1.0
경기,사립,협성대학교,정원외 [학생부교과]특성화고교졸업자,경영대학,세무회계학과,1,1,1.0
경기,사립,협성대학교,정원외 [학생부교과]특성화고교졸업자,경영대학,유통경영학과,1,1,1.0
경기,사립,협성대학교,정원외 [학생부교과]특성화고교졸업자,경영대학,글로벌통상·문화학과,1,1,1.0
경기,사립,협성대학교,정원외 [학생부교과]기초생활수급자/차상위계층/한부모가족,인문사회과학대학,문예창작학과,1,1,1.0
경기,사립,협성대학교,정원외 [학생부교과]기초생활수급자/차상위계층/한부모가족,경영대학,세무회계학과,1,1,1.0
경기,사립,협성대학교,정원외 [학생부교과]기초생활수급자/차상위계층/한부모가족,경영대학,글로벌통상·문화학과,1,1,1.0
경기,사립,협성대학교,정원외 [학생부교과]기초생활수급자/차상위계층/한부모가족,이공대학,의생명화학과,1,1,1.0
서울,사립,건국대학교(서울),학생부종합(특성화고교졸업자),공과대학,재료공학과,1,1,1.0
서울,사립,건국대학교(서울),학생부종합(특성화고교졸업자),공과대학,생물공학과,1,1,1.0
서울,사립,건국대학교(서울),학생부종합(특성화고교졸업자),사회과학대학,정치외교학과,1,1,1.0
서울,사립,건국대학교(서울),학생부종합(특성화고교졸업자),융합생명과학대학,환경생태과학부,1,1,1.0
서울,사립,경기대학교(서울),실기/실적(체육특기자전형),,유도(남)-66kg,1,1,1.0
서울,사립,경기대학교(서울),실기/실적(체육특기자전형),,유도(남)-73kg,1,1,1.0
서울,사립,경기대학교(서울),실기/실적(체육특기자전형),,유도(남)-81kg,1,1,1.0
서울,사립,경기대학교(서울),실기/실적(체육특기자전형),,유도(여)-63kg,1,1,1.0
서울,사립,경희대학교(서울),국제캠퍼스 실기우수자전형(체육),체육계열,스포츠지도학과-배구(남)-세터(S),1,1,1.0
서울,사립,경희대학교(서울),국제캠퍼스 실기우수자전형(체육),체육계열,스포츠지도학과-핸드볼(남)-P.V,1,1,1.0
서울,사립,고려대학교(서울),서울캠퍼스 실기/실적(특기자전형-체육교육과),사범대학,아이스하키(GK),1,1,1.0
서울,사립,광운대학교,학생부종합【농어촌학생전형】,,국어국문학과,1,1,1.0
서울,사립,광운대학교,학생부종합【농어촌학생전형】,,국제통상학부,1,1,1.0
서울,사립,동덕여자대학교,기회균형 특별전형,자연정보과학대학,식품영양학전공,1,1,1.0
서울,사립,동덕여자대학교,실기우수자전형,예술대학,관현악전공(더블베이스),1,1,1.0
서울,사립,동덕여자대학교,실기우수자전형,예술대학,관현악전공(트럼펫),1,1,1.0
서울,사립,삼육대학교,서해5도전형,,경영학과,1,1,1.0
서울,사립,삼육대학교,서해5도전형,,사회복지학과,1,1,1.0
서울,사립,삼육대학교,서해5도전형,,물리치료학과,1,1,1.0
서울,사립,삼육대학교,기회균형Ⅱ전형,,보건관리학과,1,1,1.0
서울,사립,삼육대학교,기회균형Ⅱ전형,,인공지능융합학부,1,1,1.0
서울,사립,삼육대학교,특수교육대상자전형,,영어영문학과,1,1,1.0
서울,사립,삼육대학교,특수교육대상자전형,,음악학과 / 성악,1,1,1.0
서울,사립,상명대학교(서울),정원 내 실기/실적(실기전형),,관현악(목관)-오보에,1,1,1.0
서울,사립,서경대학교,실기우수자 전형,,음악학부-관현악-관악(혼),1,1,1.0
서울,국립,서울과학기술대학교,기회균형전형(국가보훈대상자),공과대학,기계시스템공학부(지능형로봇전공),1,1,1.0
서울,국립,서울과학기술대학교,기회균형전형(국가보훈대상자),공과대학,안전공학과,1,1,1.0
서울,국립,서울과학기술대학교,기회균형전형(국가보훈대상자),공과대학,건축학부(건축공학전공),1,1,1.0
서울,국립,서울과학기술대학교,기회균형전형(국가보훈대상자),정보통신대학,전자공학과,1,1,1.0
서울,국립,서울과학기술대학교,기회균형전형(기회균등),기술경영융합대학,산업공학부(ITM전공)_자연,1,1,1.0
서울,국립,서울과학기술대학교,기회균형전형(기회균등),기술경영융합대학,경영학과(글로벌테크노경영전공)_인문,1,1,1.0
서울,국립,서울과학기술대학교,기회균형전형(기회균등),창의융합대학,지능형반도체공학과,1,1,1.0
서울,국립,서울과학기술대학교,기회균형전형(농어촌학생),정보통신대학,전자공학과,1,1,1.0
서울,국립,서울과학기술대학교,기회균형전형(농어촌학생),정보통신대학,ICT융합공학과,1,1,1.0
서울,국립,서울과학기술대학교,기회균형전형(농어촌학생),조형대학,산업디자인학과,1,1,1.0
서울,국립,서울과학기술대학교,기회균형전형(농어촌학생),기술경영융합대학,산업공학부(ITM전공)_자연,1,1,1.0
서울,국립,서울과학기술대학교,기회균형전형(농어촌학생),기술경영융합대학,경영학과(경영학전공),1,1,1.0
서울,공립,서울시립대학교,기회균형전형Ⅰ,도시과학대학,교통공학과,1,1,1.0
서울,사립,서울한영대학교,만학도전형,,신학과,1,1,1.0
서울,사립,성공회대학교,사회기여자및배려대상자,,경영학부,1,1,1.0
서울,사립,성공회대학교,사회기여자및배려대상자,,미래융합학부,1,1,1.0
서울,사립,성공회대학교,국가보훈대상자,,인문융합콘텐츠학부,1,1,1.0
서울,사립,성공회대학교,국가보훈대상자,,사회융합학부,1,1,1.0
서울,사립,성공회대학교,국가보훈대상자,,미래융합학부,1,1,1.0
서울,사립,성공회대학교,특성화고교교과성적,,미래융합학부,1,1,1.0
서울,사립,성공회대학교,농어촌학생(정원외),,인문융합콘텐츠학부,1,1,1.0
서울,사립,성공회대학교,농어촌학생(정원외),,미래융합학부,1,1,1.0
서울,사립,성균관대학교(서울),학생부종합(성균인재-지역인재),,"의정부권 - 의정부시, 동두천시, 양주시, 연천군",1,1,1.0
서울,사립,세종대학교,실기/실적(실기우수자 전형),예체능,음악과-클라리넷,1,1,1.0
서울,사립,숙명여자대학교,[학생부종합] 기회균형전형,문과대학,일본학과,1,1,1.0
서울,사립,숙명여자대학교,[학생부종합] 기회균형전형,사회과학대학,소비자경제학과,1,1,1.0
서울,사립,숙명여자대학교,[학생부종합] 기회균형전형,글로벌서비스학부,글로벌협력전공,1,1,1.0
서울,사립,숙명여자대학교,[학생부종합] 기회균형전형,글로벌서비스학부,앙트러프러너십전공,1,1,1.0
서울,사립,숙명여자대학교,[학생부종합] 기회균형전형,이과대학,수학과,1,1,1.0
서울,사립,숙명여자대학교,[실기/실적] 예능창의인재전형,음악대학,관현악과-색소폰,1,1,1.0
서울,사립,숙명여자대학교,[실기/실적] 예능창의인재전형,음악대학,관현악과-호른,1,1,1.0
서울,사립,숙명여자대학교,[실기/실적] 예능창의인재전형,음악대학,관현악과-유포니움,1,1,1.0
서울,사립,숙명여자대학교,[실기/실적] 예능창의인재전형,음악대학,관현악과-타악기,1,1,1.0
서울,사립,숭실대학교,학생부종합(기회균형전형),,평생교육학과,1,1,1.0
서울,사립,숭실대학교,학생부종합(특수교육대상자전형),,독어독문학과,1,1,1.0
서울,사립,숭실대학교,학생부종합(특수교육대상자전형),,국제법무학과,1,1,1.0
서울,사립,숭실대학교,실기/실적(예체능우수인재전형) 축구,,축구(GK),1,1,1.0
서울,사립,이화여자대학교,학생부종합(사회기여자전형),인공지능대학,컴퓨터공학과,1,1,1.0
서울,국립,한국체육대학교,체육특기자(개인),,체육학과-레슬링-자유형[남] 65kg,1,1,1.0
서울,국립,한국체육대학교,체육특기자(개인),,체육학과-레슬링-자유형[남] 70kg,1,1,1.0
서울,국립,한국체육대학교,체육특기자(개인),,체육학과-레슬링-자유형[남] 74kg,1,1,1.0
서울,국립,한국체육대학교,체육특기자(개인),,체육학과-레슬링-자유형[남] 86kg,1,1,1.0
서울,국립,한국체육대학교,체육특기자(개인),,체육학과-레슬링-그레코로만형[남] 77kg,1,1,1.0
서울,국립,한국체육대학교,체육특기자(개인),,체육학과-레슬링-그레코로만형[남] 82kg,1,1,1.0
서울,국립,한국체육대학교,체육특기자(개인),,체육학과-복싱[남] -50kg,1,1,1.0
서울,국립,한국체육대학교,체육특기자(개인),,체육학과-복싱[남] -55kg,1,1,1.0
서울,국립,한국체육대학교,체육특기자(개인),,체육학과-복싱[남] -65kg,1,1,1.0
서울,국립,한국체육대학교,체육특기자(개인),,체육학과-복싱[남] -70kg,1,1,1.0
서울,국립,한국체육대학교,체육특기자(개인),,체육학과-복싱[남] -75kg,1,1,1.0
서울,국립,한국체육대학교,체육특기자(개인),,체육학과-복싱[남] -80kg,1,1,1.0
서울,국립,한국체육대학교,체육특기자(개인),,체육학과-사격-공기소총[남],1,1,1.0
서울,국립,한국체육대학교,체육특기자(개인),,체육학과-사격-50M 3자세[남],1,1,1.0
서울,국립,한국체육대학교,체육특기자(개인),,체육학과-사격-속사권총[남],1,1,1.0
서울,국립,한국체육대학교,체육특기자(개인),,체육학과-사격-25M 권총[여],1,1,1.0
서울,국립,한국체육대학교,체육특기자(개인),,체육학과-사이클-MTB(XCO)[남],1,1,1.0
서울,국립,한국체육대학교,체육특기자(개인),,체육학과-사이클-옴니엄(종합)[남],1,1,1.0
서울,국립,한국체육대학교,체육특기자(개인),,체육학과-사이클-트랙 메디슨[남],1,1,1.0
서울,국립,한국체육대학교,체육특기자(개인),,체육학과-수영-경영(배영)[남],1,1,1.0
서울,국립,한국체육대학교,체육특기자(개인),,체육학과-역도[여] 57kg,1,1,1.0
서울,국립,한국체육대학교,체육특기자(개인),,체육학과-역도[여] 61kg,1,1,1.0
서울,국립,한국체육대학교,체육특기자(개인),,체육학과-유도[남] -60kg,1,1,1.0
서울,국립,한국체육대학교,체육특기자(개인),,체육학과-유도[남] -73kg,1,1,1.0
서울,국립,한국체육대학교,체육특기자(개인),,체육학과-유도[남] -90kg,1,1,1.0
서울,국립,한국체육대학교,체육특기자(개인),,체육학과-유도[여] -57kg,1,1,1.0
서울,국립,한국체육대학교,체육특기자(개인),,체육학과-유도[여] -63kg,1,1,1.0
서울,국립,한국체육대학교,체육특기자(개인),,체육학과-육상(도약)-세단뛰기[여],1,1,1.0
서울,국립,한국체육대학교,체육특기자(개인),,체육학과-육상(도약)-장대높이뛰기[여],1,1,1.0
서울,국립,한국체육대학교,체육특기자(개인),,체육학과-태권도[남] 밴텀,1,1,1.0
서울,국립,한국체육대학교,체육특기자(개인),,체육학과-태권도[남] 헤비,1,1,1.0
서울,국립,한국체육대학교,체육특기자(개인),,체육학과-태권도[남] L-헤비,1,1,1.0
서울,국립,한국체육대학교,체육특기자(개인),,체육학과-태권도[여] 미들,1,1,1.0
서울,국립,한국체육대학교,체육특기자(개인),,체육학과-태권도[여] 웰터,1,1,1.0
서울,국립,한국체육대학교,체육특기자(개인),,체육학과-태권도[여] 페더,1,1,1.0
서울,국립,한국체육대학교,체육특기자(개인),,체육학과-태권도[여] 플라이,1,1,1.0
서울,국립,한국체육대학교,체육특기자(개인),,체육학과-태권도[여] L-헤비,1,1,1.0
서울,국립,한국체육대학교,체육특기자(개인),,체육학과-펜싱-플러레[남],1,1,1.0
서울,국립,한국체육대학교,체육특기자(개인),,체육학과-펜싱-에뻬[남],1,1,1.0
서울,국립,한국체육대학교,체육특기자(개인),,체육학과-펜싱-사브르[남],1,1,1.0
서울,국립,한국체육대학교,체육특기자(개인),,체육학과-펜싱-에뻬[여],1,1,1.0
서울,국립,한국체육대학교,체육특기자(개인),,체육학과-근대5종-근대4종[남],1,1,1.0
서울,국립,한국체육대학교,체육특기자(개인),,체육학과-근대5종-근대4종[여],1,1,1.0
서울,국립,한국체육대학교,체육특기자(개인),,체육학과-조정-경량급 싱글스컬(L1X)[남],1,1,1.0
서울,국립,한국체육대학교,체육특기자(개인),,체육학과-볼링[여],1,1,1.0
서울,국립,한국체육대학교,체육특기자(개인),,체육학과-썰매-스켈레톤[남],1,1,1.0
서울,국립,한국체육대학교,체육특기자(개인),,체육학과-썰매-봅슬레이[여],1,1,1.0
서울,국립,한국체육대학교,체육특기자(단체),,체육학과-핸드볼-RB[남],1,1,1.0
서울,국립,한국체육대학교,체육특기자(단체),,체육학과-핸드볼-PV[남],1,1,1.0
서울,국립,한국체육대학교,국가보훈대상자,,노인체육복지학과,1,1,1.0
서울,사립,한성대학교,특성화고교졸업자전형,AI디자인대학,AI뷰티디자인학과(야),1,1,1.0
서울,사립,한양대학교(서울),실기/실적(체육특기자),예술체육대학,스포츠산업과학부(스포츠사이언스전공)(배구(남)아웃사이드히터(레프트)),1,1,1.0
서울,사립,홍익대학교(서울),고른기회Ⅰ전형,사범대학,수학교육과,1,1,1.0
서울,사립,홍익대학교(서울),고른기회Ⅱ전형,문과대학,영어영문학과,1,1,1.0
서울,사립,홍익대학교(서울),농어촌학생전형,건축도시대학,건축학부 실내건축학전공,1,1,1.0
서울,사립,홍익대학교(서울),농어촌학생전형,건축도시대학,도시공학과,1,1,1.0
서울,사립,홍익대학교(서울),농어촌학생전형,문과대학,영어영문학과,1,1,1.0
서울,사립,홍익대학교(서울),농어촌학생전형,문과대학,불어불문학과,1,1,1.0
서울,사립,홍익대학교(서울),농어촌학생전형,미술대학,동양화과,1,1,1.0
서울,사립,홍익대학교(서울),농어촌학생전형,미술대학,판화과,1,1,1.0
서울,사립,홍익대학교(서울),농어촌학생전형,미술대학,금속조형디자인과,1,1,1.0
인천,사립,가천대학교(인천),농어촌(교과) 전형,자연계열,건설환경공학과,1,1,1.0
인천,사립,가천대학교(인천),실기우수자 전형,예체능계열,기악전공(Oboe),1,1,1.0
인천,사립,가천대학교(인천),실기우수자 전형,예체능계열,기악전공(Bass Trombone),1,1,1.0
인천,사립,안양대학교(강화),학생부종합(고른기회),,영미언어문화학과,1,1,1.0
인천,사립,안양대학교(강화),학생부종합(고른기회),,러시아언어문화학과,1,1,1.0
인천,사립,안양대학교(강화),학생부종합(고른기회),,데이터사이언스학과,1,1,1.0
인천,사립,안양대학교(강화),학생부종합(고른기회),,환경에너지공학과,1,1,1.0
인천,사립,안양대학교(강화),실기/실적(체육특기자),,유도(여자),1,1,1.0
인천,사립,안양대학교(강화),학생부교과(농어촌학생),,도시정보공학과,1,1,1.0
인천,사립,안양대학교(강화),학생부교과(농어촌학생),,환경에너지공학과,1,1,1.0
인천,사립,안양대학교(강화),학생부교과(특성화고교졸업자),,환경에너지공학과,1,1,1.0
인천,사립,안양대학교(강화),학생부교과(기회균형),,식품영양학과(교직),1,1,1.0
인천,사립,안양대학교(강화),학생부교과(기회균형),,도시정보공학과,1,1,1.0
인천,국립,인천대학교,학생부교과(사회통합),사회과학대학,창의인재개발학과,1,1,1.0
인천,국립,인천대학교,학생부교과(사회통합),공과대학,에너지화학공학과,1,1,1.0
인천,국립,인천대학교,학생부교과(사회통합),경영대학,세무회계학과,1,1,1.0
인천,국립,인천대학교,학생부교과(사회통합),도시과학대학,도시환경공학부 건설환경공학전공,1,1,1.0
인천,국립,인천대학교,학생부교과(사회통합),도시과학대학,도시공학과,1,1,1.0
인천,국립,인천대학교,학생부교과(사회통합),생명과학기술대학,생명과학부 분자의생명전공,1,1,1.0
인천,국립,인천대학교,실기/실적(특기자),예술체육대학,양궁(남),1,1,1.0
인천,국립,인천대학교,실기/실적(특기자),예술체육대학,양궁(여),1,1,1.0
인천,국립,인천대학교,학생부종합(서해5도출신자)(정원 외),인문대학,중어중국학과,1,1,1.0
인천,국립,인천대학교,학생부종합(서해5도출신자)(정원 외),생명과학기술대학,생명과학부 생명과학전공,1,1,1.0
인천,국립,인천대학교,학생부종합(특수교육대상자)(정원 외),인문대학,국어국문학과,1,1,1.0
인천,국립,인천대학교,학생부종합(특수교육대상자)(정원 외),사회과학대학,창의인재개발학과,1,1,1.0
인천,국립,인천대학교,학생부종합(특수교육대상자)(정원 외),글로벌정경대학,Global Trade & Service학부,1,1,1.0
인천,국립,인천대학교,학생부종합(특수교육대상자)(정원 외),공과대학,신소재공학과,1,1,1.0
인천,국립,인천대학교,학생부종합(특수교육대상자)(정원 외),인공지능대학,컴퓨터공학부,1,1,1.0
인천,국립,인천대학교,학생부종합(특수교육대상자)(정원 외),인공지능대학,인공지능시스템공학과,1,1,1.0
인천,국립,인천대학교,학생부종합(특수교육대상자)(정원 외),경영대학,데이터과학과,1,1,1.0
인천,국립,인천대학교,학생부종합(특수교육대상자)(정원 외),사범대학,역사교육과,1,1,1.0
인천,국립,인천대학교,학생부종합(특수교육대상자)(정원 외),도시과학대학,도시환경공학부 건설환경공학전공,1,1,1.0
인천,국립,인천대학교,학생부종합(특수교육대상자)(정원 외),도시과학대학,도시공학과,1,1,1.0
인천,국립,인천대학교,학생부종합(특수교육대상자)(정원 외),생명과학기술대학,생명과학부 생명과학전공,1,1,1.0
인천,국립,인천대학교,학생부종합(특수교육대상자)(정원 외),생명과학기술대학,생명공학부 나노바이오공학전공,1,1,1.0
인천,국립,인천대학교,실기/실적(서해5도출신자)(정원 외),예술체육대학,공연예술학과,1,1,1.0
인천,사립,인하대학교,학생부종합 농어촌학생,예술체육대학,디자인융합학과,1,1,1.0
인천,사립,인하대학교,실기/실적 체육특기자,사범대학,"육상(여)단거리(100m, 200m, 400m), 멀리뛰기",1,1,1.0
인천,사립,인하대학교,실기/실적 체육특기자,예술체육대학,배구(남)세터,1,1,1.0
인천,사립,인하대학교,실기/실적 체육특기자,예술체육대학,유도(남)-90kg,1,1,1.0
인천,사립,인하대학교,실기/실적 체육특기자,예술체육대학,유도(남)-100kg,1,1,1.0
인천,사립,인하대학교,실기/실적 체육특기자,예술체육대학,복싱(남)복싱(전체급),1,1,1.0
인천,사립,인하대학교,실기/실적 체육특기자,예술체육대학,"육상(여)단거리(100m, 200m, 400m), 멀리뛰기",1,1,1.0
대전,사립,건양대학교(대전),"기초생활수급자, 차상위계층, 한부모가족 지원대상자 전형",,스마트팜학부,1,1,1.0
대전,사립,건양대학교(대전),채용조건형[계약],,방위산업공학전공[일주지앤에스],1,1,1.0
대전,사립,건양대학교(대전),채용조건형[계약],,방위산업공학전공[삼정솔루션],1,1,1.0
대전,국립,국립한밭대학교,학생부교과(일반)전형,,창의융합학과,1,1,1.0
대전,국립,국립한밭대학교,지역인재(교과)전형,,창의융합학과,1,1,1.0
대전,국립,국립한밭대학교,농어촌학생전형,,인공지능소프트웨어학과,1,1,1.0
대전,국립,국립한밭대학교,농어촌학생전형,,지능미디어공학과,1,1,1.0
대전,국립,국립한밭대학교,특성화고교졸업자전형,,산업경영공학과,1,1,1.0
대전,국립,국립한밭대학교,특성화고교졸업자전형,,신소재공학과,1,1,1.0
대전,국립,국립한밭대학교,특성화고교졸업자전형,,화학생명공학과,1,1,1.0
대전,국립,국립한밭대학교,특성화고교졸업자전형,,반도체시스템공학과,1,1,1.0
대전,국립,국립한밭대학교,특성화고교졸업자전형,,컴퓨터공학과,1,1,1.0
대전,국립,국립한밭대학교,사회적배려자전형,,중국어과,1,1,1.0
대전,국립,국립한밭대학교,사회적배려자전형,,지능미디어공학과,1,1,1.0
대전,사립,을지대학교(대전),기회균형(정원외),,자유전공학부(의정부),1,1,1.0
대전,사립,을지대학교(대전),농어촌학생,,임상병리학과(의정부),1,1,1.0
대전,사립,을지대학교(대전),특성화고교 졸업자,,첨단학부,1,1,1.0
대전,국립,충남대학교,일반전형,예술대학,관현악과(Flute),1,1,1.0
대전,국립,충남대학교,기회균형선발Ⅰ전형,경상대학,경제학과,1,1,1.0
대전,국립,충남대학교,기회균형선발Ⅰ전형,자연과학대학,천문우주과학과,1,1,1.0
대전,국립,충남대학교,기회균형선발Ⅰ전형,자연과학대학,화학과*,1,1,1.0
대전,국립,충남대학교,기회균형선발Ⅰ전형,공과대학,환경공학과,1,1,1.0
대전,국립,충남대학교,기회균형선발Ⅰ전형,공과대학,메카트로닉스공학과,1,1,1.0
대전,국립,충남대학교,기회균형선발Ⅰ전형,공과대학,자율운항시스템공학과,1,1,1.0
대전,국립,충남대학교,기회균형선발Ⅰ전형,공과대학,전자공학과,1,1,1.0
대전,국립,충남대학교,기회균형선발Ⅰ전형,농업생명과학대학,환경소재공학과,1,1,1.0
대전,국립,충남대학교,기회균형선발Ⅰ전형,농업생명과학대학,식품공학과,1,1,1.0
대전,국립,충남대학교,학생부종합 서류전형,지식융합학부,공공안전융합전공,1,1,1.0
대전,국립,충남대학교,기회균형선발Ⅱ전형,자연과학대학,수학과,1,1,1.0
대전,국립,충남대학교,기회균형선발Ⅱ전형,자연과학대학,물리학과*,1,1,1.0
대전,국립,충남대학교,기회균형선발Ⅱ전형,자연과학대학,반도체융합학과,1,1,1.0
대전,국립,충남대학교,기회균형선발Ⅱ전형,공과대학,환경공학과,1,1,1.0
대전,국립,충남대학교,기회균형선발Ⅱ전형,공과대학,전기공학과,1,1,1.0
대전,국립,충남대학교,기회균형선발Ⅱ전형,공과대학,정보통신융합학부,1,1,1.0
대전,국립,충남대학교,기회균형선발Ⅱ전형,공과대학,유기재료공학과,1,1,1.0
대전,국립,충남대학교,기회균형선발Ⅱ전형,공과대학,에너지공학과,1,1,1.0
대전,국립,충남대학교,기회균형선발Ⅱ전형,농업생명과학대학,동물바이오시스템과학과*,1,1,1.0
대전,국립,충남대학교,농어촌학생전형,인문대학,불어불문학과*,1,1,1.0
대전,국립,충남대학교,농어촌학생전형,인문대학,일어일문학과*,1,1,1.0
대전,국립,충남대학교,농어촌학생전형,인문대학,한문학과*,1,1,1.0
대전,국립,충남대학교,농어촌학생전형,사회과학대학,문헌정보학과*,1,1,1.0
대전,국립,충남대학교,농어촌학생전형,사회과학대학,도시·자치융합학과,1,1,1.0
대전,국립,충남대학교,농어촌학생전형,사범대학,교육학과,1,1,1.0
대전,국립,충남대학교,농어촌학생전형,지식융합학부,문화와사회융합전공,1,1,1.0
대전,국립,충남대학교,농어촌학생전형,자연과학대학,정보통계학과,1,1,1.0
대전,국립,충남대학교,농어촌학생전형,농업생명과학대학,환경소재공학과,1,1,1.0
대전,국립,충남대학교,농어촌학생전형,농업생명과학대학,지역환경토목학과,1,1,1.0
대전,국립,충남대학교,농어촌학생전형,생명시스템과학대학,생명정보융합학과,1,1,1.0
대전,국립,충남대학교,특성화고출신자전형,사범대학,화학공학교육과,1,1,1.0
대전,국립,충남대학교,저소득층학생전형,인문대학,언어학과,1,1,1.0
대전,국립,충남대학교,저소득층학생전형,인문대학,국사학과,1,1,1.0
대전,국립,충남대학교,저소득층학생전형,농업생명과학대학,농업경제학과,1,1,1.0
대전,국립,충남대학교,저소득층학생전형,자연과학대학,화학과*,1,1,1.0
대전,국립,충남대학교,저소득층학생전형,공과대학,환경공학과,1,1,1.0
대전,국립,충남대학교,저소득층학생전형,공과대학,유기재료공학과,1,1,1.0
대전,국립,충남대학교,저소득층학생전형,농업생명과학대학,식물자원학과,1,1,1.0
대전,국립,충남대학교,저소득층학생전형,농업생명과학대학,산림환경자원학과,1,1,1.0
대전,국립,충남대학교,저소득층학생전형,농업생명과학대학,동물바이오시스템과학과*,1,1,1.0
대전,국립,충남대학교,저소득층학생전형,농업생명과학대학,생물환경화학과,1,1,1.0
대전,국립,충남대학교,저소득층학생전형,농업생명과학대학,스마트농업시스템기계공학과*,1,1,1.0
대전,국립,충남대학교,특수교육대상자전형,인문대학,불어불문학과*,1,1,1.0
대전,국립,충남대학교,특수교육대상자전형,인문대학,언어학과,1,1,1.0
대전,국립,충남대학교,특수교육대상자전형,인문대학,국사학과,1,1,1.0
대전,국립,충남대학교,특수교육대상자전형,인문대학,고고학과,1,1,1.0
대전,국립,충남대학교,특수교육대상자전형,사범대학,영어교육과,1,1,1.0
대전,국립,충남대학교,특수교육대상자전형,사범대학,교육학과,1,1,1.0
대전,국립,충남대학교,특수교육대상자전형,자연과학대학,생화학과,1,1,1.0
대전,국립,충남대학교,특수교육대상자전형,공과대학,스마트시티건축공학과,1,1,1.0
대전,국립,충남대학교,특수교육대상자전형,농업생명과학대학,응용생물학과*,1,1,1.0
대전,국립,충남대학교,특수교육대상자전형,생활과학대학,소비자학과,1,1,1.0
대전,국립,충남대학교,만학도전형(종합),인문대학,사학과*,1,1,1.0
세종,사립,고려대학교(세종),학생부종합(지역인재전형),약학대학,첨단융합신약학과,1,1,1.0
세종,사립,고려대학교(세종),학생부종합(지역인재전형),글로벌비즈니스대학,표준·지식학과,1,1,1.0
세종,사립,고려대학교(세종),학생부종합(기회균형전형),과학기술대학,응용수리과학부,1,1,1.0
세종,사립,고려대학교(세종),학생부종합(기회균형전형),과학기술대학,컴퓨터소프트웨어학과,1,1,1.0
세종,사립,고려대학교(세종),학생부종합(기회균형전형),과학기술대학,인공지능사이버보안학과,1,1,1.0
세종,사립,고려대학교(세종),학생부종합(기회균형전형),스마트도시학부,스마트도시학부,1,1,1.0
세종,사립,고려대학교(세종),학생부종합(다문화전형),과학기술대학,컴퓨터소프트웨어학과,1,1,1.0
세종,사립,고려대학교(세종),학생부종합(다문화전형),공공정책대학,공공사회·통일외교학부,1,1,1.0
세종,사립,고려대학교(세종),학생부종합(특성화고교졸업자전형),과학기술대학,컴퓨터소프트웨어학과,1,1,1.0
세종,사립,고려대학교(세종),학생부종합(특성화고교졸업자전형),과학기술대학,환경시스템공학과,1,1,1.0
세종,사립,고려대학교(세종),학생부종합(특성화고교졸업자전형),공공정책대학,경제통계학부,1,1,1.0
세종,사립,홍익대학교(세종),고른기회Ⅰ전형,AID융합과학기술대학,전자전기융합공학과,1,1,1.0
세종,사립,홍익대학교(세종),고른기회Ⅰ전형,AID융합과학기술대학,나노반도체공학과,1,1,1.0
세종,사립,홍익대학교(세종),고른기회Ⅰ전형,AID융합과학기술대학,AI기계융합공학과,1,1,1.0
세종,사립,홍익대학교(세종),기초생활수급자·차상위계층전형,AID융합과학기술대학,전자전기융합공학과,1,1,1.0
세종,사립,홍익대학교(세종),농어촌학생전형,AID융합과학기술대학,조선해양모빌리티공학과,1,1,1.0
충남,사립,건양대학교(논산),"기초생활수급자, 차상위계층, 한부모가족 지원대상자 전형",,스마트팜학부,1,1,1.0
충남,사립,건양대학교(논산),채용조건형[계약],,방위산업공학전공[일주지앤에스],1,1,1.0
충남,사립,건양대학교(논산),채용조건형[계약],,방위산업공학전공[삼정솔루션],1,1,1.0
충남,국립,국립공주대학교,학생부종합전형  특성화고교졸업자전형(정원외),자연과학대학,의류상품학과,1,1,1.0
충남,국립,국립공주대학교,학생부종합전형  특성화고교졸업자전형(정원외),천안공과대학,산업공학과,1,1,1.0
충남,국립,국립공주대학교,학생부종합전형  특성화고교졸업자전형(정원외),산업과학대학,산림과학과,1,1,1.0
충남,국립,국립공주대학교,학생부종합전형  장애인 등 대상자전형(정원외),사범대학,영어교육과,1,1,1.0
충남,국립,국립공주대학교,학생부종합전형  장애인 등 대상자전형(정원외),사범대학,유아교육과,1,1,1.0
충남,국립,국립공주대학교,학생부종합전형  장애인 등 대상자전형(정원외),사범대학,수학교육과,1,1,1.0
충남,국립,국립공주대학교,학생부종합전형  장애인 등 대상자전형(정원외),인문사회과학대학,중어중문학과,1,1,1.0
충남,국립,국립공주대학교,학생부종합전형  장애인 등 대상자전형(정원외),인문사회과학대학,법학과,1,1,1.0
충남,국립,국립공주대학교,학생부종합전형  장애인 등 대상자전형(정원외),자연과학대학,응용수학과,1,1,1.0
충남,국립,국립공주대학교,학생부종합전형  장애인 등 대상자전형(정원외),자연과학대학,문화재보존과학과,1,1,1.0
충남,국립,국립공주대학교,학생부종합전형  장애인 등 대상자전형(정원외),간호보건대학,보건행정학과,1,1,1.0
충남,국립,국립공주대학교,학생부종합전형  장애인 등 대상자전형(정원외),천안공과대학,전기전자제어공학부,1,1,1.0
충남,국립,국립공주대학교,학생부종합전형  장애인 등 대상자전형(정원외),천안공과대학,정보통신공학과,1,1,1.0
충남,국립,국립공주대학교,학생부종합전형  장애인 등 대상자전형(정원외),천안공과대학,스마트정보기술공학과,1,1,1.0
충남,국립,국립공주대학교,학생부종합전형  장애인 등 대상자전형(정원외),천안공과대학,소프트웨어학과,1,1,1.0
충남,국립,국립공주대학교,학생부종합전형  장애인 등 대상자전형(정원외),천안공과대학,건축학과(5년제),1,1,1.0
충남,국립,국립공주대학교,학생부종합전형  장애인 등 대상자전형(정원외),천안공과대학,디자인컨버전스학과,1,1,1.0
충남,국립,국립공주대학교,학생부종합전형  장애인 등 대상자전형(정원외),산업과학대학,원예학과,1,1,1.0
충남,국립,국립공주대학교,학생부종합전형  장애인 등 대상자전형(정원외),산업과학대학,외식상품학과,1,1,1.0
충남,국립,국립공주대학교,학생부종합전형  장애인 등 대상자전형(정원외),산업과학대학,특수동물학과,1,1,1.0
충남,국립,국립공주대학교,학생부교과전형  농어촌학생전형(정원외),사범대학,역사교육과,1,1,1.0
충남,국립,국립공주대학교,학생부교과전형  농어촌학생전형(정원외),인문사회과학대학,사학과,1,1,1.0
충남,사립,단국대학교(천안),[학생부종합] 특수교육대상자(정원외) 경쟁률 현황 (죽전),,영미인문학과,1,1,1.0
충남,사립,단국대학교(천안),[학생부종합] 특수교육대상자(정원외) 경쟁률 현황 (죽전),,무역학과,1,1,1.0
충남,사립,단국대학교(천안),[학생부종합] 특수교육대상자(정원외) 경쟁률 현황 (죽전),,경영학부,1,1,1.0
충남,사립,단국대학교(천안),[학생부종합] 특수교육대상자(정원외) 경쟁률 현황 (죽전),,고분자시스템공학부(고분자공학전공),1,1,1.0
충남,사립,단국대학교(천안),[학생부종합] 특수교육대상자(정원외) 경쟁률 현황 (죽전),,고분자시스템공학부(융합소재공학전공),1,1,1.0
충남,사립,단국대학교(천안),[학생부종합] 특수교육대상자(정원외) 경쟁률 현황 (죽전),,컴퓨터공학과,1,1,1.0
충남,사립,단국대학교(천안),[학생부종합] 특수교육대상자(정원외) 경쟁률 현황 (죽전),,과학교육과,1,1,1.0
충남,사립,단국대학교(천안),[실기/실적위주] 실기우수자 경쟁률 현황 (죽전),,음악학부(국악전공)-기악(관악)[아쟁],1,1,1.0
충남,사립,단국대학교(천안),[학생부종합] 사회적배려대상자 경쟁률 현황 (천안),,아시아중동학부(몽골학전공),1,1,1.0
충남,사립,단국대학교(천안),[학생부종합] 사회적배려대상자 경쟁률 현황 (천안),,아시아중동학부(중동학전공),1,1,1.0
충남,사립,단국대학교(천안),[학생부종합] 사회적배려대상자 경쟁률 현황 (천안),,생명공학부(동물생명공학전공),1,1,1.0
충남,사립,단국대학교(천안),[학생부종합] 농어촌학생(정원외) 경쟁률 현황 (천안),,유럽중남미학부(포르투갈브라질학전공),1,1,1.0
충남,사립,단국대학교(천안),[실기/실적위주] 체육특기자 경쟁률 현황 (천안),,국제스포츠학부(국제스포츠전공)(여)-축구(GK),1,1,1.0
충남,사립,단국대학교(천안),[실기/실적위주] 체육특기자 경쟁률 현황 (천안),,국제스포츠학부(국제스포츠전공)(여)-빙상(스피드-장거리),1,1,1.0
충남,사립,단국대학교(천안),[실기/실적위주] 체육특기자 경쟁률 현황 (천안),,"국제스포츠학부(국제스포츠전공)-스키,스노보드(스노보드 알파인)",1,1,1.0
충남,사립,단국대학교(천안),[실기/실적위주] 체육특기자 경쟁률 현황 (천안),,국제스포츠학부(태권도전공)(여)-겨루기(밴텀),1,1,1.0
충남,사립,백석대학교,정원외 모집 학생부 교과 농어촌학생 일반전형,,사범학부 유아특수교육과,1,1,1.0
충남,사립,백석대학교,정원외 모집 학생부 교과 + 면접 계약학과,,슈바이처도르프 호텔,1,1,1.0
충남,사립,백석대학교,정원외 모집 학생부 교과 + 면접 계약학과,,온양관광호텔,1,1,1.0
충남,사립,백석대학교,정원외 모집 학생부 교과 + 면접 계약학과,,AI컴퓨터공학부 스마트융합공학과 / ㈜아썸닉스,1,1,1.0
충남,사립,백석대학교,정원외 모집 학생부 교과 + 면접 계약학과,,㈜동진포리텍,1,1,1.0
충남,사립,상명대학교(천안),정원내 학생부종합(기회균형전형),,ARㆍVR미디어디자인전공,1,1,1.0
충남,사립,상명대학교(천안),정원외 학생부종합(특수교육대상자전형),,사진영상미디어전공,1,1,1.0
충남,사립,상명대학교(천안),정원외 학생부종합(조기취업형계약학과전형),,갓바위식품(주),1,1,1.0
충남,사립,순천향대학교,[정원외] 학생부종합(조기취업형계약학과전형),창의라이프대학,한국후꼬꾸(주),1,1,1.0
충남,사립,순천향대학교,[정원외] 학생부종합(조기취업형계약학과전형),창의라이프대학,(주)코리아나화장품,1,1,1.0
충남,사립,순천향대학교,[정원외] 학생부종합(조기취업형계약학과전형),창의라이프대학,(주)에이블인사이트,1,1,1.0
충남,사립,순천향대학교,[정원외] 학생부종합(조기취업형계약학과전형),창의라이프대학,(주)아이씨바이오,1,1,1.0
충남,사립,한국기술교육대학교,사회통합,,AI정보통신공학전공,1,1,1.0
충남,사립,한국기술교육대학교,특성화고졸업자[정원외],,에너지신소재화학공학부 / 에너지신소재공학전공,1,1,1.0
충남,사립,한국기술교육대학교,특성화고졸업자[정원외],,경영학부 / 데이터경영전공,1,1,1.0
충남,사립,한국기술교육대학교,특수교육대상자[정원외],,데이터경영전공,1,1,1.0
충남,사립,한국기술교육대학교,충남형 계약학과 (조기 취업형),,삼원폴리텍(주),1,1,1.0
충남,사립,한국기술교육대학교,충남형 계약학과 (조기 취업형),,유니슨에이치케이알(주),1,1,1.0
충남,사립,호서대학교,- 정원내 학생부교과 기회균형전형,,미래자동차공학과,1,1,1.0
충남,사립,호서대학교,- 정원내 학생부교과 기회균형전형,,기계공학과,1,1,1.0
충남,사립,호서대학교,- 정원내 학생부교과 기회균형전형,,생명공학과,1,1,1.0
충북,사립,건국대학교(글로컬),[학생부교과] 지역의사제-진료권(제천권),의과대학,의예과,1,1,1.0
충북,사립,건국대학교(글로컬),[학생부교과] 사회통합,인문사회융합대학,신문방송학과,1,1,1.0
충북,사립,건국대학교(글로컬),[학생부교과] 사회통합,과학기술대학,컴퓨터공학과,1,1,1.0
충북,사립,건국대학교(글로컬),[학생부교과] 농어촌학생(정원외),인문사회융합대학,유아교육과,1,1,1.0
충북,사립,건국대학교(글로컬),[학생부교과] 농어촌학생(정원외),인문사회융합대학,영어문화학과,1,1,1.0
충북,사립,건국대학교(글로컬),[학생부교과] 농어촌학생(정원외),의료생명대학,바이오의약학과,1,1,1.0
충북,사립,건국대학교(글로컬),[학생부교과] 기초생활 및 차상위(정원외),과학기술대학,에너지신소재공학과,1,1,1.0
충북,사립,건국대학교(글로컬),[학생부교과] 기초생활 및 차상위(정원외),의료생명대학,식품영양학과,1,1,1.0
충북,사립,청주대학교,정원내 국가보훈대상자전형 [교과100%],경상대학,경영학과 / 60여 년 전통의 동문 네트워크. 최근 3년간 장관상 포함 경진대회·공모전 5건 이상 수상. 데이터·AI 기반 실무교육으로 미래 경영인재 양성,1,1,1.0
충북,사립,청주대학교,정원내 국가보훈대상자전형 [교과100%],경상대학,"관광경영학과 / 1983년 중부권 최초로 개설, 40년 이상의 전통을 이어온 글로벌 관광 인재 양성의 요람",1,1,1.0
충북,국립,충북대학교,학생부종합(농어촌학생전형),인문대학,러시아언어문화학과,1,1,1.0
충북,국립,충북대학교,학생부종합(농어촌학생전형),인문대학,고고미술사학과,1,1,1.0
충북,국립,충북대학교,학생부종합(농어촌학생전형),사범대학,영어교육과,1,1,1.0
충북,국립,충북대학교,학생부종합(농어촌학생전형),사범대학,지구과학교육과,1,1,1.0
충북,국립,충북대학교,학생부교과(국가보훈대상자전형),자연과학대학,수학과,1,1,1.0
충북,국립,충북대학교,학생부교과(국가보훈대상자전형),자연과학대학,정보통계학과,1,1,1.0
충북,국립,충북대학교,학생부교과(국가보훈대상자전형),경영대학,국제경영학과,1,1,1.0
충북,국립,충북대학교,학생부교과(국가보훈대상자전형),공과대학,토목공학부,1,1,1.0
충북,국립,충북대학교,학생부교과(국가보훈대상자전형),전자정보대학,인공지능학부,1,1,1.0
충북,국립,충북대학교,학생부교과(국가보훈대상자전형),전자정보대학,전자정보자율전공학부,1,1,1.0
충북,국립,충북대학교,학생부교과(국가보훈대상자전형),농업생명환경대학,축산학과,1,1,1.0
충북,국립,충북대학교,학생부교과(경제배려대상자전형),인문대학,영어영문학과,1,1,1.0
충북,국립,충북대학교,학생부교과(경제배려대상자전형),인문대학,독일언어문화학과,1,1,1.0
충북,국립,충북대학교,학생부교과(경제배려대상자전형),인문대학,러시아언어문화학과,1,1,1.0
충북,국립,충북대학교,학생부교과(경제배려대상자전형),사회과학대학,경제학과,1,1,1.0
충북,국립,충북대학교,학생부교과(경제배려대상자전형),자연과학대학,화학과,1,1,1.0
충북,국립,충북대학교,학생부교과(경제배려대상자전형),자연과학대학,미생물학과,1,1,1.0
충북,국립,충북대학교,학생부교과(경제배려대상자전형),공과대학,화학공학과,1,1,1.0
충북,국립,충북대학교,학생부교과(경제배려대상자전형),공과대학,환경공학과,1,1,1.0
충북,국립,충북대학교,학생부교과(경제배려대상자전형),공과대학,건축학과,1,1,1.0
충북,국립,충북대학교,학생부교과(경제배려대상자전형),공과대학,공학자율전공학부,1,1,1.0
충북,국립,충북대학교,학생부교과(경제배려대상자전형),전자정보대학,지능로봇공학과,1,1,1.0
충북,국립,충북대학교,학생부교과(경제배려대상자전형),농업생명환경대학,식물의학과,1,1,1.0
충북,국립,충북대학교,학생부교과(경제배려대상자전형),농업생명환경대학,목재·종이과학과,1,1,1.0
충북,국립,충북대학교,학생부교과(특성화고출신자전형),공과대학,환경공학과,1,1,1.0
충북,국립,충북대학교,학생부교과(특성화고출신자전형),농업생명환경대학,식물자원학과,1,1,1.0
충북,국립,충북대학교,학생부교과(특성화고출신자전형),농업생명환경대학,지역건설공학과,1,1,1.0
충북,국립,충북대학교,학생부교과(특성화고출신자전형),농업생명환경대학,환경생명화학과,1,1,1.0
충북,국립,충북대학교,학생부교과(특성화고출신자전형),농업생명환경대학,특용식물학과,1,1,1.0
충북,국립,충북대학교,학생부교과(특성화고출신자전형),농업생명환경대학,농업경제학과,1,1,1.0
충북,국립,충북대학교,학생부교과(특수교육대상자전형),인문대학,영어영문학과,1,1,1.0
충북,국립,충북대학교,학생부교과(특수교육대상자전형),인문대학,철학과,1,1,1.0
충북,국립,충북대학교,학생부교과(특수교육대상자전형),사회과학대학,사회학과,1,1,1.0
충북,국립,충북대학교,학생부교과(특수교육대상자전형),자연과학대학,수학과,1,1,1.0
충북,국립,충북대학교,학생부교과(특수교육대상자전형),자연과학대학,정보통계학과,1,1,1.0
충북,국립,충북대학교,학생부교과(특수교육대상자전형),자연과학대학,물리학과,1,1,1.0
충북,국립,충북대학교,학생부교과(특수교육대상자전형),자연과학대학,미생물학과,1,1,1.0
충북,국립,충북대학교,학생부교과(특수교육대상자전형),자연과학대학,천문우주학과,1,1,1.0
충북,국립,충북대학교,학생부교과(특수교육대상자전형),경영대학,경영학부,1,1,1.0
충북,국립,충북대학교,학생부교과(특수교육대상자전형),경영대학,경영정보학과,1,1,1.0
충북,국립,충북대학교,학생부교과(특수교육대상자전형),공과대학,기계공학부,1,1,1.0
충북,국립,충북대학교,학생부교과(특수교육대상자전형),공과대학,신소재공학과,1,1,1.0
충북,국립,충북대학교,학생부교과(특수교육대상자전형),공과대학,건축공학과,1,1,1.0
충북,국립,충북대학교,학생부교과(특수교육대상자전형),공과대학,도시공학과,1,1,1.0
충북,국립,충북대학교,학생부교과(특수교육대상자전형),공과대학,건축학과,1,1,1.0
충북,국립,충북대학교,학생부교과(특수교육대상자전형),전자정보대학,전기공학부,1,1,1.0
충북,국립,충북대학교,학생부교과(특수교육대상자전형),전자정보대학,컴퓨터공학과,1,1,1.0
충북,국립,충북대학교,학생부교과(특수교육대상자전형),농업생명환경대학,축산학과,1,1,1.0
충북,국립,충북대학교,학생부교과(특수교육대상자전형),농업생명환경대학,식품생명공학과,1,1,1.0
충북,국립,충북대학교,학생부교과(특수교육대상자전형),농업생명환경대학,목재·종이과학과,1,1,1.0
충북,국립,충북대학교,학생부교과(특수교육대상자전형),사범대학,화학교육과,1,1,1.0
충북,국립,충북대학교,학생부교과(특수교육대상자전형),생활과학대학,식품영양학과,1,1,1.0
충북,국립,충북대학교,학생부교과(특수교육대상자전형),생활과학대학,주거환경학과,1,1,1.0
충북,국립,충북대학교,학생부교과(특수교육대상자전형),창의융합대학,바이오헬스학부,1,1,1.0
충북,국립,충북대학교,실기/실적(체육특기자전형),사범대학,소프트테니스(정구)(전위) (남),1,1,1.0
충북,국립,한국교원대학교,지역인재 특별전형,,일반사회교육과,1,1,1.0
충북,국립,한국교원대학교,지역인재 특별전형,,역사교육과,1,1,1.0
충북,국립,한국교원대학교,지역인재 특별전형,,물리교육과,1,1,1.0
충북,국립,한국교원대학교,지역인재 특별전형,,생물교육과,1,1,1.0
충북,국립,한국교원대학교,지역인재 특별전형,,지구과학교육과,1,1,1.0
충북,국립,한국교원대학교,농어촌학생 특별전형,,영어교육과,1,1,1.0
충북,국립,한국교원대학교,농어촌학생 특별전형,,수학교육과,1,1,1.0
충북,국립,한국교원대학교,기초수급 및 차상위계층 특별전형,,일반사회교육과,1,1,1.0
충북,국립,한국교원대학교,기초수급 및 차상위계층 특별전형,,물리교육과,1,1,1.0
충북,국립,한국교원대학교,기초수급 및 차상위계층 특별전형,,화학교육과,1,1,1.0
충북,국립,한국교원대학교,기초수급 및 차상위계층 특별전형,,생물교육과,1,1,1.0
충북,국립,한국교원대학교,기초수급 및 차상위계층 특별전형,,지구과학교육과,1,1,1.0
충북,국립,한국교원대학교,기초수급 및 차상위계층 특별전형,,가정교육과,1,1,1.0
충북,국립,한국교원대학교,기초수급 및 차상위계층 특별전형,,기술교육과,1,1,1.0
경기,사립,용인대학교,정원내 체육우수자 특별전형,무도대학,유도경기지도학과,40,41,1.03
경기,사립,서울신학대학교,[학생부교과]기독교전형,,신학부 / 신학과,30,31,1.03
경기,사립,중부대학교(고양),학생부우수자전형,,미디어커뮤니케이션학전공 / 미디어커뮤니케이션학전공,30,31,1.03
충남,사립,중부대학교(금산),학생부우수자전형,,미디어커뮤니케이션학전공 / 미디어커뮤니케이션학전공,30,31,1.03
세종,사립,홍익대학교(세종),교과우수자전형,,광고홍보학부,29,30,1.03
충남,사립,나사렛대학교,일반학생전형(학생부교과/실기위주),,항공호텔관광경영학과,45,47,1.04
대전,사립,목원대학교,실기전형 경쟁률 현황 실기100 [수능최저없음],미술·디자인대학,섬유·패션디자인학과,28,29,1.04
경기,사립,안양대학교(안양),학생부교과(아리학생부교과),,스마트시티공학과,26,27,1.04
서울,사립,서경대학교,교과균형 전형,,자유전공학부,26,27,1.04
인천,사립,안양대학교(강화),학생부교과(아리학생부교과),,스마트시티공학과,26,27,1.04
서울,사립,동덕여자대학교,학생부교과우수자 특별전형,경영대학,경영융합학부,25,26,1.04
서울,사립,숭실대학교,학생부교과(교과우수자전형-학교장 추천),,전기공학부,25,26,1.04
대전,사립,목원대학교,"교과전형 경쟁률 현황 교과100 [면접없음, 수능최저없음]",-,자율전공학부 (사범/미술·디자인/웹툰애니메이션게임대학 제외한 모든 전공선택 가능),43,45,1.05
서울,국립,서울과학기술대학교,고교추천전형,정보통신대학,전자공학과,22,23,1.05
충북,사립,청주대학교,정원내 일반전형 [교과100%],인문사회대학,"신문방송학과 / 실무현장 수준의 방송 스튜디오와 편집실, 실전 경력이 되는 현장실습 프로그램을 갖춘 AX 시대 미디어·콘텐츠 인재 양성의 산실",22,23,1.05
세종,사립,고려대학교(세종),논술(일반전형),과학기술대학,전자및정보공학과,21,22,1.05
경기,사립,강남대학교,[정원내]학생부종합(학교생활우수자전형1),공학계,컴퓨터공학부,19,20,1.05
경기,사립,한국항공대학교,학교장추천 전형,,항공·경영대학,19,20,1.05
서울,사립,상명대학교(서울),정원 외 학생부종합(특성화고졸재직자전형)(정원외),,인문 / 융합경영학과,123,130,1.06
경기,사립,한양대학교(ERICA),학생부교과(지역균형선발),공학대학,전자공학부,31,33,1.06
대전,사립,건양대학교(대전),지역[교과],,의료공간디자인학과,18,19,1.06
대전,사립,우송대학교,정원내 학생부 교과 - 교과중심 전형 (교과100% / 12과목 반영),보건복지대학,작업치료학과,18,19,1.06
충남,사립,건양대학교(논산),지역[교과],,의료공간디자인학과,18,19,1.06
충남,국립,국립공주대학교,학생부교과전형  일반전형(정원내),본부,인공지능학부,18,19,1.06
대전,사립,우송대학교,정원내 학생부 교과 - 교과중심 전형 (교과100% / 12과목 반영),철도대학,철도건설시스템학부 / 글로벌철도학과,17,18,1.06
경기,사립,성결대학교,[학생부종합] 영암인재,미래인재융합대학,공학계열자율전공학부,16,17,1.06
대전,국립,충남대학교,일반전형,자연과학대학,화학과*,16,17,1.06
대전,국립,충남대학교,일반전형,창의융합대학,자연과학융합학부 자연과학대학자율전공,28,30,1.07
충남,사립,호서대학교,- 정원내 학생부교과 학생부전형,,생명공학과,28,30,1.07
경기,사립,강남대학교,[정원내]논술위주(논술전형),공학계,컴퓨터공학부,15,16,1.07
서울,사립,건국대학교(서울),학생부종합(KU자기추천),공과대학,생물공학과,15,16,1.07
충남,사립,호서대학교,- 정원내 실기/실적 실기전형,,스포츠과학과,15,16,1.07
경기,사립,서울장신대학교,실기(일반전형) 일반전형,,예술학부 실용음악과(보컬),14,7,1.07
세종,사립,고려대학교(세종),학생부종합(크림슨인재전형),과학기술대학,환경시스템공학과,14,15,1.07
충북,사립,청주대학교,정원내 일반전형 [교과100%],경상대학,호텔외식경영학과 / SSCI Tourism & Hospitality 논문 피인용지수 전국 6위의 검증된 교수진. 현장 연계 실무교육으로 글로벌 호텔·외식산업을 선도할 호스피탈리티 전문 인재 양성,14,15,1.07
서울,사립,세종대학교,학생부종합(특성화고교졸 재직자 특별전형),호텔관광,호텔외식관광프랜차이즈경영학과,61,66,1.08
충남,사립,호서대학교,- 정원내 학생부교과 학생부전형,,경찰행정학과,52,56,1.08
서울,사립,숭실대학교,학생부교과(교과우수자전형-학교장 추천),,화학공학과,26,28,1.08
충남,사립,나사렛대학교,일반학생전형(학생부교과/실기위주),,실용음악학과,26,28,1.08
충북,사립,건국대학교(글로컬),[학생부종합] Cogito자기추천,의료생명대학,생명공학과,26,28,1.08
경기,사립,경동대학교(양주),일반학생,,외식사업학과,24,26,1.08
경기,사립,아주대학교,첨단융합인재전형,,지능형반도체공학과,24,26,1.08
경기,사립,용인대학교,정원내 일반학생 전형,AI바이오융합대학,식품영양학과,13,14,1.08
서울,국립,서울과학기술대학교,고교추천전형,기술경영융합대학,경영학과(경영학전공),13,14,1.08
서울,사립,이화여자대학교,학생부종합(미래인재전형-서류형),인공지능대학,인공지능데이터사이언스학부,13,14,1.08
인천,국립,인천대학교,학생부교과(교과성적우수자),공과대학,산업경영공학과,13,14,1.08
대전,사립,배재대학교,정원내 학생부교과 일반고교과,,철도건설공학과,13,14,1.08
충남,국립,국립공주대학교,학생부교과전형  일반전형(정원내),인문사회과학대학,관광&영어통역융복합학과,13,14,1.08
충남,사립,순천향대학교,[정원내] 학생부교과(교과우수자전형),AI의료융합혁신교육원,헬스케어서비스스쿨(보건행정경영학전공),13,14,1.08
경기,사립,서울신학대학교,[학생부교과]일반전형,,휴먼서비스학부 / 사회복지학과,12,13,1.08
경기,사립,성균관대학교(수원),실기/실적(예체능 실기우수자),,컨템포러리댄스,12,13,1.08
서울,사립,성균관대학교(서울),실기/실적(예체능 실기우수자),,컨템포러리댄스,12,13,1.08
대전,국립,충남대학교,지역인재전형,공과대학,응용화학공학과,12,13,1.08
세종,사립,고려대학교(세종),학생부교과(일반전형),과학기술대학,인공지능사이버보안학과,12,13,1.08
세종,사립,고려대학교(세종),학생부교과(일반전형),공공정책대학,경제통계학부,12,13,1.08
세종,사립,고려대학교(세종),학생부교과(일반전형),문화스포츠대학,국제스포츠학부,12,13,1.08
충남,국립,국립공주대학교,학생부교과전형  일반전형(정원내),천안공과대학,환경공학과,12,13,1.08
충남,사립,순천향대학교,[정원내] 학생부종합(일반학생전형),향설교양대학,자율전공학과,12,13,1.08
서울,사립,성공회대학교,교과성적,,자유전공학부,109,119,1.09
대전,사립,배재대학교,정원내 학생부교과 교과,,조경학과 [교직],35,38,1.09
경기,사립,경기대학교(수원),학생부교과(학교장추천전형),,"글로벌어문학부 / 독어독문전공, 프랑스어문전공, 일어일문전공, 중어중문전공, 러시아어문전공",22,24,1.09
서울,사립,경기대학교(서울),학생부교과(학교장추천전형),,"글로벌어문학부 / 독어독문전공, 프랑스어문전공, 일어일문전공, 중어중문전공, 러시아어문전공",22,24,1.09
서울,사립,성신여자대학교,자기주도인재,,화학·에너지융합학부,22,24,1.09
충남,사립,상명대학교(천안),정원내 학생부교과(학생부교과전형),,자유전공(디자인/예술계열),22,24,1.09
경기,사립,수원대학교,교과우수전형,지능형SW융합대학,컴퓨터공학부,11,12,1.09
경기,사립,한국외국어대학교(용인),학생부종합전형(서류형),,경제학부,11,12,1.09
경기,사립,한양대학교(ERICA),학생부종합(서류형),소프트웨어융합대학,컴퓨터학부(컴퓨터전공),11,12,1.09
서울,사립,한국외국어대학교(서울),학생부종합전형(서류형),,경제학부,11,12,1.09
충남,사립,백석대학교,정원내 모집 실기위주 (예·체능계열) 일반실기,,작곡,11,12,1.09
충남,사립,순천향대학교,[정원내] 학생부교과(교과우수자전형),인문사회과학대학,유아교육과,11,12,1.09
충북,국립,충북대학교,학생부종합(학생부종합Ⅰ전형),경영대학,국제경영학과,11,12,1.09
충북,국립,충북대학교,학생부종합(학생부종합Ⅰ전형),창의융합대학,바이오헬스학부,11,12,1.09
충남,사립,백석대학교,정원내 모집 학생부 교과 일반전형,,AI컴퓨터공학부,241,264,1.1
대전,사립,대전대학교,교과중점전형 [교과/출석 100%],SW융합대학,"AI소프트웨어학부 (빅데이터전공, 인공지능전공)",42,46,1.1
서울,사립,서울여자대학교,학생부종합(기회균형전형_특성화고등을졸업한재직자)[전형기간자율모집],첨단융합학부,기업경영전공,39,43,1.1
서울,사립,한성대학교,지역균형전형,AI융합대학,상상력인재학부,39,43,1.1
경기,사립,용인대학교,정원내 일반학생 전형,AI바이오융합대학,"AI융합학부-AI,빅데이터",31,34,1.1
경기,사립,성결대학교,[학생부교과] SKU창의,미래인재융합대학,SK자율전공학부,30,33,1.1
경기,사립,아주대학교,고교추천전형,,전자공학과,30,33,1.1
경기,사립,한국항공대학교,교과성적우수자 전형,,AI융합대학,30,33,1.1
충북,사립,중원대학교,학생부교과 (일반전형1),,임상병리학과,30,33,1.1
경기,사립,경동대학교(양주),일반학생,,행정학과,29,32,1.1
경기,사립,경동대학교(양주),일반학생,,디자인학과,29,32,1.1
대전,국립,국립한밭대학교,학생부교과(일반)전형,,건축공학과,29,32,1.1
인천,국립,인천대학교,학생부종합(자기추천),공과대학,전기공학과,21,23,1.1
대전,사립,배재대학교,정원내 학생부교과 일반고교과,,AI소프트웨어공학부(게임공학),21,23,1.1
세종,사립,고려대학교(세종),논술(일반전형),글로벌비즈니스대학,글로벌학부,21,23,1.1
충북,사립,청주대학교,정원내 일반전형 [교과100%],보건의료과학대학,"의료경영학과 / 최근 3년 동일 전공 전국 평균을 뛰어넘는 우수한 취업 경쟁력! 서울성모병원, 암 센터 등 메이저 대학병원 및 보건 의료 공공기관 취업 성과",21,23,1.1
경기,사립,대진대학교,실기/실적위주(실기우수자전형) - 실기80% + 교과20%,예술대학,산업디자인학과 [교직],20,22,1.1
경기,사립,한양대학교(ERICA),학생부종합(서류형),첨단융합대학,바이오신약융합학부(학부 모집),20,22,1.1
인천,국립,인천대학교,실기/실적(실기우수자),예술체육대학,스포츠의학부,20,22,1.1
충북,사립,세명대학교,일반전형(정원내),예체능,실내디자인학과 [교과 100%],20,22,1.1
경기,사립,가톨릭대학교(부천),학생부종합(잠재능력우수자서류전형),,정보통신전자공학부,10,11,1.1
경기,사립,경희대학교(용인),서울캠퍼스 학생부교과(지역균형전형),자연계열,생물학과,10,11,1.1
경기,사립,대진대학교,학생부교과(학생부우수자전형) - 교과70% + 면접30%,AI공과대학,스마트융합보안학과,10,11,1.1
경기,사립,루터대학교,학생부위주(교과)-일반전형,,휴먼케어디자인학부,10,11,1.1
경기,사립,성결대학교,[학생부종합] 영암인재,인문사회융합대학,영미언어문화학과,10,11,1.1
경기,사립,한국공학대학교,학생부종합(창의인재),,기계설계공학부 지능형모빌리티전공,10,11,1.1
경기,사립,한국외국어대학교(용인),학교장추천전형,,스페인어과,10,11,1.1
경기,사립,한신대학교,논술,자연,AI시스템반도체학,10,11,1.1
경기,사립,한양대학교(ERICA),학생부교과(지역균형선발),첨단융합대학,바이오신약융합학부(분자의약전공),10,11,1.1
경기,사립,한양대학교(ERICA),학생부종합(서류형),커뮤니케이션&컬처대학,광고홍보학과,10,11,1.1
경기,사립,협성대학교,정원내 [학생부교과]미래창의인재,,자율전공학부,10,11,1.1
서울,사립,가톨릭대학교(서울),학생부종합(잠재능력우수자서류전형),,정보통신전자공학부,10,11,1.1
서울,사립,경희대학교(서울),서울캠퍼스 학생부교과(지역균형전형),자연계열,생물학과,10,11,1.1
서울,사립,광운대학교,학생부종합【광운참빛인재전형Ⅰ-면접형】,,전자융합공학과,10,11,1.1
서울,사립,서강대학교,학생부교과(지역균형),,영문학부,10,11,1.1
서울,국립,서울과학기술대학교,학교생활우수자전형,기술경영융합대학,산업공학부(ITM전공)_자연,10,11,1.1
서울,사립,세종대학교,학생부교과(지역균형 전형),인공지능융합,컴퓨터공학과,10,11,1.1
서울,사립,한국외국어대학교(서울),학교장추천전형,,스페인어과,10,11,1.1
서울,사립,한성대학교,지역균형전형,크리에이티브인문예술대학,크리에이티브인문학부(야),10,11,1.1
인천,국립,인천대학교,학생부종합(자기추천),생명과학기술대학,생명공학부 생명공학전공,10,11,1.1
대전,국립,국립한밭대학교,지역인재(종합)전형,,신소재공학과,10,11,1.1
대전,국립,국립한밭대학교,지역인재(종합)전형,,전기공학과,10,11,1.1
세종,사립,고려대학교(세종),학생부교과(일반전형),문화스포츠대학,문화유산융합학부,10,11,1.1
세종,사립,홍익대학교(세종),학교생활우수자전형,AID융합과학기술대학,AID융합과학기술대학자율전공,10,11,1.1
세종,사립,홍익대학교(세종),학교생활우수자전형,AID융합과학기술대학,소프트웨어융합학과,10,11,1.1
세종,사립,홍익대학교(세종),논술전형,AID융합과학기술대학,AI기계융합공학과,10,11,1.1
충남,사립,백석대학교,정원외 모집 학생부 교과 특성화고교 일반전형,,AI컴퓨터공학부,10,11,1.1
충남,사립,백석대학교,정원외 모집 학생부 교과 기초생활수급자 및 차상위계층,,AI컴퓨터공학부,10,11,1.1
충남,사립,상명대학교(천안),정원내 학생부교과(학생부교과전형),,식품공학과,10,11,1.1
충남,사립,한국기술교육대학교,일반전형,,경영학부 / 융합경영전공,10,11,1.1
충남,사립,한국기술교육대학교,일반전형,,데이터경영전공,10,11,1.1
충남,사립,호서대학교,- 정원내 학생부교과 지역인재전형,,동물보건복지학과,10,11,1.1
충남,사립,호서대학교,- 정원내 학생부교과 지역인재전형,,"문화영상학부(영상미디어트랙, 문화콘텐츠기획트랙)",10,11,1.1
충남,사립,호서대학교,- 정원내 학생부교과 지역인재전형,,경영학과,10,11,1.1
충남,사립,호서대학교,- 정원외 학생부교과 농어촌학생전형,,컴퓨터공학과,10,3,1.1
충북,국립,충북대학교,실기/실적(실기우수자전형),예술학과군,미술학과(조소),10,11,1.1
경기,사립,신한대학교(의정부/동두천),논술전형(약술형)(교과10%+논술90%),,경영대학(자율전공) - AI융합경영학과 - 글로벌무역학과 - 국제개발협력학과 - 글로벌관광경영학과,35,39,1.11
대전,사립,배재대학교,정원내 학생부교과 교과,,생명공학과,35,39,1.11
경기,사립,중부대학교(고양),학생부우수자전형,,글로벌무역학전공 / 글로벌무역학전공,28,31,1.11
인천,사립,청운대학교(인천),일반전형,,멀티미디어학과,28,31,1.11
충남,사립,중부대학교(금산),학생부우수자전형,,글로벌무역학전공 / 글로벌무역학전공,28,31,1.11
충남,사립,청운대학교(홍성),일반전형,,멀티미디어학과,28,31,1.11
충남,사립,순천향대학교,[정원내] 학생부종합(일반학생전형),AI의료융합혁신교육원,헬스케어서비스스쿨,19,21,1.11
충북,사립,청주대학교,"정원내 교과면접전형 경쟁률 현황 ※ 면접전형 : 교과70%+ 면접30% 단, 항공서비스학과 만 교과60%+ 면접40% 생활기록부 미반영 면접",보건의료과학대학,"치위생학과 / 국가시험 3년 연속 100% 합격, 취업률 90%! 서울대·고려대·단국대병원 임상실습과 디지털 기반 실무교육, 다양한 진로 지원으로 치위생 전문 리더 양성!",19,21,1.11
충북,사립,세명대학교,인문계고교전형(정원내),자연과학,간호학과 【교직】,18,20,1.11
경기,사립,경희대학교(용인),국제캠퍼스 학생부교과(지역균형전형),자연계열,식품생명공학과,9,10,1.11
경기,사립,단국대학교(죽전),[학생부교과] 학생부교과우수자 경쟁률 현황 (천안),,영어과,9,10,1.11
경기,사립,단국대학교(죽전),[학생부교과] 학생부교과우수자 경쟁률 현황 (천안),,식품영양학과,9,10,1.11
경기,사립,단국대학교(죽전),[학생부교과] 학생부교과우수자 경쟁률 현황 (천안),,신소재공학과,9,10,1.11
경기,사립,명지대학교(용인),학생부교과(교과면접전형),,스마트시스템공과대학 / 기계시스템공학부<기계공학전공·로봇공학전공>,9,10,1.11
경기,사립,서울신학대학교,[학생부종합]H+인재전형,,아동보육학과,9,10,1.11
경기,사립,한국공학대학교,학생부교과(교과우수자),,에너지ㆍ전기공학부 전기공학전공,9,10,1.11
서울,사립,경희대학교(서울),국제캠퍼스 학생부교과(지역균형전형),자연계열,식품생명공학과,9,10,1.11
서울,사립,동덕여자대학교,논술우수자전형,문화지식융합대학,데이터사이언스전공,9,10,1.11
서울,사립,명지대학교(서울),학생부교과(교과면접전형),,스마트시스템공과대학 / 기계시스템공학부<기계공학전공·로봇공학전공>,9,10,1.11
서울,사립,숭실대학교,학생부교과(교과우수자전형-학교장 추천),,행정학부,9,10,1.11
대전,국립,충남대학교,지역인재전형,경상대학,경제학과,9,10,1.11
세종,사립,고려대학교(세종),학생부교과(일반전형),과학기술대학,신소재화학과,9,10,1.11
세종,사립,고려대학교(세종),학생부종합(크림슨인재전형),과학기술대학,응용수리과학부,9,10,1.11
충남,사립,단국대학교(천안),[학생부교과] 학생부교과우수자 경쟁률 현황 (천안),,영어과,9,10,1.11
충남,사립,단국대학교(천안),[학생부교과] 학생부교과우수자 경쟁률 현황 (천안),,식품영양학과,9,10,1.11
충남,사립,단국대학교(천안),[학생부교과] 학생부교과우수자 경쟁률 현황 (천안),,신소재공학과,9,10,1.11
충남,사립,순천향대학교,[정원내] 학생부교과(교과우수자전형),인문사회과학대학,청소년교육·상담학과,9,10,1.11
충남,사립,한국기술교육대학교,창의인재(서류형),,AI정보통신공학전공,9,10,1.11
충북,사립,세명대학교,일반전형(정원내),예체능,패션디자인학과 [실기 100%],9,10,1.11
충남,사립,호서대학교,- 정원내 학생부교과 학생부전형,,자유전공학부,50,56,1.12
서울,사립,성신여자대학교,특성화고 등을 졸업한 재직자(정원외),,경영학과(세무회계전공),43,48,1.12
인천,사립,청운대학교(인천),일반전형,,식품영양학과 [교직],26,29,1.12
충남,사립,청운대학교(홍성),일반전형,,식품영양학과 [교직],26,29,1.12
충북,사립,중원대학교,학생부교과 (일반전형1),,항공정비학과,25,28,1.12
경기,사립,협성대학교,정원내 [실기/실적]실기우수자,예술대학,가구디자인학과,17,19,1.12
대전,국립,국립한밭대학교,학생부교과(일반)전형,,정보기술AI융합학부,48,54,1.13
충남,사립,나사렛대학교,일반학생전형(학생부교과/실기위주),,언어치료학과,45,51,1.13
대전,사립,대전대학교,교과중점전형 [교과/출석 100%],사회과학대학,"법행정학부 (법학전공, 행정학전공) / 법학전공 행정학전공",40,45,1.13
대전,사립,우송대학교,정원내 학생부 교과 - 교과중심 전형 (교과100% / 12과목 반영),철도대학,철도경영학과,40,45,1.13
인천,사립,인하대학교,학생부종합 인하미래인재(면접형),AI융합대학,컴퓨터공학과,32,36,1.13
경기,사립,가톨릭대학교(부천),학생부종합(특성화고 등을 졸업한 재직자전형)(정원 외),,글로벌경영학부 세무회계금융학과,31,35,1.13
서울,사립,가톨릭대학교(서울),학생부종합(특성화고 등을 졸업한 재직자전형)(정원 외),,글로벌경영학부 세무회계금융학과,31,35,1.13
대전,사립,목원대학교,"교과전형 경쟁률 현황 교과100 [면접없음, 수능최저없음]",보건안전대학,"생물산업학부(반려동물전공, 생명과학전공)",30,34,1.13
경기,사립,을지대학교(성남의정부),지역균형(학교장추천),,자연계열학부,23,26,1.13
대전,사립,을지대학교(대전),지역균형(학교장추천),,자연계열학부,23,26,1.13
대전,국립,충남대학교,지역인재전형,창의융합대학,자연과학융합학부 농업생명과학대학자율전공,16,18,1.13
서울,사립,이화여자대학교,학생부교과(고교추천전형),사회과학대학,커뮤니케이션·미디어학부,15,17,1.13
서울,사립,이화여자대학교,학생부종합(미래인재전형-서류형),자연과학대학,수학과,15,17,1.13
대전,사립,건양대학교(대전),일반[교과],,스포츠의학전공,15,17,1.13
대전,사립,배재대학교,정원내 학생부교과 일반고교과,,AI소프트웨어공학부(정보보안학),15,17,1.13
충남,사립,건양대학교(논산),일반[교과],,스포츠의학전공,15,17,1.13
충남,사립,순천향대학교,[정원내] 학생부교과(교과우수자전형),공과대학,디스플레이신소재공학과,15,17,1.13
충남,사립,순천향대학교,[정원내] 학생부종합(일반학생전형),자연과학대학,환경보건학과,15,17,1.13
경기,사립,가천대학교(성남),가천바람개비 전형,자연계열,시스템반도체학과,8,9,1.13
경기,사립,경기대학교(수원),학생부교과(학교장추천전형),,사회복지·청소년학과,8,9,1.13
경기,사립,경희대학교(용인),국제캠퍼스 학생부교과(지역균형전형),자연계열,스마트팜과학과,8,9,1.13
경기,사립,을지대학교(성남의정부),논술우수자,,안경광학과,8,9,1.13
경기,사립,한국공학대학교,학생부종합(창의인재),,에너지ㆍ전기공학부 에너지공학전공,8,9,1.13
경기,사립,한국외국어대학교(용인),학생부종합전형(서류형),,영어통번역학과,8,9,1.13
경기,사립,한국외국어대학교(용인),학생부종합전형(서류형),,미디어커뮤니케이션학부,8,9,1.13
서울,사립,경기대학교(서울),학생부교과(학교장추천전형),,사회복지·청소년학과,8,9,1.13
서울,사립,경희대학교(서울),국제캠퍼스 학생부교과(지역균형전형),자연계열,스마트팜과학과,8,9,1.13
서울,사립,광운대학교,학생부종합【광운참빛인재전형Ⅱ-서류형】,,전자통신공학과,8,9,1.13
서울,사립,광운대학교,학생부종합【광운참빛인재전형Ⅱ-서류형】,,전자융합공학과,8,9,1.13
서울,사립,광운대학교,학생부교과【지역균형 전형】,,전자재료공학과,8,9,1.13
서울,사립,동덕여자대학교,논술우수자전형,사회과학대학,문헌정보학전공,8,9,1.13
서울,공립,서울시립대학교,고교추천전형,인공지능융합대학,컴퓨터과학부,8,9,1.13
서울,사립,서울여자대학교,학생부종합(바롬인재면접전형),사회과학대학,경제학과,8,9,1.13
서울,사립,서울여자대학교,학생부종합(SW융합인재전형),미래산업융합대학,지능정보보호학부,8,9,1.13
서울,사립,숭실대학교,학생부교과(교과우수자전형-학교장 추천),,일어일문학과,8,9,1.13
서울,사립,한국외국어대학교(서울),학생부종합전형(서류형),,영어통번역학과,8,9,1.13
서울,사립,한국외국어대학교(서울),학생부종합전형(서류형),,미디어커뮤니케이션학부,8,9,1.13
서울,사립,한양대학교(서울),학생부교과(추천형),생활과학대학,식품영양학과,8,9,1.13
인천,사립,가천대학교(인천),가천바람개비 전형,자연계열,시스템반도체학과,8,9,1.13
인천,국립,인천대학교,학생부교과(지역균형),글로벌정경대학,경제학과,8,9,1.13
대전,국립,국립한밭대학교,지역인재(교과)전형,,전자공학과,8,9,1.13
대전,국립,국립한밭대학교,학생부종합(일반)전형,,회계세무학과,8,9,1.13
대전,사립,을지대학교(대전),논술우수자,,안경광학과,8,9,1.13
대전,국립,충남대학교,일반전형,사회과학대학,사회학과*,8,9,1.13
대전,국립,충남대학교,일반전형,자연과학대학,무용학과(현대무용),8,9,1.13
대전,국립,충남대학교,지역인재전형,공과대학,전자공학과,8,9,1.13
충남,사립,순천향대학교,[정원내] 학생부교과(충청형지역인재전형),향설교양대학,자율전공학과,8,9,1.13
충북,사립,중원대학교,실기위주 (체육우수인재(스포츠과학전공)),,스포츠과학부,8,9,1.13
대전,사립,대전대학교,실기위주전형,디자인·아트대학,커뮤니케이션디자인학과,50,57,1.14
충북,국립,충북대학교,학생부교과(학생부교과전형),경영대학,경영학부,43,49,1.14
인천,국립,인천대학교,학생부종합(자기추천),인공지능대학,인공지능정보통신공학부,21,24,1.14
경기,사립,한국공학대학교,학생부종합(창의인재),,전자공학부 임베디드시스템전공,14,16,1.14
인천,국립,인천대학교,학생부종합(자기추천),자연과학대학,물리학과,14,16,1.14
충북,사립,건국대학교(글로컬),[학생부종합] Cogito자기추천,인문사회융합대학,동화·한국어문화학과,14,16,1.14
충북,사립,건국대학교(글로컬),[학생부종합] Cogito자기추천,인문사회융합대학,영어문화학과,14,16,1.14
경기,사립,가천대학교(성남),학생부우수자 전형,자연계열,바이오나노학과,7,8,1.14
경기,사립,경기대학교(수원),학생부교과(농어촌학생전형),,"AI컴퓨터공학부 / 컴퓨터공학전공, 인공지능전공, SW안전보안전공, 모빌리티SW전공",7,8,1.14
경기,사립,경희대학교(용인),국제캠퍼스 학생부종합(네오르네상스전형),자연계열,응용물리학과,7,8,1.14
경기,사립,대진대학교,학생부교과(학생부우수자전형) - 교과70% + 면접30%,AI공과대학,전기공학과 [교직],7,8,1.14
경기,사립,대진대학교,학생부교과(학생부우수자전형) - 교과70% + 면접30%,AI공과대학,컴퓨터공학과 [교직],7,8,1.14
경기,사립,명지대학교(용인),학생부교과(학교장추천전형),,전자공학전공,7,8,1.14
경기,사립,명지대학교(용인),학생부종합(명지인재서류전형),,산업경영공학과,7,8,1.14
경기,사립,아주대학교,고교추천전형,,교통시스템공학과,7,8,1.14
경기,사립,용인대학교,정원내 체육우수자 특별전형,무도대학,무도학과-복싱(남),7,8,1.14
서울,사립,경기대학교(서울),학생부교과(농어촌학생전형),,"AI컴퓨터공학부 / 컴퓨터공학전공, 인공지능전공, SW안전보안전공, 모빌리티SW전공",7,8,1.14
서울,사립,경희대학교(서울),국제캠퍼스 학생부종합(네오르네상스전형),자연계열,응용물리학과,7,8,1.14
서울,사립,동덕여자대학교,학생부교과우수자 특별전형,자연정보과학대학,식품영양학전공,7,8,1.14
서울,사립,명지대학교(서울),학생부교과(학교장추천전형),,전자공학전공,7,8,1.14
서울,사립,명지대학교(서울),학생부종합(명지인재서류전형),,산업경영공학과,7,8,1.14
서울,사립,삼육대학교,세움인재전형,,데이터클라우드공학과,7,8,1.14
서울,사립,연세대학교(서울),학생부교과전형 (추천형),인공지능융합대학,인공지능시스템학과,7,8,1.14
서울,사립,이화여자대학교,학생부교과(고교추천전형),공과대학,건축도시시스템공학과,7,8,1.14
인천,사립,가천대학교(인천),학생부우수자 전형,자연계열,바이오나노학과,7,8,1.14
인천,국립,인천대학교,학생부교과(교과성적우수자),자연과학대학,화학과,7,8,1.14
인천,사립,인하대학교,학생부종합 인하미래인재(면접형),사범대학,교육학과,7,8,1.14
인천,사립,인하대학교,학생부종합 인하미래인재(서류형),공과대학,화공에너지공학부(화학공학전공),7,8,1.14
인천,사립,인하대학교,학생부종합 인하미래인재(서류형),문과대학,중국학과,7,8,1.14
대전,사립,건양대학교(대전),학생부종합전형,,안경광학과,7,8,1.14
대전,사립,배재대학교,정원내 학생부교과 교과,,간호학과,7,8,1.14
대전,국립,충남대학교,일반전형,사회과학대학,정치외교학과,7,8,1.14
대전,국립,충남대학교,지역인재전형,자연과학대학,지질환경과학과*,7,8,1.14
세종,사립,고려대학교(세종),논술(일반전형),과학기술대학,미래모빌리티학과,7,8,1.14
세종,사립,홍익대학교(세종),논술전형,,게임학부 게임소프트웨어전공(공학계),7,8,1.14
충남,사립,건양대학교(논산),학생부종합전형,,안경광학과,7,8,1.14
충남,사립,호서대학교,- 정원내 학생부교과 면접전형,,컴퓨터공학과,7,8,1.14
충북,사립,청주대학교,정원내 교과인재전형 [교과100%],공과대학,"건축공학과 / 56년역사, 충북최초 건축공학과개설, 건축공학4대전공(구조·시공·환경·설계) 융합AI스마트건축기술교육! 기술사·교수·공무원100여명배출, 최근 5년연구비50억수주",7,8,1.14
충북,국립,충북대학교,학생부교과(만학도전형),창의융합대학,자연과학자율전공계열,7,8,1.14
충북,국립,한국교원대학교,학생부종합우수자 일반전형,,교육학과,7,8,1.14
충남,사립,호서대학교,- 정원내 학생부교과 학생부전형,,글로벌통상학과,47,54,1.15
충남,사립,호서대학교,- 정원내 학생부교과 학생부전형,,지능로봇학과,26,30,1.15
경기,사립,을지대학교(성남의정부),지역균형(학교장추천),,인문사회계열학부,20,23,1.15
경기,사립,한양대학교(ERICA),학생부교과(지역균형선발),글로벌문화통상대학,글로벌문화통상학부,20,23,1.15
인천,사립,청운대학교(인천),일반전형,,화학생명공학과,20,23,1.15
대전,사립,을지대학교(대전),지역균형(학교장추천),,인문사회계열학부,20,23,1.15
충남,사립,청운대학교(홍성),일반전형,,화학생명공학과,20,23,1.15
충북,사립,세명대학교,일반전형(정원내),예체능,공연예술학과 [실기 100%],20,23,1.15
경기,사립,서울신학대학교,[학생부교과]교과성적전형,,자율전공학부,13,15,1.15
경기,사립,안양대학교(안양),학생부교과(아리학생부교과),,행정학과(야간),13,15,1.15
경기,사립,안양대학교(안양),학생부교과(아리학생부교과),,정보전기전자공학과(야간),13,15,1.15
인천,사립,안양대학교(강화),학생부교과(아리학생부교과),,행정학과(야간),13,15,1.15
인천,사립,안양대학교(강화),학생부교과(아리학생부교과),,정보전기전자공학과(야간),13,15,1.15
대전,사립,배재대학교,정원내 학생부교과 일반고교과,,간호학과,13,15,1.15
세종,사립,고려대학교(세종),논술(일반전형),과학기술대학,전자·기계융합공학과,13,15,1.15
충남,사립,순천향대학교,[정원내] 학생부종합(일반학생전형),AI대학,컴퓨터공학부(컴퓨터공학전공),13,15,1.15
충남,사립,호서대학교,- 정원내 학생부교과 지역인재전형,,"사회복지학부(사회복지학트랙, 노인복지학트랙)",13,15,1.15
충남,사립,호서대학교,- 정원내 학생부종합 호서인재전형,,"건축토목공학부(건축공학트랙, 토목공학트랙)",13,15,1.15
충북,사립,가톨릭꽃동네대학교,가톨릭지도자추천,,간호학과,13,15,1.15
충북,사립,청주대학교,정원내 교과인재전형 [교과100%],인문사회대학,"지적학과 / 1979년 설립 이래 공공분야 인재 1,700여 명 배출, 최근 5년간 지적직 공무원·공기업 연평균 21명 이상 합격, 2025년 지적 국가기술자격 취득률 63%(전국 41%)",13,15,1.15
경기,사립,경동대학교(양주),일반학생,,치위생학과,134,155,1.16
경기,사립,차의과학대학교,학생부교과(CHA학생부교과전형),,글로벌미래인재대학,50,58,1.16
경기,사립,수원대학교,교과논술전형,지능형SW융합대학,컴퓨터공학부,32,37,1.16
대전,사립,건양대학교(대전),일반[교과],,인공지능학과,32,37,1.16
충남,사립,건양대학교(논산),일반[교과],,인공지능학과,32,37,1.16
충남,사립,호서대학교,- 정원내 학생부종합 호서인재전형,,경영학과,32,37,1.16
대전,사립,목원대학교,실기전형 경쟁률 현황 실기100 [수능최저없음],음악대학,"피아노학부(피아노연주전공, 피아노교육전공)",25,29,1.16
경기,사립,강남대학교,[정원내]학생부종합(학교생활우수자전형1),인문사회계,상경학부(야),19,22,1.16
서울,사립,홍익대학교(서울),학교장추천자전형,법과대학,법학부,19,22,1.16
충북,사립,세명대학교,일반전형(정원내),인문사회,경영학과,19,22,1.16
서울,사립,덕성여자대학교,덕성인재전형Ⅱ[학생부위주(종합)],,미래인재대학(자유전공학부),64,75,1.17
대전,사립,목원대학교,"교과전형 경쟁률 현황 교과100 [면접없음, 수능최저없음]",공과대학,"건축학부(건축학전공(5년), 건축공학전공)",60,70,1.17
대전,국립,국립한밭대학교,학생부교과(일반)전형,,전자공학과,58,68,1.17
서울,사립,한양대학교(서울),학생부교과(추천형),한양YK인터칼리지,한양인터칼리지학부,42,49,1.17
경기,사립,한국항공대학교,학교장추천 전형,,AI융합대학,30,35,1.17
충남,사립,순천향대학교,[정원내] 학생부종합(일반학생전형),AI의료융합혁신교육원,의약바이오스쿨,30,35,1.17
서울,사립,건국대학교(서울),학생부종합(KU자기추천),사회과학대학,경제학과,23,27,1.17
충북,국립,충북대학교,학생부교과(학생부교과전형),공과대학,공학자율전공학부,18,21,1.17
경기,사립,가천대학교(성남),학생부우수자 전형,자연계열,바이오로직스학과,12,14,1.17
경기,사립,대진대학교,"학생부종합(윈윈대진전형) - 1단계:서류평가100%, 2단계:1단계 성적70% + 면접30%",인문사회대학,행정정보학과,12,14,1.17
경기,사립,한국공학대학교,학생부교과(교과우수자),,생명화학공학과,12,14,1.17
서울,국립,서울과학기술대학교,고교추천전형,공과대학,건축학부(건축학전공),12,14,1.17
서울,사립,이화여자대학교,학생부종합(미래인재전형-서류형),사범대학,영어교육과,12,14,1.17
인천,사립,가천대학교(인천),학생부우수자 전형,자연계열,바이오로직스학과,12,14,1.17
대전,사립,대전대학교,"교과면접전형 [1단계:교과/출석 100%, 2단계:교과/출석 60% + 면접 40%]",사회과학대학,"법행정학부 (법학전공, 행정학전공) / 법학전공 행정학전공",12,14,1.17
세종,사립,고려대학교(세종),학생부교과(일반전형),과학기술대학,생명정보공학과,12,14,1.17
세종,사립,고려대학교(세종),학생부교과(일반전형),과학기술대학,식품생명공학과,12,14,1.17
세종,사립,고려대학교(세종),학생부종합(크림슨인재전형),과학기술대학,신소재화학과,12,14,1.17
충남,사립,상명대학교(천안),정원내 학생부교과(학생부교과전형),,전자공학과,12,14,1.17
충남,사립,순천향대학교,[정원내] 학생부교과(교과우수자전형),인문사회과학대학,사회복지학과,12,14,1.17
경기,사립,가톨릭대학교(부천),학생부교과(지역균형전형),,정보통신전자공학부,6,7,1.17
경기,사립,강남대학교,[정원외]학생부교과(기초차상위전형),,자유전공학부,6,7,1.17
경기,사립,강남대학교,[정원외]학생부교과(기초차상위전형),인문사회계,상경학부,6,7,1.17
경기,사립,경희대학교(용인),서울캠퍼스 학생부교과(지역균형전형),인문계열,사회학과,6,7,1.17
경기,사립,단국대학교(죽전),[학생부종합] DKU인재(서류형) 경쟁률 현황 (죽전),,고분자시스템공학부(고분자공학전공),6,7,1.17
경기,사립,대진대학교,학생부교과(학생부우수자전형) - 교과70% + 면접30%,인문사회대학,글로벌경제학과,6,7,1.17
경기,사립,서울신학대학교,[학생부종합]H+인재전형,,일본어문화콘텐츠학과,6,7,1.17
경기,사립,성균관대학교(수원),학생부교과(추천인재),,국어국문학과,6,7,1.17
경기,사립,중부대학교(고양),학교생활우수자전형,,특수교육과 / 유아특수교육,6,7,1.17
경기,사립,한신대학교,논술,인문,한국사학,6,7,1.17
서울,사립,가톨릭대학교(서울),학생부교과(지역균형전형),,정보통신전자공학부,6,7,1.17
서울,사립,강서대학교,교과우수자,,신학과(교과우수자),6,7,1.17
서울,사립,경희대학교(서울),서울캠퍼스 학생부교과(지역균형전형),인문계열,사회학과,6,7,1.17
서울,사립,고려대학교(서울),서울캠퍼스 학생부교과(학교추천전형),문과대학,독어독문학과,6,7,1.17
서울,공립,서울시립대학교,고교추천전형,인공지능융합대학,첨단융합학부-지능형반도체전공,6,7,1.17
서울,사립,성균관대학교(서울),학생부교과(추천인재),,국어국문학과,6,7,1.17
서울,사립,숙명여자대학교,[학생부종합] 기회균형전형,법과대학,법학부,6,7,1.17
서울,사립,숙명여자대학교,[학생부교과] 지역균형선발전형,문과대학,교육학부,6,7,1.17
서울,사립,숙명여자대학교,[학생부교과] 지역균형선발전형,생활과학대학,의류학과,6,7,1.17
서울,사립,총신대학교,정원내 교과우수자,인문사회계열,사회복지학과,6,7,1.17
인천,국립,인천대학교,학생부종합(자기추천),사범대학,일어교육과,6,7,1.17
인천,사립,인하대학교,학생부교과 지역균형,공과대학,산업경영공학과,6,7,1.17
인천,사립,인하대학교,논술 논술우수자,공과대학,화공에너지공학부(이차전지공학전공),6,7,1.17
대전,국립,국립한밭대학교,지역인재(교과)전형,,건축공학과,6,7,1.17
대전,사립,대전대학교,"교과면접전형 [1단계:교과/출석 100%, 2단계:교과/출석 60% + 면접 40%]",사회과학대학,중등특수교육과 [사범],6,7,1.17
대전,사립,대전대학교,"혜화인재전형 [1단계:서류평가 100%, 2단계:서류평가 60% + 면접 40% / 자기소개서 없음 ]",보건의료과학대학,임상병리학과,6,7,1.17
대전,국립,충남대학교,일반전형,농업생명과학대학,지역환경토목학과,6,7,1.17
충남,국립,국립공주대학교,학생부종합전형  일반전형(정원내),사범대학,기술·가정교육과,6,7,1.17
충남,국립,국립공주대학교,학생부종합전형  일반전형(정원내),천안공과대학,디지털융합금형공학과,6,7,1.17
충남,국립,국립공주대학교,학생부종합전형  성인학습자전형Ⅰ(정원내),천안공과대학,전기전자제어공학부(성인학습자전담과정),6,7,1.17
충남,사립,단국대학교(천안),[학생부종합] DKU인재(서류형) 경쟁률 현황 (죽전),,고분자시스템공학부(고분자공학전공),6,7,1.17
충남,사립,백석대학교,정원내 모집 실기위주 (예·체능계열) 체육특기자,,겨루기,6,7,1.17
충남,사립,백석대학교,정원외 모집 학생부 교과 + 면접 계약학과,,㈜리차드 프로헤어,6,7,1.17
충남,사립,상명대학교(천안),정원내 학생부교과(학생부교과전형),,문화예술경영전공,6,7,1.17
충남,사립,유원대학교(아산),학생부종합,,사회복지학부,6,7,1.17
충남,사립,유원대학교(아산),농어촌학생,,간호학과,6,7,1.17
충남,사립,중부대학교(금산),학교생활우수자전형,,특수교육과 / 유아특수교육,6,7,1.17
충남,사립,한국기술교육대학교,일반전형,,자율전공(인문),6,7,1.17
충남,사립,호서대학교,- 정원외 학생부교과 기초생활수급자 및 차상위계층전형,,컴퓨터공학과,6,3,1.17
충북,사립,극동대학교,정원 외 학생부교과 기회균형전형(정원 외),,방사선학과,6,7,1.17
충북,사립,유원대학교(영동),학생부종합,,사회복지학부,6,7,1.17
충북,사립,유원대학교(영동),농어촌학생,,간호학과,6,7,1.17
충북,사립,청주대학교,정원내 지역인재전형 [교과100%],AI·SW융합대학,"전기제어공학과 / 국비지원사업선정(SW중심대학사업 8년간 150억, 첨단로봇/제조를 위한 요소기술개발 공동연구센터사업 5년간 25억, AI모빌리티 R&BD센터 5년간 5억 등)",6,7,1.17
충북,국립,충북대학교,학생부종합(학생부종합Ⅰ전형),자연과학대학,생화학과,6,7,1.17
충북,국립,충북대학교,학생부종합(학생부종합Ⅱ전형),경영대학,경영정보학과,6,7,1.17
충북,국립,충북대학교,학생부교과(학생부교과전형),공과대학,건축공학과,6,7,1.17
충북,국립,충북대학교,학생부교과(지역인재전형),자연과학대학,천문우주학과,6,7,1.17
충북,국립,충북대학교,학생부교과(지역인재전형),농업생명환경대학,지역건설공학과,6,7,1.17
서울,사립,서경대학교,교과우수자 전형,,미래융합학부2,45,53,1.18
경기,사립,아주대학교,고교추천전형,,미래모빌리티공학과,22,26,1.18
대전,사립,목원대학교,"교과전형 경쟁률 현황 교과100 [면접없음, 수능최저없음]",문화콘텐츠대학,영어학과,22,26,1.18
충남,국립,국립공주대학교,학생부교과전형  일반전형(정원내),천안공과대학,디자인컨버전스학과,22,26,1.18
경기,사립,중부대학교(고양),학교생활우수자전형,,미디어커뮤니케이션학전공 / 미디어커뮤니케이션학전공,17,20,1.18
경기,사립,한세대학교,교과우수자 - 교과 100%,,간호학과,17,20,1.18
대전,사립,대전대학교,교과중점전형 [교과/출석 100%],SW융합대학,정보보안학과,17,20,1.18
충남,사립,중부대학교(금산),학교생활우수자전형,,미디어커뮤니케이션학전공 / 미디어커뮤니케이션학전공,17,20,1.18
충북,사립,청주대학교,"정원내 교과면접전형 경쟁률 현황 ※ 면접전형 : 교과70%+ 면접30% 단, 항공서비스학과 만 교과60%+ 면접40% 생활기록부 미반영 면접",보건의료과학대학,"임상병리학과 / 최근 2개년 임상병리사 국가시험 100% 합격, 서울아산·삼성서울·서울대·세브란스병원 등 전국 상급종합병원 진출, NGS 등 최신 분자진단기술 실습",17,20,1.18
경기,사립,서울신학대학교,[학생부교과]일반전형,,아동보육학과,11,13,1.18
경기,사립,을지대학교(성남의정부),논술우수자,,첨단학부,11,13,1.18
경기,사립,한국공학대학교,학생부교과(교과우수자),,메카트로닉스공학부 메카트로닉스전공,11,13,1.18
경기,사립,한국항공대학교,학교장추천 전형,,자유전공학부,11,13,1.18
서울,사립,동덕여자대학교,논술우수자전형,사회과학대학,아동학전공,11,13,1.18
서울,사립,세종대학교,학생부종합(세종인재 전형(면접형)),인공지능융합,AI융합전자공학과,11,13,1.18
서울,사립,한양대학교(서울),실기/실적(무용특기자),예술체육대학,무용학과(한국무용),11,13,1.18
대전,사립,을지대학교(대전),논술우수자,,첨단학부,11,13,1.18
충남,사립,순천향대학교,[정원내] 학생부종합(일반학생전형),공과대학,전자공학부(정보통신공학전공),11,13,1.18
충남,사립,호서대학교,- 정원외 학생부교과 농어촌학생전형,,"건축토목공학부(건축공학트랙, 토목공학트랙)",11,4,1.18
충북,국립,충북대학교,학생부교과(지역인재전형),공과대학,공학자율전공학부,11,13,1.18
충북,국립,충북대학교,학생부교과(지역인재전형),전자정보대학,전자정보자율전공학부,11,13,1.18
경기,사립,아주대학교,첨단융합인재전형,,미래모빌리티공학과,42,50,1.19
충북,사립,청주대학교,정원내 일반전형 [교과100%],보건의료과학대학,간호학과 / 간호사 국가시험 100% 합격! 간호교육인증평가 연속 5년 인증! 서울아산병원 등 최고 수준 대학병원 실습·취업! 최첨단 시뮬레이터·VR실습실·CJU플로렌스센터!,42,50,1.19
충남,사립,호서대학교,- 정원내 학생부교과 학생부전형,,식품영양학과,27,32,1.19
대전,사립,우송대학교,정원내 학생부 교과 - 교과중심 전형 (교과100% / 12과목 반영),철도대학,철도소프트웨어전공,26,31,1.19
충남,사립,유원대학교(아산),유원교과,,응급구조학과,26,31,1.19
충북,사립,유원대학교(영동),유원교과,,응급구조학과,26,31,1.19
경기,사립,강남대학교,[정원내]학생부종합(학교생활우수자전형1),공학계,전자반도체공학부,16,19,1.19
경기,사립,아주대학교,첨단융합인재전형,,금융공학과,16,19,1.19
서울,사립,이화여자대학교,학생부교과(고교추천전형),간호대학,간호학부,16,19,1.19
충남,국립,국립공주대학교,학생부교과전형  일반전형(정원내),간호보건대학,의료정보학과,16,19,1.19
충남,사립,호서대학교,- 정원내 학생부교과 학생부전형,,건축학과,16,19,1.19
충남,사립,호서대학교,- 정원내 학생부교과 학생부전형,,임상병리학과,16,19,1.19
서울,사립,서경대학교,기회균형② 특별전형 - 특성화고 등을 졸업한 재직자,,인텔리전트경영학과,40,48,1.2
인천,사립,인하대학교,학생부종합 특성화고 등을 졸업한 재직자,미래융합대학,금융투자학과,40,48,1.2
대전,사립,목원대학교,실기전형 경쟁률 현황 실기100 [수능최저없음],미술·디자인대학,산업디자인학과,30,36,1.2
서울,사립,서울여자대학교,학생부종합(기회균형전형_특성화고등을졸업한재직자)[전형기간자율모집],첨단융합학부,뉴미디어디자인전공,25,30,1.2
경기,사립,안양대학교(안양),학생부교과(아리학생부면접),,AI학부,20,24,1.2
서울,사립,성신여자대학교,자기주도인재,,서비스디자인공학과,20,24,1.2
인천,사립,안양대학교(강화),학생부교과(아리학생부면접),,AI학부,20,24,1.2
충남,국립,국립공주대학교,학생부교과전형  일반전형(정원내),인문사회과학대학,경제통상학부,20,24,1.2
충북,사립,청주대학교,정원내 일반전형 [교과100%],AI·SW융합대학,"데이터사이언스학과 / 국비지원 인력양성사업 수행중(SW중심대학사업 ‘25년~‘33년 150억, 첨단산업 부트캠프사업 ‘24년~‘29년 75억), 데이터로 세상을 읽고 미래를 설계하는 전문가 양성",20,24,1.2
경기,사립,경기대학교(수원),학생부교과(학교장추천전형),,산업경영공학과,15,18,1.2
경기,사립,경희대학교(용인),국제캠퍼스 실기우수자전형(체육),체육계열,태권도학과-겨루기,15,18,1.2
경기,사립,성균관대학교(수원),학생부교과(추천인재),,건설환경공학부,15,18,1.2
경기,사립,안양대학교(안양),학생부교과(아리학생부교과),,도시정보공학과,15,18,1.2
경기,사립,차의과학대학교,학생부종합(농어촌학생특별전형),,글로벌미래인재대학,15,18,1.2
서울,사립,경기대학교(서울),학생부교과(학교장추천전형),,산업경영공학과,15,18,1.2
서울,사립,경희대학교(서울),국제캠퍼스 실기우수자전형(체육),체육계열,태권도학과-겨루기,15,18,1.2
서울,사립,성균관대학교(서울),학생부교과(추천인재),,건설환경공학부,15,18,1.2
인천,사립,안양대학교(강화),학생부교과(아리학생부교과),,도시정보공학과,15,18,1.2
충남,사립,호서대학교,- 정원내 학생부교과 지역인재전형,,경찰행정학과,15,18,1.2
충북,사립,세명대학교,일반전형(정원내),자연과학,바이오식품영양학부 【교직】 [식품영양학 (교직) /건강기능식품학],15,18,1.2
충북,사립,세명대학교,인문계고교전형(정원내),인문사회,경영학과,15,18,1.2
충북,사립,세명대학교,인문계고교전형(정원내),자연과학,작업치료학과,15,18,1.2
충북,사립,중원대학교,학생부교과 (일반전형2),,스포츠산업학부(스포츠산업전공 축구전공 골프전공 ),15,18,1.2
경기,사립,경기대학교(수원),학생부교과(학교장추천전형),,관광개발경영학과,10,12,1.2
경기,사립,경희대학교(용인),국제캠퍼스 학생부종합(네오르네상스전형),자연계열,응용화학과,10,12,1.2
경기,사립,명지대학교(용인),학생부교과(교과면접전형),,전자공학전공,10,12,1.2
경기,사립,성균관대학교(수원),학생부종합(과학인재),,반도체융합공학과,10,12,1.2
경기,사립,수원대학교,면접위주교과전형,혁신공과대학,화학공학·신소재공학부,10,12,1.2
경기,사립,신한대학교(의정부/동두천),일반전형(교과60%+면접40%),,첨단소재공학과,10,12,1.2
경기,사립,안양대학교(안양),학생부교과(아리학생부교과),,이공계열자유전공,10,12,1.2
경기,사립,한국외국어대학교(용인),학교장추천전형,,경제학부,10,12,1.2
서울,사립,경기대학교(서울),학생부교과(학교장추천전형),,관광개발경영학과,10,12,1.2
서울,사립,경희대학교(서울),국제캠퍼스 학생부종합(네오르네상스전형),자연계열,응용화학과,10,12,1.2
서울,사립,동덕여자대학교,논술우수자전형,인문대학,국어국문학전공,10,12,1.2
서울,사립,명지대학교(서울),학생부교과(교과면접전형),,전자공학전공,10,12,1.2
서울,사립,서울여자대학교,학생부교과(교과우수자전형_체육),사회과학대학,스포츠운동과학과,10,12,1.2
서울,사립,성균관대학교(서울),학생부종합(과학인재),,반도체융합공학과,10,12,1.2
서울,사립,한국외국어대학교(서울),학교장추천전형,,경제학부,10,12,1.2
인천,사립,안양대학교(강화),학생부교과(아리학생부교과),,이공계열자유전공,10,12,1.2
대전,사립,건양대학교(대전),지역[교과],,제약생명공학과,10,12,1.2
대전,사립,건양대학교(대전),학생부종합전형,,스포츠의학전공,10,12,1.2
대전,국립,국립한밭대학교,학생부종합(학·석사)전형,,산업경영공학과,10,12,1.2
대전,사립,배재대학교,정원내 학생부교과 일반고교과,,호텔항공경영학과,10,12,1.2
충남,사립,건양대학교(논산),지역[교과],,제약생명공학과,10,12,1.2
충남,사립,건양대학교(논산),학생부종합전형,,스포츠의학전공,10,12,1.2
충남,국립,국립공주대학교,학생부종합전형  일반전형(정원내),천안공과대학,디자인컨버전스학과,10,12,1.2
충남,사립,상명대학교(천안),정원내 학생부교과(학생부교과전형),,AI모빌리티공학과,10,12,1.2
충북,사립,세명대학교,일반전형(정원내),예체능,아트&산업디자인학과 [실기 100%],10,12,1.2
충북,국립,충북대학교,학생부교과(학생부교과전형),전자정보대학,지능로봇공학과,10,12,1.2
경기,사립,가톨릭대학교(부천),학생부교과(지역균형전형),,식품영양학과,5,6,1.2
경기,사립,가톨릭대학교(부천),학생부교과(지역균형전형),,바이오메디컬화학공학과,5,6,1.2
경기,사립,경기대학교(수원),학생부교과(교과성적우수자전형),,기계시스템공학과,5,6,1.2
경기,사립,경희대학교(용인),국제캠퍼스 실기우수자전형(체육),체육계열,태권도학과-격파(남),5,6,1.2
경기,사립,단국대학교(죽전),[학생부종합] DKU인재(서류형) 경쟁률 현황 (죽전),,인프라건설공학과,5,6,1.2
경기,사립,단국대학교(죽전),[학생부교과] 지역균형선발 경쟁률 현황 (죽전),,미디어커뮤니케이션학부,5,6,1.2
경기,사립,단국대학교(죽전),[학생부교과] 학생부교과우수자 경쟁률 현황 (천안),,코스메디컬소재학과,5,6,1.2
경기,사립,대진대학교,학생부교과(학교장추천전형) - 교과100%,인문사회대학,국제지역학과,5,6,1.2
경기,사립,대진대학교,학생부교과(학교장추천전형) - 교과100%,인문사회대학,문헌정보학과 [교직],5,6,1.2
경기,사립,대진대학교,학생부교과(학교장추천전형) - 교과100%,AI공과대학,IT기계공학과 [교직],5,6,1.2
경기,사립,대진대학교,학생부교과(고른기회전형) - 교과100%,AI공과대학,스마트모빌리티공학과,5,6,1.2
경기,사립,명지대학교(용인),학생부교과(학교장추천전형),,미술사·역사학전공,5,6,1.2
경기,사립,명지대학교(용인),학생부교과(교과면접전형),,융합에너지학전공,5,6,1.2
경기,사립,명지대학교(용인),학생부교과(교과면접전형),,화공신소재공학부 / 화학공학전공,5,6,1.2
경기,사립,명지대학교(용인),학생부교과(교과면접전형),,신소재공학전공,5,6,1.2
경기,사립,성균관대학교(수원),실기/실적(예체능 특기자),,영상학과,5,6,1.2
경기,사립,신한대학교(의정부/동두천),학생부우수자전형(교과100%),,소프트웨어융합학과,5,6,1.2
경기,사립,안양대학교(안양),학생부교과(아리학생부면접),,행정학과,5,6,1.2
경기,사립,안양대학교(안양),학생부교과(아리학생부면접),,도시정보공학과,5,6,1.2
경기,사립,용인대학교,정원내 교과성적우수자 특별전형,문화예술대학,문화유산학과,5,6,1.2
경기,사립,한국공학대학교,학생부교과(교과우수자),,경영학부 IT경영전공,5,6,1.2
경기,사립,한국외국어대학교(용인),학교장추천전형,,영어통번역학과,5,6,1.2
경기,사립,한국외국어대학교(용인),학교장추천전형,,행정학과,5,6,1.2
경기,사립,한국외국어대학교(용인),학생부종합전형(면접형),,전자물리학과,5,6,1.2
경기,사립,한국외국어대학교(용인),학생부종합전형(서류형),,우크라이나학과,5,6,1.2
경기,사립,한세대학교,면접우수자 - 교과 60% + 면접 40%,,자유전공학부,5,6,1.2
경기,사립,한양대학교(ERICA),학생부교과(지역균형선발),약학대학,약학과,5,6,1.2
경기,사립,한양대학교(ERICA),학생부종합(서류형),공학대학,산업경영공학과,5,6,1.2
경기,사립,한양대학교(ERICA),학생부종합(서류형),소프트웨어융합대학,ICT융합학부,5,6,1.2
서울,사립,가톨릭대학교(서울),학생부교과(지역균형전형),,식품영양학과,5,6,1.2
서울,사립,가톨릭대학교(서울),학생부교과(지역균형전형),,바이오메디컬화학공학과,5,6,1.2
서울,사립,경기대학교(서울),학생부교과(교과성적우수자전형),,기계시스템공학과,5,6,1.2
서울,사립,경희대학교(서울),국제캠퍼스 실기우수자전형(체육),체육계열,태권도학과-격파(남),5,6,1.2
서울,사립,명지대학교(서울),학생부교과(학교장추천전형),,미술사·역사학전공,5,6,1.2
서울,사립,명지대학교(서울),학생부교과(교과면접전형),,융합에너지학전공,5,6,1.2
서울,사립,명지대학교(서울),학생부교과(교과면접전형),,화공신소재공학부 / 화학공학전공,5,6,1.2
서울,사립,명지대학교(서울),학생부교과(교과면접전형),,신소재공학전공,5,6,1.2
서울,사립,상명대학교(서울),정원 내 학생부교과(고교추천전형),,가족복지학과,5,6,1.2
서울,사립,서경대학교,기회균형② 특별전형 - 서해5도,,미래융합학부2,5,6,1.2
서울,공립,서울시립대학교,고교추천전형,정경대학,사회복지학과,5,6,1.2
서울,공립,서울시립대학교,고교추천전형,도시과학대학,공간정보공학과,5,6,1.2
서울,사립,서울여자대학교,학생부종합(바롬인재면접전형),인문대학,AI융합콘텐츠전공,5,6,1.2
서울,사립,서울여자대학교,학생부교과(교과우수자전형),아트앤디자인스쿨,첨단미디어디자인전공,5,6,1.2
서울,사립,성공회대학교,학생부종합 대안학교출신자,,미디어콘텐츠융합학부,5,6,1.2
서울,사립,성균관대학교(서울),실기/실적(예체능 특기자),,영상학과,5,6,1.2
서울,사립,세종대학교,학생부종합(세종인재 전형(서류형)),인공지능융합,콘텐츠소프트웨어학과,5,6,1.2
서울,사립,세종대학교,학생부종합(기회균형 전형),인공지능융합,지능정보융합학과,5,6,1.2
서울,사립,숙명여자대학교,[학생부교과] 지역균형선발전형,사회과학대학,홍보광고학과,5,6,1.2
서울,사립,연세대학교(서울),학생부교과전형 (추천형),문과대학,중어중문학과,5,6,1.2
서울,사립,한국외국어대학교(서울),학교장추천전형,,영어통번역학과,5,6,1.2
서울,사립,한국외국어대학교(서울),학교장추천전형,,행정학과,5,6,1.2
서울,사립,한국외국어대학교(서울),학생부종합전형(면접형),,전자물리학과,5,6,1.2
서울,사립,한국외국어대학교(서울),학생부종합전형(서류형),,우크라이나학과,5,6,1.2
서울,사립,한양대학교(서울),학생부교과(추천형),공과대학,정보시스템학과(상경),5,6,1.2
인천,사립,안양대학교(강화),학생부교과(아리학생부면접),,행정학과,5,6,1.2
인천,사립,안양대학교(강화),학생부교과(아리학생부면접),,도시정보공학과,5,6,1.2
인천,국립,인천대학교,학생부교과(교과성적우수자),인문대학,불어불문학과,5,6,1.2
인천,사립,인하대학교,학생부종합 인하미래인재(서류형),문과대학,한국어문학과,5,6,1.2
인천,사립,인하대학교,학생부종합 인하미래인재(서류형),예술체육대학,의류디자인학과(일반),5,6,1.2
인천,사립,인하대학교,학생부교과 지역균형,사범대학,교육학과,5,6,1.2
인천,사립,인하대학교,학생부교과 지역균형,사회과학대학,아동심리학과,5,6,1.2
인천,사립,인하대학교,학생부교과 지역균형,바이오융합대학,생명공학과,5,6,1.2
인천,사립,청운대학교(인천),청운인재전형,,컴퓨터공학과,5,6,1.2
대전,사립,건양대학교(대전),학생부종합전형,,국방경찰행정학부,5,6,1.2
대전,국립,국립한밭대학교,지역인재(교과)전형,,도시공학과,5,6,1.2
대전,국립,국립한밭대학교,지역인재(종합)전형,,산업경영공학과,5,6,1.2
대전,국립,국립한밭대학교,지역인재(종합)전형,,융합경영학과,5,6,1.2
대전,국립,국립한밭대학교,지역인재(종합)전형,,지능미디어공학과,5,6,1.2
대전,사립,대전대학교,지역인재Ⅰ전형 [교과/출석 100%],보건의료과학대학,물리치료학과,5,6,1.2
대전,사립,대전대학교,지역인재Ⅰ전형 [교과/출석 100%],자유전공학부,자유전공학부,5,6,1.2
대전,사립,배재대학교,정원내 학생부교과 지역인재Ⅰ,,심리상담학과 [교직],5,6,1.2
대전,사립,우송대학교,정원내 학생부 교과 - 지역인재 전형 (교과100% / 12과목 반영),외식조리대학,외식조리학부 / 외식조리전공,5,6,1.2
대전,사립,우송대학교,정원내 학생부 종합 - 종합서류형 전형 (면접X),철도대학,건축공학전공,5,6,1.2
대전,국립,충남대학교,지역인재전형,생명시스템과학대학,생명정보융합학과,5,6,1.2
충남,사립,건양대학교(논산),학생부종합전형,,국방경찰행정학부,5,6,1.2
충남,국립,국립공주대학교,학생부교과전형  일반전형(정원내),본부,국제학부,5,6,1.2
충남,국립,국립공주대학교,학생부교과전형  지역인재전형(정원내),사범대학,영어교육과,5,6,1.2
충남,국립,국립공주대학교,학생부교과전형  지역인재전형(정원내),천안공과대학,디자인컨버전스학과,5,6,1.2
충남,사립,나사렛대학교,지역인재1(학생부교과),,인간재활학과,5,6,1.2
충남,사립,나사렛대학교,지역인재1(학생부교과),,언어치료학과,5,6,1.2
충남,사립,나사렛대학교,지역인재1(학생부교과),,상담심리학과,5,6,1.2
충남,사립,단국대학교(천안),[학생부종합] DKU인재(서류형) 경쟁률 현황 (죽전),,인프라건설공학과,5,6,1.2
충남,사립,단국대학교(천안),[학생부교과] 지역균형선발 경쟁률 현황 (죽전),,미디어커뮤니케이션학부,5,6,1.2
충남,사립,단국대학교(천안),[학생부교과] 학생부교과우수자 경쟁률 현황 (천안),,코스메디컬소재학과,5,6,1.2
충남,사립,백석대학교,정원내 모집 학생부 교과 지역인재(일반),,보건학부 작업치료학과,5,6,1.2
충남,사립,백석대학교,정원내 모집 학생부 교과 + 면접 백석인재,,어문학부,5,6,1.2
충남,사립,백석대학교,정원내 모집 실기위주 (예·체능계열) 체육특기자,,레슬링,5,6,1.2
충남,사립,상명대학교(천안),정원내 학생부종합(상명인재전형),,소프트웨어학과,5,6,1.2
충남,사립,순천향대학교,[정원내] 학생부교과(충청형지역인재전형),공과대학,전기공학과,5,6,1.2
충남,사립,청운대학교(홍성),청운인재전형,,컴퓨터공학과,5,6,1.2
충남,사립,호서대학교,- 정원내 학생부교과 지역인재전형,,전자재료공학과,5,6,1.2
충남,사립,호서대학교,- 정원내 학생부교과 지역인재전형,,미디어커뮤니케이션학과,5,6,1.2
충남,사립,호서대학교,- 정원내 학생부종합 호서인재전형,,에너지환경화학공학과,5,6,1.2
충남,사립,호서대학교,- 정원외 학생부교과 조기취업형 계약학과,,(주)광천김,5,6,1.2
충북,사립,세명대학교,인문계고교전형(정원내),자연과학,바이오식품영양학부 【교직】 [식품영양학 (교직) /건강기능식품학],5,6,1.2
충북,사립,세명대학교,사회배려자및봉사자전형(정원내),자연과학,임상병리학과,5,6,1.2
충북,사립,세명대학교,지역인재(일반)전형(정원내),공학,보건안전공학과,5,6,1.2
충북,국립,충북대학교,학생부종합(학생부종합Ⅱ전형),전자정보대학,전자공학과,5,6,1.2
충북,국립,충북대학교,학생부교과(학생부교과전형),공과대학,신소재공학과,5,6,1.2
충북,국립,충북대학교,학생부교과(지역인재전형),인문대학,프랑스언어문화학과,5,6,1.2
충북,국립,충북대학교,학생부교과(지역인재전형),사범대학,국어교육과,5,6,1.2
충북,국립,충북대학교,학생부교과(지역인재전형),사범대학,영어교육과,5,6,1.2
경기,사립,중부대학교(고양),학생부우수자전형,,정보보호학전공 / 정보보호학전공,38,46,1.21
충남,사립,중부대학교(금산),학생부우수자전형,,정보보호학전공 / 정보보호학전공,38,46,1.21
충북,사립,극동대학교,정원 내 학생부교과 일반학생전형(면접),,항공정비학과,34,41,1.21
대전,사립,배재대학교,정원내 학생부교과 교과,,원예산림학과,28,34,1.21
세종,사립,고려대학교(세종),논술(일반전형),글로벌비즈니스대학,융합경영학부,24,29,1.21
경기,사립,강남대학교,[정원내]논술위주(논술전형),공학계,인공지능융합공학부,19,23,1.21
충남,사립,유원대학교(아산),유원교과,,유아교육과,19,23,1.21
충북,사립,유원대학교(영동),유원교과,,유아교육과,19,23,1.21
인천,국립,인천대학교,학생부교과(교과성적우수자),도시과학대학,도시건축학부,14,17,1.21
충북,사립,건국대학교(글로컬),[학생부교과] 교과우수,의료생명대학,생명공학과,14,17,1.21
경기,사립,가천대학교(성남),※ 잔여인원은 정시 선발 예정.,자연계열,반도체·디스플레이학과,123,150,1.22
인천,사립,가천대학교(인천),※ 잔여인원은 정시 선발 예정.,자연계열,반도체·디스플레이학과,123,150,1.22
충남,국립,국립공주대학교,학생부교과전형  일반전형(정원내),천안공과대학,신소재공학부,41,50,1.22
충남,사립,상명대학교(천안),정원내 실기/실적(실기전형),,스포츠융합자유전공학부,37,45,1.22
경기,사립,한양대학교(ERICA),학생부교과(지역균형선발),공학대학,기계공학과,27,33,1.22
충남,사립,유원대학교(아산),유원면접,,물리치료학과,23,28,1.22
충북,사립,유원대학교(영동),유원면접,,물리치료학과,23,28,1.22
충북,사립,청주대학교,정원내 일반전형 [교과100%],공과대학,"시스템반도체공학과 / 국내 최초 반도체공학과의 저력! 130평 반도체공정·설계실습 인프라, 2029년까지 최대150억 국비지원, 실무형 인재양성, 반도체기업 취업까지 연결",23,28,1.22
서울,사립,광운대학교,학생부종합【소프트웨어우수인재전형】,,정보융합학부,18,22,1.22
인천,사립,인하대학교,학생부종합 인하미래인재(면접형),사회과학대학,경제학과,18,22,1.22
대전,국립,충남대학교,지역인재전형,간호대학,간호학과*,18,22,1.22
충북,사립,건국대학교(글로컬),[학생부교과] 교과우수,과학기술대학,녹색기술융합학과,18,22,1.22
충북,국립,충북대학교,학생부교과(학생부교과전형),전자정보대학,전기공학부,18,22,1.22
경기,사립,경기대학교(수원),학생부교과(교과성적우수자전형),,"전자공학부 / 나노·반도체전공, 정보통신시스템전공, 로봇공학전공",9,11,1.22
서울,사립,경기대학교(서울),학생부교과(교과성적우수자전형),,"전자공학부 / 나노·반도체전공, 정보통신시스템전공, 로봇공학전공",9,11,1.22
서울,사립,동덕여자대학교,동덕창의리더전형,자연정보과학대학,식품영양학전공,9,11,1.22
서울,사립,동덕여자대학교,논술우수자전형,인문대학,일어일본학전공,9,11,1.22
서울,국립,서울과학기술대학교,고교추천전형,기술경영융합대학,산업공학부(ITM전공)_자연,9,11,1.22
서울,사립,숙명여자대학교,[학생부종합] 소프트웨어인재전형,공과대학,데이터사이언스전공,9,11,1.22
인천,사립,인하대학교,학생부교과 지역균형,문과대학,영미유럽인문융합학부,9,11,1.22
대전,국립,국립한밭대학교,지역인재(종합)전형,,건설환경공학과,9,11,1.22
충남,사립,순천향대학교,[정원내] 학생부교과(교과우수자전형),공과대학,건축학과(5),9,11,1.22
경기,사립,경동대학교(양주),일반학생,,치기공학과,53,65,1.23
경기,사립,용인대학교,정원내 자율전공 특별전형,,인문사회 / 인문사회계열전공학부,30,37,1.23
서울,사립,숙명여자대학교,[학생부종합] 특성화고졸재직자전형(정원외),문과대학,문헌정보학과,30,37,1.23
대전,사립,배재대학교,정원내 학생부교과 교과,,AI소프트웨어공학부(게임공학),30,37,1.23
충북,사립,청주대학교,정원내 군사학과전형(육군 협약대학),항공·국방대학,"군사학과(남) / 전용 건물을 보유한 육군본부 계약학과로 100% 장학 및 임관을 보장하며, 전국 유일의 육·공군 학군단을 기반으로 AI·드론 시대를 선도할 정예 장교 양성",30,37,1.23
서울,국립,서울과학기술대학교,고교추천전형,공과대학,기계시스템공학부(지능형로봇전공),26,32,1.23
대전,사립,목원대학교,"교과전형 경쟁률 현황 교과100 [면접없음, 수능최저없음]",사회과학대학,부동산금융보험학과,26,32,1.23
서울,사립,성공회대학교,교과성적,,소프트웨어융합학부,22,27,1.23
대전,사립,배재대학교,정원내 학생부교과 일반고교과,,경찰법학부(경찰학/법학),22,27,1.23
충남,사립,나사렛대학교,일반학생전형(학생부교과/실기위주),,인간재활학과,22,27,1.23
충북,사립,중원대학교,학생부교과 (일반전형2),,스포츠과학부(스포츠지도전공 생활체육융합전공 스포츠과학전공 ),22,27,1.23
경기,사립,안양대학교(안양),실기/실적(실기우수자),,예술학부 음악융합예술전공,13,16,1.23
서울,사립,연세대학교(서울),학생부교과전형 (추천형),공과대학,건축공학과,13,16,1.23
인천,사립,안양대학교(강화),실기/실적(실기우수자),,예술학부 음악융합예술전공,13,16,1.23
충북,사립,청주대학교,정원내 일반전형 [교과100%],인문사회대학,"영어영문학과 (교직) / 최근 3개년 공인영어 인증 보유율 100% 달성, 한·미 WEST 취업연수 합격자 8명 배출, 유네스코 국제기록유산센터 MOU 체결을 통한 글로벌 역량 강화",13,16,1.23
대전,사립,대전대학교,교과중점전형 [교과/출석 100%],혜화리버럴아츠칼리지,"글로벌문화콘텐츠학전공, 국어국문창작학전공, 역사문화학전공, 영미언어문화학전공, 경제학전공, 생명과학전공, PPE(정치·경제·철학)전공, MCS(수학·컴퓨터과학)전공, 학생설계전공",90,112,1.24
경기,사립,경동대학교(양주),일반학생,,경영학과,34,42,1.24
대전,사립,대전대학교,교과중점전형 [교과/출석 100%],SW융합대학,정보통신공학과,34,42,1.24
인천,국립,인천대학교,학생부종합(자기추천),인공지능대학,컴퓨터공학부,29,36,1.24
대전,사립,목원대학교,"교과전형 경쟁률 현황 교과100 [면접없음, 수능최저없음]",사범대학,영어교육과 [교직],29,36,1.24
인천,사립,청운대학교(인천),일반전형,,미디어커뮤니케이션학과,25,31,1.24
충남,사립,청운대학교(홍성),일반전형,,미디어커뮤니케이션학과,25,31,1.24
경기,사립,한양대학교(ERICA),학생부종합(조기취업형 계약학과),공학대학,스마트융합공학부(건축IT융합전공),21,26,1.24
인천,사립,인하대학교,학생부종합 인하미래인재(면접형),공과대학,반도체시스템공학과,17,21,1.24
인천,사립,인하대학교,학생부교과 지역균형,간호대학,간호학과,17,21,1.24
대전,국립,국립한밭대학교,학생부교과(일반)전형,,화학생명공학과,51,64,1.25
충북,사립,건국대학교(글로컬),[학생부종합] Cogito자기추천,인문사회융합대학,경제통상학과,28,35,1.25
경기,사립,강남대학교,[정원내]논술위주(논술전형),공학계,부동산건설학부,24,30,1.25
대전,국립,국립한밭대학교,학생부종합(일반)전형,,신소재공학과,24,30,1.25
대전,사립,목원대학교,"교과전형 경쟁률 현황 교과100 [면접없음, 수능최저없음]",사범대학,수학교육과 [교직],24,30,1.25
경기,사립,가천대학교(성남),학생부우수자 전형,자연계열,인공지능학과,20,25,1.25
경기,사립,성균관대학교(수원),학생부교과(추천인재),,인문과학계열,20,25,1.25
서울,사립,성균관대학교(서울),학생부교과(추천인재),,인문과학계열,20,25,1.25
인천,사립,가천대학교(인천),학생부우수자 전형,자연계열,인공지능학과,20,25,1.25
대전,국립,국립한밭대학교,학생부교과(일반)전형,,도시공학과,20,25,1.25
충북,사립,세명대학교,일반전형(정원내),자연과학,바이오코스메틱학과,20,25,1.25
충북,사립,청주대학교,정원내 일반전형 [교과100%],공과대학,"조경학과 / 전국 조경학과 최초 AI 특성화 교육, AI TRIPLE TRACK(이론·실습·프로젝트)으로 AI 조경 전문가 양성",16,20,1.25
경기,사립,가천대학교(성남),학생부우수자 전형,자연계열,금융·빅데이터학부,12,15,1.25
경기,사립,가천대학교(성남),가천바람개비 전형,자연계열,금융·빅데이터학부,12,15,1.25
경기,사립,경기대학교(수원),학생부종합(KGU학생부종합전형),,화학과,12,15,1.25
경기,사립,칼빈대학교,학생부교과(일반학생전형),자연과학계열,반려동물산업학과,12,15,1.25
경기,사립,한국공학대학교,학생부교과(지역균형),,생명화학공학과,12,15,1.25
서울,사립,경기대학교(서울),학생부종합(KGU학생부종합전형),,화학과,12,15,1.25
서울,사립,삼육대학교,세움인재전형,,영어영문학과,12,15,1.25
인천,사립,가천대학교(인천),학생부우수자 전형,자연계열,금융·빅데이터학부,12,15,1.25
인천,사립,가천대학교(인천),가천바람개비 전형,자연계열,금융·빅데이터학부,12,15,1.25
경기,국립,국립한국교통대학교(의왕),평생학습자전형Ⅱ,,스마트철도교통공학과(야),8,10,1.25
경기,사립,명지대학교(용인),학생부종합(명지인재면접전형),,전기전자공학부 / 전기정보공학전공,8,10,1.25
경기,사립,성결대학교,[학생부교과] SKU창의,글로벌경영대학,국제교류·개발협력학과,8,10,1.25
경기,사립,중부대학교(고양),학교생활우수자전형,,항공운항서비스학전공 [승무원양성] / 항공운항서비스학전공 [승무원양성],8,10,1.25
경기,사립,중부대학교(고양),학교생활우수자전형,,스마트모빌리티공학전공 / 스마트모빌리티공학전공,8,10,1.25
서울,사립,동덕여자대학교,논술우수자전형,사회과학대학,사회복지학전공,8,10,1.25
서울,사립,명지대학교(서울),학생부종합(명지인재면접전형),,전기전자공학부 / 전기정보공학전공,8,10,1.25
서울,사립,삼육대학교,세움인재전형,,보건관리학과,8,10,1.25
서울,사립,서울여자대학교,학생부종합(바롬인재서류전형),미래산업융합대학,지능정보보호학부,8,10,1.25
서울,사립,서울여자대학교,학생부종합(바롬인재면접전형),과학기술융합대학,식품생명공학과,8,10,1.25
서울,사립,세종대학교,학생부종합(세종인재 전형(면접형)),공과,건축공학과,8,10,1.25
인천,사립,인하대학교,학생부종합 인하미래인재(서류형),AI융합대학,인공지능공학과,8,10,1.25
대전,사립,우송대학교,정원내 학생부 교과 - 교과면접 전형 (교과80%+면접20% / 6과목 반영),소프트웨어(SW)융합대학,게임멀티미디어학부 / 게임그래픽전공,8,10,1.25
충남,사립,중부대학교(금산),학교생활우수자전형,,항공운항서비스학전공 [승무원양성] / 항공운항서비스학전공 [승무원양성],8,10,1.25
충남,사립,중부대학교(금산),학교생활우수자전형,,스마트모빌리티공학전공 / 스마트모빌리티공학전공,8,10,1.25
충북,국립,국립한국교통대학교(충주증평),평생학습자전형Ⅱ,,스마트철도교통공학과(야),8,10,1.25
충북,사립,세명대학교,SMU의료인재전형(정원내),자연과학,작업치료학과,8,10,1.25
경기,사립,가천대학교(성남),농어촌(교과) 전형,자연계열,화공생명배터리공학부,4,5,1.25
경기,사립,강남대학교,[정원내]논술위주(논술전형),인문사회계,중등특수교육과,4,5,1.25
경기,사립,경동대학교(양주),태권도특기자,,격파,4,5,1.25
경기,사립,경희대학교(용인),서울캠퍼스 학생부교과(지역균형전형),인문계열,응용영어통번역학과,4,5,1.25
경기,사립,경희대학교(용인),국제캠퍼스 실기우수자전형(체육),체육계열,"스포츠지도학과-스키(스노보드, 프리스타일)",4,5,1.25
경기,사립,경희대학교(용인),국제캠퍼스 실기우수자전형(체육),체육계열,태권도학과-품새-자유품새(복합품새),4,5,1.25
경기,사립,단국대학교(죽전),[학생부종합] DKU인재(서류형) 경쟁률 현황 (죽전),,특수교육과,4,5,1.25
경기,사립,단국대학교(죽전),[학생부종합] DKU인재(면접형) 경쟁률 현황 (죽전),,건축학부(건축공학전공),4,5,1.25
경기,사립,단국대학교(죽전),[학생부교과] 지역균형선발 경쟁률 현황 (죽전),,컴퓨터공학과,4,5,1.25
경기,사립,단국대학교(죽전),[논술위주] 논술우수자 경쟁률 현황 (죽전),,고분자시스템공학부(융합소재공학전공),4,5,1.25
경기,사립,대진대학교,학생부교과(학교장추천전형) - 교과100%,인문사회대학,아동학과,4,5,1.25
경기,사립,대진대학교,학생부교과(농어촌학생전형-정원외) - 교과100%,인문사회대학,미디어커뮤니케이션학과,4,5,1.25
경기,사립,명지대학교(용인),학생부교과(학교장추천전형),,융합바이오학부 / 식품영양학전공,4,5,1.25
경기,사립,성결대학교,[학생부교과] (정원외) 특성화고교졸업자,IT융합공과대학,ICT공학과,4,5,1.25
경기,사립,수원대학교,기회균형특별전형,지능형SW융합대학,AI데이터과학부,4,5,1.25
경기,사립,신한대학교(의정부/동두천),특성화고교졸업자전형(교과100%),,경영대학(자율전공) - AI융합경영학과 - 글로벌무역학과 - 국제개발협력학과 - 글로벌관광경영학과,4,5,1.25
경기,사립,안양대학교(안양),학생부교과(아리학생부면접),,사범계_기독교교육과,4,5,1.25
경기,사립,안양대학교(안양),학생부종합(아리학생부종합),,국어국문학과,4,5,1.25
경기,사립,안양대학교(안양),학생부종합(아리학생부종합),,러시아언어문화학과,4,5,1.25
경기,사립,안양대학교(안양),학생부종합(고른기회),,AI학부,4,5,1.25
경기,사립,용인대학교,정원내 기회균형 특별전형,용오름대학,전 계열 / 무전공학부,4,5,1.25
경기,사립,용인대학교,정원내 체육우수자 특별전형,무도대학,무도학과-레슬링,4,5,1.25
경기,국립,한경국립대학교,학생부교과(지역균형선발_안성)_정원내,,토목공학과,4,5,1.25
경기,국립,한경국립대학교,학생부교과(특수교육대상자_평택)_정원내,,의료재활공학과,4,5,1.25
경기,사립,한국외국어대학교(용인),학교장추천전형,,헝가리학과,4,5,1.25
경기,사립,한국외국어대학교(용인),학교장추천전형,,중앙아시아학과,4,5,1.25
경기,사립,한국외국어대학교(용인),학교장추천전형,,우크라이나학과,4,5,1.25
경기,사립,한국외국어대학교(용인),학생부종합전형(서류형),,몽골학과,4,5,1.25
경기,사립,한국외국어대학교(용인),기회균형전형,,화학과,4,5,1.25
경기,사립,협성대학교,정원내 [학생부교과]교과성적우수자,인문사회과학대학,아동보육학과,4,5,1.25
경기,사립,협성대학교,정원내 [학생부교과]미래창의인재,이공대학,소프트웨어공학과,4,5,1.25
경기,사립,협성대학교,정원내 [학생부종합]융합인재Ⅰ(서류),이공대학,컴퓨터공학과,4,5,1.25
서울,사립,경희대학교(서울),서울캠퍼스 학생부교과(지역균형전형),인문계열,응용영어통번역학과,4,5,1.25
서울,사립,경희대학교(서울),국제캠퍼스 실기우수자전형(체육),체육계열,"스포츠지도학과-스키(스노보드, 프리스타일)",4,5,1.25
서울,사립,경희대학교(서울),국제캠퍼스 실기우수자전형(체육),체육계열,태권도학과-품새-자유품새(복합품새),4,5,1.25
서울,사립,광운대학교,학생부종합【광운참빛인재전형Ⅱ-서류형】,,건축공학과,4,5,1.25
서울,사립,명지대학교(서울),학생부교과(학교장추천전형),,융합바이오학부 / 식품영양학전공,4,5,1.25
서울,사립,상명대학교(서울),정원 내 학생부교과(고교추천전형),,한일문화콘텐츠전공,4,5,1.25
서울,사립,서울여자대학교,학생부종합(바롬인재서류전형),과학기술융합대학,화학과,4,5,1.25
서울,사립,서울여자대학교,학생부종합(바롬인재면접전형),과학기술융합대학,수학과,4,5,1.25
서울,사립,서울여자대학교,학생부교과(교과우수자전형),인문대학,AI융합콘텐츠전공,4,5,1.25
서울,사립,성신여자대학교,지역균형,,프랑스어문·문화학과,4,5,1.25
서울,사립,성신여자대학교,논술우수자,,바이오헬스융합학부,4,5,1.25
서울,사립,세종대학교,실기/실적(예체능특기자 전형),예체능,체육학과-태권도(겨루기),4,5,1.25
서울,사립,숙명여자대학교,[학생부종합] 숙명인재(면접형)전형,생활과학대학,가족자원경영학과,4,5,1.25
서울,사립,숙명여자대학교,[학생부교과] 지역균형선발전형,문과대학,일본학과,4,5,1.25
서울,사립,숭실대학교,학생부종합(SW우수자전형),,글로벌미디어학부,4,5,1.25
서울,사립,연세대학교(서울),학생부교과전형 (추천형),문과대학,독어독문학과,4,5,1.25
서울,사립,총신대학교,정원내 실기우수자,예능계열,교회음악과 성악(남),4,5,1.25
서울,사립,한국외국어대학교(서울),학교장추천전형,,헝가리학과,4,5,1.25
서울,사립,한국외국어대학교(서울),학교장추천전형,,중앙아시아학과,4,5,1.25
서울,사립,한국외국어대학교(서울),학교장추천전형,,우크라이나학과,4,5,1.25
서울,사립,한국외국어대학교(서울),학생부종합전형(서류형),,몽골학과,4,5,1.25
서울,사립,한국외국어대학교(서울),기회균형전형,,화학과,4,5,1.25
인천,사립,가천대학교(인천),농어촌(교과) 전형,자연계열,화공생명배터리공학부,4,5,1.25
인천,사립,안양대학교(강화),학생부교과(아리학생부면접),,사범계_기독교교육과,4,5,1.25
인천,사립,안양대학교(강화),학생부종합(아리학생부종합),,국어국문학과,4,5,1.25
인천,사립,안양대학교(강화),학생부종합(아리학생부종합),,러시아언어문화학과,4,5,1.25
인천,사립,안양대학교(강화),학생부종합(고른기회),,AI학부,4,5,1.25
인천,국립,인천대학교,학생부교과(교과성적우수자),자연과학대학,패션산업학과,4,5,1.25
인천,국립,인천대학교,학생부교과(교과성적우수자),생명과학기술대학,생명과학부 생명과학전공,4,5,1.25
인천,국립,인천대학교,학생부교과(지역균형),공과대학,안전공학과,4,5,1.25
인천,사립,인하대학교,학생부종합 인하미래인재(서류형),자연과학대학,통계학과,4,5,1.25
인천,사립,인하대학교,학생부종합 인하미래인재(서류형),문과대학,사학과,4,5,1.25
인천,사립,인하대학교,학생부종합 고른기회,공과대학,화공에너지공학부(화학공학전공),4,5,1.25
인천,사립,인하대학교,학생부종합 농어촌학생,경영대학,경영학부(경영학과),4,5,1.25
대전,국립,국립한밭대학교,지역인재(종합)전형,,우주국방첨단융합학과,4,5,1.25
대전,사립,대전대학교,고른기회전형 [교과/출석 100%],경영대학,"경영학부 (경영학전공, 회계학전공) / 경영학전공 회계학전공",4,5,1.25
대전,사립,우송대학교,정원내 학생부 교과 - 자기추천 전형 (교과100% / 12과목 반영),외식조리대학,글로벌조리학부 / 글로벌조리전공,4,5,1.25
대전,사립,우송대학교,정원내 학생부 교과 - 자기추천 전형 (교과100% / 12과목 반영),외식조리대학,한식·조리과학전공,4,5,1.25
대전,국립,충남대학교,지역인재전형,농업생명과학대학,생물환경화학과,4,5,1.25
대전,국립,충남대학교,지역인재전형,농업생명과학대학,식품공학과,4,5,1.25
대전,국립,충남대학교,지역인재전형,농업생명과학대학,스마트농업시스템기계공학과*,4,5,1.25
대전,국립,충남대학교,지역인재전형,사범대학,기계공학교육과,4,5,1.25
충남,사립,단국대학교(천안),[학생부종합] DKU인재(서류형) 경쟁률 현황 (죽전),,특수교육과,4,5,1.25
충남,사립,단국대학교(천안),[학생부종합] DKU인재(면접형) 경쟁률 현황 (죽전),,건축학부(건축공학전공),4,5,1.25
충남,사립,단국대학교(천안),[학생부교과] 지역균형선발 경쟁률 현황 (죽전),,컴퓨터공학과,4,5,1.25
충남,사립,단국대학교(천안),[논술위주] 논술우수자 경쟁률 현황 (죽전),,고분자시스템공학부(융합소재공학전공),4,5,1.25
충남,사립,백석대학교,정원내 모집 실기위주 (예·체능계열) 체육특기자,,스포츠과학부 태권도 / 품새,4,5,1.25
충남,사립,백석대학교,정원외 모집 학생부 교과 + 면접 계약학과,,에이블 메디스킨,4,5,1.25
충남,사립,순천향대학교,[정원내] 학생부교과(충청형지역인재전형),글로벌경영대학,IT금융경영학과,4,5,1.25
충남,사립,순천향대학교,[정원내] 학생부교과(충청형지역인재전형),AI대학,AI게임공학과,4,5,1.25
충남,사립,호서대학교,- 정원내 학생부교과 지역인재전형,,지능로봇학과,4,5,1.25
충남,사립,호서대학교,- 정원내 학생부교과 기회균형전형,,소방방재학과,4,5,1.25
충남,사립,호서대학교,- 정원내 학생부종합 호서인재전형,,"빅데이터AI학부(빅데이터분석트랙, AI응용비즈니스트랙)",4,5,1.25
충북,사립,청주대학교,정원내 지역인재전형 [교과100%],보건의료과학대학,방사선학과 / 최근3년 연속 방사선사 국가시험100%!공시 취업률 및 유지률94.4%/100%!국내 최초AI시뮬레이션MRI설치! 국내 빅5병원 임상실습·취업!,4,5,1.25
충북,사립,청주대학교,정원내 지역기회균형 [교과100%],보건의료과학대학,간호학과 / 간호사 국가시험 100% 합격! 간호교육인증평가 연속 5년 인증! 서울아산병원 등 최고 수준 대학병원 실습·취업! 최첨단 시뮬레이터·VR실습실·CJU플로렌스센터!,4,5,1.25
충남,국립,국립공주대학교,학생부교과전형  자율전공전형(정원내),천안공과대학,천안공과대학자율전공학부 - 유형Ⅱ,112,141,1.26
충남,사립,호서대학교,- 정원내 학생부교과 학생부전형,,경영학과,78,98,1.26
경기,사립,한국항공대학교,교과성적우수자 전형,,공과대학,31,39,1.26
대전,국립,충남대학교,일반전형,창의융합대학,인문사회융합학부 사회과학대학자율전공,19,24,1.26
대전,국립,충남대학교,특성화고졸재직자전형,지식융합학부,리더십과조직과학전공(재직자),30,38,1.27
세종,사립,홍익대학교(세종),논술전형,상경대학,상경학부,30,38,1.27
대전,국립,국립한밭대학교,학생부교과(일반)전형,,인공지능소프트웨어학과,26,33,1.27
경기,사립,한양대학교(ERICA),학생부종합(서류형),경상대학,경영학부,22,28,1.27
서울,사립,홍익대학교(서울),학교장추천자전형,공과대학,기계·시스템디자인공학과,22,28,1.27
대전,국립,국립한밭대학교,지역인재(교과)전형,,자율전공학부,22,28,1.27
충북,사립,건국대학교(글로컬),[학생부종합] Cogito자기추천,인문사회융합대학,유아교육과,22,28,1.27
경기,사립,명지대학교(용인),학생부종합(명지인재서류전형),,전자공학전공,15,19,1.27
경기,사립,아주대학교,ACE전형,,사이버보안학과,15,19,1.27
서울,사립,명지대학교(서울),학생부종합(명지인재서류전형),,전자공학전공,15,19,1.27
대전,사립,배재대학교,정원내 학생부교과 일반고교과,,피지컬AI공학부(드론로봇공학) [신설],15,19,1.27
세종,사립,고려대학교(세종),논술(일반전형),글로벌비즈니스대학,자유전공학부(글로벌비즈니스),15,19,1.27
충남,사립,순천향대학교,[정원내] 학생부교과(교과우수자전형),AI대학,정보보호학과,15,19,1.27
충북,국립,충북대학교,학생부종합(학생부종합Ⅰ전형),전자정보대학,정보통신공학부,15,19,1.27
경기,사립,단국대학교(죽전),[학생부교과] 학생부교과우수자 경쟁률 현황 (천안),,치위생학과,11,14,1.27
서울,사립,동덕여자대학교,논술우수자전형,문화지식융합대학,커뮤니케이션콘텐츠전공,11,14,1.27
서울,사립,동덕여자대학교,논술우수자전형,문화지식융합대학,HCI사이언스전공,11,14,1.27
서울,사립,동덕여자대학교,논술우수자전형,문화지식융합대학,문화예술경영전공,11,14,1.27
서울,사립,숭실대학교,학생부교과(교과우수자전형-학교장 추천),,법학과,11,14,1.27
서울,사립,숭실대학교,학생부교과(교과우수자전형-학교장 추천),,벤처중소기업학과,11,14,1.27
서울,사립,총신대학교,정원내 코람데오인재,사범계열,영어교육과,11,14,1.27
세종,사립,고려대학교(세종),논술(일반전형),문화스포츠대학,자유전공학부(문화스포츠),11,14,1.27
세종,사립,고려대학교(세종),학생부교과(일반전형),공공정책대학,정부행정학부,11,14,1.27
충남,사립,단국대학교(천안),[학생부교과] 학생부교과우수자 경쟁률 현황 (천안),,치위생학과,11,14,1.27
충남,사립,순천향대학교,[정원내] 학생부교과(교과우수자전형),AI의료융합혁신교육원,헬스케어서비스스쿨(작업치료학전공),11,14,1.27
대전,국립,국립한밭대학교,학생부교과(일반)전형,,공학건설학부,106,136,1.28
경기,사립,수원대학교,교과논술전형,지능형SW융합대학,AI데이터과학부,32,41,1.28
대전,사립,대전대학교,교과중점전형 [교과/출석 100%],경영대학,물류통상학과,29,37,1.28
충남,사립,호서대학교,- 정원내 학생부교과 학생부전형,,화장품과학과,25,32,1.28
경기,사립,경기대학교(수원),학생부교과(교과성적우수자전형),,"AI컴퓨터공학부 / 컴퓨터공학전공, 인공지능전공, SW안전보안전공, 모빌리티SW전공",18,23,1.28
경기,사립,경기대학교(수원),학생부교과(학교장추천전형),,"전자공학부 / 나노·반도체전공, 정보통신시스템전공, 로봇공학전공",18,23,1.28
경기,사립,명지대학교(용인),학생부종합(명지인재서류전형),,컴퓨터AI응용공학부 / AI컴퓨터공학전공,18,23,1.28
서울,사립,경기대학교(서울),학생부교과(교과성적우수자전형),,"AI컴퓨터공학부 / 컴퓨터공학전공, 인공지능전공, SW안전보안전공, 모빌리티SW전공",18,23,1.28
서울,사립,경기대학교(서울),학생부교과(학교장추천전형),,"전자공학부 / 나노·반도체전공, 정보통신시스템전공, 로봇공학전공",18,23,1.28
서울,사립,명지대학교(서울),학생부종합(명지인재서류전형),,컴퓨터AI응용공학부 / AI컴퓨터공학전공,18,23,1.28
대전,사립,건양대학교(대전),지역[교과],,간호학과 [교직],63,81,1.29
충남,사립,건양대학교(논산),지역[교과],,간호학과 [교직],63,81,1.29
대전,사립,우송대학교,정원내 학생부 교과 - 교과중심 전형 (교과100% / 12과목 반영),철도대학,철도시스템학부 / 철도전기시스템전공,35,45,1.29
서울,사립,홍익대학교(서울),학교생활우수자전형,공과대학,컴퓨터공학과,34,44,1.29
인천,사립,인하대학교,학생부교과 지역균형,공과대학,전기전자공학부,28,36,1.29
충남,사립,호서대학교,- 정원내 학생부교과 학생부전형,,제약공학과,28,36,1.29
경기,사립,아주대학교,고교추천전형,,경제정치사회융합학부,24,31,1.29
대전,사립,대전대학교,교과중점전형 [교과/출석 100%],사회과학대학,상담학과,24,31,1.29
경기,사립,용인대학교,정원내 자율전공 특별전형,,체육계열전공학부,17,22,1.29
대전,국립,국립한밭대학교,학생부교과(일반)전형,,우주국방첨단융합학과,17,22,1.29
경기,사립,한신대학교,참인재,글로벌융합계열,경제금융학,14,18,1.29
경기,사립,한양대학교(ERICA),학생부종합(서류형),첨단융합대학,차세대반도체융합공학부(신소재·반도체공학전공),14,18,1.29
서울,사립,덕성여자대학교,기회균형전형Ⅰ_농어촌학생[학생부위주(종합)],,과학기술대학,14,18,1.29
서울,사립,숙명여자대학교,[학생부종합] 숙명인재(면접형)전형,공과대학,기계시스템학부,14,18,1.29
서울,사립,숭실대학교,학생부교과(교과우수자전형-학교장 추천),,글로벌미디어학부,14,18,1.29
경기,사립,가천대학교(성남),실기우수자 전형,예체능계열,기악전공(Violin),7,9,1.29
경기,사립,경기대학교(수원),학생부교과(교과성적우수자전형),,산업경영공학과,7,9,1.29
경기,사립,대진대학교,학생부교과(학생부우수자전형) - 교과70% + 면접30%,인문사회대학,미디어커뮤니케이션학과,7,9,1.29
경기,사립,서울신학대학교,[학생부교과]교과성적전형,,아동보육학과,7,9,1.29
경기,사립,한국외국어대학교(용인),학생부종합전형(면접형),,산업경영공학과,7,9,1.29
경기,사립,한신대학교,참인재,휴먼서비스계열,사회학,7,9,1.29
경기,사립,한신대학교,기회균형선발,AI·SW계열,AI·SW학 (소프트웨어/인공지능/데이터사이언스/XR콘텐츠/지능형IoT),7,9,1.29
경기,사립,한양대학교(ERICA),학생부교과(지역균형선발),공학대학,산업경영공학과,7,9,1.29
서울,사립,건국대학교(서울),학생부교과(KU지역균형),문과대학,사학과,7,9,1.29
서울,사립,경기대학교(서울),학생부교과(교과성적우수자전형),,산업경영공학과,7,9,1.29
서울,사립,고려대학교(서울),서울캠퍼스 학생부교과(학교추천전형),문과대학,서어서문학과,7,9,1.29
서울,사립,상명대학교(서울),정원 내 학생부교과(고교추천전형),,공간환경학부,7,9,1.29
서울,사립,서울여자대학교,학생부종합(바롬인재서류전형),과학기술융합대학,바이오헬스융합학과,7,9,1.29
서울,사립,성신여자대학교,기회균형Ⅰ,,바이오신약의과학부,7,9,1.29
서울,사립,한국외국어대학교(서울),학생부종합전형(면접형),,산업경영공학과,7,9,1.29
인천,사립,가천대학교(인천),실기우수자 전형,예체능계열,기악전공(Violin),7,9,1.29
인천,사립,인하대학교,학생부종합 인하미래인재(서류형),공과대학,건축학부,7,9,1.29
대전,국립,국립한밭대학교,학생부종합(일반)전형,,우주국방첨단융합학과,7,9,1.29
대전,국립,충남대학교,지역인재전형,공과대학,전기공학과,7,9,1.29
충남,사립,순천향대학교,[정원내] 학생부교과(충청형지역인재전형),인문사회과학대학,청소년교육·상담학과,7,9,1.29
충북,사립,청주대학교,정원내 교과인재전형 [교과100%],인문사회대학,"수학교육과 (사범) / 수학교육과 취업률 충청권 1위, 전국4위(24). 학생 1인당 연간 장학금 충청권 1위, 전국 5위 달성(25).",7,9,1.29
충북,사립,청주대학교,"정원내 교과면접전형 경쟁률 현황 ※ 면접전형 : 교과70%+ 면접30% 단, 항공서비스학과 만 교과60%+ 면접40% 생활기록부 미반영 면접",인문사회대학,"신문방송학과 / 실무현장 수준의 방송 스튜디오와 편집실, 실전 경력이 되는 현장실습 프로그램을 갖춘 AX 시대 미디어·콘텐츠 인재 양성의 산실",7,9,1.29
충북,국립,충북대학교,학생부교과(학생부교과전형),인문대학,국어국문학과,7,9,1.29
충북,국립,충북대학교,학생부교과(지역인재전형),자연과학대학,생화학과,7,9,1.29
인천,국립,인천대학교,실기/실적(실기우수자),예술체육대학,디자인학부,33,43,1.3
대전,사립,대전대학교,교과중점전형 [교과/출석 100%],보건의료과학대학,식품영양학과 [교직],30,39,1.3
서울,사립,성신여자대학교,자기주도인재,,경영학과,27,35,1.3
경기,사립,성결대학교,[학생부교과] 교과성적우수자,IT융합공과대학,컴퓨터AI공학과,23,30,1.3
대전,국립,국립한밭대학교,학생부교과(일반)전형,,컴퓨터공학과,23,30,1.3
대전,사립,대전대학교,교과중점전형 [교과/출석 100%],경영대학,산업ㆍ광고심리학과 [교직],23,30,1.3
대전,사립,목원대학교,실기교과전형 경쟁률 현황 실기+교과 [수능최저없음],사범대학,음악교육과 [교직],20,26,1.3
대전,사립,배재대학교,정원내 학생부교과 교과,,항공서비스학과,20,26,1.3
대전,사립,배재대학교,정원내 학생부교과 일반고교과,,조경학과 [교직],20,26,1.3
경기,사립,강남대학교,[정원내]학생부교과(지역균형전형),인문사회계,법행정세무학부,10,13,1.3
경기,사립,명지대학교(용인),학생부교과(학교장추천전형),,컴퓨터AI응용공학부 / AI컴퓨터공학전공,10,13,1.3
경기,사립,수원대학교,면접위주교과전형,혁신공과대학,기계공학부,10,13,1.3
경기,사립,수원대학교,면접위주교과전형,지능형SW융합대학,AI데이터과학부,10,13,1.3
경기,사립,신한대학교(의정부/동두천),일반전형(교과60%+면접40%),,기계공학과,10,13,1.3
경기,국립,한경국립대학교,학생부교과(지역균형선발_안성)_정원내,,HK자율전공학부Ⅰ,10,13,1.3
서울,사립,덕성여자대학교,고교추천전형[학생부위주(교과)],,과학기술대학,10,13,1.3
서울,사립,명지대학교(서울),학생부교과(학교장추천전형),,컴퓨터AI응용공학부 / AI컴퓨터공학전공,10,13,1.3
서울,사립,추계예술대학교,실기/실적(일반학생전형),창의예술대학5,작곡과,10,13,1.3
서울,사립,한성대학교,한성인재전형,AI융합대학,융합보안학과,10,13,1.3
세종,사립,고려대학교(세종),논술(일반전형),과학기술대학,생명정보공학과,10,13,1.3
충남,사립,백석대학교,정원내 모집 학생부 교과 사회기여자 및 배려대상자,,보건학부 작업치료학과,10,13,1.3
충남,사립,백석대학교,정원내 모집 학생부 교과 지역인재(일반),,관광학부,10,13,1.3
충남,사립,백석대학교,정원외 모집 학생부 교과 기초생활수급자 및 차상위계층,,관광학부,10,13,1.3
충북,사립,극동대학교,정원 외 학생부교과 농어촌학생전형(정원 외),,간호학과,10,13,1.3
충북,사립,우석대학교(진천),학생부교과_교과면접,체육대학,태권도학과(전주) [교직],10,13,1.3
충북,사립,우석대학교(진천),학생부교과_교과면접,휴먼테크 융합대학,아동사회복지학부(전주),10,13,1.3
충북,사립,청주대학교,정원내 교과인재전형 [교과100%],공과대학,"시스템반도체공학과 / 국내 최초 반도체공학과의 저력! 130평 반도체공정·설계실습 인프라, 2029년까지 최대150억 국비지원, 실무형 인재양성, 반도체기업 취업까지 연결",10,13,1.3
대전,국립,국립한밭대학교,실기(일반)전형,,산업디자인학과,36,47,1.31
경기,사립,을지대학교(성남의정부),논술우수자,,인문사회계열학부,35,46,1.31
서울,사립,이화여자대학교,학생부종합(미래인재전형-서류형),사회과학대학,커뮤니케이션·미디어학부,35,46,1.31
대전,사립,을지대학교(대전),논술우수자,,인문사회계열학부,35,46,1.31
충북,사립,극동대학교,정원 내 학생부교과 교과우수자전형,,해킹보안학과,26,34,1.31
경기,국립,한경국립대학교,학생부종합(잠재력우수자_안성)_정원내,,토목공학과,16,21,1.31
경기,사립,한국공학대학교,학생부종합(창의인재),,전자공학부 전자공학전공,16,21,1.31
서울,사립,상명대학교(서울),정원 내 학생부교과(고교추천전형),,경영학부,16,21,1.31
경기,사립,안양대학교(안양),학생부교과(아리학생부교과),,해양바이오공학과,13,17,1.31
인천,사립,안양대학교(강화),학생부교과(아리학생부교과),,해양바이오공학과,13,17,1.31
대전,사립,대전대학교,"교과면접전형 [1단계:교과/출석 100%, 2단계:교과/출석 60% + 면접 40%]",사회과학대학,사회복지학과,13,17,1.31
충남,사립,한국기술교육대학교,창의인재(서류형),,AI·소프트웨어전공,13,17,1.31
충북,사립,청주대학교,정원내 일반전형 [교과100%],인문사회대학,"법학과 / 60년의 설립 역사! 졸업생 다수 전국의 법무법인 취업 및 근무, 변호사 배출, 공기업 취업 유리 학과",13,17,1.31
경기,사립,대진대학교,학생부교과(학생부우수자전형) - 교과70% + 면접30%,상생교양대학,자율전공학부,50,66,1.32
세종,사립,홍익대학교(세종),학교생활우수자전형,,세종캠퍼스자율전공(자연·예능),37,49,1.32
대전,사립,목원대학교,"교과전형 경쟁률 현황 교과100 [면접없음, 수능최저없음]",사범대학,국어교육과 [교직],31,41,1.32
경기,사립,강남대학교,[정원내]논술위주(논술전형),인문사회계,복지융합대학,28,37,1.32
경기,사립,수원대학교,실기우수자전형,음악테크놀로지대학,관현악과,25,33,1.32
충남,사립,호서대학교,- 정원내 학생부교과 면접전형,,게임소프트웨어학과,25,33,1.32
충남,사립,순천향대학교,[정원내] 학생부교과(교과우수자전형),글로벌경영대학,국제통상학과,19,25,1.32
세종,사립,홍익대학교(세종),미술우수자전형,조형대학,디자인컨버전스학부,100,133,1.33
충남,사립,호서대학교,- 정원내 학생부교과 학생부전형,,안전공학과,36,48,1.33
경기,사립,가천대학교(성남),※ 잔여인원은 정시 선발 예정.,자연계열,바이오의료기기학과,24,32,1.33
인천,사립,가천대학교(인천),※ 잔여인원은 정시 선발 예정.,자연계열,바이오의료기기학과,24,32,1.33
충북,사립,세명대학교,일반전형(정원내),예체능,영화웹툰애니메이션학과 [실기 100%],24,32,1.33
대전,국립,충남대학교,일반전형,인문대학,영어영문학과,18,24,1.33
경기,사립,서울신학대학교,[학생부교과]기독교전형,,사범학부 / 기독교교육과 [교직],15,20,1.33
경기,사립,수원대학교,교과논술전형,혁신공과대학,반도체공학과,15,20,1.33
경기,사립,안양대학교(안양),학생부교과(아리학생부교과),,글로벌경영학과,15,20,1.33
인천,사립,안양대학교(강화),학생부교과(아리학생부교과),,글로벌경영학과,15,20,1.33
대전,사립,우송대학교,정원내 학생부 종합 - 종합서류형 전형 (면접X),솔브릿지국제경영대학,솔브릿지경영학부,15,20,1.33
충남,사립,백석대학교,정원내 모집 학생부 교과 사회기여자 및 배려대상자,,경찰학부,15,20,1.33
충북,사립,중원대학교,실기위주 (체육우수인재(생활체육융합전공)),,스포츠과학부,15,20,1.33
서울,사립,광운대학교,학생부종합【광운참빛인재전형Ⅱ-서류형】,,정보융합학부,12,16,1.33
서울,국립,서울과학기술대학교,고교추천전형,기술경영융합대학,MSDE학과,12,16,1.33
서울,국립,서울과학기술대학교,학교생활우수자전형,기술경영융합대학,MSDE학과,12,16,1.33
인천,국립,인천대학교,학생부교과(지역균형),공과대학,기계공학과,12,16,1.33
대전,국립,충남대학교,지역인재전형,창의융합대학,인문사회융합학부 사회과학대학자율전공,12,16,1.33
충북,사립,건국대학교(글로컬),[학생부교과] 교과우수,인문사회융합대학,동화·한국어문화학과,12,16,1.33
충북,국립,충북대학교,학생부종합(학생부종합Ⅱ전형),창의융합대학,자연과학자율전공계열,12,16,1.33
충북,국립,한국교원대학교,학생부종합우수자 일반전형,,유아교육과,12,16,1.33
경기,사립,가톨릭대학교(부천),학생부종합(잠재능력우수자면접전형),,바이오메디컬화학공학과,9,12,1.33
경기,사립,단국대학교(죽전),[학생부종합] DKU인재(서류형) 경쟁률 현황 (천안),,물리학과,9,12,1.33
경기,사립,단국대학교(죽전),[학생부교과] 학생부교과우수자 경쟁률 현황 (천안),,아시아중동학부(일본학전공),9,12,1.33
경기,사립,단국대학교(죽전),[학생부교과] 학생부교과우수자 경쟁률 현황 (천안),,물리학과,9,12,1.33
경기,사립,단국대학교(죽전),[학생부교과] 학생부교과우수자 경쟁률 현황 (천안),,생명공학부(동물생명공학전공),9,12,1.33
경기,사립,명지대학교(용인),학생부교과(교과면접전형),,정치외교학전공,9,12,1.33
경기,사립,서울신학대학교,[학생부교과]교과성적전형,,글로벌비즈니스학부 / 글로벌경영학과,9,12,1.33
경기,사립,아주대학교,고교추천전형,,영어영문학과,9,12,1.33
경기,사립,협성대학교,정원내 [학생부종합]융합인재Ⅱ(면접),인문사회과학대학,사회복지학과,9,12,1.33
서울,사립,가톨릭대학교(서울),학생부종합(잠재능력우수자면접전형),,바이오메디컬화학공학과,9,12,1.33
서울,사립,광운대학교,학생부교과【지역균형 전형】,,화학공학과,9,12,1.33
서울,사립,명지대학교(서울),학생부교과(교과면접전형),,정치외교학전공,9,12,1.33
서울,사립,한양대학교(서울),학생부교과(추천형),생활과학대학,의류학과,9,12,1.33
대전,국립,충남대학교,일반전형,인문대학,중어중문학과*,9,12,1.33
세종,사립,고려대학교(세종),논술(일반전형),문화스포츠대학,국제스포츠학부,9,12,1.33
충남,사립,단국대학교(천안),[학생부종합] DKU인재(서류형) 경쟁률 현황 (천안),,물리학과,9,12,1.33
충남,사립,단국대학교(천안),[학생부교과] 학생부교과우수자 경쟁률 현황 (천안),,아시아중동학부(일본학전공),9,12,1.33
충남,사립,단국대학교(천안),[학생부교과] 학생부교과우수자 경쟁률 현황 (천안),,물리학과,9,12,1.33
충남,사립,단국대학교(천안),[학생부교과] 학생부교과우수자 경쟁률 현황 (천안),,생명공학부(동물생명공학전공),9,12,1.33
충남,사립,백석대학교,정원외 모집 학생부 교과 기초생활수급자 및 차상위계층,,경찰학부,9,12,1.33
충남,사립,순천향대학교,[정원내] 학생부종합(일반학생전형),글로벌경영대학,글로벌문화산업학과,9,12,1.33
경기,사립,강남대학교,[정원외]학생부교과(기초차상위전형),인문사회계,법행정세무학부,6,8,1.33
경기,사립,대진대학교,학생부교과(학생부우수자전형) - 교과70% + 면접30%,인문사회대학,행정정보학과,6,8,1.33
경기,사립,대진대학교,학생부교과(학교장추천전형) - 교과100%,인문사회대학,행정정보학과,6,8,1.33
경기,사립,명지대학교(용인),학생부교과(학교장추천전형),,화공신소재공학부 / 화학공학전공,6,8,1.33
경기,사립,명지대학교(용인),학생부교과(학교장추천전형),,산업경영공학과,6,8,1.33
경기,사립,명지대학교(용인),학생부종합(명지인재면접전형),,응용통계학전공,6,8,1.33
경기,사립,서울신학대학교,[학생부교과]특성화고교졸업자전형(정원외),,"IT융합학부 / IT융합학부(컴퓨터공학과, AI융합학과)",6,4,1.33
경기,사립,성균관대학교(수원),학생부교과(추천인재),,철학과,6,8,1.33
경기,사립,용인대학교,정원내 교과성적우수자 특별전형,인문사회융합대학,사회복지학과,6,8,1.33
경기,사립,중부대학교(고양),학교생활우수자전형,,특수교육과 / 중등특수교육,6,8,1.33
경기,사립,한국공학대학교,학생부교과(교과우수자),,에너지ㆍ전기공학부 에너지공학전공,6,8,1.33
서울,사립,건국대학교(서울),학생부교과(KU지역균형),사범대학,수학교육과,6,8,1.33
서울,사립,광운대학교,학생부종합【광운참빛인재전형Ⅱ-서류형】,,화학과,6,8,1.33
서울,사립,광운대학교,학생부교과【지역균형 전형】,,국제통상학부,6,8,1.33
서울,사립,명지대학교(서울),학생부교과(학교장추천전형),,화공신소재공학부 / 화학공학전공,6,8,1.33
서울,사립,명지대학교(서울),학생부교과(학교장추천전형),,산업경영공학과,6,8,1.33
서울,사립,명지대학교(서울),학생부종합(명지인재면접전형),,응용통계학전공,6,8,1.33
서울,사립,성균관대학교(서울),학생부교과(추천인재),,철학과,6,8,1.33
서울,사립,세종대학교,학생부종합(세종인재 전형(면접형)),인공지능융합,콘텐츠소프트웨어학과,6,8,1.33
서울,사립,이화여자대학교,학생부종합(미래인재전형-서류형),사범대학,유아교육과,6,8,1.33
서울,국립,한국체육대학교,체육특기자(단체),,체육학과-핸드볼-F.D[여],6,8,1.33
인천,국립,인천대학교,학생부교과(지역균형),도시과학대학,도시환경공학부 건설환경공학전공,6,8,1.33
인천,국립,인천대학교,학생부종합(자기추천),경영대학,데이터과학과,6,8,1.33
대전,국립,국립한밭대학교,지역인재(교과)전형,,화학생명공학과,6,8,1.33
대전,국립,충남대학교,지역인재전형,생활과학대학,식품영양학과*,6,8,1.33
충남,국립,국립공주대학교,학생부교과전형  지역인재전형(정원내),천안공과대학,스마트인프라공학과,6,8,1.33
충남,사립,중부대학교(금산),학교생활우수자전형,,특수교육과 / 중등특수교육,6,8,1.33
충남,사립,한국기술교육대학교,창의인재(서류형),,디자인공학과,6,8,1.33
충남,사립,한국기술교육대학교,지역인재,,경영학부 / 융합경영전공,6,8,1.33
충남,사립,호서대학교,- 정원내 학생부교과 지역인재전형,,"빅데이터AI학부(빅데이터분석트랙, AI응용비즈니스트랙)",6,8,1.33
충북,사립,청주대학교,정원내 지역인재전형 [교과100%],경상대학,"회계학과 / 유지취업률 89.2%(25), 2027년 AI+회계 교과목 신설, 연 10회 전문가 초빙 ESG 교육. AI 활용에 강한 회계전문가 양성",6,8,1.33
충북,국립,충북대학교,학생부종합(학생부종합Ⅰ전형),자연과학대학,정보통계학과,6,8,1.33
충북,국립,충북대학교,학생부교과(학생부교과전형),인문대학,중어중문학과,6,8,1.33
충북,국립,충북대학교,학생부교과(지역인재전형),사회과학대학,사회학과,6,8,1.33
충북,국립,충북대학교,학생부교과(지역인재전형),농업생명환경대학,식물자원학과,6,8,1.33
충북,국립,충북대학교,학생부교과(경제배려대상자전형),창의융합대학,자연과학자율전공계열,6,8,1.33
경기,사립,가천대학교(성남),기회균형 전형,자연계열,금융·빅데이터학부,3,4,1.33
경기,사립,가톨릭대학교(부천),학생부종합(기회균형Ⅰ전형),,바이오메디컬소프트웨어학과,3,4,1.33
경기,사립,가톨릭대학교(부천),논술전형,,식품영양학과,3,4,1.33
경기,사립,경기대학교(수원),학생부교과(농어촌학생전형),,"공공안전학부 / 범죄교정심리학전공, 경찰행정학전공",3,4,1.33
경기,사립,경기대학교(수원),학생부종합(기회균형선발전형),,관광문화콘텐츠학과,3,4,1.33
경기,사립,경희대학교(용인),서울캠퍼스 학생부교과(지역균형전형),자연계열,한약학과,3,4,1.33
경기,사립,경희대학교(용인),국제캠퍼스 학생부교과(지역균형전형),자연계열,응용물리학과,3,4,1.33
경기,사립,단국대학교(죽전),[학생부종합] 기회균형선발 경쟁률 현황 (죽전),,인공지능학과,3,4,1.33
경기,사립,단국대학교(죽전),[학생부종합] 사회적배려대상자 경쟁률 현황 (죽전),,무역학과,3,4,1.33
경기,사립,단국대학교(죽전),[학생부종합] 사회적배려대상자 경쟁률 현황 (죽전),,화학공학과,3,4,1.33
경기,사립,단국대학교(죽전),[학생부종합] 사회적배려대상자 경쟁률 현황 (죽전),,건축학부[건축학전공(5년제)],3,4,1.33
경기,사립,단국대학교(죽전),[논술위주] 논술우수자 경쟁률 현황 (죽전),,건축학부(건축공학전공),3,4,1.33
경기,사립,단국대학교(죽전),[실기/실적위주] 실기우수자 경쟁률 현황 (죽전),,음악학부(관현악전공)-현악(더블베이스),3,4,1.33
경기,사립,단국대학교(죽전),[학생부종합] 교육기회배려자(정원외) 경쟁률 현황 (천안),,의생명과학부(미생물학전공),3,4,1.33
경기,사립,대진대학교,학생부교과(학생부우수자전형) - 교과70% + 면접30%,인문사회대학,역사·문화콘텐츠학과,3,4,1.33
경기,사립,대진대학교,학생부교과(고른기회전형) - 교과100%,인문사회대학,국제통상학과,3,4,1.33
경기,사립,대진대학교,학생부교과(고른기회전형) - 교과100%,AI공과대학,건축공학과 [교직],3,4,1.33
경기,사립,대진대학교,학생부교과(농어촌학생전형-정원외) - 교과100%,예술대학,시각디자인학과 [교직],3,4,1.33
경기,사립,명지대학교(용인),학생부교과(특성화고교전형),,AI응용시스템전공,3,4,1.33
경기,사립,명지대학교(용인),학생부종합(명지인재서류전형),,인공지능전공,3,4,1.33
경기,사립,명지대학교(용인),학생부종합(농어촌학생전형),,경상·통계학부 / 경제학전공,3,4,1.33
경기,사립,성결대학교,[학생부교과] (정원외) 특성화고교졸업자,IT융합공과대학,미디어소프트웨어학과,3,4,1.33
경기,사립,수원대학교,고교추천전형,혁신공과대학,반도체공학과,3,4,1.33
경기,사립,수원대학교,농어촌학생전형,혁신공과대학,화학공학·신소재공학부,3,4,1.33
경기,사립,안양대학교(안양),학생부교과(농어촌학생),,관광경영학과(교직),3,4,1.33
경기,사립,용인대학교,정원외 농어촌학생 특별전형,문화예술대학,예능 / 미디어디자인학과,3,4,1.33
경기,국립,한경국립대학교,학생부종합(잠재력우수자_안성)_정원내,,AI융합대학,3,4,1.33
경기,국립,한경국립대학교,학생부교과(농어촌학생)_정원외,,생명자원과학대학,3,4,1.33
경기,사립,한양대학교(ERICA),학생부종합(고른기회),첨단융합대학,차세대반도체융합공학부(학부 모집),3,4,1.33
경기,사립,협성대학교,정원내 [학생부종합]융합인재Ⅰ(서류),이공대학,보건관리학과,3,4,1.33
서울,사립,가톨릭대학교(서울),학생부종합(기회균형Ⅰ전형),,바이오메디컬소프트웨어학과,3,4,1.33
서울,사립,가톨릭대학교(서울),논술전형,,식품영양학과,3,4,1.33
서울,사립,건국대학교(서울),학생부교과(KU지역균형),융합생명과학대학,동물자원과학과,3,4,1.33
서울,사립,건국대학교(서울),학생부교과(KU지역균형),사범대학,일어교육과,3,4,1.33
서울,사립,경기대학교(서울),학생부교과(농어촌학생전형),,"공공안전학부 / 범죄교정심리학전공, 경찰행정학전공",3,4,1.33
서울,사립,경기대학교(서울),학생부종합(기회균형선발전형),,관광문화콘텐츠학과,3,4,1.33
서울,사립,경희대학교(서울),서울캠퍼스 학생부교과(지역균형전형),자연계열,한약학과,3,4,1.33
서울,사립,경희대학교(서울),국제캠퍼스 학생부교과(지역균형전형),자연계열,응용물리학과,3,4,1.33
서울,사립,광운대학교,학생부종합【광운참빛인재전형Ⅱ-서류형】,,국제학부,3,4,1.33
서울,사립,광운대학교,학생부교과【지역균형 전형】,,국어국문학과,3,4,1.33
서울,사립,명지대학교(서울),학생부교과(특성화고교전형),,AI응용시스템전공,3,4,1.33
서울,사립,명지대학교(서울),학생부종합(명지인재서류전형),,인공지능전공,3,4,1.33
서울,사립,명지대학교(서울),학생부종합(농어촌학생전형),,경상·통계학부 / 경제학전공,3,4,1.33
서울,사립,삼육대학교,재림교회목회자추천전형,,아트앤디자인학과,3,4,1.33
서울,사립,삼육대학교,기회균형Ⅱ전형,,약학과,3,4,1.33
서울,사립,서강대학교,학생부종합(서강가치),,경제학과,3,4,1.33
서울,국립,서울과학기술대학교,기회균형전형(기회균등),기술경영융합대학,산업공학부(산업정보시스템전공)_자연,3,4,1.33
서울,공립,서울시립대학교,고교추천전형,인문대학,국어국문학과,3,4,1.33
서울,공립,서울시립대학교,고교추천전형,도시과학대학,건축학부(건축학전공),3,4,1.33
서울,공립,서울시립대학교,고교추천전형,도시과학대학,조경학과,3,4,1.33
서울,사립,숙명여자대학교,[학생부교과] 지역균형선발전형,문과대학,문헌정보학과,3,4,1.33
서울,사립,숙명여자대학교,[학생부종합] 농어촌학생전형(정원외),영어영문학부,영어영문학전공,3,4,1.33
서울,사립,숭실대학교,학생부교과(교과우수자전형-학교장 추천),,물리학과,3,4,1.33
서울,사립,연세대학교(서울),학생부교과전형 (추천형),생명시스템대학,생화학과,3,4,1.33
서울,사립,이화여자대학교,학생부종합(미래인재전형-면접형),인공지능대학,사이버보안학과,3,4,1.33
서울,사립,이화여자대학교,학생부종합(고른기회전형),사회과학대학,정치외교학과,3,4,1.33
서울,사립,장로회신학대학교,정원내 성경고사성적우수자,,기독교교육과,3,4,1.33
서울,사립,장로회신학대학교,정원내 일반전형,,뉴미디어 작곡,3,4,1.33
서울,사립,총신대학교,정원내 교과우수자,사범계열,영어교육과,3,4,1.33
서울,사립,총신대학교,정원내 대안학교출신자,사범계열,영어교육과,3,4,1.33
서울,사립,추계예술대학교,실기/실적(일반학생전형),공연예술대학1,국악과 / 가야금,3,4,1.33
서울,사립,추계예술대학교,실기/실적(일반학생전형),공연예술대학1,피리,3,4,1.33
서울,국립,한국체육대학교,체육특기자(개인),,체육학과-스키-스노우보드 알파인[남],3,4,1.33
서울,사립,홍익대학교(서울),학교장추천자전형,문과대학,국어국문학과,3,4,1.33
인천,사립,가천대학교(인천),기회균형 전형,자연계열,금융·빅데이터학부,3,4,1.33
인천,사립,안양대학교(강화),학생부교과(농어촌학생),,관광경영학과(교직),3,4,1.33
인천,국립,인천대학교,학생부교과(지역균형),도시과학대학,도시행정학과,3,4,1.33
인천,국립,인천대학교,학생부교과(지역균형),생명과학기술대학,생명공학부 나노바이오공학전공,3,4,1.33
인천,국립,인천대학교,학생부교과(사회통합),공과대학,전자공학부,3,4,1.33
인천,사립,인하대학교,학생부종합 고른기회,공과대학,사회인프라공학과,3,4,1.33
인천,사립,인하대학교,학생부종합 고른기회,경영대학,아태물류학부,3,4,1.33
인천,사립,인하대학교,학생부종합 고른기회,AI융합대학,데이터사이언스학과,3,4,1.33
대전,사립,건양대학교(대전),학생부종합전형,,국방산업경영학부,3,4,1.33
대전,사립,건양대학교(대전),학생부종합전형,,식품생명공학과,3,4,1.33
대전,국립,국립한밭대학교,지역인재(교과)전형,,중국어과,3,4,1.33
대전,사립,대전대학교,고른기회전형 [교과/출석 100%],공과대학,소방방재학과,3,4,1.33
대전,사립,대전대학교,특기자전형,보건의료과학대학,스포츠과학부-정구,3,4,1.33
대전,사립,우송대학교,정원내 학생부 교과 - 자기추천 전형 (교과100% / 12과목 반영),솔브릿지국제경영대학,솔브릿지경영학부,3,4,1.33
대전,사립,우송대학교,정원내 학생부 교과 - 자기추천 전형 (교과100% / 12과목 반영),철도대학,철도자율전공학부,3,4,1.33
대전,사립,우송대학교,정원내 학생부 종합 - 종합서류형 전형 (면접X),외식조리대학,호텔관광학부 / 호텔관광경영전공,3,4,1.33
대전,국립,충남대학교,지역인재전형,사회과학대학,사회복지학과,3,4,1.33
대전,국립,충남대학교,지역인재전형,사범대학,건설공학교육과,3,4,1.33
대전,국립,충남대학교,학생부종합 면접전형,인문대학,한문학과*,3,4,1.33
대전,국립,충남대학교,학생부종합 면접전형,자연과학대학,정보통계학과,3,4,1.33
대전,국립,충남대학교,학생부종합 면접전형,농업생명과학대학,동물바이오시스템과학과*,3,4,1.33
대전,국립,충남대학교,학생부종합 서류전형,자연과학대학,생화학과,3,4,1.33
충남,사립,건양대학교(논산),학생부종합전형,,국방산업경영학부,3,4,1.33
충남,사립,건양대학교(논산),학생부종합전형,,식품생명공학과,3,4,1.33
충남,국립,국립공주대학교,학생부교과전형  지역인재전형(정원내),사범대학,문헌정보교육과,3,4,1.33
충남,국립,국립공주대학교,학생부교과전형  지역인재전형(정원내),사범대학,역사교육과,3,4,1.33
충남,국립,국립공주대학교,실기/실적전형  특기자전형(정원내),자연과학대학,볼링_남,3,4,1.33
충남,국립,국립공주대학교,실기/실적전형  농어촌학생전형(정원외),예술대학,게임디자인학과,3,4,1.33
충남,사립,나사렛대학교,지역인재1(학생부교과),,수어통역교육학과,3,4,1.33
충남,사립,단국대학교(천안),[학생부종합] 기회균형선발 경쟁률 현황 (죽전),,인공지능학과,3,4,1.33
충남,사립,단국대학교(천안),[학생부종합] 사회적배려대상자 경쟁률 현황 (죽전),,무역학과,3,4,1.33
충남,사립,단국대학교(천안),[학생부종합] 사회적배려대상자 경쟁률 현황 (죽전),,화학공학과,3,4,1.33
충남,사립,단국대학교(천안),[학생부종합] 사회적배려대상자 경쟁률 현황 (죽전),,건축학부[건축학전공(5년제)],3,4,1.33
충남,사립,단국대학교(천안),[논술위주] 논술우수자 경쟁률 현황 (죽전),,건축학부(건축공학전공),3,4,1.33
충남,사립,단국대학교(천안),[실기/실적위주] 실기우수자 경쟁률 현황 (죽전),,음악학부(관현악전공)-현악(더블베이스),3,4,1.33
충남,사립,단국대학교(천안),[학생부종합] 교육기회배려자(정원외) 경쟁률 현황 (천안),,의생명과학부(미생물학전공),3,4,1.33
충남,사립,백석대학교,정원내 모집 학생부 교과 + 면접 백석인재,,관광학부 글로벌호텔비즈니스,3,4,1.33
충남,사립,상명대학교(천안),정원내 학생부종합(기회균형전형),,AI반도체공학과,3,4,1.33
충남,사립,순천향대학교,[정원내] 학생부교과(충청형지역인재전형),인문사회과학대학,특수교육과,3,4,1.33
충남,사립,순천향대학교,[정원내] 학생부교과(기회균형전형),AI의료융합혁신교육원,헬스케어서비스스쿨,3,4,1.33
충남,사립,유원대학교(아산),학생부종합,,응급구조학과,3,4,1.33
충남,사립,호서대학교,- 정원내 학생부교과 지역인재전형,,식품영양학과,3,4,1.33
충남,사립,호서대학교,- 정원내 학생부교과 기회균형전형,,전자공학과,3,4,1.33
충남,사립,호서대학교,- 정원내 학생부교과 기회균형전형,,"사회복지학부(사회복지학트랙, 노인복지학트랙)",3,4,1.33
충남,사립,호서대학교,- 정원외 학생부교과 기초생활수급자 및 차상위계층전형,,경찰행정학과,3,4,1.33
충남,사립,호서대학교,- 정원외 학생부교과 기초생활수급자 및 차상위계층전형,,미디어커뮤니케이션학과,3,3,1.33
충북,사립,건국대학교(글로컬),[학생부교과] 지역인재,인문사회융합대학,신문방송학과,3,4,1.33
충북,사립,건국대학교(글로컬),[학생부교과] 특수교육대상자(정원외),인문사회융합대학,문헌정보학과,3,4,1.33
충북,사립,세명대학교,인문계고교전형(정원내),예체능,공연예술학과,3,4,1.33
충북,사립,세명대학교,면접우수자전형(정원내),인문사회,법학과,3,4,1.33
충북,사립,우석대학교(진천),학생부교과_지역인재(기회균형),간호대학,간호학과(전주) [교직],3,4,1.33
충북,사립,유원대학교(영동),학생부종합,,응급구조학과,3,4,1.33
충북,사립,청주대학교,"정원내 교과면접전형 경쟁률 현황 ※ 면접전형 : 교과70%+ 면접30% 단, 항공서비스학과 만 교과60%+ 면접40% 생활기록부 미반영 면접",경상대학,경제금융학과 / 최근 3년 유지취업률 88.8% 달성! 4차 산업혁명과 함께하는 글로벌 경제 금융 인재 양성,3,4,1.33
충북,사립,청주대학교,"정원내 교과면접전형 경쟁률 현황 ※ 면접전형 : 교과70%+ 면접30% 단, 항공서비스학과 만 교과60%+ 면접40% 생활기록부 미반영 면접",보건의료과학대학,"바이오의약학과 / 충북 도내 유일의 교육용 GMP 실습실을 보유한 학과, 앵커(RISE) 사업을 통한 장학금 및 최첨단 실습교육 지원",3,4,1.33
충북,사립,청주대학교,정원내 지역인재전형 [교과100%],경상대학,호텔외식경영학과 / SSCI Tourism & Hospitality 논문 피인용지수 전국 6위의 검증된 교수진. 현장 연계 실무교육으로 글로벌 호텔·외식산업을 선도할 호스피탈리티 전문 인재 양성,3,4,1.33
충북,사립,청주대학교,정원내 지역인재전형 [교과100%],인문사회대학,"경찰행정학과 / 청원경찰서와 연계한 경찰 현장 실습으로 차별화된 현장감 있는 경찰 교육, 전 학년 대상 토익 특강과 전문 경찰 영어 교육을 통해 대한민국을 이끌어갈 정예 경찰관 육성",3,4,1.33
충북,국립,충북대학교,학생부교과(학생부교과전형),사범대학,교육학과,3,4,1.33
충북,국립,충북대학교,학생부교과(지역인재전형),사범대학,역사교육과,3,4,1.33
충남,사립,나사렛대학교,일반학생전형(학생부교과/실기위주),,"AI융합학부(AI빅데이터소프트웨어전공, AI사물인터넷보안전공)",53,71,1.34
대전,사립,목원대학교,실기전형 경쟁률 현황 실기100 [수능최저없음],미술·디자인대학,시각디자인학과,35,47,1.34
경기,사립,강남대학교,[정원내]논술위주(논술전형),인문사회계,상경학부,32,43,1.34
서울,사립,숭실대학교,학생부교과(교과우수자전형-학교장 추천),,지능전자공학부,43,58,1.35
충남,사립,호서대학교,- 정원내 학생부교과 학생부전형,,전자공학과,40,54,1.35
충남,국립,국립공주대학교,학생부종합전형  일반전형(정원내),천안공과대학,신소재공학부,23,31,1.35
경기,사립,안양대학교(안양),학생부교과(아리학생부교과),,사범계_기독교교육과,20,27,1.35
서울,사립,연세대학교(서울),학생부교과전형 (추천형),진리자유학부,진리자유학부(자연),20,27,1.35
인천,사립,안양대학교(강화),학생부교과(아리학생부교과),,사범계_기독교교육과,20,27,1.35
충남,사립,나사렛대학교,일반학생전형(학생부교과/실기위주),,유아특수교육과,20,27,1.35
충북,사립,세명대학교,인문계고교전형(정원내),인문사회,경찰학과,20,27,1.35
대전,사립,우송대학교,정원내 학생부 종합 - 종합면접형 전형,솔브릿지국제경영대학,솔브릿지경영학부,17,23,1.35
충남,사립,나사렛대학교,일반학생전형(학생부교과/실기위주),,경영학과,44,60,1.36
서울,사립,세종대학교,학생부종합(국방AI융합시스템공학 특별전형),공과,국방AI융합시스템공학과(남),28,38,1.36
대전,사립,목원대학교,실기전형 경쟁률 현황 실기100 [수능최저없음],미술·디자인대학,도자디자인학과,25,34,1.36
충남,사립,백석대학교,정원내 모집 학생부 교과 지역인재(일반),,자유전공학부,25,34,1.36
충북,사립,중원대학교,실기위주 (체육우수인재(축구전공)),,스포츠산업학부,25,34,1.36
인천,사립,인천가톨릭대학교(인천/강화),실기우수자,조형예술대학,융합디자인학과 / 기초디자인,22,30,1.36
서울,국립,서울과학기술대학교,학교생활우수자전형,정보통신대학,ICT융합공학과,14,19,1.36
인천,국립,인천대학교,학생부종합(자기추천),자연과학대학,화학과,14,19,1.36
대전,사립,우송대학교,정원내 학생부 교과 - 교과면접 전형 (교과80%+면접20% / 6과목 반영),솔브릿지국제경영대학,솔브릿지경영학부,14,19,1.36
충북,사립,건국대학교(글로컬),[학생부종합] Cogito자기추천,의료생명대학,식품영양학과,14,19,1.36
경기,사립,강남대학교,[정원내]논술위주(논술전형),인문사회계,유아교육과,11,15,1.36
서울,국립,서울과학기술대학교,학교생활우수자전형,에너지바이오대학,안경광학과,11,15,1.36
충남,사립,순천향대학교,[정원내] 학생부종합(일반학생전형),공과대학,에너지환경공학과,11,15,1.36
충북,국립,충북대학교,학생부종합(학생부종합Ⅰ전형),전자정보대학,인공지능학부,11,15,1.36
경기,사립,경동대학교(양주),지역인재,,메디컬캠퍼스(원주문막) / 간호학과 [교직],57,78,1.37
충남,국립,국립공주대학교,학생부교과전형  자율전공전형(정원내),산업과학대학,산업과학대학자율전공학부 - 유형Ⅱ,51,70,1.37
서울,사립,홍익대학교(서울),학교장추천자전형,,서울캠퍼스자율전공(자연·예능),41,56,1.37
경기,사립,안양대학교(안양),학생부교과(아리학생부교과),,AI학부,38,52,1.37
서울,사립,삼육대학교,신학특별전형,,신학과,38,52,1.37
인천,사립,안양대학교(강화),학생부교과(아리학생부교과),,AI학부,38,52,1.37
충북,사립,중원대학교,학생부교과 (지역인재전형1),,간호학과,30,41,1.37
서울,사립,세종대학교,학생부종합(세종인재 전형(서류형)),,공과계열,50,69,1.38
충남,사립,백석대학교,정원내 모집 학생부 교과 지역인재(일반),,간호학과,50,69,1.38
충북,사립,청주대학교,정원내 지역인재전형 [교과100%],보건의료과학대학,간호학과 / 간호사 국가시험 100% 합격! 간호교육인증평가 연속 5년 인증! 서울아산병원 등 최고 수준 대학병원 실습·취업! 최첨단 시뮬레이터·VR실습실·CJU플로렌스센터!,37,51,1.38
대전,사립,대전대학교,교과중점전형 [교과/출석 100%],디자인·아트대학,패션디자인ㆍ비즈니스학과 [교직],26,36,1.38
충북,사립,청주대학교,정원내 일반전형 [교과100%],보건의료과학대학,"작업치료학과 / 2년 연속(24-25) 작업치료사 국가시험 100% 합격! 충북 유일 석·박사 과정 연계, VR·스마트 재활 첨단 실습환경, 국내 BIG5 병원 임상실습",26,36,1.38
충남,사립,나사렛대학교,일반학생전형(학생부교과/실기위주),,"기독교학부(신학전공, 기독교상담교육학전공)",24,33,1.38
인천,사립,인하대학교,학생부종합 인하미래인재(면접형),문과대학,일본언어문화학과,16,22,1.38
경기,사립,용인대학교,정원내 일반학생 전형,체육과학대학,체육학과,13,18,1.38
대전,국립,충남대학교,일반전형,공과대학,전자공학과,13,18,1.38
충남,사립,순천향대학교,[정원내] 학생부교과(교과우수자전형),글로벌경영대학,IT금융경영학과,13,18,1.38
경기,사립,가톨릭대학교(부천),학생부종합(잠재능력우수자서류전형),,데이터사이언스학과,8,11,1.38
경기,사립,성균관대학교(수원),학생부종합(탐구인재),,사회복지학과,8,11,1.38
서울,사립,가톨릭대학교(서울),학생부종합(잠재능력우수자서류전형),,데이터사이언스학과,8,11,1.38
서울,사립,동덕여자대학교,논술우수자전형,인문대학,국사학전공,8,11,1.38
서울,국립,서울과학기술대학교,고교추천전형,기술경영융합대학,경영학과(글로벌테크노경영전공)_인문,8,11,1.38
서울,사립,성균관대학교(서울),학생부종합(탐구인재),,사회복지학과,8,11,1.38
서울,사립,숭실대학교,학생부교과(교과우수자전형-학교장 추천),,수학과,8,11,1.38
서울,사립,이화여자대학교,학생부교과(고교추천전형),사회과학대학,사회학과,8,11,1.38
인천,국립,인천대학교,실기/실적(실기우수자),사범대학,체육교육과,8,11,1.38
인천,사립,인하대학교,학생부종합 인하미래인재(서류형),문과대학,영미유럽인문융합학부,8,11,1.38
대전,국립,국립한밭대학교,지역인재(종합)전형,,중국어과,8,11,1.38
대전,사립,대전대학교,지역인재Ⅰ전형 [교과/출석 100%],사회과학대학,사회복지학과,8,11,1.38
대전,사립,대전대학교,지역인재Ⅰ전형 [교과/출석 100%],경영대학,"경영학부 (경영학전공, 회계학전공) / 경영학전공 회계학전공",8,11,1.38
대전,사립,우송대학교,정원내 학생부 교과 - 교과면접 전형 (교과80%+면접20% / 6과목 반영),외식조리대학,외식조리영양학과,8,11,1.38
충남,국립,국립공주대학교,학생부교과전형  일반전형(정원내),자연과학대학,생명과학과,8,11,1.38
충남,사립,한국기술교육대학교,창의인재(면접형),,디자인공학과,8,11,1.38
충남,사립,호서대학교,- 정원내 학생부교과 지역인재전형,,전자공학과,8,11,1.38
충북,사립,우석대학교(진천),실기(실적)위주_특기자,체육대학,"태권도학과(전주) [교직] / 겨루기(남,여)",8,11,1.38
충북,국립,충북대학교,학생부종합(학생부종합Ⅰ전형),사회과학대학,경제학과,8,11,1.38
충북,국립,충북대학교,학생부교과(지역인재전형),자연과학대학,생물학과,8,11,1.38
경기,사립,경기대학교(수원),학생부종합(KGU학생부종합전형),,산업경영공학과,36,50,1.39
경기,사립,대진대학교,"학생부종합(윈윈대진전형) - 1단계:서류평가100%, 2단계:1단계 성적70% + 면접30%",보건과학대학,간호학과,36,50,1.39
서울,사립,경기대학교(서울),학생부종합(KGU학생부종합전형),,산업경영공학과,36,50,1.39
인천,국립,인천대학교,학생부종합(자기추천),도시과학대학,도시건축학부,23,32,1.39
대전,사립,우송대학교,정원내 학생부 교과 - 교과면접 전형 (교과80%+면접20% / 6과목 반영),외식조리대학,글로벌조리학부 / 글로벌조리전공,23,32,1.39
경기,사립,한국항공대학교,교과성적우수자 전형,,항공·경영대학,18,25,1.39
대전,사립,대전대학교,교과중점전형 [교과/출석 100%],디자인·아트대학,건축학과(4년제),18,25,1.39
충남,국립,국립공주대학교,학생부교과전형  지역인재전형(정원내),본부,자율전공학부(공주캠퍼스) - 유형Ⅰ,50,70,1.4
대전,사립,배재대학교,정원내 학생부교과 교과,,경영학과,45,63,1.4
경기,사립,한국공학대학교,학생부종합(조기취업형계약학과),,스마트전자공학과,30,42,1.4
서울,사립,숙명여자대학교,[학생부종합] 특성화고졸재직자전형(정원외),글로벌서비스학부,앙트러프러너십전공,30,42,1.4
대전,사립,배재대학교,정원내 학생부교과 교과,,AI소프트웨어공학부(정보보안학),25,35,1.4
충남,사립,백석대학교,정원내 모집 학생부 교과 사회기여자 및 배려대상자,,자유전공학부,25,35,1.4
서울,사립,광운대학교,학생부종합【소프트웨어우수인재전형】,,컴퓨터정보공학부,20,28,1.4
서울,사립,숙명여자대학교,[학생부종합] 특성화고졸재직자전형(정원외),사회과학대학,소비자경제학과,20,28,1.4
대전,사립,목원대학교,"교과전형 경쟁률 현황 교과100 [면접없음, 수능최저없음]",보건안전대학,스포츠건강관리학과,20,28,1.4
경기,사립,경기대학교(수원),학생부교과(교과성적우수자전형),,"경영학부 / 경영학전공, 회계세무학전공",15,21,1.4
경기,사립,경희대학교(용인),서울캠퍼스 학생부종합(네오르네상스전형),인문계열,글로벌Hospitality·관광학과,15,21,1.4
경기,사립,신한대학교(의정부/동두천),일반전형(교과60%+면접40%),,K-CULTURE대학(자율전공) -산업디자인학과 - 패션디자인학과 - 실내디자인학과 - 공연예술학과 - K-POP학과 - 모델콘텐츠학과 - K-뷰티학과 - 미디어영상학과,15,21,1.4
경기,사립,아주대학교,고교추천전형,,첨단신소재공학과,15,21,1.4
경기,사립,한국항공대학교,고른기회 전형,,AI융합대학,15,21,1.4
서울,사립,경기대학교(서울),학생부교과(교과성적우수자전형),,"경영학부 / 경영학전공, 회계세무학전공",15,21,1.4
서울,사립,경희대학교(서울),서울캠퍼스 학생부종합(네오르네상스전형),인문계열,글로벌Hospitality·관광학과,15,21,1.4
대전,사립,건양대학교(대전),지역[교과],,응급구조학과,15,21,1.4
충남,사립,건양대학교(논산),지역[교과],,응급구조학과,15,21,1.4
경기,사립,서울신학대학교,[학생부교과]일반전형,,사범학부 / 유아교육과 [교직],10,14,1.4
경기,사립,아주대학교,체육우수자(축구)전형,,스포츠레저학과,10,14,1.4
경기,사립,한세대학교,실기우수자 - 교과 20% + 실기 80%,,음악전공 현악(바이올린),10,5,1.4
경기,사립,협성대학교,정원내 [학생부교과]교과성적우수자,이공대학,의생명화학과,10,14,1.4
서울,사립,광운대학교,학생부종합【광운참빛인재전형Ⅱ-서류형】,,화학공학과,10,14,1.4
서울,사립,덕성여자대학교,고교추천전형[학생부위주(교과)],,미래인재대학(AI신약학과),10,14,1.4
서울,사립,동덕여자대학교,동덕창의리더전형,사회과학대학,아동학전공,10,14,1.4
서울,사립,성신여자대학교,일반학생,,기악과(현악)-바이올린,10,9,1.4
인천,국립,인천대학교,학생부교과(교과성적우수자),도시과학대학,도시환경공학부 건설환경공학전공,10,14,1.4
인천,국립,인천대학교,학생부종합(자기추천),글로벌정경대학,정치외교학과,10,14,1.4
인천,사립,인하대학교,학생부교과 지역균형,문과대학,중국학과,10,14,1.4
대전,사립,대전대학교,"교과면접전형 [1단계:교과/출석 100%, 2단계:교과/출석 60% + 면접 40%]",디자인·아트대학,패션디자인ㆍ비즈니스학과 [교직],10,14,1.4
대전,사립,목원대학교,"교과전형 경쟁률 현황 교과100 [면접없음, 수능최저없음]",미술·디자인대학,도자디자인학과,10,14,1.4
대전,사립,우송대학교,정원내 학생부 교과 - 교과면접 전형 (교과80%+면접20% / 6과목 반영),철도대학,철도소프트웨어전공,10,14,1.4
세종,사립,홍익대학교(세종),교과우수자전형,AID융합과학기술대학,조선해양모빌리티공학과,10,14,1.4
충남,국립,국립공주대학교,학생부종합전형  일반전형(정원내),자연과학대학,데이터정보물리학과,10,14,1.4
충남,사립,나사렛대학교,특기자인재(실기위주),,"재활스포츠학부(특수체육학전공, 스포츠재활전공, 시니어스포츠전공)",10,14,1.4
충남,사립,백석대학교,정원외 모집 학생부 교과 농어촌학생 일반전형,,경상학부,10,14,1.4
충남,사립,백석대학교,정원외 모집 학생부 교과 농어촌학생 일반전형,,외식산업학부,10,14,1.4
충남,사립,백석대학교,정원외 모집 학생부 교과 기초생활수급자 및 차상위계층,,외식산업학부,10,14,1.4
충남,사립,순천향대학교,[정원내] 학생부종합(일반학생전형),자연과학대학,화학과,10,14,1.4
충북,사립,세명대학교,SMU의료인재전형(정원내),자연과학,임상병리학과,10,14,1.4
경기,사립,가톨릭대학교(부천),학생부교과(지역균형전형),,국사학과,5,7,1.4
경기,사립,가톨릭대학교(부천),학생부교과(지역균형전형),,미디어기술콘텐츠학과,5,7,1.4
경기,사립,가톨릭대학교(부천),학생부종합(잠재능력우수자서류전형),,경제학과,5,7,1.4
경기,사립,가톨릭대학교(부천),학생부종합(잠재능력우수자면접전형),,사회학과,5,7,1.4
경기,사립,가톨릭대학교(부천),학생부종합(잠재능력우수자면접전형),,AI의공학과,5,7,1.4
경기,사립,경기대학교(수원),학생부교과(교과성적우수자전형),,관광개발경영학과,5,7,1.4
경기,사립,경희대학교(용인),서울캠퍼스 학생부교과(지역균형전형),자연계열,미래정보디스플레이학부,5,7,1.4
경기,사립,단국대학교(죽전),[학생부교과] 지역균형선발 경쟁률 현황 (죽전),,과학교육과,5,7,1.4
경기,사립,명지대학교(용인),학생부교과(학교장추천전형),,아시아·중동어문학부 / 중어중문학전공,5,7,1.4
경기,사립,명지대학교(용인),학생부교과(교과면접전형),,아랍지역학전공,5,7,1.4
경기,사립,명지대학교(용인),학생부교과(교과면접전형),,인공지능전공,5,7,1.4
경기,사립,명지대학교(용인),학생부교과(교과면접전형),,전통건축학전공,5,7,1.4
경기,사립,명지대학교(용인),학생부종합(명지인재면접전형),,아너칼리지(전공자유대학) / 자율전공학부(자연),5,7,1.4
경기,사립,수원대학교,교과우수전형,혁신공과대학,반도체공학과,5,7,1.4
경기,사립,안양대학교(안양),학생부종합(아리학생부종합),,영미언어문화학과,5,7,1.4
경기,사립,한국공학대학교,학생부교과(교과우수자),,경영학부 데이터사이언스경영전공,5,7,1.4
경기,사립,한국외국어대학교(용인),학생부종합전형(서류형),,이탈리아어과,5,7,1.4
경기,사립,한국외국어대학교(용인),학생부종합전형(서류형),,네덜란드어과,5,7,1.4
경기,사립,한국외국어대학교(용인),학생부종합전형(서류형),,스칸디나비아어과,5,7,1.4
경기,사립,한국외국어대학교(용인),학생부종합전형(서류형),,한국어교육과,5,7,1.4
경기,사립,한세대학교,한세인재 - 서류 100%,,첨단융합학부,5,7,1.4
경기,사립,협성대학교,정원내 [학생부교과]교과성적우수자,이공대학,도시공학과,5,7,1.4
경기,사립,협성대학교,정원내 [학생부교과]미래창의인재,인문사회과학대학,도시행정학과,5,7,1.4
경기,사립,협성대학교,정원내 [학생부종합]융합인재Ⅱ(면접),이공대학,의생명화학과,5,7,1.4
서울,사립,가톨릭대학교(서울),학생부교과(지역균형전형),,국사학과,5,7,1.4
서울,사립,가톨릭대학교(서울),학생부교과(지역균형전형),,미디어기술콘텐츠학과,5,7,1.4
서울,사립,가톨릭대학교(서울),학생부종합(잠재능력우수자서류전형),,경제학과,5,7,1.4
서울,사립,가톨릭대학교(서울),학생부종합(잠재능력우수자면접전형),,사회학과,5,7,1.4
서울,사립,가톨릭대학교(서울),학생부종합(잠재능력우수자면접전형),,AI의공학과,5,7,1.4
서울,사립,경기대학교(서울),학생부교과(교과성적우수자전형),,관광개발경영학과,5,7,1.4
서울,사립,경희대학교(서울),서울캠퍼스 학생부교과(지역균형전형),자연계열,미래정보디스플레이학부,5,7,1.4
서울,사립,동덕여자대학교,학생부교과우수자 특별전형,사회과학대학,사회복지학전공,5,7,1.4
서울,사립,동덕여자대학교,특기자 특별전형,공연예술대학,방송연예전공(방송연예특기자),5,7,1.4
서울,사립,명지대학교(서울),학생부교과(학교장추천전형),,아시아·중동어문학부 / 중어중문학전공,5,7,1.4
서울,사립,명지대학교(서울),학생부교과(교과면접전형),,아랍지역학전공,5,7,1.4
서울,사립,명지대학교(서울),학생부교과(교과면접전형),,인공지능전공,5,7,1.4
서울,사립,명지대학교(서울),학생부교과(교과면접전형),,전통건축학전공,5,7,1.4
서울,사립,명지대학교(서울),학생부종합(명지인재면접전형),,아너칼리지(전공자유대학) / 자율전공학부(자연),5,7,1.4
서울,공립,서울시립대학교,고교추천전형,공과대학,토목공학과,5,7,1.4
서울,사립,서울여자대학교,학생부종합(바롬인재면접전형),아트앤디자인스쿨,첨단미디어디자인전공,5,7,1.4
서울,사립,성신여자대학교,자기주도인재,,프랑스어문·문화학과,5,7,1.4
서울,사립,연세대학교(서울),학생부교과전형 (추천형),생활과학대학,의류환경학과,5,7,1.4
서울,사립,한국외국어대학교(서울),학생부종합전형(서류형),,이탈리아어과,5,7,1.4
서울,사립,한국외국어대학교(서울),학생부종합전형(서류형),,네덜란드어과,5,7,1.4
서울,사립,한국외국어대학교(서울),학생부종합전형(서류형),,스칸디나비아어과,5,7,1.4
서울,사립,한국외국어대학교(서울),학생부종합전형(서류형),,한국어교육과,5,7,1.4
서울,사립,한양대학교(서울),학생부교과(추천형),사회과학대학,미디어커뮤니케이션학과,5,7,1.4
서울,사립,한양대학교(서울),학생부교과(추천형),정책과학대학,행정학과,5,7,1.4
서울,사립,홍익대학교(서울),학교장추천자전형,사범대학,수학교육과,5,7,1.4
인천,사립,안양대학교(강화),학생부종합(아리학생부종합),,영미언어문화학과,5,7,1.4
인천,국립,인천대학교,학생부교과(지역균형),공과대학,에너지화학공학과,5,7,1.4
인천,사립,인하대학교,학생부교과 지역균형,공과대학,고분자공학과,5,7,1.4
대전,사립,건양대학교(대전),지역[교과],,의료IT공학과,5,7,1.4
대전,사립,목원대학교,"학생부종합전형 경쟁률 현황 서류100 [면접없음, 수능최저없음]",사회과학대학,"경영학부(경영전공, 글로벌비즈니스전공)",5,7,1.4
대전,사립,배재대학교,정원내 학생부교과 교과,,디자인학부(산업디자인),5,7,1.4
대전,사립,배재대학교,정원내 학생부교과 지역인재Ⅰ,,미디어콘텐츠학과,5,7,1.4
대전,사립,우송대학교,정원내 학생부 교과 - 지역인재 전형 (교과100% / 12과목 반영),자유전공학부,자유전공학부,5,7,1.4
대전,국립,충남대학교,일반전형,사범대학,교육학과,5,7,1.4
대전,국립,충남대학교,일반전형,지식융합학부,공공안전융합전공,5,7,1.4
대전,국립,충남대학교,일반전형,예술대학,음악과(작곡),5,7,1.4
대전,국립,충남대학교,지역인재전형,인문대학,사학과*,5,7,1.4
대전,국립,충남대학교,지역인재전형,공과대학,건축학과(5년제),5,7,1.4
충남,사립,건양대학교(논산),지역[교과],,의료IT공학과,5,7,1.4
충남,국립,국립공주대학교,학생부교과전형  일반전형(정원내),산업과학대학,외식상품학과,5,7,1.4
충남,사립,나사렛대학교,지역인재1(학생부교과),,"사회복지학부(사회복지전공, 청소년복지전공, 노인복지전공)",5,7,1.4
충남,사립,단국대학교(천안),[학생부교과] 지역균형선발 경쟁률 현황 (죽전),,과학교육과,5,7,1.4
충남,사립,백석대학교,정원내 모집 학생부 교과 사회기여자 및 배려대상자,,사범학부 특수교육과,5,7,1.4
충남,사립,백석대학교,정원외 모집 학생부 교과 농어촌학생 일반전형,,보건학부 안경광학과,5,7,1.4
충남,사립,순천향대학교,[정원내] 학생부교과(충청형지역인재전형),AI의료융합혁신교육원,의약바이오스쿨(임상병리학전공),5,7,1.4
충남,사립,한국기술교육대학교,창의인재(면접형),,고용서비스정책학과,5,7,1.4
충남,사립,호서대학교,- 정원외 학생부교과 기초생활수급자 및 차상위계층전형,,"건축토목공학부(건축공학트랙, 토목공학트랙)",5,3,1.4
충남,사립,호서대학교,- 정원외 학생부교과 기초생활수급자 및 차상위계층전형,,글로벌통상학과,5,2,1.4
충북,사립,세명대학교,인문계고교전형(정원내),인문사회,외국어학부 [영미언어문화/중국언어문화/일본언어문화],5,7,1.4
충북,사립,세명대학교,특성화고교인재전형(정원내),공학,전기전자공학과,5,7,1.4
충북,사립,우석대학교(진천),학생부교과_교과면접,보건대학,작업치료학과(전주),5,7,1.4
충북,사립,우석대학교(진천),학생부교과_교과면접,휴먼테크 융합대학,경찰행정학과(전주),5,7,1.4
충북,사립,우석대학교(진천),실기(실적)위주_실적우수자,체육대학,체육학과(전주) [교직] / 배구(남),5,7,1.4
충북,국립,충북대학교,학생부종합(학생부종합Ⅰ전형),공과대학,화학공학과,5,7,1.4
충북,국립,충북대학교,학생부종합(학생부종합Ⅱ전형),공과대학,공업화학과,5,7,1.4
충남,국립,국립공주대학교,학생부교과전형  자율전공전형(정원내),자연과학대학,자연과학대학자율전공학부 - 유형Ⅱ,29,41,1.41
대전,사립,배재대학교,정원내 학생부교과 교과,,식품영양학과,22,31,1.41
경기,사립,중부대학교(고양),학교생활우수자전형,,경영학전공 / 경영학전공,17,24,1.41
서울,사립,상명대학교(서울),정원 내 학생부종합(상명인재전형),,SW융합학부 / 컴퓨터과학전공,17,24,1.41
충남,사립,중부대학교(금산),학교생활우수자전형,,경영학전공 / 경영학전공,17,24,1.41
충남,사립,호서대학교,- 정원내 학생부종합 호서인재전형,,컴퓨터공학과,17,24,1.41
대전,국립,국립한밭대학교,학생부교과(일반)전형,,신소재공학과,66,94,1.42
충북,사립,세명대학교,일반전형(정원내),자연과학,작업치료학과,36,51,1.42
충북,사립,청주대학교,정원내 일반전형 [교과100%],항공·국방대학,"항공기계공학과 / AI 시대를 선도하는 첨단 항공기술 교육, 국토부 항공정비 전문교육기관 100% 이수, 국비 항공우주부트캠프 150억, K-항공MRO RISE사업 31.3억 지원",24,34,1.42
충북,사립,세명대학교,일반전형(정원내),인문사회,상담심리학과,19,27,1.42
경기,사립,대진대학교,"학생부종합(윈윈대진전형) - 1단계:서류평가100%, 2단계:1단계 성적70% + 면접30%",인문사회대학,미디어커뮤니케이션학과,12,17,1.42
경기,사립,대진대학교,"학생부종합(윈윈대진전형) - 1단계:서류평가100%, 2단계:1단계 성적70% + 면접30%",AI공과대학,스마트모빌리티공학과,12,17,1.42
서울,사립,광운대학교,학생부교과【지역균형 전형】,,경영학부 경영학전공,12,17,1.42
서울,사립,동덕여자대학교,동덕창의리더전형,인문대학,중어중국학전공,12,17,1.42
서울,사립,세종대학교,학생부교과(지역균형 전형),생명과학,생명시스템학부,12,17,1.42
대전,국립,국립한밭대학교,학생부종합(일반)전형,,도시공학과,12,17,1.42
충남,사립,나사렛대학교,지역인재1(학생부교과),,응급구조학과,12,17,1.42
충남,사립,나사렛대학교,창의융합인재(학생부종합-서류형/면접형/실기위주),,응급구조학과,12,17,1.42
경기,사립,아주대학교,특성화고등을졸업한재직자전형(정원외),,글로벌경영학과,56,80,1.43
대전,사립,건양대학교(대전),일반[교과],,임상의약바이오학과,30,43,1.43
충남,사립,건양대학교(논산),일반[교과],,임상의약바이오학과,30,43,1.43
충남,사립,나사렛대학교,일반학생전형(학생부교과/실기위주),,상담심리학과,30,43,1.43
대전,사립,목원대학교,실기교과전형 경쟁률 현황 실기+교과 [수능최저없음],보건안전대학,스포츠건강관리학과,28,40,1.43
경기,사립,용인대학교,정원내 체육우수자 특별전형,무도대학,태권도학과-겨루기,23,33,1.43
충북,사립,건국대학교(글로컬),[학생부교과] 교과우수,과학기술대학,메카트로닉스공학과,23,33,1.43
서울,공립,서울시립대학교,고교추천전형,공과대학,전자전기컴퓨터공학부,21,30,1.43
경기,사립,중부대학교(고양),학생부우수자전형,,특수교육과 / 중등특수교육,14,20,1.43
서울,사립,숙명여자대학교,[학생부종합] 소프트웨어인재전형,공과대학,인공지능공학부,14,20,1.43
대전,사립,건양대학교(대전),학생부종합전형,,심리상담치료학과 [교직],14,20,1.43
세종,사립,홍익대학교(세종),논술전형,,광고홍보학부,14,20,1.43
충남,사립,건양대학교(논산),학생부종합전형,,심리상담치료학과 [교직],14,20,1.43
충남,사립,중부대학교(금산),학생부우수자전형,,특수교육과 / 중등특수교육,14,20,1.43
경기,사립,가천대학교(성남),학생부우수자 전형,자연계열,화학과,7,10,1.43
경기,사립,단국대학교(죽전),[논술위주] 논술우수자 경쟁률 현황 (죽전),,화학공학과,7,10,1.43
경기,사립,단국대학교(죽전),[학생부교과] 학생부교과우수자 경쟁률 현황 (천안),,국제스포츠학부(운동처방재활전공),7,10,1.43
경기,사립,아주대학교,고교추천전형,,사이버보안학과,7,10,1.43
경기,사립,을지대학교(성남의정부),지역균형(학교장추천),,의료경영학과,7,10,1.43
경기,국립,한경국립대학교,학생부교과(일반전형_평택)_정원내,,한국수어교육학과,7,10,1.43
경기,사립,한국외국어대학교(용인),학생부종합전형(면접형),,영어통번역학과,7,10,1.43
경기,사립,한양대학교(ERICA),학생부교과(지역균형선발),커뮤니케이션&컬처대학,문화콘텐츠학과,7,10,1.43
서울,사립,서울여자대학교,학생부종합(바롬인재서류전형),사회과학대학,경제학과,7,10,1.43
서울,사립,성공회대학교,교과성적,,미래융합학부,7,10,1.43
서울,사립,세종대학교,학생부교과(지역균형 전형),공과,건축공학과,7,10,1.43
서울,사립,연세대학교(서울),학생부교과전형 (추천형),문과대학,사학과,7,10,1.43
서울,사립,한국외국어대학교(서울),학생부종합전형(면접형),,영어통번역학과,7,10,1.43
인천,사립,가천대학교(인천),학생부우수자 전형,자연계열,화학과,7,10,1.43
대전,사립,을지대학교(대전),지역균형(학교장추천),,의료경영학과,7,10,1.43
대전,국립,충남대학교,학생부종합 서류전형,공과대학,유기재료공학과,7,10,1.43
충남,사립,단국대학교(천안),[논술위주] 논술우수자 경쟁률 현황 (죽전),,화학공학과,7,10,1.43
충남,사립,단국대학교(천안),[학생부교과] 학생부교과우수자 경쟁률 현황 (천안),,국제스포츠학부(운동처방재활전공),7,10,1.43
충남,사립,순천향대학교,[정원내] 학생부교과(교과우수자전형),인문사회과학대학,경찰행정학과,7,10,1.43
충남,사립,순천향대학교,[정원내] 학생부교과(충청형지역인재전형),인문사회과학대학,사회복지학과,7,10,1.43
충북,국립,충북대학교,학생부종합(학생부종합Ⅱ전형),공과대학,건축공학과,7,10,1.43
충북,국립,충북대학교,학생부교과(학생부교과전형),농업생명환경대학,지역건설공학과,7,10,1.43
충북,국립,충북대학교,학생부교과(지역인재전형),사회과학대학,정치외교학과,7,10,1.43
충북,국립,충북대학교,학생부교과(지역인재전형),공과대학,공업화학과,7,10,1.43
충북,국립,한국교원대학교,학생부종합우수자 일반전형,,독어교육과,7,10,1.43
대전,사립,건양대학교(대전),일반[교과],,병원경영학과,52,75,1.44
충남,사립,건양대학교(논산),일반[교과],,병원경영학과,52,75,1.44
경기,국립,한경국립대학교,학생부교과(일반전형_안성)_정원내,,HK자율전공학부Ⅰ,45,65,1.44
충남,사립,호서대학교,- 정원내 학생부교과 학생부전형,,전기시스템공학과,43,62,1.44
인천,사립,인하대학교,학생부종합 인하미래인재(면접형),경영대학,경영학부(경영학과),32,46,1.44
경기,사립,명지대학교(용인),학생부교과(특성화고등졸재직자전형),,심리치료학전공,18,26,1.44
경기,사립,용인대학교,정원내 일반학생 전형,AI바이오융합대학,AI시스템반도체학과,18,26,1.44
서울,사립,명지대학교(서울),학생부교과(특성화고등졸재직자전형),,심리치료학전공,18,26,1.44
서울,사립,숭실대학교,학생부교과(교과우수자전형-학교장 추천),,건축학부(건축학·건축공학전공),18,26,1.44
서울,사립,이화여자대학교,학생부종합(미래인재전형-서류형),자연과학대학,통계학과,18,26,1.44
충남,사립,순천향대학교,[정원내] 실기/실적(실기우수자전형),자연과학대학,스포츠응용산업학과,18,26,1.44
서울,사립,고려대학교(서울),서울캠퍼스 학생부교과(학교추천전형),문과대학,영어영문학과,16,23,1.44
경기,사립,단국대학교(죽전),[학생부종합] DKU인재(서류형) 경쟁률 현황 (천안),,영어과,9,13,1.44
경기,사립,단국대학교(죽전),[학생부종합] DKU인재(서류형) 경쟁률 현황 (천안),,의생명과학부(생명과학전공),9,13,1.44
경기,사립,단국대학교(죽전),[학생부교과] 학생부교과우수자 경쟁률 현황 (천안),,생명공학부(녹지조경학전공),9,13,1.44
경기,사립,신한대학교(의정부/동두천),일반전형(교과60%+면접40%),,식품영양학과,9,13,1.44
서울,사립,광운대학교,학생부교과【지역균형 전형】,,전자통신공학과,9,13,1.44
서울,사립,광운대학교,학생부교과【지역균형 전형】,,전기공학과,9,13,1.44
서울,사립,동덕여자대학교,동덕창의리더전형,문화지식융합대학,글로벌MICE융합전공,9,13,1.44
서울,국립,서울과학기술대학교,고교추천전형,인문사회대학,영어영문학과,9,13,1.44
서울,사립,서울여자대학교,학생부종합(바롬인재서류전형),미래산업융합대학,경영학과,9,13,1.44
서울,사립,숭실대학교,학생부교과(교과우수자전형-학교장 추천),,의생명시스템학부,9,13,1.44
서울,사립,총신대학교,정원내 실기우수자,예능계열,교회음악과 피아노,9,13,1.44
인천,사립,인하대학교,학생부교과 지역균형,경영대학,아태물류학부,9,13,1.44
대전,국립,충남대학교,일반전형,인문대학,국어국문학과,9,13,1.44
대전,국립,충남대학교,일반전형,생활과학대학,식품영양학과*,9,13,1.44
대전,국립,충남대학교,일반전형,생명시스템과학대학,미생물·분자생명과학과,9,13,1.44
세종,사립,홍익대학교(세종),논술전형,AID융합과학기술대학,바이오화학융합공학과,9,13,1.44
충남,사립,단국대학교(천안),[학생부종합] DKU인재(서류형) 경쟁률 현황 (천안),,영어과,9,13,1.44
충남,사립,단국대학교(천안),[학생부종합] DKU인재(서류형) 경쟁률 현황 (천안),,의생명과학부(생명과학전공),9,13,1.44
충남,사립,단국대학교(천안),[학생부교과] 학생부교과우수자 경쟁률 현황 (천안),,생명공학부(녹지조경학전공),9,13,1.44
충북,사립,극동대학교,정원 내 실기 일반학생전형(실기),,만화·애니메이션학과,40,58,1.45
서울,사립,동덕여자대학교,동덕창의리더전형,경영대학,경영융합학부,33,48,1.45
경기,사립,경동대학교(양주),일반학생,,보건행정학과,29,42,1.45
경기,사립,경희대학교(용인),서울캠퍼스 학생부종합(네오르네상스전형),자연계열,미래정보디스플레이학부,29,42,1.45
서울,사립,경희대학교(서울),서울캠퍼스 학생부종합(네오르네상스전형),자연계열,미래정보디스플레이학부,29,42,1.45
충남,국립,국립공주대학교,실기/실적전형  일반전형(정원내),예술대학,무용학과,22,32,1.45
경기,사립,수원대학교,교과우수전형,라이프케어사이언스대학,간호학과,20,29,1.45
서울,사립,숭실대학교,학생부교과(교과우수자전형-학교장 추천),,신소재공학과,20,29,1.45
대전,국립,국립한밭대학교,학생부종합(학·석사)전형,,기계공학과,20,29,1.45
경기,사립,안양대학교(안양),학생부교과(아리학생부교과),,국어국문학과,11,16,1.45
경기,사립,한국외국어대학교(용인),학생부종합전형(면접형),,경제학부,11,16,1.45
서울,사립,동덕여자대학교,논술우수자전형,자연정보과학대학,정보통계학전공,11,16,1.45
서울,사립,한국외국어대학교(서울),학생부종합전형(면접형),,경제학부,11,16,1.45
인천,사립,안양대학교(강화),학생부교과(아리학생부교과),,국어국문학과,11,16,1.45
인천,사립,인하대학교,학생부교과 지역균형,공과대학,신소재공학과,11,16,1.45
충남,사립,순천향대학교,[정원내] 학생부교과(충청형지역인재전형),의과대학,간호학과,11,16,1.45
충북,국립,충북대학교,학생부교과(지역인재전형),약학대학,제약학과,11,16,1.45
경기,사립,명지대학교(용인),학생부교과(학교장추천전형),,자연캠퍼스(용인) 소계,123,180,1.46
서울,사립,명지대학교(서울),학생부교과(학교장추천전형),,자연캠퍼스(용인) 소계,123,180,1.46
대전,사립,목원대학교,"교과전형 경쟁률 현황 교과100 [면접없음, 수능최저없음]",사회과학대학,항공호텔관광경영학과,37,54,1.46
경기,사립,서울신학대학교,[학생부종합]H+인재전형,,유아교육과 [교직],13,19,1.46
경기,사립,한양대학교(ERICA),학생부교과(지역균형선발),첨단융합대학,차세대반도체융합공학부,13,19,1.46
충북,국립,충북대학교,학생부교과(지역인재전형),공과대학,기계공학부,13,19,1.46
경기,사립,명지대학교(용인),학생부종합(명지인재서류전형),,자연캠퍼스(용인) 소계,164,241,1.47
서울,사립,명지대학교(서울),학생부종합(명지인재서류전형),,자연캠퍼스(용인) 소계,164,241,1.47
대전,사립,우송대학교,정원내 학생부 교과 - 교과면접 전형 (교과80%+면접20% / 6과목 반영),보건복지대학,재활학부 / 스포츠건강재활학과,38,56,1.47
서울,사립,성공회대학교,학생부종합 열린인재,,인문융합콘텐츠학부,36,53,1.47
경기,사립,한양대학교(ERICA),학생부종합(국방전략기술공학),첨단융합대학,국방전략기술공학과(남자),32,47,1.47
대전,사립,배재대학교,정원내 학생부교과 교과,,국어국문한국어교육학과 [교직],32,47,1.47
충남,사립,유원대학교(아산),유원면접,,경찰ㆍ소방행정학부,19,28,1.47
충북,사립,유원대학교(영동),유원면접,,경찰ㆍ소방행정학부,19,28,1.47
충북,사립,청주대학교,정원내 일반전형 [교과100%],인문사회대학,"수학교육과 (사범) / 수학교육과 취업률 충청권 1위, 전국4위(24). 학생 1인당 연간 장학금 충청권 1위, 전국 5위 달성(25).",19,28,1.47
충북,사립,청주대학교,정원내 일반전형 [교과100%],항공·국방대학,"항공운항학과 / 미래 민·군 전문조종사 양성, 공군 조종 ROTC, 국토부 전문교육기관, 전국 최다 공군·해군 조종장교 배출, 부트캠프 76.5억·RISE 31.25억 및 장학금 지원",19,28,1.47
경기,사립,성결대학교,[학생부교과] 교과성적우수자,IT융합공과대학,스마트도시공학과,17,25,1.47
세종,사립,고려대학교(세종),학생부교과(일반전형),공공정책대학,자유전공학부(공공정책),17,25,1.47
충남,사립,순천향대학교,[정원내] 학생부종합(일반학생전형),인문사회과학대학,영미학과,17,25,1.47
경기,사립,성균관대학교(수원),학생부교과(추천인재),,건축학과(5년제),15,22,1.47
경기,사립,수원대학교,실기우수자전형,음악테크놀로지대학,아트앤테크놀로지작곡과,15,22,1.47
경기,사립,한국공학대학교,학생부교과(지역균형),,게임공학과,15,22,1.47
경기,사립,한국공학대학교,학생부교과(지역균형),,전자공학부 전자공학전공,15,22,1.47
서울,사립,성균관대학교(서울),학생부교과(추천인재),,건축학과(5년제),15,22,1.47
서울,사립,숙명여자대학교,[실기/실적] 예능창의인재전형,음악대학,작곡과,15,22,1.47
대전,국립,국립한밭대학교,지역인재(교과)전형,,공학건설학부,15,22,1.47
대전,사립,배재대학교,정원내 학생부교과 일반고교과,,행정학과,15,22,1.47
대전,사립,우송대학교,정원내 학생부 교과 - 교과중심 전형 (교과100% / 12과목 반영),소프트웨어(SW)융합대학,AI·컴퓨터공학과,46,68,1.48
경기,사립,안양대학교(안양),학생부교과(아리학생부교과),,정보전기전자공학과,29,43,1.48
인천,사립,안양대학교(강화),학생부교과(아리학생부교과),,정보전기전자공학과,29,43,1.48
경기,사립,대진대학교,학생부교과(학생부우수자전형) - 교과70% + 면접30%,AI공과대학,공학자율학부,25,37,1.48
경기,사립,신한대학교(의정부/동두천),일반전형(교과60%+면접40%),,치기공학과,25,37,1.48
서울,사립,연세대학교(서울),학생부교과전형 (추천형),상경대학,경제학부,25,37,1.48
충남,사립,호서대학교,- 정원내 학생부교과 학생부전형,,중국학과,21,31,1.48
충남,사립,백석대학교,정원내 모집 학생부 교과 일반전형,,경상학부,78,116,1.49
충북,사립,청주대학교,"정원내 교과면접전형 경쟁률 현황 ※ 면접전형 : 교과70%+ 면접30% 단, 항공서비스학과 만 교과60%+ 면접40% 생활기록부 미반영 면접",항공·국방대학,"항공서비스학과 / 유지 취업률 100%, 졸업생 30% 이상 객실승무원 배출! 항공사 수준 안전 서비스 훈련시설과 국가장학 지원으로 K-항공서비스를 선도하는 글로벌 인재 양성학과",65,97,1.49
경기,사립,명지대학교(용인),학생부교과(교과면접전형),,자연캠퍼스(용인) 소계,125,188,1.5
서울,사립,명지대학교(서울),학생부교과(교과면접전형),,자연캠퍼스(용인) 소계,125,188,1.5
충남,사립,호서대학교,- 정원내 학생부교과 학생부전형,,"건축토목공학부(건축공학트랙, 토목공학트랙)",44,66,1.5
대전,사립,대전대학교,실기위주전형,보건의료과학대학,"스포츠과학부 (체육학전공, 운동재활전공) / 체육학전공 운동재활전공",40,60,1.5
대전,사립,건양대학교(대전),일반[교과],,안경광학과,38,57,1.5
충남,사립,건양대학교(논산),일반[교과],,안경광학과,38,57,1.5
경기,사립,아주대학교,첨단융합인재전형,,첨단신소재공학과,36,54,1.5
경기,사립,중부대학교(고양),학생부우수자전형,,엔터테인먼트학전공 / 엔터테인먼트학전공,30,45,1.5
충남,사립,중부대학교(금산),학생부우수자전형,,엔터테인먼트학전공 / 엔터테인먼트학전공,30,45,1.5
충남,국립,국립공주대학교,학생부교과전형  일반전형(정원내),천안공과대학,스마트인프라공학과,28,42,1.5
충북,사립,건국대학교(글로컬),[학생부종합] Cogito자기추천,과학기술대학,메카트로닉스공학과,28,42,1.5
서울,사립,서울기독대학교,일반전형,,사회복지,27,40,1.5
충북,사립,건국대학교(글로컬),[학생부종합] Cogito자기추천,의료생명대학,바이오의약학과,26,39,1.5
충북,사립,세명대학교,일반전형(정원내),인문사회,경찰학과,26,39,1.5
서울,사립,이화여자대학교,학생부종합(미래인재전형-서류형),공과대학,융합전자반도체공학부 전자전기공학전공,24,36,1.5
경기,사립,협성대학교,정원내 [학생부종합]융합인재Ⅰ(서류),,자율전공학부,20,30,1.5
대전,사립,목원대학교,"교과전형 경쟁률 현황 교과100 [면접없음, 수능최저없음]",AISW융합대학,AI응용학과 [SW],20,30,1.5
경기,사립,한세대학교,교과우수자 - 교과 100%,,신학과,18,27,1.5
대전,사립,목원대학교,"지역인재전형 경쟁률 현황 교과100 [면접없음, 수능최저없음]",보건안전대학,소방방재학과,18,27,1.5
충남,사립,순천향대학교,[정원내] 학생부종합(일반학생전형),글로벌경영대학,국제통상학과,18,27,1.5
경기,사립,중부대학교(고양),학생부우수자전형,,물리치료학과 / 물리치료학과,16,24,1.5
충남,사립,중부대학교(금산),학생부우수자전형,,물리치료학과 / 물리치료학과,16,24,1.5
경기,사립,경기대학교(수원),학생부교과(학교장추천전형),,"신소재화학공학부 / 신소재공학전공, 화학공학전공",14,21,1.5
경기,사립,서울신학대학교,[학생부종합]H+인재전형,,휴먼서비스학부 / 사회복지학과,14,21,1.5
경기,사립,안양대학교(안양),학생부교과(아리학생부교과),,환경에너지공학과,14,21,1.5
서울,사립,경기대학교(서울),학생부교과(학교장추천전형),,"신소재화학공학부 / 신소재공학전공, 화학공학전공",14,21,1.5
인천,사립,안양대학교(강화),학생부교과(아리학생부교과),,환경에너지공학과,14,21,1.5
대전,사립,목원대학교,실기전형 경쟁률 현황 실기100 [수능최저없음],음악대학,"공연콘텐츠학부(성악·뮤지컬전공, 공연콘텐츠기획전공, 국악전공)",14,21,1.5
경기,사립,경기대학교(수원),학생부종합(KGU학생부종합전형),,"Fine Arts학부 / 한국화전공, 서양화전공, 미술경영전공, 서예전공",12,18,1.5
서울,사립,경기대학교(서울),학생부종합(KGU학생부종합전형),,"Fine Arts학부 / 한국화전공, 서양화전공, 미술경영전공, 서예전공",12,18,1.5
서울,사립,이화여자대학교,실기/실적(예체능실기전형),음악대학,발레,12,18,1.5
인천,사립,인하대학교,학생부종합 인하미래인재(서류형),AI융합대학,컴퓨터공학과,12,18,1.5
대전,사립,건양대학교(대전),일반[교과],,유아교육과 [사범],12,18,1.5
충남,사립,건양대학교(논산),일반[교과],,유아교육과 [사범],12,18,1.5
충남,사립,순천향대학교,[정원내] 학생부종합(일반학생전형),AI대학,AI게임공학과,12,18,1.5
충북,사립,극동대학교,정원 외 학생부교과 기회균형전형(정원 외),,간호학과,12,18,1.5
경기,사립,가톨릭대학교(부천),학생부종합(잠재능력우수자면접전형),,데이터사이언스학과,10,15,1.5
경기,사립,강남대학교,[정원내]실기/실적위주(실기전형),예체능계,음악학과(피아노),10,15,1.5
경기,사립,수원대학교,면접위주교과전형,혁신공과대학,전기전자공학부,10,15,1.5
경기,사립,수원대학교,면접위주교과전형,지능형SW융합대학,지능형보안학부,10,15,1.5
경기,사립,신한대학교(의정부/동두천),일반전형(교과60%+면접40%),,전자공학과,10,15,1.5
경기,사립,신한대학교(의정부/동두천),일반전형(교과60%+면접40%),,기후환경·에너지공학과,10,15,1.5
경기,사립,신한대학교(의정부/동두천),논술전형(약술형)(교과10%+논술90%),,소프트웨어융합학과,10,15,1.5
경기,사립,안양대학교(안양),학생부종합(아리학생부종합),,도시정보공학과,10,15,1.5
경기,사립,한국공학대학교,학생부교과(교과우수자),,컴퓨터공학부 소프트웨어전공,10,15,1.5
경기,사립,한국외국어대학교(용인),학생부종합전형(서류형),,투어리즘 & 웰니스학부,10,15,1.5
경기,사립,한신대학교,참인재,문화콘텐츠계열,영미문화학,10,15,1.5
서울,사립,가톨릭대학교(서울),학생부종합(잠재능력우수자면접전형),,데이터사이언스학과,10,15,1.5
서울,사립,삼육대학교,학교장추천전형,,인공지능융합학부,10,15,1.5
서울,사립,이화여자대학교,학생부교과(고교추천전형),자연과학대학,수학과,10,15,1.5
서울,사립,이화여자대학교,학생부종합(미래인재전형-서류형),사범대학,교육공학과,10,15,1.5
서울,사립,한국외국어대학교(서울),학생부종합전형(서류형),,투어리즘 & 웰니스학부,10,15,1.5
인천,사립,안양대학교(강화),학생부종합(아리학생부종합),,도시정보공학과,10,15,1.5
대전,국립,충남대학교,일반전형,사범대학,전기·전자·통신공학교육과,10,15,1.5
충남,국립,국립공주대학교,학생부교과전형  일반전형(정원내),자연과학대학,대기과학과,10,15,1.5
충남,사립,백석대학교,정원내 모집 학생부 교과 사회기여자 및 배려대상자,,관광학부,10,15,1.5
충남,사립,백석대학교,정원내 모집 학생부 교과 사회기여자 및 배려대상자,,간호학과,10,15,1.5
충남,사립,상명대학교(천안),정원내 학생부종합(상명인재전형),,디자인학부,10,15,1.5
경기,사립,가천대학교(성남),학생부우수자 전형,인문계열,경제학과,8,12,1.5
경기,사립,가톨릭대학교(부천),학생부종합(잠재능력우수자서류전형),,의생명과학과,8,12,1.5
경기,사립,가톨릭대학교(부천),학생부종합(잠재능력우수자면접전형),,바이오로직스공학부,8,12,1.5
경기,사립,경희대학교(용인),서울캠퍼스 학생부교과(지역균형전형),자연계열,화학과,8,12,1.5
경기,사립,성균관대학교(수원),학생부종합(탐구인재),,아동·청소년학과,8,12,1.5
경기,사립,용인대학교,정원내 일반학생 전형,체육과학대학,스포츠레저학과,8,12,1.5
경기,사립,용인대학교,정원내 일반학생 전형,문화예술대학,실용음악과-국악-현악,8,3,1.5
경기,사립,중부대학교(고양),학교생활우수자전형,,게임소프트웨어전공 / 게임소프트웨어전공,8,12,1.5
서울,사립,가톨릭대학교(서울),학생부종합(잠재능력우수자서류전형),,의생명과학과,8,12,1.5
서울,사립,가톨릭대학교(서울),학생부종합(잠재능력우수자면접전형),,바이오로직스공학부,8,12,1.5
서울,사립,경희대학교(서울),서울캠퍼스 학생부교과(지역균형전형),자연계열,화학과,8,12,1.5
서울,사립,광운대학교,학생부종합【광운참빛인재전형Ⅱ-서류형】,,전기공학과,8,12,1.5
서울,사립,삼육대학교,실기우수자전형,,관악·현악,8,12,1.5
서울,사립,성균관대학교(서울),학생부종합(탐구인재),,아동·청소년학과,8,12,1.5
인천,사립,가천대학교(인천),학생부우수자 전형,인문계열,경제학과,8,12,1.5
대전,국립,국립한밭대학교,지역인재(종합)전형,,건축설비시스템공학과,8,12,1.5
대전,국립,국립한밭대학교,지역인재(종합)전형,,경제학과,8,12,1.5
대전,사립,목원대학교,"교과전형 경쟁률 현황 교과100 [면접없음, 수능최저없음]",웹툰애니메이션게임대학,애니메이션학과 [SW],8,12,1.5
대전,국립,충남대학교,일반전형,공과대학,메카트로닉스공학과,8,12,1.5
대전,국립,충남대학교,일반전형,자연과학대학,무용학과(한국무용),8,12,1.5
대전,국립,충남대학교,학생부종합 면접전형,공과대학,자율운항시스템공학과,8,12,1.5
충남,사립,백석대학교,정원내 모집 학생부 교과 + 면접 백석인재,,기독교학부,8,12,1.5
충남,사립,중부대학교(금산),학교생활우수자전형,,게임소프트웨어전공 / 게임소프트웨어전공,8,12,1.5
충남,사립,호서대학교,- 정원내 학생부교과 지역인재전형,,전기시스템공학과,8,12,1.5
충북,사립,세명대학교,사회배려자및봉사자전형(정원내),자연과학,작업치료학과,8,12,1.5
충북,사립,청주대학교,정원내 미래인재전형 [교과100%],인문사회대학,"경찰행정학과 / 청원경찰서와 연계한 경찰 현장 실습으로 차별화된 현장감 있는 경찰 교육, 전 학년 대상 토익 특강과 전문 경찰 영어 교육을 통해 대한민국을 이끌어갈 정예 경찰관 육성",8,12,1.5
경기,사립,단국대학교(죽전),[학생부종합] DKU인재(서류형) 경쟁률 현황 (죽전),,행정학과,6,9,1.5
경기,사립,단국대학교(죽전),[학생부종합] DKU인재(서류형) 경쟁률 현황 (죽전),,상담학과,6,9,1.5
경기,사립,대진대학교,학생부교과(학생부우수자전형) - 교과70% + 면접30%,인문사회대학,사회복지학과,6,9,1.5
경기,사립,성결대학교,[학생부종합] 영암인재,글로벌경영대학,스마트관광항공학부(관광학전공),6,9,1.5
경기,사립,한국외국어대학교(용인),학생부종합전형(서류형),,언어인지과학과,6,9,1.5
경기,사립,한신대학교,참인재,문화콘텐츠계열,독일어문화학,6,9,1.5
서울,사립,광운대학교,학생부종합【광운참빛인재전형Ⅱ-서류형】,,행정학과,6,9,1.5
서울,사립,삼육대학교,세움인재전형,,글로벌한국학과,6,9,1.5
서울,사립,서울여자대학교,학생부종합(바롬인재서류전형),과학기술융합대학,식품영양학과,6,9,1.5
서울,사립,서울여자대학교,학생부종합(SW융합인재전형),미래산업융합대학,소프트웨어전공,6,9,1.5
서울,사립,서울여자대학교,학생부교과(교과우수자전형),사회과학대학,심리·인지과학학부,6,9,1.5
서울,사립,서울여자대학교,학생부교과(교과우수자전형),미래산업융합대학,데이터사이언스전공,6,9,1.5
서울,사립,성신여자대학교,논술우수자,,화학·에너지융합학부,6,9,1.5
서울,사립,세종대학교,학생부교과(지역균형 전형),공과,건설환경공학과,6,9,1.5
서울,사립,숙명여자대학교,[학생부종합] 숙명인재(면접형)전형,경상대학,경제학부,6,9,1.5
서울,사립,숙명여자대학교,[논술] 논술우수자전형,공과대학,컴퓨터과학전공,6,9,1.5
서울,사립,한국외국어대학교(서울),학생부종합전형(서류형),,언어인지과학과,6,9,1.5
인천,사립,인하대학교,논술 논술우수자,AI융합대학,스마트모빌리티공학과,6,9,1.5
대전,사립,대전대학교,지역인재Ⅰ전형 [교과/출석 100%],경영대학,산업ㆍ광고심리학과 [교직],6,9,1.5
대전,국립,충남대학교,일반전형,사회과학대학,도시·자치융합학과,6,9,1.5
대전,국립,충남대학교,일반전형,농업생명과학대학,생물환경화학과,6,9,1.5
대전,국립,충남대학교,일반전형,사범대학,건설공학교육과,6,9,1.5
대전,국립,충남대학교,지역인재전형,인문대학,국어국문학과,6,9,1.5
충남,국립,국립공주대학교,학생부교과전형  일반전형(정원내),사범대학,경영·금융교육과,6,9,1.5
충남,사립,나사렛대학교,창의융합인재(학생부종합-서류형/면접형/실기위주),,경찰행정학과,6,9,1.5
충남,사립,단국대학교(천안),[학생부종합] DKU인재(서류형) 경쟁률 현황 (죽전),,행정학과,6,9,1.5
충남,사립,단국대학교(천안),[학생부종합] DKU인재(서류형) 경쟁률 현황 (죽전),,상담학과,6,9,1.5
충남,사립,유원대학교(아산),특성화고교졸업자,,간호학과,6,9,1.5
충남,사립,호서대학교,- 정원내 학생부교과 지역인재전형,,식품공학과,6,9,1.5
충남,사립,호서대학교,- 정원외 학생부교과 농어촌학생전형,,식품공학과,6,1,1.5
충북,사립,유원대학교(영동),특성화고교졸업자,,간호학과,6,9,1.5
충북,사립,청주대학교,정원내 교과인재전형 [교과100%],경상대학,호텔외식경영학과 / SSCI Tourism & Hospitality 논문 피인용지수 전국 6위의 검증된 교수진. 현장 연계 실무교육으로 글로벌 호텔·외식산업을 선도할 호스피탈리티 전문 인재 양성,6,9,1.5
충북,국립,충북대학교,학생부종합(학생부종합Ⅰ전형),전자정보대학,지능로봇공학과,6,9,1.5
충북,국립,충북대학교,학생부종합(학생부종합Ⅱ전형),자연과학대학,생물학과,6,9,1.5
충북,국립,충북대학교,학생부교과(학생부교과전형),사범대학,수학교육과,6,9,1.5
충북,국립,충북대학교,학생부교과(지역인재전형),인문대학,중어중문학과,6,9,1.5
충북,국립,충북대학교,학생부교과(지역인재전형),전자정보대학,전자공학과,6,9,1.5
충북,국립,충북대학교,학생부교과(지역인재전형),농업생명환경대학,식품생명공학과,6,9,1.5
경기,사립,가천대학교(성남),농어촌(교과) 전형,자연계열,반도체대학,4,6,1.5
경기,사립,가톨릭대학교(부천),학생부종합(잠재능력우수자서류전형),,행정학과,4,6,1.5
경기,사립,가톨릭대학교(부천),학생부종합(기회균형Ⅰ전형),,인공지능학과,4,6,1.5
경기,사립,가톨릭대학교(부천),논술전형,,바이오메디컬소프트웨어학과,4,6,1.5
경기,사립,경희대학교(용인),국제캠퍼스 실기우수자전형(체육),체육계열,스포츠지도학과-볼링,4,6,1.5
경기,사립,단국대학교(죽전),[학생부종합] 교육기회배려자(정원외) 경쟁률 현황 (죽전),,경영학부,4,6,1.5
경기,사립,단국대학교(죽전),[학생부교과] 지역균형선발 경쟁률 현황 (죽전),,사학과,4,6,1.5
경기,사립,단국대학교(죽전),[실기/실적위주] 실기우수자 경쟁률 현황 (죽전),,음악학부(관현악전공)-현악(첼로),4,6,1.5
경기,사립,대진대학교,학생부교과(학생부우수자전형) - 교과70% + 면접30%,인문사회대학,중국학과 [교직],4,6,1.5
경기,사립,대진대학교,학생부교과(고른기회전형) - 교과100%,인문사회대학,문헌정보학과 [교직],4,6,1.5
경기,사립,명지대학교(용인),학생부교과(학교장추천전형),,아랍지역학전공,4,6,1.5
경기,사립,수원대학교,농어촌학생전형,지능형SW융합대학,AI데이터과학부,4,6,1.5
경기,사립,한국공학대학교,학생부교과(지역균형),,기계설계공학부 지능형모빌리티전공,4,6,1.5
경기,사립,한국공학대학교,학생부종합(기회균형),,"디자인공학부(산업디자인공학전공, 미디어디자인공학전공)",4,6,1.5
경기,사립,한국외국어대학교(용인),학교장추천전형,,스칸디나비아어과,4,6,1.5
경기,사립,한국외국어대학교(용인),학교장추천전형,,융합일본지역학부,4,6,1.5
경기,사립,한국외국어대학교(용인),학교장추천전형,,사학과,4,6,1.5
경기,사립,한국외국어대학교(용인),기회균형전형,,생명공학과,4,6,1.5
경기,사립,한양대학교(ERICA),학생부종합(서류형),소프트웨어융합대학,수리데이터사이언스학과,4,6,1.5
경기,사립,협성대학교,정원내 [학생부종합]융합인재Ⅰ(서류),인문사회과학대학,아동보육학과,4,6,1.5
경기,사립,협성대학교,정원내 [학생부종합]융합인재Ⅰ(서류),이공대학,의생명화학과,4,6,1.5
서울,사립,가톨릭대학교(서울),학생부종합(잠재능력우수자서류전형),,행정학과,4,6,1.5
서울,사립,가톨릭대학교(서울),학생부종합(기회균형Ⅰ전형),,인공지능학과,4,6,1.5
서울,사립,가톨릭대학교(서울),논술전형,,바이오메디컬소프트웨어학과,4,6,1.5
서울,사립,건국대학교(서울),학생부종합(특수교육대상자),경영대학,경영학과,4,5,1.5
서울,사립,경희대학교(서울),국제캠퍼스 실기우수자전형(체육),체육계열,스포츠지도학과-볼링,4,6,1.5
서울,사립,명지대학교(서울),학생부교과(학교장추천전형),,아랍지역학전공,4,6,1.5
서울,사립,상명대학교(서울),정원 내 학생부종합(기회균형전형),,경제금융학부,4,6,1.5
서울,국립,서울과학기술대학교,고교추천전형,에너지바이오대학,양자융합물리학과,4,6,1.5
서울,사립,세종대학교,학생부교과(지역균형 전형),자연과학,수학통계학과,4,6,1.5
서울,사립,세종대학교,학생부교과(지역균형 전형),인공지능융합,정보보호학과,4,6,1.5
서울,사립,세종대학교,학생부교과(지역균형 전형),공과,건축학과,4,6,1.5
서울,사립,세종대학교,학생부교과(지역균형 전형),공과,우주항공시스템공학부-우주항공공학전공,4,6,1.5
서울,사립,세종대학교,학생부종합(기회균형 전형),인공지능융합,콘텐츠소프트웨어학과,4,6,1.5
서울,사립,숭실대학교,실기/실적(정보보호특기자전형),,정보보호학과,4,6,1.5
서울,사립,연세대학교(서울),학생부교과전형 (추천형),인공지능융합대학,모빌리티시스템전공,4,6,1.5
서울,사립,이화여자대학교,학생부종합(고른기회전형),자연과학대학,화학·나노과학과,4,6,1.5
서울,사립,한국외국어대학교(서울),학교장추천전형,,스칸디나비아어과,4,6,1.5
서울,사립,한국외국어대학교(서울),학교장추천전형,,융합일본지역학부,4,6,1.5
서울,사립,한국외국어대학교(서울),학교장추천전형,,사학과,4,6,1.5
서울,사립,한국외국어대학교(서울),기회균형전형,,생명공학과,4,6,1.5
서울,사립,한양대학교(서울),학생부교과(추천형),인문과학대학,국어국문학과,4,6,1.5
서울,사립,홍익대학교(서울),학교장추천자전형,문과대학,독어독문학과,4,6,1.5
인천,사립,가천대학교(인천),농어촌(교과) 전형,자연계열,반도체대학,4,6,1.5
인천,국립,인천대학교,학생부교과(지역균형),인공지능대학,인공지능시스템공학과,4,6,1.5
인천,국립,인천대학교,학생부교과(사회통합),공과대학,기계공학과,4,6,1.5
인천,사립,인하대학교,학생부종합 인하미래인재(서류형),자연과학대학,물리학과,4,6,1.5
인천,사립,인하대학교,학생부종합 농어촌학생,문과대학,영미유럽인문융합학부,4,6,1.5
인천,사립,인하대학교,학생부교과 지역균형,경영대학,경영학부(파이낸스경영학과),4,6,1.5
대전,사립,건양대학교(대전),농어촌학생전형,,안경광학과,4,6,1.5
대전,국립,국립한밭대학교,농어촌학생전형,,화학생명공학과,4,6,1.5
대전,사립,대전대학교,고른기회전형 [교과/출석 100%],사회과학대학,사회복지학과,4,6,1.5
대전,국립,충남대학교,일반전형,사범대학,화학공학교육과,4,6,1.5
대전,국립,충남대학교,지역인재전형,농업생명과학대학,산림환경자원학과,4,6,1.5
대전,국립,충남대학교,학생부종합 면접전형,사회과학대학,도시·자치융합학과,4,6,1.5
대전,국립,충남대학교,학생부종합 면접전형,공과대학,환경공학과,4,6,1.5
충남,사립,건양대학교(논산),농어촌학생전형,,안경광학과,4,6,1.5
충남,사립,단국대학교(천안),[학생부종합] 교육기회배려자(정원외) 경쟁률 현황 (죽전),,경영학부,4,6,1.5
충남,사립,단국대학교(천안),[학생부교과] 지역균형선발 경쟁률 현황 (죽전),,사학과,4,6,1.5
충남,사립,단국대학교(천안),[실기/실적위주] 실기우수자 경쟁률 현황 (죽전),,음악학부(관현악전공)-현악(첼로),4,6,1.5
충남,사립,한국기술교육대학교,창의인재(면접형),,전기·전자·통신공학부 / 전기공학전공,4,6,1.5
충남,사립,한국기술교육대학교,지역인재,,전기·전자·통신공학부 / 전기공학전공,4,6,1.5
충북,사립,청주대학교,정원내 지역인재전형 [교과100%],경상대학,"관광경영학과 / 1983년 중부권 최초로 개설, 40년 이상의 전통을 이어온 글로벌 관광 인재 양성의 요람",4,6,1.5
충북,국립,충북대학교,학생부종합(학생부종합Ⅰ전형),생활과학대학,소비자학과,4,6,1.5
충북,국립,충북대학교,학생부종합(학생부종합Ⅱ전형),자연과학대학,정보통계학과,4,6,1.5
충북,국립,충북대학교,학생부종합(학생부종합Ⅱ전형),전자정보대학,컴퓨터공학과,4,6,1.5
충북,국립,충북대학교,학생부종합(학생부종합Ⅱ전형),농업생명환경대학,식물의학과,4,6,1.5
경기,사립,가천대학교(성남),농어촌(교과) 전형,인문계열,미디어커뮤니케이션학과,2,3,1.5
경기,사립,가천대학교(성남),농어촌(교과) 전형,자연계열,반도체물리학과,2,3,1.5
경기,사립,가천대학교(성남),특성화고교 전형,인문계열,법과대학,2,3,1.5
경기,사립,가천대학교(성남),특성화고교 전형,자연계열,건설환경공학과,2,3,1.5
경기,사립,가천대학교(성남),농어촌(종합) 전형,인문계열,사회복지학과,2,3,1.5
경기,사립,가천대학교(성남),농어촌(종합) 전형,자연계열,건설환경공학과,2,3,1.5
경기,사립,가천대학교(성남),실기우수자 전형,예체능계열,기악전공(Viola),2,3,1.5
경기,사립,경기대학교(수원),학생부교과(농어촌학생전형),,영어영문학과,2,3,1.5
경기,사립,경기대학교(수원),학생부교과(농어촌학생전형),,무역학과,2,3,1.5
경기,사립,경기대학교(수원),학생부교과(농어촌학생전형),,화학과,2,3,1.5
경기,사립,경기대학교(수원),학생부교과(농어촌학생전형),,"스마트시티공학부 / 건축공학전공, 도시교통공학전공",2,3,1.5
경기,사립,경기대학교(수원),학생부종합(사회배려대상자전형),,"신소재화학공학부 / 신소재공학전공, 화학공학전공",2,3,1.5
경기,사립,경희대학교(용인),국제캠퍼스 학생부교과(지역균형전형),자연계열,화학공학과,2,3,1.5
경기,사립,경희대학교(용인),국제캠퍼스 학생부교과(지역균형전형),자연계열,컴퓨터공학부 인공지능학과,2,3,1.5
경기,사립,경희대학교(용인),국제캠퍼스 학생부종합[기회균형전형Ⅰ(국가보훈·농어촌·수급자·자립아동 등)],인문계열,한국어학과,2,3,1.5
경기,사립,경희대학교(용인),국제캠퍼스 학생부종합[기회균형전형Ⅰ(국가보훈·농어촌·수급자·자립아동 등)],체육계열,스포츠의학과,2,3,1.5
경기,사립,경희대학교(용인),국제캠퍼스 실기우수자전형(체육),체육계열,스포츠지도학과-핸드볼(남)-G.K,2,3,1.5
경기,사립,경희대학교(용인),국제캠퍼스 실기우수자전형(체육),체육계열,스포츠지도학과-스키(알파인),2,3,1.5
경기,사립,경희대학교(용인),국제캠퍼스 실기우수자전형(체육),체육계열,스포츠지도학과-웨이크스포츠,2,3,1.5
경기,사립,단국대학교(죽전),[학생부종합] 기회균형선발 경쟁률 현황 (죽전),,고분자시스템공학부(고분자공학전공),2,3,1.5
경기,사립,단국대학교(죽전),[학생부종합] 농어촌학생(정원외) 경쟁률 현황 (죽전),,도시계획ㆍ부동산학부,2,3,1.5
경기,사립,단국대학교(죽전),[실기/실적위주] 실기우수자 경쟁률 현황 (죽전),,음악학부(관현악전공)-현악(비올라),2,3,1.5
경기,사립,단국대학교(죽전),[실기/실적위주] 실기우수자 경쟁률 현황 (죽전),,음악학부(관현악전공)-관악(목관)[오보에],2,3,1.5
경기,사립,단국대학교(죽전),[실기/실적위주] 실기우수자 경쟁률 현황 (죽전),,음악학부(관현악전공)-관악(목관)[바순],2,3,1.5
경기,사립,단국대학교(죽전),[학생부종합] 사회적배려대상자 경쟁률 현황 (천안),,영어과,2,3,1.5
경기,사립,단국대학교(죽전),[학생부종합] 교육기회배려자(정원외) 경쟁률 현황 (천안),,유럽중남미학부(스페인중남미학전공),2,3,1.5
경기,사립,단국대학교(죽전),[학생부종합] 교육기회배려자(정원외) 경쟁률 현황 (천안),,식품자원경제학과,2,3,1.5
경기,사립,단국대학교(죽전),[학생부종합] 교육기회배려자(정원외) 경쟁률 현황 (천안),,물리학과,2,3,1.5
경기,사립,단국대학교(죽전),[학생부종합] 교육기회배려자(정원외) 경쟁률 현황 (천안),,식품영양학과,2,3,1.5
경기,사립,단국대학교(죽전),[학생부종합] 교육기회배려자(정원외) 경쟁률 현황 (천안),,생명공학부(환경원예학전공),2,3,1.5
경기,사립,단국대학교(죽전),[학생부종합] 교육기회배려자(정원외) 경쟁률 현황 (천안),,의생명과학부(의생명시스템학전공),2,3,1.5
경기,사립,단국대학교(죽전),[학생부종합] 농어촌학생(정원외) 경쟁률 현황 (천안),,물리학과,2,3,1.5
경기,사립,단국대학교(죽전),[실기/실적위주] 체육특기자 경쟁률 현황 (천안),,"생활체육학과(여)-배구(레프트,라이트,센터)",2,3,1.5
경기,사립,단국대학교(죽전),[실기/실적위주] 체육특기자 경쟁률 현황 (천안),,스포츠경영학과(여)-농구(가드 또는 포워드),2,3,1.5
경기,사립,대진대학교,학생부교과(고른기회전형) - 교과100%,예술대학,연기예술학과 [교직] [문화예술사],2,3,1.5
경기,사립,대진대학교,학생부교과(농어촌학생전형-정원외) - 교과100%,인문사회대학,중국학과 [교직],2,3,1.5
경기,사립,대진대학교,학생부교과(농어촌학생전형-정원외) - 교과100%,인문사회대학,사회복지학과,2,3,1.5
경기,사립,대진대학교,학생부교과(농어촌학생전형-정원외) - 교과100%,인문사회대학,문헌정보학과 [교직],2,3,1.5
경기,사립,대진대학교,학생부교과(농어촌학생전형-정원외) - 교과100%,AI공과대학,건축공학과 [교직],2,3,1.5
경기,사립,대진대학교,학생부교과(특성화고교졸업자전형-정원외) - 교과100%,인문사회대학,국제통상학과,2,3,1.5
경기,사립,명지대학교(용인),학생부교과(특성화고교전형),,스마트모빌리티공학전공,2,3,1.5
경기,사립,명지대학교(용인),학생부교과(특수교육대상자전형),,컴퓨터AI응용공학부 / AI컴퓨터공학전공,2,3,1.5
경기,사립,명지대학교(용인),학생부교과(특수교육대상자전형),,AI응용시스템전공,2,3,1.5
경기,사립,명지대학교(용인),학생부종합(농어촌학생전형),,일어일문학전공,2,3,1.5
경기,사립,명지대학교(용인),학생부종합(농어촌학생전형),,인공지능전공,2,3,1.5
경기,사립,명지대학교(용인),학생부종합(농어촌학생전형),,신소재공학전공,2,3,1.5
경기,사립,성결대학교,[학생부교과] 고른기회Ⅰ,인문사회융합대학,영미언어문화학과,2,3,1.5
경기,사립,성결대학교,[학생부교과] 고른기회Ⅰ,글로벌경영대학,국제교류·개발협력학과,2,3,1.5
경기,사립,성결대학교,[학생부교과] (정원내) 특성화고교졸업자,IT융합공과대학,산업시스템공학과,2,3,1.5
경기,사립,성결대학교,[학생부교과] (정원외) 고른기회Ⅱ,IT융합공과대학,산업시스템공학과,2,3,1.5
경기,사립,성결대학교,[학생부교과/실기] (정원외) 농어촌학생,글로벌경영대학,글로벌물류학과,2,3,1.5
경기,사립,수원대학교,기회균형특별전형,혁신공과대학,바이오공학과,2,3,1.5
경기,사립,수원대학교,기회균형특별전형,혁신공과대학,건축학과,2,3,1.5
경기,사립,수원대학교,기회균형특별전형,라이프케어사이언스대학,아동가족복지학과,2,3,1.5
경기,사립,수원대학교,기회균형특별전형,라이프케어사이언스대학,의류학과,2,3,1.5
경기,사립,수원대학교,기회균형특별전형,라이프케어사이언스대학,식품영양학과,2,3,1.5
경기,사립,수원대학교,고운사회전형,혁신공과대학,기계공학부,2,3,1.5
경기,사립,수원대학교,고운사회전형,혁신공과대학,반도체공학과,2,3,1.5
경기,사립,수원대학교,농어촌학생전형,혁신공과대학,바이오공학과,2,3,1.5
경기,사립,수원대학교,농어촌학생전형,라이프케어사이언스대학,의류학과,2,3,1.5
경기,사립,신한대학교(의정부/동두천),농어촌전형(교과100%),,유아교육과,2,3,1.5
경기,사립,아주대학교,고른기회2전형,,첨단스마트산업공학과,2,3,1.5
경기,사립,안양대학교(안양),학생부교과(농어촌학생),,행정학과,2,3,1.5
경기,사립,용인대학교,정원내 기회균형 특별전형,체육과학대학,스포츠레저학과,2,3,1.5
경기,사립,용인대학교,정원내 기회균형 특별전형,인문사회융합대학,인문사회 / 인문사회계열전공학부,2,3,1.5
경기,사립,용인대학교,정원내 기회균형 특별전형,인문사회융합대학,사회복지학과,2,3,1.5
경기,사립,용인대학교,정원외 농어촌학생 특별전형,인문사회융합대학,인문사회 / 경영학과,2,3,1.5
경기,사립,용인대학교,정원외 농어촌학생 특별전형,AI바이오융합대학,자연과학 / 보건환경안전학과,2,3,1.5
경기,사립,용인대학교,정원외 특성화고교졸업자 특별전형,문화예술대학,영화영상학과,2,3,1.5
경기,사립,을지대학교(성남의정부),기회균형(정원외),,인문사회계열학부,2,3,1.5
경기,사립,을지대학교(성남의정부),농어촌학생,,임상병리학과(성남),2,3,1.5
경기,국립,한경국립대학교,학생부교과(지역균형선발_안성)_정원내,,동물생명과학과,2,3,1.5
경기,국립,한경국립대학교,학생부교과(지역균형선발_안성)_정원내,,전기공학과,2,3,1.5
경기,국립,한경국립대학교,학생부종합(사회통합_안성)_정원내,,행정학과,2,3,1.5
경기,국립,한경국립대학교,학생부종합(사회통합_안성)_정원내,,조경학과,2,3,1.5
경기,국립,한경국립대학교,학생부종합(사회통합_안성)_정원내,,기계공학과,2,3,1.5
경기,국립,한경국립대학교,학생부종합(사회통합_안성)_정원내,,전기공학과,2,3,1.5
경기,국립,한경국립대학교,학생부교과(농어촌학생)_정원외,,인공지능학과,2,3,1.5
경기,사립,협성대학교,정원내 [학생부교과]기회균형,경영대학,금융보험학과,2,3,1.5
경기,사립,협성대학교,정원내 [학생부교과]사회배려자,인문사회과학대학,아동보육학과,2,3,1.5
경기,사립,협성대학교,정원내 [학생부교과]사회배려자,이공대학,소프트웨어공학과,2,3,1.5
경기,사립,협성대학교,정원내 [학생부교과]사회배려자,이공대학,도시공학과,2,3,1.5
경기,사립,협성대학교,정원외 [학생부교과]기초생활수급자/차상위계층/한부모가족,이공대학,컴퓨터공학과,2,3,1.5
서울,사립,강서대학교,일반학생,,실용음악학과_기악_건반(일반학생),2,3,1.5
서울,사립,강서대학교,사회통합,,상담심리학과(사회통합),2,3,1.5
서울,사립,경기대학교(서울),학생부교과(농어촌학생전형),,영어영문학과,2,3,1.5
서울,사립,경기대학교(서울),학생부교과(농어촌학생전형),,무역학과,2,3,1.5
서울,사립,경기대학교(서울),학생부교과(농어촌학생전형),,화학과,2,3,1.5
서울,사립,경기대학교(서울),학생부교과(농어촌학생전형),,"스마트시티공학부 / 건축공학전공, 도시교통공학전공",2,3,1.5
서울,사립,경기대학교(서울),학생부종합(사회배려대상자전형),,"신소재화학공학부 / 신소재공학전공, 화학공학전공",2,3,1.5
서울,사립,경희대학교(서울),국제캠퍼스 학생부교과(지역균형전형),자연계열,화학공학과,2,3,1.5
서울,사립,경희대학교(서울),국제캠퍼스 학생부교과(지역균형전형),자연계열,컴퓨터공학부 인공지능학과,2,3,1.5
서울,사립,경희대학교(서울),국제캠퍼스 학생부종합[기회균형전형Ⅰ(국가보훈·농어촌·수급자·자립아동 등)],인문계열,한국어학과,2,3,1.5
서울,사립,경희대학교(서울),국제캠퍼스 학생부종합[기회균형전형Ⅰ(국가보훈·농어촌·수급자·자립아동 등)],체육계열,스포츠의학과,2,3,1.5
서울,사립,경희대학교(서울),국제캠퍼스 실기우수자전형(체육),체육계열,스포츠지도학과-핸드볼(남)-G.K,2,3,1.5
서울,사립,경희대학교(서울),국제캠퍼스 실기우수자전형(체육),체육계열,스포츠지도학과-스키(알파인),2,3,1.5
서울,사립,경희대학교(서울),국제캠퍼스 실기우수자전형(체육),체육계열,스포츠지도학과-웨이크스포츠,2,3,1.5
서울,사립,명지대학교(서울),학생부교과(특성화고교전형),,스마트모빌리티공학전공,2,3,1.5
서울,사립,명지대학교(서울),학생부교과(특수교육대상자전형),,컴퓨터AI응용공학부 / AI컴퓨터공학전공,2,3,1.5
서울,사립,명지대학교(서울),학생부교과(특수교육대상자전형),,AI응용시스템전공,2,3,1.5
서울,사립,명지대학교(서울),학생부종합(농어촌학생전형),,일어일문학전공,2,3,1.5
서울,사립,명지대학교(서울),학생부종합(농어촌학생전형),,인공지능전공,2,3,1.5
서울,사립,명지대학교(서울),학생부종합(농어촌학생전형),,신소재공학전공,2,3,1.5
서울,사립,삼육대학교,농어촌전형,,컴퓨터공학부,2,3,1.5
서울,사립,삼육대학교,특수교육대상자전형,,글로벌한국학과,2,3,1.5
서울,사립,삼육대학교,특수교육대상자전형,,경영학과,2,3,1.5
서울,사립,서울여자대학교,학생부종합(기회균형전형_사회통합지원),사회과학대학,행정학과,2,3,1.5
서울,사립,서울여자대학교,학생부종합(기회균형전형_사회통합지원),과학기술융합대학,식품영양학과,2,3,1.5
서울,사립,서울여자대학교,학생부종합(기회균형전형_농어촌학생)[정원외],인문대학,독일문화콘텐츠전공,2,3,1.5
서울,사립,서울여자대학교,학생부종합(기회균형전형_농어촌학생)[정원외],사회과학대학,경제학과,2,3,1.5
서울,사립,서울여자대학교,학생부종합(기회균형전형_농어촌학생)[정원외],과학기술융합대학,수학과,2,3,1.5
서울,사립,서울여자대학교,학생부종합(기회균형전형_농어촌학생)[정원외],과학기술융합대학,식품생명공학과,2,3,1.5
서울,사립,서울여자대학교,실기/실적(실기우수자전형_체육),사회과학대학,핀수영,2,3,1.5
서울,사립,성공회대학교,기회균형선발(정원외),,미래융합학부,2,3,1.5
서울,사립,성신여자대학교,기회균형Ⅰ,,바이오식품공학과,2,3,1.5
서울,사립,숙명여자대학교,[학생부종합] 기회균형전형,문과대학,한국어문학부,2,3,1.5
서울,사립,숙명여자대학교,[학생부종합] 기회균형전형,이과대학,화학과,2,3,1.5
서울,사립,숙명여자대학교,[실기/실적] 예능창의인재전형,음악대학,관현악과-콘트라베이스,2,3,1.5
서울,사립,숙명여자대학교,[실기/실적] 예능창의인재전형,음악대학,관현악과-트럼펫,2,3,1.5
서울,사립,숙명여자대학교,[학생부종합] 농어촌학생전형(정원외),문과대학,프랑스언어·문화학과,2,3,1.5
서울,사립,숙명여자대학교,[학생부종합] 농어촌학생전형(정원외),문과대학,독일언어·문화학과,2,3,1.5
서울,사립,숙명여자대학교,[학생부종합] 농어촌학생전형(정원외),문과대학,문헌정보학과,2,3,1.5
서울,사립,숙명여자대학교,[학생부종합] 농어촌학생전형(정원외),생활과학대학,가족자원경영학과,2,3,1.5
서울,사립,숙명여자대학교,[학생부종합] 농어촌학생전형(정원외),공과대학,인공지능공학부,2,3,1.5
서울,사립,숙명여자대학교,[학생부종합] 특성화고교출신자전형(정원외),경상대학,경제학부,2,3,1.5
서울,사립,숭실대학교,학생부종합(SSU미래인재전형-서류형),,전기공학부,2,3,1.5
서울,사립,숭실대학교,학생부종합(특수교육대상자전형),,벤처중소기업학과,2,3,1.5
서울,사립,이화여자대학교,학생부종합(고른기회전형),인문과학대학,기독교학과,2,3,1.5
서울,사립,이화여자대학교,학생부종합(고른기회전형),자연과학대학,물리학과,2,3,1.5
서울,사립,이화여자대학교,학생부종합(고른기회전형),신산업융합대학,융합보건학과,2,3,1.5
서울,사립,장로회신학대학교,정원내 대안학교출신자,,신학과,2,3,1.5
서울,사립,총신대학교,정원내 교과우수자,인문사회계열,아동학과,2,3,1.5
서울,사립,총신대학교,정원내 목회자추천자,-,자율전공학부,2,3,1.5
서울,사립,총신대학교,정원내 총신고른기회,사범계열,역사교육과,2,3,1.5
서울,사립,총신대학교,정원내 실기우수자,예능계열,교회음악과 오르간,2,3,1.5
서울,국립,한국체육대학교,체육특기자(개인),,체육학과-사격-공기권총[남],2,3,1.5
서울,국립,한국체육대학교,체육특기자(개인),,체육학과-역도[남] 110kg,2,3,1.5
서울,국립,한국체육대학교,체육특기자(개인),,체육학과-역도[여] 69kg,2,3,1.5
서울,국립,한국체육대학교,체육특기자(개인),,체육학과-카누-MK-1 1000M[남],2,3,1.5
서울,국립,한국체육대학교,체육특기자(개인),,체육학과-테니스[남],2,3,1.5
서울,국립,한국체육대학교,체육특기자(개인),,체육학과-볼링[남],2,3,1.5
서울,사립,홍익대학교(서울),농어촌학생전형,공과대학,산업·데이터공학과,2,3,1.5
인천,사립,가천대학교(인천),농어촌(교과) 전형,인문계열,미디어커뮤니케이션학과,2,3,1.5
인천,사립,가천대학교(인천),농어촌(교과) 전형,자연계열,반도체물리학과,2,3,1.5
인천,사립,가천대학교(인천),특성화고교 전형,인문계열,법과대학,2,3,1.5
인천,사립,가천대학교(인천),특성화고교 전형,자연계열,건설환경공학과,2,3,1.5
인천,사립,가천대학교(인천),농어촌(종합) 전형,인문계열,사회복지학과,2,3,1.5
인천,사립,가천대학교(인천),농어촌(종합) 전형,자연계열,건설환경공학과,2,3,1.5
인천,사립,가천대학교(인천),실기우수자 전형,예체능계열,기악전공(Viola),2,3,1.5
인천,사립,안양대학교(강화),학생부교과(농어촌학생),,행정학과,2,3,1.5
인천,사립,인천가톨릭대학교(인천/강화),가톨릭지도자추천,조형예술대학,문화콘텐츠학과,2,3,1.5
인천,국립,인천대학교,학생부교과(사회통합),도시과학대학,도시건축학부,2,3,1.5
인천,국립,인천대학교,학생부종합(기회균형),공과대학,에너지화학공학과,2,3,1.5
인천,사립,인하대학교,학생부종합 고른기회,공과대학,환경공학과,2,3,1.5
인천,사립,인하대학교,학생부종합 고른기회,공과대학,공간정보공학과,2,3,1.5
인천,사립,인하대학교,학생부종합 고른기회,자연과학대학,화학과,2,3,1.5
인천,사립,인하대학교,학생부종합 고른기회,경영대학,경영학부(파이낸스경영학과),2,3,1.5
인천,사립,인하대학교,학생부종합 고른기회,사범대학,국어교육과,2,3,1.5
인천,사립,인하대학교,학생부종합 고른기회,사회과학대학,소비자학과,2,3,1.5
인천,사립,인하대학교,학생부종합 고른기회,사회과학대학,사회복지학과,2,3,1.5
인천,사립,인하대학교,학생부종합 고른기회,문과대학,일본언어문화학과,2,3,1.5
인천,사립,인하대학교,학생부종합 농어촌학생,자연과학대학,통계학과,2,3,1.5
인천,사립,인하대학교,학생부종합 농어촌학생,자연과학대학,물리학과,2,3,1.5
인천,사립,인하대학교,학생부종합 농어촌학생,자연과학대학,화학과,2,3,1.5
인천,사립,인하대학교,학생부종합 농어촌학생,사범대학,사회교육과,2,3,1.5
인천,사립,인하대학교,학생부종합 농어촌학생,사회과학대학,미디어커뮤니케이션학과,2,3,1.5
인천,사립,인하대학교,학생부종합 농어촌학생,문과대학,한국어문학과,2,3,1.5
인천,사립,인하대학교,학생부종합 농어촌학생,문과대학,중국학과,2,3,1.5
인천,사립,인하대학교,학생부종합 농어촌학생,AI융합대학,인공지능공학과,2,3,1.5
인천,사립,인하대학교,학생부종합 농어촌학생,AI융합대학,스마트모빌리티공학과,2,3,1.5
인천,사립,인하대학교,학생부종합 농어촌학생,바이오융합대학,생명과학과,2,3,1.5
대전,사립,건양대학교(대전),농어촌학생전형,,제약생명공학과,2,3,1.5
대전,국립,국립한밭대학교,농어촌학생전형,,산업경영공학과,2,3,1.5
대전,국립,국립한밭대학교,농어촌학생전형,,건축공학과,2,3,1.5
대전,국립,국립한밭대학교,농어촌학생전형,,회계세무학과,2,3,1.5
대전,국립,국립한밭대학교,사회적배려자전형,,전자공학과,2,3,1.5
대전,사립,대전대학교,고른기회전형 [교과/출석 100%],SW융합대학,"AI소프트웨어학부 (빅데이터전공, 인공지능전공)",2,3,1.5
대전,사립,우송대학교,정원내 학생부 교과 - 지역인재 전형 (교과100% / 12과목 반영),외식조리대학,글로벌조리학부 / 글로벌조리전공,2,3,1.5
대전,사립,우송대학교,정원내 학생부 교과 - 지역인재 전형 (교과100% / 12과목 반영),외식조리대학,외식조리영양학과,2,3,1.5
대전,사립,우송대학교,정원내 학생부 교과 - 자기추천 전형 (교과100% / 12과목 반영),철도대학,건축공학전공,2,3,1.5
대전,사립,우송대학교,정원내 학생부 교과 - 자기추천 전형 (교과100% / 12과목 반영),보건복지대학,뷰티디자인경영학과,2,3,1.5
대전,사립,우송대학교,정원내 학생부 교과 - 자기추천 전형 (교과100% / 12과목 반영),보건복지대학,동물관리학부 / 토탈펫케어학과,2,3,1.5
대전,사립,을지대학교(대전),기회균형(정원외),,인문사회계열학부,2,3,1.5
대전,사립,을지대학교(대전),농어촌학생,,임상병리학과(성남),2,3,1.5
대전,국립,충남대학교,지역인재전형,사회과학대학,도시·자치융합학과,2,3,1.5
대전,국립,충남대학교,지역인재전형,사범대학,교육학과,2,3,1.5
대전,국립,충남대학교,기회균형선발Ⅰ전형,창의융합대학,자연과학융합학부 자연과학대학자율전공,2,3,1.5
대전,국립,충남대학교,학생부종합 면접전형,농업생명과학대학,농업경제학과,2,3,1.5
대전,국립,충남대학교,학생부종합 서류전형,농업생명과학대학,환경소재공학과,2,3,1.5
대전,국립,충남대학교,학생부종합 서류전형,농업생명과학대학,응용생물학과*,2,3,1.5
대전,국립,충남대학교,체육특기자전형,사범대학,체육교육과(테니스),2,3,1.5
대전,국립,충남대학교,농어촌학생전형,공과대학,스마트시티건축공학과,2,3,1.5
대전,국립,충남대학교,농어촌학생전형,공과대학,자율운항시스템공학과,2,3,1.5
대전,국립,충남대학교,저소득층학생전형,공과대학,전자공학과,2,3,1.5
대전,국립,충남대학교,저소득층학생전형,공과대학,정보통신융합학부,2,3,1.5
대전,국립,충남대학교,특수교육대상자전형,인문대학,사학과*,2,3,1.5
대전,국립,충남대학교,만학도전형(종합),인문대학,국어국문학과,2,3,1.5
세종,사립,고려대학교(세종),학생부종합(지역인재전형),공공정책대학,정부행정학부,2,3,1.5
세종,사립,고려대학교(세종),학생부종합(지역인재전형),문화스포츠대학,국제스포츠학부,2,3,1.5
세종,사립,고려대학교(세종),학생부종합(특성화고교졸업자전형),과학기술대학,전자및정보공학과,2,3,1.5
세종,사립,홍익대학교(세종),농어촌학생전형,,게임학부 게임소프트웨어전공(공학계),2,3,1.5
세종,사립,홍익대학교(세종),농어촌학생전형,조형대학,영상·애니메이션학부,2,3,1.5
충남,사립,건양대학교(논산),농어촌학생전형,,제약생명공학과,2,3,1.5
충남,국립,국립공주대학교,학생부교과전형  지역인재전형(정원내),간호보건대학,응급구조학과,2,3,1.5
충남,국립,국립공주대학교,학생부교과전형  기회균형지역전형(정원내),간호보건대학,간호학과,2,3,1.5
충남,국립,국립공주대학교,학생부교과전형  농어촌학생전형(정원외),자연과학대학,지질환경과학과,2,3,1.5
충남,국립,국립공주대학교,학생부교과전형  농어촌학생전형(정원외),본부,국제학부,2,3,1.5
충남,국립,국립공주대학교,학생부교과전형  농어촌학생전형(정원외),천안공과대학,소프트웨어학과,2,3,1.5
충남,국립,국립공주대학교,학생부교과전형  농어촌학생전형(정원외),천안공과대학,건축학과(5년제),2,3,1.5
충남,국립,국립공주대학교,실기/실적전형  특성화고교졸업자전형(정원외),예술대학,게임디자인학과,2,3,1.5
충남,사립,단국대학교(천안),[학생부종합] 기회균형선발 경쟁률 현황 (죽전),,고분자시스템공학부(고분자공학전공),2,3,1.5
충남,사립,단국대학교(천안),[학생부종합] 농어촌학생(정원외) 경쟁률 현황 (죽전),,도시계획ㆍ부동산학부,2,3,1.5
충남,사립,단국대학교(천안),[실기/실적위주] 실기우수자 경쟁률 현황 (죽전),,음악학부(관현악전공)-현악(비올라),2,3,1.5
충남,사립,단국대학교(천안),[실기/실적위주] 실기우수자 경쟁률 현황 (죽전),,음악학부(관현악전공)-관악(목관)[오보에],2,3,1.5
충남,사립,단국대학교(천안),[실기/실적위주] 실기우수자 경쟁률 현황 (죽전),,음악학부(관현악전공)-관악(목관)[바순],2,3,1.5
충남,사립,단국대학교(천안),[학생부종합] 사회적배려대상자 경쟁률 현황 (천안),,영어과,2,3,1.5
충남,사립,단국대학교(천안),[학생부종합] 교육기회배려자(정원외) 경쟁률 현황 (천안),,유럽중남미학부(스페인중남미학전공),2,3,1.5
충남,사립,단국대학교(천안),[학생부종합] 교육기회배려자(정원외) 경쟁률 현황 (천안),,식품자원경제학과,2,3,1.5
충남,사립,단국대학교(천안),[학생부종합] 교육기회배려자(정원외) 경쟁률 현황 (천안),,물리학과,2,3,1.5
충남,사립,단국대학교(천안),[학생부종합] 교육기회배려자(정원외) 경쟁률 현황 (천안),,식품영양학과,2,3,1.5
충남,사립,단국대학교(천안),[학생부종합] 교육기회배려자(정원외) 경쟁률 현황 (천안),,생명공학부(환경원예학전공),2,3,1.5
충남,사립,단국대학교(천안),[학생부종합] 교육기회배려자(정원외) 경쟁률 현황 (천안),,의생명과학부(의생명시스템학전공),2,3,1.5
충남,사립,단국대학교(천안),[학생부종합] 농어촌학생(정원외) 경쟁률 현황 (천안),,물리학과,2,3,1.5
충남,사립,단국대학교(천안),[실기/실적위주] 체육특기자 경쟁률 현황 (천안),,"생활체육학과(여)-배구(레프트,라이트,센터)",2,3,1.5
충남,사립,단국대학교(천안),[실기/실적위주] 체육특기자 경쟁률 현황 (천안),,스포츠경영학과(여)-농구(가드 또는 포워드),2,3,1.5
충남,사립,백석대학교,정원내 모집 학생부 교과 지역인재(일반),,사범학부 유아특수교육과,2,3,1.5
충남,사립,백석대학교,정원내 모집 학생부 교과 지역인재(일반),,문화예술학부 글로벌뷰티아트,2,3,1.5
충남,사립,백석대학교,정원내 모집 학생부 종합 창의인재,,문화예술학부 글로벌뷰티아트,2,3,1.5
충남,사립,백석대학교,정원외 모집 실기위주 (예·체능계열) 특성화고교 실기전형,,문화예술학부 실용음악 / 보컬,2,3,1.5
충남,사립,백석대학교,정원외 모집 학생부 교과 + 면접 계약학과,,㈜호반호텔앤리조트(아일랜드 리솜),2,3,1.5
충남,사립,상명대학교(천안),정원내 학생부종합(상명인재전형),,무대미술전공,2,3,1.5
충남,사립,상명대학교(천안),정원내 학생부종합(기회균형전형),,소프트웨어학과,2,3,1.5
충남,사립,상명대학교(천안),정원외 학생부종합(특수교육대상자전형),,디자인학부,2,3,1.5
충남,사립,상명대학교(천안),정원외 학생부종합(조기취업형계약학과전형),,신비앤텍 주식회사,2,3,1.5
충남,사립,순천향대학교,[정원내] 학생부교과(지역의사선발전형-논산권),의과대학,의예과,2,3,1.5
충남,사립,순천향대학교,[정원내] 학생부교과(기회균형전형),인문사회과학대학,청소년교육·상담학과,2,3,1.5
충남,사립,순천향대학교,[정원내] 학생부교과(기회균형전형),인문사회과학대학,경찰행정학과,2,3,1.5
충남,사립,순천향대학교,[정원내] 학생부교과(기회균형전형),인문사회과학대학,사회복지학과,2,3,1.5
충남,사립,순천향대학교,[정원내] 학생부교과(기회균형전형),공과대학,기계공학과,2,3,1.5
충남,사립,순천향대학교,[정원내] 학생부종합(지역인재-기초생활수급자및차상위계층전형),의과대학,간호학과,2,3,1.5
충남,사립,순천향대학교,[정원내] 학생부종합(SW융합전형),AI대학,정보보호학과,2,3,1.5
충남,사립,순천향대학교,[정원내] 학생부종합(SW융합전형),AI대학,AI게임공학과,2,3,1.5
충남,사립,순천향대학교,[정원내] 학생부종합(사회통합전형),AI대학,컴퓨터공학부(컴퓨터공학전공),2,3,1.5
충남,사립,순천향대학교,[정원외] 학생부종합(조기취업형계약학과전형),창의라이프대학,(주)영광와이케이엠씨,2,3,1.5
충남,사립,한국기술교육대학교,사회통합,,디자인공학과,2,3,1.5
충남,사립,한국기술교육대학교,충남형 계약학과 (조기 취업형),,(주)피토,2,3,1.5
충남,사립,호서대학교,- 정원내 학생부교과 기회균형전형,,안전공학과,2,3,1.5
충남,사립,호서대학교,- 정원내 학생부교과 기회균형전형,,"건축토목공학부(건축공학트랙, 토목공학트랙)",2,3,1.5
충남,사립,호서대학교,- 정원내 학생부교과 기회균형전형,,반도체공학과,2,3,1.5
충남,사립,호서대학교,- 정원내 학생부교과 기회균형전형,,심리학과,2,3,1.5
충남,사립,호서대학교,- 정원내 실기/실적 체육특기자전형,,테니스,2,3,1.5
충남,사립,호서대학교,- 정원외 학생부교과 기초생활수급자 및 차상위계층전형,,물리치료학과,2,3,1.5
충남,사립,호서대학교,- 정원외 학생부교과 농어촌학생전형,,한국언어문화학과,2,1,1.5
충남,사립,호서대학교,- 정원외 학생부교과 특성화고교졸업자전형,,동물보건복지학과,2,3,1.5
충북,사립,건국대학교(글로컬),[학생부교과] 지역인재,인문사회융합대학,유아교육과,2,3,1.5
충북,사립,건국대학교(글로컬),[학생부교과] 특성화고교졸업자(정원외),인문사회융합대학,경영학과,2,3,1.5
충북,사립,건국대학교(글로컬),[학생부교과] 농어촌학생(정원외),과학기술대학,메카트로닉스공학과,2,3,1.5
충북,사립,건국대학교(글로컬),[학생부교과] 농어촌학생(정원외),과학기술대학,바이오메디컬공학과,2,3,1.5
충북,사립,건국대학교(글로컬),[학생부교과] 기초생활 및 차상위(정원외),인문사회융합대학,경영학과,2,3,1.5
충북,사립,건국대학교(글로컬),[학생부교과] 기초생활 및 차상위(정원외),과학기술대학,메카트로닉스공학과,2,3,1.5
충북,사립,건국대학교(글로컬),[학생부교과] 기초생활 및 차상위(정원외),의료생명대학,바이오의약학과,2,3,1.5
충북,사립,세명대학교,지역인재(기회균형)전형(정원내),자연과학,간호학과 【교직】,2,3,1.5
충북,사립,청주대학교,정원내 지역인재전형 [교과100%],항공·국방대학,"무인항공기학과 / UAM·AI드론시대를 준비하는 미래 항공인재 양성학과, 항공우주 부트캠프사업 5년간 70억 선정, 항공방산SW전문인력양성사업 선정, 자격증 90% 취득, 취업률 100%(24)",2,3,1.5
충북,사립,청주대학교,정원내 특기자전형,예술대학,생활체육학과(유도),2,3,1.5
충북,사립,청주대학교,정원내 특기자전형,예술대학,생활체육학과(사격),2,3,1.5
충북,국립,충북대학교,학생부종합(농어촌학생전형),사회과학대학,경제학과,2,3,1.5
충북,국립,충북대학교,학생부종합(농어촌학생전형),공과대학,신소재공학과,2,3,1.5
충북,국립,충북대학교,학생부종합(농어촌학생전형),농업생명환경대학,식물자원학과,2,3,1.5
충북,국립,충북대학교,학생부종합(농어촌학생전형),농업생명환경대학,식물의학과,2,3,1.5
충북,국립,충북대학교,학생부교과(경제배려대상자전형),창의융합대학,인문사회자율전공계열,2,3,1.5
충북,국립,충북대학교,학생부교과(특성화고출신자전형),전자정보대학,정보통신공학부,2,3,1.5
서울,사립,세종대학교,학생부교과(지역균형 전형),대양휴머니티칼리지,자유전공학부,122,184,1.51
대전,사립,목원대학교,"교과전형 경쟁률 현황 교과100 [면접없음, 수능최저없음]",사회과학대학,"광고홍보커뮤니케이션학부(광고홍보전공, 언론영상콘텐츠전공)",50,76,1.52
대전,사립,목원대학교,"교과전형 경쟁률 현황 교과100 [면접없음, 수능최저없음]",사회과학대학,"경찰행정학부(경찰행정전공, 일반행정전공)",42,64,1.52
경기,사립,한국공학대학교,학생부종합(조기취업형계약학과),,AI소프트웨어학과,29,44,1.52
대전,사립,배재대학교,정원내 학생부교과 교과,,외식조리학과,29,44,1.52
대전,사립,배재대학교,정원내 학생부교과 교과,,행정학과,27,41,1.52
경기,사립,안양대학교(안양),학생부교과(아리학생부교과),,글로벌경영학과(야간),25,38,1.52
인천,사립,안양대학교(강화),학생부교과(아리학생부교과),,글로벌경영학과(야간),25,38,1.52
서울,사립,세종대학교,학생부종합(국방AI로봇융합공학 특별전형),인공지능융합,국방AI로봇융합공학과(남),21,32,1.52
충남,사립,한국기술교육대학교,일반전형,,메카트로닉스공학부,21,32,1.52
대전,사립,목원대학교,"교과전형 경쟁률 현황 교과100 [면접없음, 수능최저없음]",보건안전대학,소방방재학과,60,92,1.53
충남,사립,백석대학교,정원내 모집 학생부 교과 일반전형,,간호학과,45,69,1.53
충북,사립,중원대학교,학생부종합 (학생부종합전형),,간호학과,40,61,1.53
경기,사립,강남대학교,[정원내]논술위주(논술전형),인문사회계,글로벌문화콘텐츠대학,30,46,1.53
대전,사립,건양대학교(대전),일반[실기],,재활퍼스널트레이닝학과,30,46,1.53
충남,사립,건양대학교(논산),일반[실기],,재활퍼스널트레이닝학과,30,46,1.53
경기,사립,안양대학교(안양),학생부종합(아리학생부종합),,정보전기전자공학과,19,29,1.53
인천,사립,안양대학교(강화),학생부종합(아리학생부종합),,정보전기전자공학과,19,29,1.53
충남,국립,국립공주대학교,학생부교과전형  일반전형(정원내),천안공과대학,컴퓨터공학과,19,29,1.53
인천,국립,인천대학교,학생부종합(자기추천),공과대학,산업경영공학과,17,26,1.53
경기,사립,성균관대학교(수원),학생부종합(탐구인재),,반도체융합공학과,15,23,1.53
경기,사립,한국공학대학교,논술(논술우수자),,경영학부 경영 자율전공,15,23,1.53
서울,사립,성균관대학교(서울),학생부종합(탐구인재),,반도체융합공학과,15,23,1.53
서울,사립,세종대학교,학생부종합(사이버국방 특별전형),인공지능융합,사이버국방학과(남),15,23,1.53
서울,사립,총신대학교,정원내 코람데오인재,인문사회계열,사회복지학과,15,23,1.53
인천,국립,인천대학교,학생부교과(교과성적우수자),인공지능대학,인공지능정보통신공학부,15,23,1.53
대전,사립,우송대학교,정원내 학생부 교과 - 교과면접 전형 (교과80%+면접20% / 6과목 반영),외식조리대학,Lyfe조리전공,15,23,1.53
서울,사립,덕성여자대학교,고교추천전형[학생부위주(교과)],,미래인재대학(자유전공학부),50,77,1.54
경기,사립,경희대학교(용인),국제캠퍼스 학생부교과(지역균형전형),자연계열,융합바이오·신소재공학과,13,20,1.54
서울,사립,경희대학교(서울),국제캠퍼스 학생부교과(지역균형전형),자연계열,융합바이오·신소재공학과,13,20,1.54
서울,사립,서강대학교,학생부종합(일반Ⅰ),,반도체공학과,13,20,1.54
충남,사립,한국기술교육대학교,창의인재(면접형),,AI·소프트웨어전공,13,20,1.54
대전,사립,목원대학교,"교과전형 경쟁률 현황 교과100 [면접없음, 수능최저없음]",사회과학대학,경찰법학과,47,73,1.55
충남,사립,호서대학교,- 정원내 학생부교과 학생부전형,,"사회복지학부(사회복지학트랙, 노인복지학트랙)",40,62,1.55
인천,사립,인하대학교,학생부종합 특성화고 등을 졸업한 재직자,미래융합대학,반도체산업융합학과,33,51,1.55
충남,사립,호서대학교,- 정원내 실기/실적 실기전형,,뮤직프로덕션학과,33,51,1.55
대전,사립,목원대학교,"교과전형 경쟁률 현황 교과100 [면접없음, 수능최저없음]",사회과학대학,금융경제학과,22,34,1.55
서울,사립,이화여자대학교,학생부종합(미래인재전형-서류형),공과대학,화공신소재공학과,20,31,1.55
대전,사립,배재대학교,정원내 학생부종합 서류100,,유아교육과 [사범],20,31,1.55
세종,사립,고려대학교(세종),학생부종합(크림슨인재전형),과학기술대학,전자·기계융합공학과,20,31,1.55
충북,국립,충북대학교,학생부교과(학생부교과전형),전자정보대학,전자정보자율전공학부,20,31,1.55
경기,사립,경희대학교(용인),국제캠퍼스 학생부종합(네오르네상스전형),자연계열,건축공학과,11,17,1.55
경기,사립,을지대학교(성남의정부),논술우수자,,의료경영학과,11,17,1.55
서울,사립,경희대학교(서울),국제캠퍼스 학생부종합(네오르네상스전형),자연계열,건축공학과,11,17,1.55
서울,사립,숙명여자대학교,[학생부종합] 숙명인재(면접형)전형,사회과학대학,홍보광고학과,11,17,1.55
인천,사립,인하대학교,학생부종합 인하미래인재(서류형),경영대학,경영학부(경영학과),11,17,1.55
대전,사립,을지대학교(대전),논술우수자,,의료경영학과,11,17,1.55
세종,사립,고려대학교(세종),학생부종합(크림슨인재전형),과학기술대학,디지털헬스케어공학과,11,17,1.55
충남,국립,국립공주대학교,학생부종합전형  일반전형(정원내),자연과학대학,응용수학과,11,17,1.55
대전,사립,목원대학교,"교과전형 경쟁률 현황 교과100 [면접없음, 수능최저없음]",사회과학대학,"경영학부(경영전공, 글로벌비즈니스전공)",52,81,1.56
충남,사립,상명대학교(천안),정원외 학생부교과(농어촌학생전형),,디자인학부 / 16,36,14,1.56
경기,사립,경기대학교(수원),학생부교과(학교장추천전형),,"AI컴퓨터공학부 / 컴퓨터공학전공, 인공지능전공, SW안전보안전공, 모빌리티SW전공",34,53,1.56
서울,사립,경기대학교(서울),학생부교과(학교장추천전형),,"AI컴퓨터공학부 / 컴퓨터공학전공, 인공지능전공, SW안전보안전공, 모빌리티SW전공",34,53,1.56
경기,사립,한신대학교,참인재,경영계열,경영학,18,28,1.56
서울,사립,숭실대학교,학생부교과(교과우수자전형-학교장 추천),,기계공학부,18,28,1.56
대전,사립,건양대학교(대전),일반[교과],,사회복지학과,18,28,1.56
충남,사립,건양대학교(논산),일반[교과],,사회복지학과,18,28,1.56
경기,사립,강남대학교,[정원내]학생부종합(학교생활우수자전형1),공학계,인공지능융합공학부,16,25,1.56
경기,사립,경기대학교(수원),학생부교과(학교장추천전형),,사회에너지시스템공학과,16,25,1.56
서울,사립,경기대학교(서울),학생부교과(학교장추천전형),,사회에너지시스템공학과,16,25,1.56
서울,사립,광운대학교,학생부종합【광운참빛인재전형Ⅰ-면접형】,,법학부,16,25,1.56
서울,사립,동덕여자대학교,동덕창의리더전형,인문대학,영어전공,16,25,1.56
인천,국립,인천대학교,학생부종합(자기추천),인문대학,중어중국학과,16,25,1.56
인천,사립,인하대학교,학생부종합 인하미래인재(면접형),경영대학,아태물류학부,16,25,1.56
경기,사립,성결대학교,[학생부교과] 교과성적우수자,글로벌경영대학,스마트관광항공학부(항공경영전공),9,14,1.56
경기,사립,중부대학교(고양),학교생활우수자전형,,전기전자공학전공 / 전기전자공학전공,9,14,1.56
서울,사립,성신여자대학교,자기주도인재,,소비자산업학과,9,14,1.56
서울,사립,한양대학교(서울),학생부교과(추천형),경제금융대학,경제금융학부,9,14,1.56
인천,사립,인하대학교,학생부종합 인하미래인재(면접형),자연과학대학,통계학과,9,14,1.56
충남,사립,백석대학교,정원외 모집 학생부 교과 농어촌학생 일반전형,,경찰학부,9,14,1.56
충남,사립,중부대학교(금산),학교생활우수자전형,,전기전자공학전공 / 전기전자공학전공,9,14,1.56
충북,국립,충북대학교,학생부종합(학생부종합Ⅰ전형),자연과학대학,화학과,9,14,1.56
대전,사립,배재대학교,정원내 학생부교과 교과,,일본학과,37,58,1.57
충남,사립,나사렛대학교,창의융합인재(학생부종합-서류형/면접형/실기위주),,태권도학과,30,47,1.57
충북,사립,우석대학교(진천),학생부교과_교과면접,휴먼테크 융합대학,군사학과(전주),30,47,1.57
서울,사립,이화여자대학교,학생부종합(미래인재전형-서류형),공과대학,휴먼기계바이오공학과,28,44,1.57
인천,국립,인천대학교,학생부종합(자기추천),공과대학,전자공학부,28,44,1.57
대전,사립,배재대학교,정원내 학생부교과 교과,,레저스포츠학부(스포츠마케팅),23,36,1.57
대전,국립,충남대학교,일반전형,창의융합대학,자연과학융합학부 농업생명과학대학자율전공,23,36,1.57
충북,사립,건국대학교(글로컬),[학생부교과] 교과우수,인문사회융합대학,경제통상학과,21,33,1.57
충북,국립,충북대학교,학생부교과(학생부교과전형),창의융합대학,인문사회자율전공계열,21,33,1.57
서울,사립,광운대학교,학생부종합【광운참빛인재전형Ⅰ-면접형】,,반도체시스템공학부 반도체시스템공학전공,14,22,1.57
대전,국립,국립한밭대학교,학생부교과(일반)전형,,정보통신공학과,14,22,1.57
대전,국립,충남대학교,일반전형,공과대학,스마트시티건축공학과,14,22,1.57
경기,사립,가천대학교(성남),학생부우수자 전형,인문계열,회계세무학과,7,11,1.57
경기,사립,서울신학대학교,[학생부교과]교과성적전형,,일본어문화콘텐츠학과,7,11,1.57
경기,사립,한국외국어대학교(용인),학생부종합전형(면접형),,외국어교육학부(중국어교육전공),7,11,1.57
경기,사립,한국외국어대학교(용인),학생부종합전형(면접형),,화학과,7,11,1.57
경기,사립,한국외국어대학교(용인),학생부종합전형(서류형),,외국어교육학부(독일어교육전공),7,11,1.57
경기,사립,한신대학교,참인재,AI시스템반도체학,AI시스템반도체학,7,11,1.57
서울,사립,서울여자대학교,학생부종합(SW융합인재전형),미래산업융합대학,데이터사이언스전공,7,11,1.57
서울,사립,한국외국어대학교(서울),학생부종합전형(면접형),,외국어교육학부(중국어교육전공),7,11,1.57
서울,사립,한국외국어대학교(서울),학생부종합전형(면접형),,화학과,7,11,1.57
서울,사립,한국외국어대학교(서울),학생부종합전형(서류형),,외국어교육학부(독일어교육전공),7,11,1.57
서울,사립,한성대학교,지역균형전형,AI디자인대학,AI뷰티디자인학과(야),7,11,1.57
인천,사립,가천대학교(인천),학생부우수자 전형,인문계열,회계세무학과,7,11,1.57
대전,국립,국립한밭대학교,지역인재(교과)전형,,정보기술AI융합학부,7,11,1.57
대전,사립,우송대학교,정원내 학생부 교과 - 교과면접 전형 (교과80%+면접20% / 6과목 반영),철도대학,철도자율전공학부,7,11,1.57
충남,사립,백석대학교,정원내 모집 학생부 교과 + 면접 백석인재,,보건학부 안경광학과,7,11,1.57
충북,사립,청주대학교,정원내 교과인재전형 [교과100%],인문사회대학,"신문방송학과 / 실무현장 수준의 방송 스튜디오와 편집실, 실전 경력이 되는 현장실습 프로그램을 갖춘 AX 시대 미디어·콘텐츠 인재 양성의 산실",7,11,1.57
충북,국립,충북대학교,학생부교과(학생부교과전형),인문대학,독일언어문화학과,7,11,1.57
충북,사립,우석대학교(진천),학생부교과_지역인재2,간호대학,간호학과(전주) [교직],57,90,1.58
경기,사립,중부대학교(고양),학생부우수자전형,,경찰경호학전공 / 경찰경호학전공,33,52,1.58
충남,사립,중부대학교(금산),학생부우수자전형,,경찰경호학전공 / 경찰경호학전공,33,52,1.58
경기,사립,신한대학교(의정부/동두천),일반전형(교과60%+면접40%),,유아교육과,19,30,1.58
경기,사립,을지대학교(성남의정부),지역균형(학교장추천),,자유전공학부(의정부),19,30,1.58
서울,사립,건국대학교(서울),학생부교과(KU지역균형),공과대학,기계·로봇·자동차공학부,19,30,1.58
인천,국립,인천대학교,학생부종합(자기추천),글로벌정경대학,경제학과,19,30,1.58
대전,사립,을지대학교(대전),지역균형(학교장추천),,자유전공학부(의정부),19,30,1.58
경기,사립,단국대학교(죽전),[학생부교과] 학생부교과우수자 경쟁률 현황 (천안),,공공정책학과(야),12,19,1.58
서울,사립,광운대학교,학생부종합【광운참빛인재전형Ⅱ-서류형】,,컴퓨터정보공학부,12,19,1.58
서울,사립,숙명여자대학교,[학생부종합] 소프트웨어인재전형,공과대학,컴퓨터과학전공,12,19,1.58
서울,사립,장로회신학대학교,정원내 사회기여 및 배려자,,기독교교육과,12,19,1.58
대전,국립,충남대학교,일반전형,공과대학,전기공학과,12,19,1.58
충남,사립,단국대학교(천안),[학생부교과] 학생부교과우수자 경쟁률 현황 (천안),,공공정책학과(야),12,19,1.58
충남,사립,호서대학교,- 정원내 학생부종합 호서인재전형,,미래자동차공학과,12,19,1.58
충북,국립,충북대학교,학생부교과(학생부교과전형),전자정보대학,반도체공학부,12,19,1.58
충북,국립,한국교원대학교,학생부종합우수자 일반전형,,가정교육과,12,19,1.58
충북,국립,한국교원대학교,학생부종합우수자 일반전형,,환경교육과,12,19,1.58
충남,사립,한국기술교육대학교,일반전형,,자율전공(자연),34,54,1.59
충남,사립,호서대학교,- 정원내 학생부교과 학생부전형,,미래자동차공학과,29,46,1.59
경기,사립,가천대학교(성남),학생부우수자 전형,자연계열,반도체대학,22,35,1.59
인천,사립,가천대학교(인천),학생부우수자 전형,자연계열,반도체대학,22,35,1.59
대전,국립,국립한밭대학교,학생부교과(일반)전형,,경제학과,22,35,1.59
경기,사립,성균관대학교(수원),학생부종합(탐구인재),,건축학과(5년제),17,27,1.59
서울,사립,성균관대학교(서울),학생부종합(탐구인재),,건축학과(5년제),17,27,1.59
인천,사립,인하대학교,학생부종합 인하미래인재(면접형),문과대학,중국학과,17,27,1.59
서울,사립,한성대학교,한성인재전형,IT공과대학,IT공과대학,45,72,1.6
경기,사립,협성대학교,정원내 [학생부교과]교과성적우수자,,자율전공학부,40,64,1.6
인천,국립,인천대학교,학생부교과(교과성적우수자),융합자유전공대학,자유전공학부(인문),35,56,1.6
경기,사립,아주대학교,첨단융합인재전형,,AI컴퓨터공학부,30,48,1.6
충북,사립,세명대학교,일반전형(정원내),자연과학,뷰티케어학과,25,40,1.6
대전,사립,목원대학교,실기전형 경쟁률 현황 실기100 [수능최저없음],미술·디자인대학,"입체조형학부(조소전공, 입체캐릭터전공)",20,32,1.6
충남,사립,백석대학교,정원내 모집 학생부 종합 창의인재,,경상학부,20,32,1.6
충남,사립,순천향대학교,[정원내] 학생부종합(일반학생전형),인문사회과학대학,디지털애니메이션학과,20,32,1.6
경기,사립,수원대학교,기회균형특별전형,인문사회융합대학,인문사회융합대학,15,24,1.6
서울,국립,서울과학기술대학교,학교생활우수자전형,공과대학,기계시스템공학부(미래자동차전공),15,24,1.6
서울,국립,서울과학기술대학교,실기전형,조형대학,금속공예디자인학과,15,24,1.6
충남,사립,나사렛대학교,일반학생전형(학생부교과/실기위주),,수어통역교육학과,15,24,1.6
경기,사립,성결대학교,[학생부종합] 영암인재,글로벌경영대학,경영학과,10,16,1.6
경기,사립,한세대학교,"농어촌학생(정원외) - 음악전공/공연예술전공 교과 20% + 실기 80%, 이외학과 교과 100%",,자유전공학부,10,3,1.6
경기,사립,한양대학교(ERICA),학생부종합(서류형),소프트웨어융합대학,인공지능학과,10,16,1.6
경기,사립,한양대학교(ERICA),학생부종합(서류형),커뮤니케이션&컬처대학,미디어학과,10,16,1.6
서울,사립,광운대학교,학생부종합【광운참빛인재전형Ⅰ-면접형】,,경영학부 빅데이터경영전공,10,16,1.6
서울,사립,이화여자대학교,학생부교과(고교추천전형),인문과학대학,국어국문학과,10,16,1.6
서울,사립,추계예술대학교,학생부교과(미래인재전형),융합예술대학,콘텐츠창작학부,10,16,1.6
인천,사립,인하대학교,학생부종합 인하미래인재(면접형),문과대학,철학과,10,16,1.6
대전,사립,목원대학교,"지역인재전형 경쟁률 현황 교과100 [면접없음, 수능최저없음]",-,자율전공학부 (사범/미술·디자인/웹툰애니메이션게임대학 제외한 모든 전공선택 가능),10,16,1.6
대전,사립,배재대학교,정원내 학생부교과 지역인재Ⅰ,,간호학과,10,16,1.6
충남,국립,국립공주대학교,학생부교과전형  일반전형(정원내),인문사회과학대학,불어불문학과,10,16,1.6
충남,사립,백석대학교,정원내 모집 학생부 교과 사회기여자 및 배려대상자,,외식산업학부,10,16,1.6
충남,사립,백석대학교,정원내 모집 학생부 교과 + 면접 백석인재,,보건학부 작업치료학과,10,16,1.6
충북,사립,세명대학교,인문계고교전형(정원내),자연과학,임상병리학과,10,16,1.6
충북,사립,세명대학교,면접우수자전형(정원내),자연과학,임상병리학과,10,16,1.6
충북,사립,청주대학교,정원내 미래인재전형 [교과100%],항공·국방대학,"항공기계공학과 / AI 시대를 선도하는 첨단 항공기술 교육, 국토부 항공정비 전문교육기관 100% 이수, 국비 항공우주부트캠프 150억, K-항공MRO RISE사업 31.3억 지원",10,16,1.6
경기,사립,강남대학교,[정원내]학생부교과(농어촌학생전형),인문사회계,상경학부,5,8,1.6
경기,사립,경희대학교(용인),국제캠퍼스 학생부교과(지역균형전형),예술계열,도예학과,5,8,1.6
경기,사립,경희대학교(용인),국제캠퍼스 논술우수자전형,자연계열,소프트웨어융합학과,5,8,1.6
경기,사립,대진대학교,학생부교과(학교장추천전형) - 교과100%,인문사회대학,사회복지학과,5,8,1.6
경기,사립,대진대학교,"학생부종합(윈윈대진전형) - 1단계:서류평가100%, 2단계:1단계 성적70% + 면접30%",인문사회대학,아동학과,5,8,1.6
경기,사립,명지대학교(용인),학생부교과(교과면접전형),,산업경영공학과,5,8,1.6
경기,사립,수원대학교,교과우수전형,지능형SW융합대학,지능형보안학부,5,8,1.6
경기,사립,한국외국어대학교(용인),학교장추천전형,,영미문학·문화학과,5,8,1.6
경기,사립,한국외국어대학교(용인),학생부종합전형(면접형),,언어인지과학과,5,8,1.6
경기,사립,한국외국어대학교(용인),학생부종합전형(서류형),,국제금융학과,5,8,1.6
경기,사립,한신대학교,논술,인문,사회복지학,5,8,1.6
서울,사립,경희대학교(서울),국제캠퍼스 학생부교과(지역균형전형),예술계열,도예학과,5,8,1.6
서울,사립,경희대학교(서울),국제캠퍼스 논술우수자전형,자연계열,소프트웨어융합학과,5,8,1.6
서울,사립,동덕여자대학교,학생부교과우수자 특별전형,자연정보과학대학,응용화학전공,5,8,1.6
서울,사립,명지대학교(서울),학생부교과(교과면접전형),,산업경영공학과,5,8,1.6
서울,사립,삼육대학교,기회균형Ⅰ전형,,환경디자인원예학과,5,8,1.6
서울,사립,상명대학교(서울),정원 내 학생부교과(고교추천전형),,식품영양학전공,5,8,1.6
서울,사립,서강대학교,학생부교과(지역균형),,중국문화학과,5,8,1.6
서울,사립,서울여자대학교,학생부교과(교과우수자전형),인문대학,프랑스문화콘텐츠전공,5,8,1.6
서울,사립,성신여자대학교,지역균형,,유아교육과,5,8,1.6
서울,사립,세종대학교,학생부교과(지역균형 전형),인문과학,국어국문학과,5,8,1.6
서울,사립,세종대학교,학생부교과(지역균형 전형),인공지능융합,반도체시스템공학과,5,8,1.6
서울,사립,세종대학교,학생부종합(기회균형 전형),인공지능융합,인공지능데이터사이언스학과,5,8,1.6
서울,사립,숙명여자대학교,[학생부교과] 지역균형선발전형,사회과학대학,정치외교학과,5,8,1.6
서울,사립,숭실대학교,학생부종합(SSU미래인재전형-서류형),,금융학부,5,8,1.6
서울,사립,이화여자대학교,학생부교과(고교추천전형),신산업융합대학,국제사무학과,5,8,1.6
서울,사립,한국외국어대학교(서울),학교장추천전형,,영미문학·문화학과,5,8,1.6
서울,사립,한국외국어대학교(서울),학생부종합전형(면접형),,언어인지과학과,5,8,1.6
서울,사립,한국외국어대학교(서울),학생부종합전형(서류형),,국제금융학과,5,8,1.6
서울,국립,한국체육대학교,체육특기자(개인),,체육학과-체조-기계체조[남],5,8,1.6
서울,국립,한국체육대학교,교과성적우수자,,운동건강관리학과,5,8,1.6
서울,사립,한양대학교(서울),학생부교과(추천형),공과대학,원자력공학과,5,8,1.6
서울,사립,홍익대학교(서울),학교생활우수자전형,문과대학,불어불문학과,5,8,1.6
인천,사립,인하대학교,학생부종합 인하미래인재(서류형),사회과학대학,소비자학과,5,8,1.6
인천,사립,인하대학교,학생부종합 인하미래인재(서류형),사회과학대학,아동심리학과,5,8,1.6
인천,사립,인하대학교,학생부교과 지역균형,공과대학,환경공학과,5,8,1.6
인천,사립,인하대학교,학생부교과 지역균형,사범대학,영어교육과,5,8,1.6
대전,국립,국립한밭대학교,지역인재(교과)전형,,일본어과,5,8,1.6
대전,국립,국립한밭대학교,농어촌학생전형,,전자공학과,5,8,1.6
대전,사립,목원대학교,"지역인재전형 경쟁률 현황 교과100 [면접없음, 수능최저없음]",보건안전대학,외식조리·제과제빵학과,5,8,1.6
대전,사립,배재대학교,정원내 학생부교과 교과,,디자인학부(커뮤니케이션디자인),5,8,1.6
대전,사립,배재대학교,정원내 학생부교과 지역인재Ⅰ,,광고사진영상학과,5,8,1.6
대전,사립,우송대학교,정원내 학생부 교과 - 교과면접 전형 (교과80%+면접20% / 6과목 반영),외식조리대학,글로벌호텔관광학과,5,8,1.6
대전,사립,우송대학교,정원내 학생부 교과 - 자기추천 전형 (교과100% / 12과목 반영),자유전공학부,자유전공학부,5,8,1.6
대전,국립,충남대학교,일반전형,인문대학,언어학과,5,8,1.6
대전,국립,충남대학교,일반전형,인문대학,고고학과,5,8,1.6
대전,국립,충남대학교,일반전형,사회과학대학,사회복지학과,5,8,1.6
대전,국립,충남대학교,일반전형,사범대학,국어교육과,5,8,1.6
대전,국립,충남대학교,지역인재전형,사회과학대학,사회학과*,5,8,1.6
대전,국립,충남대학교,학생부종합 서류전형,공과대학,자율운항시스템공학과,5,8,1.6
충남,사립,백석대학교,정원내 모집 학생부 교과 사회기여자 및 배려대상자,,관광학부 글로벌호텔비즈니스,5,8,1.6
충남,사립,백석대학교,정원내 모집 학생부 교과 지역인재(일반),,어문학부,5,8,1.6
충남,사립,백석대학교,정원내 모집 학생부 교과 지역인재(일반),,경찰학부,5,8,1.6
충남,사립,백석대학교,정원외 모집 학생부 교과 + 면접 계약학과,,외식산업학부 외식조리서비스학과 / ㈜CJ프레시웨이,5,8,1.6
충남,사립,상명대학교(천안),정원내 학생부종합(기회균형전형),,글로벌금융경영학부,5,8,1.6
충남,사립,순천향대학교,[정원내] 학생부교과(충청형지역인재전형),공과대학,기계공학과,5,8,1.6
충남,사립,한국기술교육대학교,지역인재,,건축공학과,5,8,1.6
충남,사립,한국기술교육대학교,지역인재,,에너지신소재화학공학부 / 에너지신소재공학전공,5,8,1.6
충남,사립,호서대학교,- 정원내 학생부교과 면접전형,,반도체공학과,5,8,1.6
충북,사립,세명대학교,면접우수자전형(정원내),인문사회,경찰학과,5,8,1.6
충북,국립,충북대학교,학생부종합(학생부종합Ⅰ전형),사회과학대학,정치외교학과,5,8,1.6
충북,국립,충북대학교,학생부종합(학생부종합Ⅰ전형),공과대학,신소재공학과,5,8,1.6
충북,국립,충북대학교,학생부종합(학생부종합Ⅰ전형),농업생명환경대학,식물자원학과,5,8,1.6
충북,국립,충북대학교,학생부종합(학생부종합Ⅰ전형),농업생명환경대학,환경생명화학과,5,8,1.6
충북,국립,충북대학교,학생부종합(학생부종합Ⅱ전형),자연과학대학,미생물학과,5,8,1.6
충북,국립,충북대학교,학생부교과(학생부교과전형),인문대학,영어영문학과,5,8,1.6
충북,국립,충북대학교,학생부교과(학생부교과전형),생활과학대학,식품영양학과,5,8,1.6
서울,사립,한성대학교,특성화고교졸재직자전형,미래플러스대학,AI디지털융합인재학부,80,129,1.61
경기,사립,가톨릭대학교(부천),학생부교과(농어촌학생전형)(정원 외),,자연공학계열,31,50,1.61
서울,사립,가톨릭대학교(서울),학생부교과(농어촌학생전형)(정원 외),,자연공학계열,31,50,1.61
경기,사립,경기대학교(수원),학생부종합(KGU학생부종합전형),,사회에너지시스템공학과,28,45,1.61
서울,사립,경기대학교(서울),학생부종합(KGU학생부종합전형),,사회에너지시스템공학과,28,45,1.61
충북,사립,세명대학교,일반전형(정원내),자연과학,반려동물산업학과,23,37,1.61
경기,사립,한국공학대학교,학생부종합(창의인재),,기계공학과,18,29,1.61
대전,국립,국립한밭대학교,학생부교과(일반)전형,,영어영문학과,18,29,1.61
충북,사립,세명대학교,일반전형(정원내),자연과학,임상병리학과,29,47,1.62
경기,사립,대진대학교,학생부교과(학생부우수자전형) - 교과70% + 면접30%,보건과학대학,간호학과,13,21,1.62
서울,사립,광운대학교,학생부종합【광운참빛인재전형Ⅱ-서류형】,,전자공학과,13,21,1.62
인천,국립,인천대학교,학생부종합(자기추천),공과대학,바이오-로봇시스템공학과,13,21,1.62
대전,사립,대전대학교,"교과면접전형 [1단계:교과/출석 100%, 2단계:교과/출석 60% + 면접 40%]",경영대학,"경영학부 (경영학전공, 회계학전공) / 경영학전공 회계학전공",13,21,1.62
대전,국립,국립한밭대학교,학생부교과(일반)전형,,기계공학과,51,83,1.63
경기,사립,수원대학교,교과논술전형,혁신공과대학,화학공학·신소재공학부,30,49,1.63
서울,사립,숭실대학교,학생부교과(교과우수자전형-학교장 추천),,경영학부,27,44,1.63
경기,사립,성결대학교,[학생부교과] 교과성적우수자,IT융합공과대학,ICT공학과,19,31,1.63
경기,사립,한국공학대학교,학생부교과(교과우수자),,기계공학과,16,26,1.63
서울,사립,홍익대학교(서울),학교생활우수자전형,공과대학,산업·데이터공학과,16,26,1.63
경기,사립,강남대학교,[정원내]학생부종합(학교생활우수자전형2),인문사회계,초등특수교육과,8,13,1.63
경기,국립,한경국립대학교,학생부교과(일반전형_평택)_정원내,,유아특수보육학과,8,13,1.63
경기,사립,한국항공대학교,고른기회 전형,,항공·경영대학(사회적성),8,13,1.63
경기,사립,한신대학교,논술,인문,미디어영상광고홍보학,8,13,1.63
서울,사립,건국대학교(서울),학생부교과(KU지역균형),이과대학,물리학과,8,13,1.63
서울,사립,고려대학교(서울),서울캠퍼스 학생부교과(학교추천전형),스마트보안학부,스마트보안학부,8,13,1.63
서울,사립,광운대학교,학생부종합【광운참빛인재전형Ⅱ-서류형】,,반도체시스템공학부 반도체시스템공학전공,8,13,1.63
서울,사립,세종대학교,학생부종합(세종인재 전형(면접형)),공과,기계공학과,8,13,1.63
서울,사립,홍익대학교(서울),학교장추천자전형,건축도시대학,도시공학과,8,13,1.63
대전,사립,대전대학교,지역인재Ⅰ전형 [교과/출석 100%],사회과학대학,"법행정학부 (법학전공, 행정학전공) / 법학전공 행정학전공",8,13,1.63
대전,사립,배재대학교,정원내 학생부교과 일반고교과,,원예산림학과,8,13,1.63
대전,국립,충남대학교,일반전형,생활과학대학,의류학과,8,13,1.63
충남,사립,한국기술교육대학교,일반전형,,화학생명공학전공,8,13,1.63
충남,사립,호서대학교,- 정원내 학생부종합 호서인재전형,,전자공학과,8,13,1.63
경기,사립,명지대학교(용인),학생부교과(학교장추천전형),,인문캠퍼스(서울) 소계,176,289,1.64
서울,사립,명지대학교(서울),학생부교과(학교장추천전형),,인문캠퍼스(서울) 소계,176,289,1.64
대전,사립,대전대학교,교과중점전형 [교과/출석 100%],경영대학,"경영학부 (경영학전공, 회계학전공) / 경영학전공 회계학전공",55,90,1.64
충남,사립,나사렛대학교,일반학생전형(학생부교과/실기위주),,"방송시각영상디자인학부(방송미디어전공, 시각영상디자인전공)",50,82,1.64
충북,사립,세명대학교,일반전형(정원내),교양,자율전공학부,33,54,1.64
대전,사립,목원대학교,실기전형 경쟁률 현황 실기100 [수능최저없음],음악대학,"실용음악학부(보컬전공, 기악전공)",28,46,1.64
경기,사립,안양대학교(안양),학생부종합(아리학생부종합),,AI학부,25,41,1.64
인천,사립,안양대학교(강화),학생부종합(아리학생부종합),,AI학부,25,41,1.64
충남,사립,호서대학교,- 정원내 학생부종합 호서인재전형,,경찰행정학과,22,36,1.64
충북,사립,청주대학교,정원내 일반전형 [교과100%],경상대학,"관광경영학과 / 1983년 중부권 최초로 개설, 40년 이상의 전통을 이어온 글로벌 관광 인재 양성의 요람",22,36,1.64
경기,사립,성결대학교,[학생부교과] 교과성적우수자,인문사회융합대학,중국어문화학과,14,23,1.64
경기,사립,한국공학대학교,학생부종합(창의인재),,메카트로닉스공학부 메카트로닉스전공,14,23,1.64
서울,사립,세종대학교,학생부교과(지역균형 전형),인공지능융합,콘텐츠소프트웨어학과,14,23,1.64
대전,국립,국립한밭대학교,실기우수자전형,,시각·영상디자인학과,14,23,1.64
충남,사립,호서대학교,- 정원내 학생부교과 학생부전형,,유아교육과,14,23,1.64
충북,국립,충북대학교,학생부종합(학생부종합Ⅱ전형),공과대학,토목공학부,14,23,1.64
경기,사립,을지대학교(성남의정부),지역균형(학교장추천),,간호학과(성남),11,18,1.64
서울,사립,동덕여자대학교,동덕창의리더전형,인문대학,일어일본학전공,11,18,1.64
서울,사립,이화여자대학교,학생부종합(미래인재전형-서류형),공과대학,식품생명공학과,11,18,1.64
서울,사립,이화여자대학교,학생부종합(미래인재전형-서류형),공과대학,건축학과,11,18,1.64
대전,사립,을지대학교(대전),지역균형(학교장추천),,간호학과(성남),11,18,1.64
대전,국립,충남대학교,지역인재전형,인문대학,영어영문학과,11,18,1.64
충남,국립,국립공주대학교,학생부종합전형  일반전형(정원내),천안공과대학,화학공학부,11,18,1.64
충북,국립,충북대학교,학생부종합(학생부종합Ⅰ전형),자연과학대학,물리학과,11,18,1.64
충남,사립,백석대학교,정원내 모집 학생부 교과 일반전형,,관광학부,65,107,1.65
경기,사립,신한대학교(의정부/동두천),일반전형(교과60%+면접40%),,경영대학(자율전공) - AI융합경영학과 - 글로벌무역학과 - 국제개발협력학과 - 글로벌관광경영학과,40,66,1.65
대전,사립,배재대학교,정원내 학생부교과 교과,,실내건축학과,40,66,1.65
경기,사립,을지대학교(성남의정부),EU면접형,,자연계열학부,26,43,1.65
경기,사립,한양대학교(ERICA),학생부종합(서류형),공학대학,전자공학부,26,43,1.65
인천,국립,인천대학교,학생부교과(지역균형),융합자유전공대학,자유전공학부(인문),26,43,1.65
대전,사립,을지대학교(대전),EU면접형,,자연계열학부,26,43,1.65
대전,국립,충남대학교,일반전형,공과대학,기계공학부,26,43,1.65
인천,사립,인하대학교,학생부종합 인하미래인재(면접형),AI융합대학,인공지능공학과,23,38,1.65
경기,사립,가천대학교(성남),※ 잔여인원은 정시 선발 예정.,자연계열,반도체설계학과,20,33,1.65
서울,사립,광운대학교,학생부종합【광운참빛인재전형Ⅱ-서류형】,,경영학부 경영학전공,20,33,1.65
인천,사립,가천대학교(인천),※ 잔여인원은 정시 선발 예정.,자연계열,반도체설계학과,20,33,1.65
대전,사립,대전대학교,"교과면접전형 [1단계:교과/출석 100%, 2단계:교과/출석 60% + 면접 40%]",사회과학대학,경찰학과,17,28,1.65
대전,사립,건양대학교(대전),일반[교과],,간호학과 [교직],65,108,1.66
충남,사립,건양대학교(논산),일반[교과],,간호학과 [교직],65,108,1.66
경기,사립,경동대학교(양주),일반학생,,작업치료학과,62,103,1.66
충북,사립,중원대학교,학생부교과 (일반전형1),,간호학과,59,98,1.66
대전,국립,국립한밭대학교,실기(일반)전형,,시각·영상디자인학과,35,58,1.66
서울,사립,홍익대학교(서울),논술전형,공과대학,컴퓨터공학과,29,48,1.66
대전,국립,국립한밭대학교,학생부교과(일반)전형,,자율전공학부,133,222,1.67
충남,국립,국립공주대학교,학생부교과전형  자율전공전형(정원내),인문사회과학대학,인문사회과학대학자율전공학부 - 유형Ⅱ,45,75,1.67
경기,사립,경기대학교(수원),학생부종합(KGU학생부종합전형),,"경제학부 / 경제학전공, 응용통계학전공, 지식재산학전공",42,70,1.67
서울,사립,경기대학교(서울),학생부종합(KGU학생부종합전형),,"경제학부 / 경제학전공, 응용통계학전공, 지식재산학전공",42,70,1.67
충북,사립,건국대학교(글로컬),[학생부교과] 지역인재,KU글로컬혁신대학,KU자유전공학부,33,55,1.67
충남,사립,호서대학교,- 정원내 학생부교과 학생부전형,,게임소프트웨어학과,30,50,1.67
대전,사립,배재대학교,정원내 학생부교과 일반고교과,,외식조리학과,27,45,1.67
충남,사립,백석대학교,정원내 모집 실기위주 (예·체능계열) 일반실기,,사범학부 특수체육교육과,27,45,1.67
대전,국립,충남대학교,지역인재전형,창의융합대학,공학융합학부 공과대학자율전공,24,40,1.67
서울,사립,동덕여자대학교,논술우수자전형,자연정보과학대학,컴퓨터학전공,18,30,1.67
대전,사립,건양대학교(대전),일반[교과],,심리상담치료학과 [교직],18,30,1.67
충남,사립,건양대학교(논산),일반[교과],,심리상담치료학과 [교직],18,30,1.67
경기,사립,아주대학교,ACE전형,,경영인텔리전스학과,15,25,1.67
경기,사립,한국공학대학교,학생부종합(창의인재),,생명화학공학과,15,25,1.67
인천,사립,인하대학교,학생부종합 인하미래인재(면접형),사회과학대학,미디어커뮤니케이션학과,15,25,1.67
대전,국립,충남대학교,일반전형,예술대학,음악과(피아노),15,25,1.67
충북,사립,우석대학교(진천),학생부교과_교과면접,보건대학,물리치료학과(전주),15,25,1.67
경기,국립,한경국립대학교,학생부종합(잠재력우수자_안성)_정원내,,ICT로봇공학과,12,20,1.67
서울,사립,삼육대학교,세움인재전형,,화학생명과학과,12,20,1.67
서울,사립,숙명여자대학교,[학생부종합] 숙명인재(면접형)전형,이과대학,통계학과,12,20,1.67
서울,사립,총신대학교,정원내 교과우수자,사범계열,유아교육과,12,20,1.67
인천,국립,인천대학교,학생부교과(교과성적우수자),공과대학,전기공학과,12,20,1.67
충남,사립,순천향대학교,[정원내] 학생부종합(일반학생전형),AI의료융합혁신교육원,헬스케어서비스스쿨(보건행정경영학전공),12,20,1.67
충남,사립,한국기술교육대학교,지역인재,,메카트로닉스공학부,12,20,1.67
충북,사립,건국대학교(글로컬),[학생부종합] 지역인재,의료생명대학,간호학과,12,20,1.67
경기,사립,가톨릭대학교(부천),학생부종합(잠재능력우수자서류전형),,회계학과,9,15,1.67
경기,사립,경기대학교(수원),학생부교과(학교장추천전형),,기계시스템공학과,9,15,1.67
경기,사립,경기대학교(수원),학생부교과(학교장추천전형),,"호텔외식경영학부 / 호텔경영전공, 외식·조리전공",9,15,1.67
서울,사립,가톨릭대학교(서울),학생부종합(잠재능력우수자서류전형),,회계학과,9,15,1.67
서울,사립,경기대학교(서울),학생부교과(학교장추천전형),,기계시스템공학과,9,15,1.67
서울,사립,경기대학교(서울),학생부교과(학교장추천전형),,"호텔외식경영학부 / 호텔경영전공, 외식·조리전공",9,15,1.67
서울,사립,광운대학교,논술【논술우수자전형】,,전자통신공학과,9,15,1.67
서울,사립,동덕여자대학교,학생부교과우수자 특별전형,인문대학,유러피언스터디즈전공,9,15,1.67
서울,사립,세종대학교,학생부종합(세종인재 전형(면접형)),공과,건설환경공학과,9,15,1.67
대전,사립,대전대학교,"교과면접전형 [1단계:교과/출석 100%, 2단계:교과/출석 60% + 면접 40%]",경영대학,비즈니스일본어학과,9,15,1.67
충남,국립,국립공주대학교,학생부종합전형  일반전형(정원내),사범대학,한문교육과,9,15,1.67
충남,국립,국립공주대학교,학생부교과전형  일반전형(정원내),사범대학,문헌정보교육과,9,15,1.67
충남,사립,순천향대학교,[정원내] 학생부교과(교과우수자전형),인문사회과학대학,특수교육과,9,15,1.67
경기,사립,가톨릭대학교(부천),학생부교과(지역균형전형),,바이오로직스공학부,6,10,1.67
경기,사립,강남대학교,[정원외]학생부교과(기초차상위전형),인문사회계,복지융합대학,6,10,1.67
경기,사립,경동대학교(양주),지역인재,,치기공학과,6,10,1.67
경기,사립,단국대학교(죽전),[학생부교과] 지역균형선발 경쟁률 현황 (죽전),,인공지능학과,6,10,1.67
경기,사립,단국대학교(죽전),[학생부종합] DKU인재(서류형) 경쟁률 현황 (천안),,유럽중남미학부(포르투갈브라질학전공),6,10,1.67
경기,사립,대진대학교,학생부교과(학교장추천전형) - 교과100%,보건과학대학,의생명과학과,6,10,1.67
경기,사립,명지대학교(용인),학생부종합(명지인재면접전형),,데이터사이언스전공,6,10,1.67
경기,사립,중부대학교(고양),실적우수자전형,,스포츠건강관리학전공 / 배구(공격수),6,10,1.67
경기,국립,한경국립대학교,학생부종합(잠재력우수자_안성)_정원내,,인공지능학과,6,10,1.67
서울,사립,가톨릭대학교(서울),학생부교과(지역균형전형),,바이오로직스공학부,6,10,1.67
서울,사립,건국대학교(서울),학생부교과(KU지역균형),공과대학,컴퓨터공학과,6,10,1.67
서울,사립,광운대학교,학생부종합【광운참빛인재전형Ⅱ-서류형】,,경영학부 빅데이터경영전공,6,10,1.67
서울,사립,광운대학교,학생부교과【지역균형 전형】,,화학과,6,10,1.67
서울,사립,동덕여자대학교,학생부교과우수자 특별전형,사회과학대학,문헌정보학전공,6,10,1.67
서울,사립,명지대학교(서울),학생부종합(명지인재면접전형),,데이터사이언스전공,6,10,1.67
서울,국립,서울과학기술대학교,고교추천전형,에너지바이오대학,바이오메디컬학과,6,10,1.67
서울,사립,서울여자대학교,학생부교과(교과우수자전형),인문대학,일어일문학과,6,10,1.67
서울,사립,서울여자대학교,학생부교과(교과우수자전형),과학기술융합대학,식품생명공학과,6,10,1.67
충남,국립,국립공주대학교,학생부종합전형  일반전형(정원내),사범대학,환경교육과,6,10,1.67
충남,사립,나사렛대학교,지역인재1(학생부교과),,경찰행정학과,6,10,1.67
충남,사립,단국대학교(천안),[학생부교과] 지역균형선발 경쟁률 현황 (죽전),,인공지능학과,6,10,1.67
충남,사립,단국대학교(천안),[학생부종합] DKU인재(서류형) 경쟁률 현황 (천안),,유럽중남미학부(포르투갈브라질학전공),6,10,1.67
충남,사립,순천향대학교,[정원내] 학생부교과(충청형지역인재전형),AI대학,컴퓨터공학부(소프트웨어공학전공),6,10,1.67
충남,사립,유원대학교(아산),유원교과,,물리치료학과,6,10,1.67
충남,사립,중부대학교(금산),실적우수자전형,,스포츠건강관리학전공 / 배구(공격수),6,10,1.67
충남,사립,한국기술교육대학교,창의인재(서류형),,고용서비스정책학과,6,10,1.67
충남,사립,한국기술교육대학교,논술전형,,AI정보통신공학전공,6,10,1.67
충북,사립,유원대학교(영동),유원교과,,물리치료학과,6,10,1.67
충북,사립,청주대학교,정원내 교과인재전형 [교과100%],공과대학,토목공학과 / 57년 전통의 충북K-건설의 요람! 사회기반시설의 안전성과 지속가능성을 높이는 미래 스마트 건설·인프라 인재 양성,6,10,1.67
충북,사립,청주대학교,정원내 미래인재전형 [교과100%],보건의료과학대학,"동물보건복지학과 / 수의사 교수진 4명의 현장중심 교육, 15개 교과목·40학점과 동물병원 현장실습 120시간 운영, 동물보건·복지·실험동물 전문인재 양성",6,10,1.67
충북,국립,충북대학교,학생부종합(학생부종합Ⅰ전형),자연과학대학,수학과,6,10,1.67
충북,국립,충북대학교,학생부종합(학생부종합Ⅰ전형),공과대학,공업화학과,6,10,1.67
충북,국립,충북대학교,학생부교과(학생부교과전형),인문대학,프랑스언어문화학과,6,10,1.67
충북,국립,충북대학교,학생부교과(학생부교과전형),사범대학,국어교육과,6,10,1.67
경기,사립,가천대학교(성남),농어촌(교과) 전형,자연계열,인공지능학과,3,5,1.67
경기,사립,가천대학교(성남),실기우수자 전형,예체능계열,기악전공(V.Cello),3,5,1.67
경기,사립,가톨릭대학교(부천),학생부종합(기회균형Ⅰ전형),,아동학과,3,5,1.67
경기,사립,가톨릭대학교(부천),학생부종합(기회균형Ⅰ전형),,에너지환경공학과,3,5,1.67
경기,사립,가톨릭대학교(부천),논술전형,,에너지환경공학과,3,5,1.67
경기,사립,강남대학교,[정원내]학생부교과(농어촌학생전형),인문사회계,법행정세무학부,3,5,1.67
경기,사립,강남대학교,[정원내]학생부교과(국가보훈대상자전형),인문사회계,법행정세무학부,3,5,1.67
경기,사립,강남대학교,[정원외]학생부교과(특성화고교졸업자전형),인문사회계,상경학부,3,5,1.67
경기,사립,강남대학교,[정원외]학생부교과(기초차상위전형),인문사회계,법행정세무학부(야),3,5,1.67
경기,사립,경기대학교(수원),학생부교과(농어촌학생전형),,"공공인재학부 / 행정학전공, 정치외교학전공",3,5,1.67
경기,사립,경희대학교(용인),서울캠퍼스 학생부교과(지역균형전형),자연계열,지리학과(자연),3,5,1.67
경기,사립,단국대학교(죽전),[학생부종합] DKU인재(서류형) 경쟁률 현황 (죽전),,통계데이터사이언스학과,3,5,1.67
경기,사립,단국대학교(죽전),[학생부종합] DKU인재(서류형) 경쟁률 현황 (죽전),,사이버보안학과,3,5,1.67
경기,사립,단국대학교(죽전),[학생부종합] 기회균형선발 경쟁률 현황 (죽전),,융합반도체공학과,3,5,1.67
경기,사립,단국대학교(죽전),[학생부종합] 사회적배려대상자 경쟁률 현황 (죽전),,인프라건설공학과,3,5,1.67
경기,사립,단국대학교(죽전),[학생부종합] 교육기회배려자(정원외) 경쟁률 현황 (죽전),,상담학과,3,5,1.67
경기,사립,단국대학교(죽전),[학생부종합] 교육기회배려자(정원외) 경쟁률 현황 (천안),,생명공학부(동물생명공학전공),3,5,1.67
경기,사립,단국대학교(죽전),[실기/실적위주] 체육특기자 경쟁률 현황 (천안),,스포츠경영학과(남)-볼링,3,5,1.67
경기,사립,대진대학교,학생부교과(학교장추천전형) - 교과100%,인문사회대학,역사·문화콘텐츠학과,3,5,1.67
경기,사립,대진대학교,학생부교과(특성화고교졸업자전형-정원외) - 교과100%,인문사회대학,미디어커뮤니케이션학과,3,5,1.67
경기,사립,명지대학교(용인),학생부교과(학교장추천전형),,응용통계학전공,3,5,1.67
경기,사립,명지대학교(용인),학생부종합(농어촌학생전형),,AI경영정보학과,3,5,1.67
경기,사립,수원대학교,농어촌학생전형,혁신공과대학,기계공학부,3,5,1.67
경기,사립,용인대학교,정원외 농어촌학생 특별전형,체육과학대학,체육학과,3,5,1.67
경기,사립,중부대학교(고양),실적우수자전형,,스포츠건강관리학전공 / 골프,3,5,1.67
경기,사립,한세대학교,기회균형 - 교과 100%,,신학과,3,5,1.67
경기,사립,한신대학교,기회균형선발,경영계열,경영학,3,5,1.67
서울,사립,가톨릭대학교(서울),학생부종합(기회균형Ⅰ전형),,아동학과,3,5,1.67
서울,사립,가톨릭대학교(서울),학생부종합(기회균형Ⅰ전형),,에너지환경공학과,3,5,1.67
서울,사립,가톨릭대학교(서울),논술전형,,에너지환경공학과,3,5,1.67
서울,사립,건국대학교(서울),학생부교과(KU지역균형),이과대학,화학과,3,5,1.67
서울,사립,건국대학교(서울),학생부교과(KU지역균형),공과대학,산업공학과,3,5,1.67
서울,사립,건국대학교(서울),학생부교과(KU지역균형),융합생명과학대학,첨단바이오공학부,3,5,1.67
서울,사립,경기대학교(서울),학생부교과(농어촌학생전형),,"공공인재학부 / 행정학전공, 정치외교학전공",3,5,1.67
서울,사립,경희대학교(서울),서울캠퍼스 학생부교과(지역균형전형),자연계열,지리학과(자연),3,5,1.67
서울,사립,동덕여자대학교,실기우수자전형,예술대학,관현악전공(바이올린),3,5,1.67
서울,사립,명지대학교(서울),학생부교과(학교장추천전형),,응용통계학전공,3,5,1.67
서울,사립,명지대학교(서울),학생부종합(농어촌학생전형),,AI경영정보학과,3,5,1.67
서울,사립,삼육대학교,학교장추천전형,,약학과,3,5,1.67
서울,사립,삼육대학교,학교장추천전형,,글로벌한국학과,3,5,1.67
서울,사립,상명대학교(서울),정원 내 실기/실적(실기전형),,관현악(현악)-첼로,3,5,1.67
서울,국립,서울과학기술대학교,기회균형전형(기회균등),공과대학,기계시스템공학부(미래자동차전공),3,5,1.67
서울,국립,서울과학기술대학교,기회균형전형(농어촌학생),조형대학,조형예술학과,3,5,1.67
서울,공립,서울시립대학교,고교추천전형,자연과학대학,물리학과,3,5,1.67
서울,사립,서울여자대학교,학생부종합(기회균형전형_농어촌학생)[정원외],미래산업융합대학,지능정보보호학부,3,5,1.67
서울,사립,성신여자대학교,기회균형Ⅰ,,일본어문·문화학과,3,5,1.67
서울,사립,숙명여자대학교,[학생부종합] 기회균형전형,문과대학,중어중문학부,3,5,1.67
서울,사립,숙명여자대학교,[학생부종합] 농어촌학생전형(정원외),법과대학,법학부,3,5,1.67
서울,사립,숙명여자대학교,[학생부종합] 농어촌학생전형(정원외),이과대학,통계학과,3,5,1.67
서울,사립,숭실대학교,학생부종합(SSU미래인재전형-서류형),,평생교육학과,3,5,1.67
서울,사립,숭실대학교,학생부종합(기회균형전형),,사학과,3,5,1.67
서울,사립,이화여자대학교,학생부종합(고른기회전형),인문과학대학,철학과,3,5,1.67
서울,사립,이화여자대학교,학생부종합(고른기회전형),사회과학대학,문헌정보학과,3,5,1.67
서울,사립,이화여자대학교,학생부종합(고른기회전형),사회과학대학,사회학과,3,5,1.67
서울,사립,장로회신학대학교,정원내 성경고사성적우수자,,신학과,3,5,1.67
서울,사립,총신대학교,정원내 교과우수자,사범계열,역사교육과,3,5,1.67
서울,사립,총신대학교,정원내 총신고른기회,인문사회계열,사회복지학과,3,5,1.67
서울,사립,총신대학교,정원내 대안학교출신자,사범계열,유아교육과,3,5,1.67
서울,국립,한국체육대학교,체육특기자(개인),,체육학과-체조-기계체조[여],3,5,1.67
서울,국립,한국체육대학교,체육특기자(단체),,"체육학과-핸드볼-CB, LB[남]",3,5,1.67
서울,사립,한양대학교(서울),학생부교과(추천형),사범대학,수학교육과,3,5,1.67
인천,사립,가천대학교(인천),농어촌(교과) 전형,자연계열,인공지능학과,3,5,1.67
인천,사립,가천대학교(인천),실기우수자 전형,예체능계열,기악전공(V.Cello),3,5,1.67
인천,국립,인천대학교,학생부교과(교과성적우수자),경영대학,데이터과학과,3,5,1.67
인천,국립,인천대학교,학생부교과(교과성적우수자),도시과학대학,도시행정학과,3,5,1.67
인천,국립,인천대학교,학생부교과(지역균형),인문대학,국어국문학과,3,5,1.67
인천,국립,인천대학교,학생부교과(지역균형),생명과학기술대학,생명공학부 생명공학전공,3,5,1.67
인천,사립,인하대학교,학생부종합 고른기회,경영대학,국제통상학과,3,5,1.67
인천,사립,인하대학교,학생부종합 고른기회,사회과학대학,경제학과,3,5,1.67
인천,사립,인하대학교,학생부종합 농어촌학생,공과대학,조선해양공학과,3,5,1.67
인천,사립,인하대학교,학생부종합 농어촌학생,경영대학,경영학부(파이낸스경영학과),3,5,1.67
인천,사립,인하대학교,학생부종합 농어촌학생,문과대학,문화콘텐츠문화경영학과,3,5,1.67
대전,사립,건양대학교(대전),특수교육대상자전형,,특수교육과 [사범],3,5,1.67
대전,국립,국립한밭대학교,지역인재(교과)전형,,전기공학과,3,5,1.67
대전,국립,국립한밭대학교,지역인재(교과)전형,,건축학과(5년제),3,5,1.67
대전,국립,국립한밭대학교,지역인재(교과)전형,,모바일융합공학과,3,5,1.67
대전,사립,대전대학교,특기자전형,보건의료과학대학,스포츠과학부-복싱,3,5,1.67
대전,사립,목원대학교,"지역인재전형 경쟁률 현황 교과100 [면접없음, 수능최저없음]",보건안전대학,스포츠건강관리학과,3,5,1.67
대전,사립,우송대학교,정원내 학생부 교과 - 지역인재 전형 (교과100% / 12과목 반영),철도대학,철도자율전공학부,3,5,1.67
대전,사립,우송대학교,정원내 학생부 교과 - 지역인재 전형 (교과100% / 12과목 반영),보건복지대학,간호학과,3,5,1.67
대전,사립,우송대학교,정원내 학생부 종합 - 종합서류형 전형 (면접X),보건복지대학,언어치료·청각재활학과,3,5,1.67
대전,국립,충남대학교,지역인재전형,사회과학대학,심리학과*,3,5,1.67
대전,국립,충남대학교,학생부종합 서류전형,생활과학대학,의류학과,3,5,1.67
세종,사립,고려대학교(세종),실기/실적(미래인재전형),과학기술대학,컴퓨터소프트웨어학과,3,5,1.67
충남,사립,건양대학교(논산),특수교육대상자전형,,특수교육과 [사범],3,5,1.67
충남,국립,국립공주대학교,학생부교과전형  지역인재전형(정원내),사범대학,지리교육과,3,5,1.67
충남,사립,단국대학교(천안),[학생부종합] DKU인재(서류형) 경쟁률 현황 (죽전),,통계데이터사이언스학과,3,5,1.67
충남,사립,단국대학교(천안),[학생부종합] DKU인재(서류형) 경쟁률 현황 (죽전),,사이버보안학과,3,5,1.67
충남,사립,단국대학교(천안),[학생부종합] 기회균형선발 경쟁률 현황 (죽전),,융합반도체공학과,3,5,1.67
충남,사립,단국대학교(천안),[학생부종합] 사회적배려대상자 경쟁률 현황 (죽전),,인프라건설공학과,3,5,1.67
충남,사립,단국대학교(천안),[학생부종합] 교육기회배려자(정원외) 경쟁률 현황 (죽전),,상담학과,3,5,1.67
충남,사립,단국대학교(천안),[학생부종합] 교육기회배려자(정원외) 경쟁률 현황 (천안),,생명공학부(동물생명공학전공),3,5,1.67
충남,사립,단국대학교(천안),[실기/실적위주] 체육특기자 경쟁률 현황 (천안),,스포츠경영학과(남)-볼링,3,5,1.67
충남,사립,백석대학교,정원내 모집 학생부 교과 사회기여자 및 배려대상자,,보건학부 안경광학과,3,5,1.67
충남,사립,백석대학교,정원내 모집 학생부 교과 사회기여자 및 배려대상자,,사범학부 유아교육과,3,5,1.67
충남,사립,백석대학교,정원내 모집 학생부 교과 + 면접 백석인재,,사범학부 유아특수교육과,3,5,1.67
충남,사립,백석대학교,정원외 모집 학생부 교과 농어촌학생 일반전형,,사범학부 유아교육과,3,5,1.67
충남,사립,백석대학교,정원외 모집 학생부 교과 기초생활수급자 및 차상위계층,,문화예술학부 글로벌뷰티아트,3,5,1.67
충남,사립,상명대학교(천안),정원내 학생부종합(기회균형전형),,그린화학공학과,3,5,1.67
충남,사립,중부대학교(금산),실적우수자전형,,스포츠건강관리학전공 / 골프,3,5,1.67
충남,사립,한국기술교육대학교,사회통합,,AI·소프트웨어전공,3,5,1.67
충남,사립,한국기술교육대학교,농어촌학생[정원외],,AI·소프트웨어전공,3,5,1.67
충북,사립,건국대학교(글로컬),[학생부교과] 지역인재,과학기술대학,메카트로닉스공학과,3,5,1.67
충북,사립,청주대학교,정원내 지역인재전형 [교과100%],경상대학,경제금융학과 / 최근 3년 유지취업률 88.8% 달성! 4차 산업혁명과 함께하는 글로벌 경제 금융 인재 양성,3,5,1.67
충북,국립,충북대학교,학생부교과(학생부교과전형),사범대학,화학교육과,3,5,1.67
대전,사립,건양대학교(대전),일반[교과],,스마트팜학부,25,42,1.68
충남,사립,건양대학교(논산),일반[교과],,스마트팜학부,25,42,1.68
경기,사립,경동대학교(양주),일반학생,,항공서비스학과,22,37,1.68
경기,국립,한경국립대학교,학생부교과(일반전형_안성)_정원내,,화학공학과,19,32,1.68
서울,사립,건국대학교(서울),학생부종합(KU자기추천),사범대학,일어교육과,19,32,1.68
충남,사립,유원대학교(아산),유원교과,,미디어콘텐츠학과,19,32,1.68
충북,사립,유원대학교(영동),유원교과,,미디어콘텐츠학과,19,32,1.68
충남,국립,국립공주대학교,학생부교과전형  일반전형(정원내),천안공과대학,기계자동차공학부,49,83,1.69
경기,사립,한국공학대학교,학생부종합(특성화고졸재직자),,산업융합공학과(야간),36,61,1.69
경기,사립,용인대학교,정원내 자율전공 특별전형,,예능 / 문화예술계열전공학부,29,49,1.69
경기,사립,가천대학교(성남),가천바람개비 전형,자연계열,반도체대학,16,27,1.69
경기,사립,성결대학교,[학생부교과] 교과성적우수자,미래인재융합대학,공학계열자율전공학부,16,27,1.69
인천,사립,가천대학교(인천),가천바람개비 전형,자연계열,반도체대학,16,27,1.69
충남,국립,국립공주대학교,학생부교과전형  일반전형(정원내),천안공과대학,그린스마트건축공학과,16,27,1.69
경기,사립,중부대학교(고양),학교생활우수자전형,,물리치료학과 / 물리치료학과,13,22,1.69
서울,사립,이화여자대학교,학생부교과(고교추천전형),공과대학,화공신소재공학과,13,22,1.69
인천,국립,인천대학교,학생부종합(자기추천),공과대학,안전공학과,13,22,1.69
충남,사립,중부대학교(금산),학교생활우수자전형,,물리치료학과 / 물리치료학과,13,22,1.69
대전,사립,배재대학교,정원외 학생부교과 농어촌,,자율전공학부,43,3,1.7
충남,사립,호서대학교,- 정원내 학생부교과 학생부전형,,"문화영상학부(영상미디어트랙, 문화콘텐츠기획트랙)",30,51,1.7
대전,사립,우송대학교,정원내 학생부 교과 - 교과면접 전형 (교과80%+면접20% / 6과목 반영),보건복지대학,[사범계열]유아교육과,27,46,1.7
경기,사립,아주대학교,ACE전형,,건축학과,23,39,1.7
충북,사립,청주대학교,"정원내 교과면접전형 경쟁률 현황 ※ 면접전형 : 교과70%+ 면접30% 단, 항공서비스학과 만 교과60%+ 면접40% 생활기록부 미반영 면접",보건의료과학대학,방사선학과 / 최근3년 연속 방사선사 국가시험100%!공시 취업률 및 유지률94.4%/100%!국내 최초AI시뮬레이션MRI설치! 국내 빅5병원 임상실습·취업!,23,39,1.7
대전,사립,목원대학교,"교과전형 경쟁률 현황 교과100 [면접없음, 수능최저없음]",보건안전대학,화장품학과,20,34,1.7
충북,국립,충북대학교,학생부교과(지역인재전형),간호대학,간호학과,20,34,1.7
경기,사립,단국대학교(죽전),[학생부종합] DKU인재(서류형) 경쟁률 현황 (천안),,식품자원경제학과,10,17,1.7
경기,사립,단국대학교(죽전),[학생부교과] 학생부교과우수자 경쟁률 현황 (천안),,물리치료학과,10,17,1.7
경기,사립,성균관대학교(수원),학생부교과(추천인재),,글로벌경제학과,10,17,1.7
경기,사립,수원대학교,면접위주교과전형,혁신공과대학,건설환경에너지공학부,10,17,1.7
경기,사립,아주대학교,ACE전형,,국어국문학과,10,17,1.7
경기,사립,한신대학교,참인재,신학·인문융합계열,한국사학,10,17,1.7
경기,사립,화성의과학대학교,(정원내) 전공관련우수자 특별전형,,태권도학과,10,17,1.7
서울,사립,광운대학교,학생부종합【광운참빛인재전형Ⅰ-면접형】,,국제통상학부,10,17,1.7
서울,공립,서울시립대학교,고교추천전형,도시과학대학,환경공학부,10,17,1.7
서울,사립,성균관대학교(서울),학생부교과(추천인재),,글로벌경제학과,10,17,1.7
서울,사립,장로회신학대학교,정원내 학생부우수자,,신학과,10,17,1.7
인천,국립,인천대학교,학생부교과(지역균형),글로벌정경대학,Global Trade & Service학부,10,17,1.7
인천,사립,인하대학교,학생부종합 인하미래인재(면접형),사회과학대학,아동심리학과,10,17,1.7
대전,사립,목원대학교,"교과전형 경쟁률 현황 교과100 [면접없음, 수능최저없음]",사범대학,미술교육과 [교직],10,17,1.7
대전,사립,목원대학교,"교과전형 경쟁률 현황 교과100 [면접없음, 수능최저없음]",미술·디자인대학,섬유·패션디자인학과,10,17,1.7
충남,사립,단국대학교(천안),[학생부종합] DKU인재(서류형) 경쟁률 현황 (천안),,식품자원경제학과,10,17,1.7
충남,사립,단국대학교(천안),[학생부교과] 학생부교과우수자 경쟁률 현황 (천안),,물리치료학과,10,17,1.7
충남,사립,순천향대학교,[정원내] 학생부교과(교과우수자전형),인문사회과학대학,한국문화콘텐츠학과,10,17,1.7
충남,사립,유원대학교(아산),유원교과,,스마트팜학과,10,17,1.7
충북,사립,유원대학교(영동),유원교과,,스마트팜학과,10,17,1.7
충남,사립,나사렛대학교,일반학생전형(학생부교과/실기위주),,"사회복지학부(사회복지전공, 청소년복지전공, 노인복지전공)",80,137,1.71
경기,사립,을지대학교(성남의정부),논술우수자,,자연계열학부,35,60,1.71
대전,사립,을지대학교(대전),논술우수자,,자연계열학부,35,60,1.71
충남,사립,호서대학교,- 정원내 학생부교과 학생부전형,,반도체공학과,31,53,1.71
인천,사립,인하대학교,학생부종합 인하미래인재(면접형),공과대학,신소재공학과,28,48,1.71
충남,사립,호서대학교,- 정원내 학생부교과 학생부전형,,심리학과,28,48,1.71
충남,사립,한국기술교육대학교,일반전형,,기계공학부,24,41,1.71
대전,사립,대전대학교,교과중점전형 [교과/출석 100%],보건의료과학대학,화장품학과,21,36,1.71
충남,국립,국립공주대학교,실기/실적전형  일반전형(정원내),예술대학,가구리빙디자인학과,17,29,1.71
서울,국립,서울과학기술대학교,고교추천전형,인문사회대학,행정학과,14,24,1.71
대전,사립,우송대학교,정원내 학생부 교과 - 교과면접 전형 (교과80%+면접20% / 6과목 반영),외식조리대학,"외식,조리경영전공",14,24,1.71
충남,사립,상명대학교(천안),정원내 실기/실적(실기전형),,AI미디어콘텐츠전공,14,24,1.71
충북,사립,건국대학교(글로컬),[학생부종합] Cogito자기추천,과학기술대학,녹색기술융합학과,14,24,1.71
충북,사립,건국대학교(글로컬),[학생부교과] 교과우수,의료생명대학,바이오의약학과,14,24,1.71
충북,사립,세명대학교,인문계고교전형(정원내),인문사회,소방방재학과,14,24,1.71
경기,사립,경기대학교(수원),학생부교과(교과성적우수자전형),,사회에너지시스템공학과,7,12,1.71
경기,사립,경희대학교(용인),서울캠퍼스 학생부교과(지역균형전형),자연계열,물리학과,7,12,1.71
경기,사립,명지대학교(용인),학생부종합(명지인재서류전형),,신소재공학전공,7,12,1.71
경기,국립,한경국립대학교,학생부교과(일반전형_안성)_정원내,,건축공학과,7,12,1.71
경기,사립,한국공학대학교,학생부종합(창의인재),,경영학부 데이터사이언스경영전공,7,12,1.71
경기,사립,한국외국어대학교(용인),학생부종합전형(면접형),,환경학과,7,12,1.71
경기,사립,한국외국어대학교(용인),학생부종합전형(서류형),,아랍어과,7,12,1.71
서울,사립,경기대학교(서울),학생부교과(교과성적우수자전형),,사회에너지시스템공학과,7,12,1.71
서울,사립,경희대학교(서울),서울캠퍼스 학생부교과(지역균형전형),자연계열,물리학과,7,12,1.71
서울,사립,동덕여자대학교,동덕창의리더전형,인문대학,국사학전공,7,12,1.71
서울,사립,명지대학교(서울),학생부종합(명지인재서류전형),,신소재공학전공,7,12,1.71
서울,국립,서울과학기술대학교,기회균형전형(기회균등),정보통신대학,전기정보공학과,7,12,1.71
서울,사립,세종대학교,학생부교과(지역균형 전형),공과,에너지자원공학과,7,12,1.71
서울,사립,한국외국어대학교(서울),학생부종합전형(면접형),,환경학과,7,12,1.71
서울,사립,한국외국어대학교(서울),학생부종합전형(서류형),,아랍어과,7,12,1.71
인천,사립,인하대학교,논술 논술우수자,공과대학,공간정보공학과,7,12,1.71
충남,국립,국립공주대학교,학생부종합전형  일반전형(정원내),천안공과대학,도시·교통공학과,7,12,1.71
충남,사립,한국기술교육대학교,창의인재(서류형),,경영학부 / 융합경영전공,7,12,1.71
충남,사립,호서대학교,- 정원내 학생부종합 호서인재전형,,청소년문화·상담학과,7,12,1.71
충북,국립,충북대학교,학생부교과(학생부교과전형),농업생명환경대학,원예과학과,7,12,1.71
충북,국립,충북대학교,학생부교과(학생부교과전형),농업생명환경대학,바이오시스템공학과,7,12,1.71
충북,국립,충북대학교,학생부교과(학생부교과전형),농업생명환경대학,식품생명공학과,7,12,1.71
경기,사립,경동대학교(양주),일반학생,,건설시스템공학과,29,50,1.72
대전,사립,배재대학교,정원내 학생부교과 교과,,보건의료복지학과,25,43,1.72
충북,사립,건국대학교(글로컬),[학생부종합] Cogito자기추천,인문사회융합대학,신문방송학과,25,43,1.72
충남,국립,국립공주대학교,학생부교과전형  일반전형(정원내),자연과학대학,화학과,18,31,1.72
경기,사립,경동대학교(양주),일반학생,,물리치료학과,67,116,1.73
경기,사립,아주대학교,ACE전형,,디지털미디어학과,41,71,1.73
경기,사립,신한대학교(의정부/동두천),논술전형(약술형)(교과10%+논술90%),,사회과학대학(자율전공) - 토지행정학과 - 경찰행정학과 - 행정학과 - 사회복지학과 - 상담심리학과,40,69,1.73
경기,사립,명지대학교(용인),학생부교과(기회균형전형),,자연캠퍼스(용인) 소계,30,52,1.73
서울,사립,명지대학교(서울),학생부교과(기회균형전형),,자연캠퍼스(용인) 소계,30,52,1.73
대전,사립,건양대학교(대전),일반[교과],,물리치료학과,30,52,1.73
대전,사립,목원대학교,"교과전형 경쟁률 현황 교과100 [면접없음, 수능최저없음]",보건안전대학,"식품제약학부(식품전공, 제약전공)",30,52,1.73
대전,사립,배재대학교,정원내 학생부교과 교과,,경찰법학부(경찰학/법학),30,52,1.73
대전,사립,우송대학교,정원내 학생부 교과 - 교과중심 전형 (교과100% / 12과목 반영),철도대학,건축공학전공,30,52,1.73
충남,사립,건양대학교(논산),일반[교과],,물리치료학과,30,52,1.73
대전,사립,우송대학교,정원내 학생부 교과 - 교과면접 전형 (교과80%+면접20% / 6과목 반영),철도대학,철도경영학과,22,38,1.73
서울,사립,한성대학교,교과우수전형,크리에이티브인문예술대학,크리에이티브인문학부(야),15,26,1.73
인천,사립,인하대학교,학생부교과 지역균형,경영대학,경영학부(경영학과),15,26,1.73
대전,사립,배재대학교,정원내 학생부교과 교과,,레저스포츠학부(스포츠지도·건강재활),15,26,1.73
충남,국립,국립공주대학교,학생부교과전형  일반전형(정원내),자연과학대학,지질환경과학과,15,26,1.73
충남,사립,순천향대학교,[정원내] 학생부종합(일반학생전형),글로벌경영대학,관광경영학과,15,26,1.73
경기,사립,수원대학교,교과우수전형,지능형SW융합대학,AI데이터과학부,11,19,1.73
인천,사립,인하대학교,학생부종합 인하미래인재(면접형),공과대학,공간정보공학과,11,19,1.73
대전,국립,충남대학교,일반전형,공과대학,토목공학과,11,19,1.73
충남,국립,국립공주대학교,학생부교과전형  일반전형(정원내),인문사회과학대학,지리학과,11,19,1.73
충남,국립,국립공주대학교,학생부교과전형  일반전형(정원내),산업과학대학,식물자원학과,11,19,1.73
충북,사립,세명대학교,지역인재(일반)전형(정원내),교양,자율전공학부,11,19,1.73
충남,사립,백석대학교,정원내 모집 학생부 교과 일반전형,,보건학부 작업치료학과,53,92,1.74
서울,공립,서울시립대학교,고교추천전형,경영대학,경영학부,23,40,1.74
충북,사립,청주대학교,정원내 일반전형 [교과100%],경상대학,무역학과 / 최근 3년 졸업생 취업률 75.1% (전국 무역학과 동일지표 평균대비 11.1% 높은수준). 최근 3년 인재양성 재정지원사업 4.5억원 수주,19,33,1.74
서울,사립,이화여자대학교,학생부종합(미래인재전형-서류형),인문과학대학,철학과,16,28,1.75
경기,사립,용인대학교,정원내 일반학생 전형,인문사회융합대학,사회복지학과,12,21,1.75
경기,사립,을지대학교(성남의정부),기회균형(정원내),,자연계열학부,12,21,1.75
서울,사립,고려대학교(서울),서울캠퍼스 학생부교과(학교추천전형),문과대학,사회학과,12,21,1.75
서울,사립,상명대학교(서울),정원 내 학생부교과(고교추천전형),,예체능 / 자유전공(예체능계열),12,21,1.75
서울,사립,서강대학교,학생부종합(일반Ⅰ),,인공지능학과,12,21,1.75
인천,사립,인하대학교,학생부교과 지역균형,공과대학,화공에너지공학부(화학공학전공),12,21,1.75
대전,사립,을지대학교(대전),기회균형(정원내),,자연계열학부,12,21,1.75
충남,사립,순천향대학교,[정원내] 학생부교과(교과우수자전형),공과대학,에너지환경공학과,12,21,1.75
경기,사립,경기대학교(수원),학생부교과(학교장추천전형),,영어영문학과,8,14,1.75
경기,사립,명지대학교(용인),학생부종합(명지인재서류전형),,환경시스템공학전공,8,14,1.75
경기,사립,안양대학교(안양),학생부교과(아리학생부교과),,화장품발명디자인학과,8,14,1.75
경기,사립,안양대학교(안양),학생부교과(아리학생부면접),,글로벌경영학과(야간),8,14,1.75
경기,사립,칼빈대학교,학생부교과(일반학생전형),인문사회계열,사회복지학과,8,14,1.75
서울,사립,경기대학교(서울),학생부교과(학교장추천전형),,영어영문학과,8,14,1.75
서울,사립,광운대학교,학생부종합【광운참빛인재전형Ⅰ-면접형】,,전자바이오물리학과,8,14,1.75
서울,사립,명지대학교(서울),학생부종합(명지인재서류전형),,환경시스템공학전공,8,14,1.75
서울,사립,상명대학교(서울),정원 내 학생부교과(고교추천전형),,행정학부,8,14,1.75
서울,사립,숭실대학교,학생부종합(기회균형전형),,지능전자공학부,8,14,1.75
서울,사립,숭실대학교,학생부종합(특수교육대상자전형),,글로벌통상학과,8,14,1.75
인천,사립,안양대학교(강화),학생부교과(아리학생부교과),,화장품발명디자인학과,8,14,1.75
인천,사립,안양대학교(강화),학생부교과(아리학생부면접),,글로벌경영학과(야간),8,14,1.75
인천,국립,인천대학교,학생부종합(자기추천),생명과학기술대학,생명공학부 나노바이오공학전공,8,14,1.75
대전,사립,건양대학교(대전),학생부종합전형,,제약생명공학과,8,14,1.75
대전,국립,국립한밭대학교,지역인재(종합)전형,,일본어과,8,14,1.75
대전,국립,충남대학교,일반전형,인문대학,독어독문학과*,8,14,1.75
대전,국립,충남대학교,일반전형,자연과학대학,천문우주과학과,8,14,1.75
충남,사립,건양대학교(논산),학생부종합전형,,제약생명공학과,8,14,1.75
충남,국립,국립공주대학교,학생부종합전형  일반전형(정원내),본부,인공지능학부,8,14,1.75
충남,사립,백석대학교,정원내 모집 실기위주 (예·체능계열) 일반실기,,프로듀서 A형(Windows-Cubase7),8,4,1.75
충남,사립,호서대학교,- 정원내 학생부교과 지역인재전형,,디지털금융경영학과,8,14,1.75
경기,사립,가톨릭대학교(부천),학생부종합(잠재능력우수자서류전형),,아동학과,4,7,1.75
경기,사립,경기대학교(수원),학생부교과(농어촌학생전형),,"전자공학부 / 나노·반도체전공, 정보통신시스템전공, 로봇공학전공",4,7,1.75
경기,사립,경희대학교(용인),국제캠퍼스 학생부교과(지역균형전형),자연계열,산업경영공학과,4,7,1.75
경기,사립,경희대학교(용인),국제캠퍼스 논술우수자전형,자연계열,스마트팜과학과,4,7,1.75
경기,사립,단국대학교(죽전),[학생부종합] 교육기회배려자(정원외) 경쟁률 현황 (죽전),,무역학과,4,7,1.75
경기,사립,단국대학교(죽전),[논술위주] 논술우수자 경쟁률 현황 (죽전),,융합반도체공학과,4,7,1.75
경기,사립,단국대학교(죽전),[논술위주] 논술우수자 경쟁률 현황 (죽전),,인공지능학과,4,7,1.75
경기,사립,대진대학교,학생부교과(학생부우수자전형) - 교과70% + 면접30%,인문사회대학,아동학과,4,7,1.75
경기,사립,수원대학교,고운사회전형,혁신공과대학,전기전자공학부,4,7,1.75
경기,사립,수원대학교,농어촌학생전형,지능형SW융합대학,컴퓨터공학부,4,7,1.75
경기,사립,안양대학교(안양),학생부교과(아리학생부면접),,행정학과(야간),4,7,1.75
경기,국립,한경국립대학교,학생부교과(지역균형선발_안성)_정원내,,식물생명환경학과,4,7,1.75
경기,국립,한경국립대학교,학생부교과(지역균형선발_안성)_정원내,,식품생명공학과,4,7,1.75
경기,사립,한국외국어대학교(용인),학생부종합전형(면접형),,몽골학과,4,7,1.75
경기,사립,협성대학교,정원내 [학생부교과]미래창의인재,이공대학,건축공학과,4,7,1.75
경기,사립,화성의과학대학교,(정원외) 기초생활수급자 및 차상위계층 등 특별전형,,간호학과,4,7,1.75
서울,사립,가톨릭대학교(서울),학생부종합(잠재능력우수자서류전형),,아동학과,4,7,1.75
서울,사립,경기대학교(서울),학생부교과(농어촌학생전형),,"전자공학부 / 나노·반도체전공, 정보통신시스템전공, 로봇공학전공",4,7,1.75
서울,사립,경희대학교(서울),국제캠퍼스 학생부교과(지역균형전형),자연계열,산업경영공학과,4,7,1.75
서울,사립,경희대학교(서울),국제캠퍼스 논술우수자전형,자연계열,스마트팜과학과,4,7,1.75
서울,사립,상명대학교(서울),정원 내 학생부종합(상명인재전형),,전기공학전공,4,7,1.75
서울,사립,상명대학교(서울),정원 내 학생부종합(기회균형전형),,지능·데이터융합학부 / 휴먼AI공학전공,4,7,1.75
서울,사립,서울여자대학교,학생부종합(바롬인재서류전형),과학기술융합대학,생명환경공학과,4,7,1.75
서울,사립,세종대학교,학생부종합(사회기여 및 배려자 전형),인공지능융합,AI로봇학과,4,7,1.75
서울,사립,세종대학교,논술(논술우수자 전형),생명과학,스마트생명산업융합학과,4,7,1.75
서울,사립,숭실대학교,학생부교과(교과우수자전형-학교장 추천),,정치외교학과,4,7,1.75
서울,사립,연세대학교(서울),학생부교과전형 (추천형),문과대학,문헌정보학과,4,7,1.75
서울,사립,이화여자대학교,학생부종합(미래인재전형-서류형),사범대학,수학교육과,4,7,1.75
서울,사립,한국외국어대학교(서울),학생부종합전형(면접형),,몽골학과,4,7,1.75
서울,사립,홍익대학교(서울),농어촌학생전형,법과대학,법학부,4,7,1.75
인천,사립,안양대학교(강화),학생부교과(아리학생부면접),,행정학과(야간),4,7,1.75
인천,국립,인천대학교,학생부교과(지역균형),자연과학대학,패션산업학과,4,7,1.75
인천,사립,인하대학교,학생부종합 인하미래인재(서류형),공과대학,고분자공학과,4,7,1.75
인천,사립,청운대학교(인천),청운인재전형,,전자공학과,4,7,1.75
대전,사립,대전대학교,"교과면접전형 [1단계:교과/출석 100%, 2단계:교과/출석 60% + 면접 40%]",보건의료과학대학,화장품학과,4,7,1.75
대전,국립,충남대학교,일반전형,인문대학,국사학과,4,7,1.75
대전,국립,충남대학교,일반전형,지식융합학부,문화와사회융합전공,4,7,1.75
대전,국립,충남대학교,영농창업인재전형,농업생명과학대학,생물환경화학과(영농창업),4,7,1.75
세종,사립,홍익대학교(세종),농어촌학생전형,조형대학,디자인컨버전스학부,4,7,1.75
충남,국립,국립공주대학교,학생부종합전형  일반전형(정원내),산업과학대학,부동산학과,4,7,1.75
충남,국립,국립공주대학교,학생부교과전형  일반전형(정원내),사범대학,지구과학교육과,4,7,1.75
충남,사립,단국대학교(천안),[학생부종합] 교육기회배려자(정원외) 경쟁률 현황 (죽전),,무역학과,4,7,1.75
충남,사립,단국대학교(천안),[논술위주] 논술우수자 경쟁률 현황 (죽전),,융합반도체공학과,4,7,1.75
충남,사립,단국대학교(천안),[논술위주] 논술우수자 경쟁률 현황 (죽전),,인공지능학과,4,7,1.75
충남,사립,백석대학교,정원외 모집 학생부 교과 기초생활수급자 및 차상위계층,,사범학부 특수교육과,4,7,1.75
충남,사립,백석대학교,정원외 모집 학생부 교과 + 면접 계약학과,,아이디 헤어,4,7,1.75
충남,사립,상명대학교(천안),정원내 학생부종합(상명인재전형),,AI미디어콘텐츠전공,4,7,1.75
충남,사립,상명대학교(천안),정원내 학생부종합(상명인재전형),,경영공학과,4,7,1.75
충남,사립,상명대학교(천안),정원내 학생부종합(상명인재전형),,건설시스템공학과,4,7,1.75
충남,사립,청운대학교(홍성),청운인재전형,,전자공학과,4,7,1.75
충남,사립,한국기술교육대학교,사회통합,,메카트로닉스공학부,4,7,1.75
충북,사립,청주대학교,"정원내 교과면접전형 경쟁률 현황 ※ 면접전형 : 교과70%+ 면접30% 단, 항공서비스학과 만 교과60%+ 면접40% 생활기록부 미반영 면접",AI·SW융합대학,"전기제어공학과 / 국비지원사업선정(SW중심대학사업 8년간 150억, 첨단로봇/제조를 위한 요소기술개발 공동연구센터사업 5년간 25억, AI모빌리티 R&BD센터 5년간 5억 등)",4,7,1.75
충북,사립,청주대학교,"정원내 교과면접전형 경쟁률 현황 ※ 면접전형 : 교과70%+ 면접30% 단, 항공서비스학과 만 교과60%+ 면접40% 생활기록부 미반영 면접",보건의료과학대학,"의료경영학과 / 최근 3년 동일 전공 전국 평균을 뛰어넘는 우수한 취업 경쟁력! 서울성모병원, 암 센터 등 메이저 대학병원 및 보건 의료 공공기관 취업 성과",4,7,1.75
충북,국립,충북대학교,학생부종합(학생부종합Ⅰ전형),농업생명환경대학,특용식물학과,4,7,1.75
충북,국립,충북대학교,학생부종합(학생부종합Ⅱ전형),자연과학대학,생화학과,4,7,1.75
서울,사립,강서대학교,교과우수자,,자유전공학부(교과우수자),45,79,1.76
충북,국립,충북대학교,학생부교과(학생부교과전형),전자정보대학,정보통신공학부,25,44,1.76
서울,사립,고려대학교(서울),서울캠퍼스 학생부교과(학교추천전형),정경대학,경제학과,21,37,1.76
경기,사립,중부대학교(고양),학교생활우수자전형,,반려동물사육학전공 / 반려동물사육학전공,17,30,1.76
서울,사립,세종대학교,학생부교과(지역균형 전형),공과,우주항공시스템공학부-지능형드론융합전공,17,30,1.76
서울,사립,세종대학교,논술(논술우수자 전형),인공지능융합,지능정보융합학과,17,30,1.76
인천,사립,인천가톨릭대학교(인천/강화),실기우수자,조형예술대학,조형예술학과 / 인물모델링,17,10,1.76
충남,국립,국립공주대학교,실기/실적전형  일반전형(정원내),예술대학,주얼리·금속디자인학과,17,30,1.76
충남,사립,나사렛대학교,일반학생전형(학생부교과/실기위주),,응급구조학과,17,30,1.76
충남,사립,중부대학교(금산),학교생활우수자전형,,반려동물사육학전공 / 반려동물사육학전공,17,30,1.76
충북,사립,청주대학교,정원내 일반전형 [교과100%],인문사회대학,"경찰행정학과 / 청원경찰서와 연계한 경찰 현장 실습으로 차별화된 현장감 있는 경찰 교육, 전 학년 대상 토익 특강과 전문 경찰 영어 교육을 통해 대한민국을 이끌어갈 정예 경찰관 육성",17,30,1.76
경기,사립,화성의과학대학교,(정원내) 학생부 교과우수자 전형,,간호학과,31,55,1.77
대전,사립,목원대학교,실기전형 경쟁률 현황 실기100 [수능최저없음],미술·디자인대학,"미술학부(한국화전공, 서양화전공, 아트미디어전공)",30,53,1.77
충북,국립,충북대학교,학생부교과(학생부교과전형),공과대학,토목공학부,26,46,1.77
서울,사립,건국대학교(서울),학생부종합(KU자기추천),사회과학대학,응용통계학과,13,23,1.77
서울,사립,장로회신학대학교,정원내 학생부우수자,,기독교교육과,13,23,1.77
세종,사립,홍익대학교(세종),교과우수자전형,AID융합과학기술대학,나노반도체공학과,13,23,1.77
충북,사립,중원대학교,학생부교과 (일반전형1),,경찰행정학과,13,23,1.77
경기,사립,신한대학교(의정부/동두천),학생부우수자전형(교과100%),,치기공학과,18,32,1.78
서울,사립,서울한영대학교,장애인 등 대상자전형(정원외),,신학과,18,4,1.78
충북,사립,청주대학교,정원내 일반전형 [교과100%],보건의료과학대학,"임상병리학과 / 최근 2개년 임상병리사 국가시험 100% 합격, 서울아산·삼성서울·서울대·세브란스병원 등 전국 상급종합병원 진출, NGS 등 최신 분자진단기술 실습",18,32,1.78
경기,사립,경기대학교(수원),학생부교과(교과성적우수자전형),,"경제학부 / 경제학전공, 응용통계학전공, 지식재산학전공",9,16,1.78
경기,사립,경기대학교(수원),학생부교과(학교장추천전형),,"스마트시티공학부 / 건축공학전공, 도시교통공학전공",9,16,1.78
경기,사립,경기대학교(수원),학생부교과(농어촌학생전형),,"글로벌어문학부 / 독어독문전공, 프랑스어문전공, 일어일문전공, 중어중문전공, 러시아어문전공",9,16,1.78
경기,사립,경기대학교(수원),학생부종합(기회균형선발전형),,사회에너지시스템공학과,9,16,1.78
경기,사립,명지대학교(용인),학생부종합(명지인재서류전형),,스마트시스템공과대학 / 기계시스템공학부<기계공학전공·로봇공학전공>,9,16,1.78
경기,사립,안양대학교(안양),학생부교과(아리학생부면접),,환경에너지공학과,9,16,1.78
경기,사립,한국공학대학교,학생부교과(교과우수자),,반도체공학부 나노반도체공학전공,9,16,1.78
경기,사립,한양대학교(ERICA),학생부종합(고른기회),공학대학,전자공학부,9,16,1.78
서울,사립,경기대학교(서울),학생부교과(교과성적우수자전형),,"경제학부 / 경제학전공, 응용통계학전공, 지식재산학전공",9,16,1.78
서울,사립,경기대학교(서울),학생부교과(학교장추천전형),,"스마트시티공학부 / 건축공학전공, 도시교통공학전공",9,16,1.78
서울,사립,경기대학교(서울),학생부교과(농어촌학생전형),,"글로벌어문학부 / 독어독문전공, 프랑스어문전공, 일어일문전공, 중어중문전공, 러시아어문전공",9,16,1.78
서울,사립,경기대학교(서울),학생부종합(기회균형선발전형),,사회에너지시스템공학과,9,16,1.78
서울,사립,광운대학교,학생부종합【광운참빛인재전형Ⅱ-서류형】,,미디어커뮤니케이션학부,9,16,1.78
서울,사립,명지대학교(서울),학생부종합(명지인재서류전형),,스마트시스템공과대학 / 기계시스템공학부<기계공학전공·로봇공학전공>,9,16,1.78
서울,공립,서울시립대학교,고교추천전형,공과대학,화학공학과,9,16,1.78
서울,사립,서울여자대학교,학생부종합(바롬인재서류전형),과학기술융합대학,원예생명조경학과,9,16,1.78
서울,사립,숭실대학교,학생부종합(SSU미래인재전형-면접형),,회계학과,9,16,1.78
인천,사립,안양대학교(강화),학생부교과(아리학생부면접),,환경에너지공학과,9,16,1.78
인천,국립,인천대학교,학생부종합(자기추천),생명과학기술대학,생명과학부 분자의생명전공,9,16,1.78
대전,사립,우송대학교,정원내 학생부 종합 - 종합면접형 전형,외식조리대학,글로벌조리학부 / 글로벌조리전공,9,16,1.78
대전,국립,충남대학교,학생부종합 면접전형,공과대학,응용화학공학과,9,16,1.78
경기,사립,경동대학교(양주),일반학생,,메트로폴캠퍼스(경기도 양주) / 유아교육과 [사범계],68,122,1.79
경기,사립,강남대학교,[정원내]실기/실적위주(실기전형),예체능계,디자인학과,42,75,1.79
충남,사립,백석대학교,정원내 모집 학생부 교과 일반전형,,사범학부 유아특수교육과,28,50,1.79
대전,사립,배재대학교,정원내 실기/실적 예술인재,,"공연예술학부(실용음악-보컬,악기,작곡) [교직]",24,43,1.79
경기,사립,한국공학대학교,학생부종합(창의인재),,기계설계공학부 기계설계전공,14,25,1.79
경기,사립,한양대학교(ERICA),학생부종합(조기취업형 계약학과),공학대학,스마트융합공학부(로봇융합전공),14,25,1.79
서울,사립,숭실대학교,학생부교과(교과우수자전형-학교장 추천),,영어영문학과,14,25,1.79
세종,사립,고려대학교(세종),학생부종합(크림슨인재전형),공공정책대학,정부행정학부,14,25,1.79
충남,사립,순천향대학교,[정원내] 학생부종합(일반학생전형),AI대학,컴퓨터공학부(소프트웨어공학전공),14,25,1.79
경기,사립,성결대학교,[학생부교과] 교과성적우수자,미래인재융합대학,SK자율전공학부,66,119,1.8
대전,사립,우송대학교,정원내 학생부 교과 - 교과중심 전형 (교과100% / 12과목 반영),자유전공학부,자유전공학부,40,72,1.8
경기,사립,한신대학교,참인재,자유전공학부,자유전공학부,35,63,1.8
대전,사립,배재대학교,정원내 학생부교과 교과,,광고사진영상학과,35,63,1.8
경기,사립,수원대학교,교과논술전형,혁신공과대학,건설환경에너지공학부,30,54,1.8
대전,사립,건양대학교(대전),일반[교과],,재난안전소방학전공,30,54,1.8
충남,사립,건양대학교(논산),일반[교과],,재난안전소방학전공,30,54,1.8
경기,사립,신한대학교(의정부/동두천),신한국인전형(학생부서류100%),,K-CULTURE대학(자율전공) -산업디자인학과 - 패션디자인학과 - 실내디자인학과 - 공연예술학과 - K-POP학과 - 모델콘텐츠학과 - K-뷰티학과 - 미디어영상학과,20,36,1.8
서울,사립,서경대학교,기회균형② 특별전형 - 특성화고 등을 졸업한 재직자,,미디어광고학과,20,36,1.8
충북,사립,청주대학교,정원내 일반전형 [교과100%],인문사회대학,"국어교육과 (사범) / 25 충북권 국어교육과 장학금 1위(4,692,990), 취업률 2위, 청석학원 중·고 5개교를 협력학교로 교육 현장에 바로 설 국어교사를 양성",20,36,1.8
충남,사립,순천향대학교,[정원내] 학생부종합(일반학생전형),공과대학,전기공학과,15,27,1.8
충북,국립,충북대학교,학생부교과(학생부교과전형),공과대학,기계공학부,15,27,1.8
경기,사립,가천대학교(성남),학생부우수자 전형,자연계열,도시계획·조경학부,10,18,1.8
경기,사립,대진대학교,"학생부종합(윈윈대진전형) - 1단계:서류평가100%, 2단계:1단계 성적70% + 면접30%",인문사회대학,중국학과 [교직],10,18,1.8
경기,사립,수원대학교,면접위주교과전형,라이프케어사이언스대학,간호학과,10,18,1.8
경기,사립,아주대학교,고교추천전형,,건축학과,10,18,1.8
경기,사립,안양대학교(안양),학생부종합(아리학생부종합),,식품영양학과(교직),10,18,1.8
서울,사립,이화여자대학교,학생부교과(고교추천전형),사회과학대학,행정학과,10,18,1.8
인천,사립,가천대학교(인천),학생부우수자 전형,자연계열,도시계획·조경학부,10,18,1.8
인천,사립,안양대학교(강화),학생부종합(아리학생부종합),,식품영양학과(교직),10,18,1.8
인천,국립,인천대학교,학생부종합(자기추천),경영대학,세무회계학과,10,18,1.8
대전,사립,대전대학교,"교과면접전형 [1단계:교과/출석 100%, 2단계:교과/출석 60% + 면접 40%]",보건의료과학대학,임상병리학과,10,18,1.8
충남,사립,백석대학교,정원외 모집 학생부 교과 농어촌학생 일반전형,,사회복지학부,10,18,1.8
경기,사립,가톨릭대학교(부천),학생부종합(잠재능력우수자서류전형),,화학과,5,9,1.8
경기,사립,단국대학교(죽전),[학생부종합] DKU인재(면접형) 경쟁률 현황 (죽전),,인프라건설공학과,5,9,1.8
경기,사립,단국대학교(죽전),[학생부교과] 학생부교과우수자 경쟁률 현황 (천안),,유럽중남미학부(프랑스학전공),5,9,1.8
경기,사립,성균관대학교(수원),학생부교과(추천인재),,영상학과,5,9,1.8
경기,사립,성균관대학교(수원),학생부교과(추천인재),,의상학과,5,9,1.8
경기,사립,수원대학교,고운사회전형,자유전공학부,자유전공학부,5,9,1.8
경기,사립,수원대학교,고운사회전형,경영공학대학,경영공학대학,5,9,1.8
경기,사립,안양대학교(안양),학생부교과(아리학생부면접),,데이터사이언스학과,5,9,1.8
경기,사립,안양대학교(안양),학생부종합(아리학생부종합),,인문계열자유전공,5,9,1.8
경기,국립,한경국립대학교,학생부교과(특수교육대상자_평택)_정원내,,제품공간디자인학과,5,9,1.8
경기,사립,한국외국어대학교(용인),학교장추천전형,,아랍어과,5,9,1.8
경기,사립,한국외국어대학교(용인),학생부종합전형(서류형),,루마니아학과,5,9,1.8
경기,사립,한국외국어대학교(용인),학생부종합전형(서류형),,세르비아·크로아티아학과,5,9,1.8
경기,사립,협성대학교,정원내 [학생부교과]교과성적우수자,경영대학,금융보험학과,5,9,1.8
경기,사립,협성대학교,정원내 [학생부교과]미래창의인재,경영대학,경영학과,5,9,1.8
서울,사립,가톨릭대학교(서울),학생부종합(잠재능력우수자서류전형),,화학과,5,9,1.8
서울,사립,고려대학교(서울),서울캠퍼스 학생부교과(학교추천전형),사범대학,역사교육과,5,9,1.8
서울,사립,삼육대학교,기회균형Ⅰ전형,,인공지능융합학부,5,9,1.8
서울,사립,삼육대학교,기회균형Ⅰ전형,,화학생명과학과,5,9,1.8
서울,사립,서강대학교,학생부교과(지역균형),,유럽문화학과,5,9,1.8
서울,공립,서울시립대학교,고교추천전형,도시과학대학,건축학부(건축공학전공),5,9,1.8
서울,사립,서울여자대학교,학생부교과(교과우수자전형),사회과학대학,문헌정보학과,5,9,1.8
서울,사립,성균관대학교(서울),학생부교과(추천인재),,영상학과,5,9,1.8
서울,사립,성균관대학교(서울),학생부교과(추천인재),,의상학과,5,9,1.8
서울,사립,세종대학교,학생부종합(세종인재 전형(면접형)),자연과학,수학통계학과,5,9,1.8
서울,사립,연세대학교(서울),학생부교과전형 (추천형),문과대학,철학과,5,9,1.8
서울,사립,연세대학교(서울),학생부교과전형 (추천형),공과대학,산업공학과,5,9,1.8
서울,사립,연세대학교(서울),학생부교과전형 (추천형),생활과학대학,통합디자인학과,5,9,1.8
서울,사립,한국외국어대학교(서울),학교장추천전형,,아랍어과,5,9,1.8
서울,사립,한국외국어대학교(서울),학생부종합전형(서류형),,루마니아학과,5,9,1.8
서울,사립,한국외국어대학교(서울),학생부종합전형(서류형),,세르비아·크로아티아학과,5,9,1.8
서울,국립,한국체육대학교,교과성적우수자,,스포츠청소년지도학과,5,9,1.8
서울,사립,한양대학교(서울),학생부교과(추천형),공과대학,산업공학과,5,9,1.8
서울,사립,홍익대학교(서울),학교장추천자전형,사범대학,교육학과,5,9,1.8
인천,사립,안양대학교(강화),학생부교과(아리학생부면접),,데이터사이언스학과,5,9,1.8
인천,사립,안양대학교(강화),학생부종합(아리학생부종합),,인문계열자유전공,5,9,1.8
인천,국립,인천대학교,학생부교과(교과성적우수자),공과대학,바이오-로봇시스템공학과,5,9,1.8
인천,사립,인하대학교,학생부종합 인하미래인재(서류형),경영대학,아태물류학부,5,9,1.8
대전,사립,건양대학교(대전),농어촌학생전형,,임상병리학과,5,9,1.8
대전,사립,대전대학교,"교과면접전형 [1단계:교과/출석 100%, 2단계:교과/출석 60% + 면접 40%]",공과대학,반도체공학과,5,9,1.8
대전,사립,배재대학교,정원내 학생부교과 지역인재Ⅰ,,유아교육과 [사범],5,9,1.8
대전,사립,배재대학교,정원내 학생부교과 지역인재Ⅰ,,전기공학과,5,9,1.8
대전,사립,우송대학교,정원내 학생부 교과 - 지역인재 전형 (교과100% / 12과목 반영),보건복지대학,소방·안전학부,5,9,1.8
대전,사립,우송대학교,정원내 학생부 종합 - 종합면접형 전형,보건복지대학,뷰티디자인경영학과,5,9,1.8
충남,사립,건양대학교(논산),농어촌학생전형,,임상병리학과,5,9,1.8
충남,국립,국립공주대학교,학생부교과전형  지역인재전형(정원내),사범대학,수학교육과,5,9,1.8
충남,사립,단국대학교(천안),[학생부종합] DKU인재(면접형) 경쟁률 현황 (죽전),,인프라건설공학과,5,9,1.8
충남,사립,단국대학교(천안),[학생부교과] 학생부교과우수자 경쟁률 현황 (천안),,유럽중남미학부(프랑스학전공),5,9,1.8
충남,사립,백석대학교,정원내 모집 학생부 교과 사회기여자 및 배려대상자,,어문학부,5,9,1.8
충남,사립,백석대학교,정원외 모집 학생부 교과 농어촌학생 일반전형,,보건학부 물리치료학과,5,9,1.8
충남,사립,한국기술교육대학교,창의인재(면접형),,전자공학전공,5,9,1.8
충남,사립,호서대학교,- 정원내 학생부교과 면접전형,,청소년문화·상담학과,5,9,1.8
충남,사립,호서대학교,- 정원내 학생부교과 지역인재전형,,안전공학과,5,9,1.8
충남,사립,호서대학교,- 정원내 학생부교과 기회균형전형,,경찰행정학과,5,9,1.8
충남,사립,호서대학교,- 정원내 학생부종합 호서인재전형,,영어영문학과,5,9,1.8
충북,사립,청주대학교,정원내 일반전형 [교과100%],보건의료과학대학,"물리치료학과 / 체계적인 전공교육과 임상실습, AI·융합교육과 1:1 진로지도를 통해 실력과 취업 경쟁력을 갖춘 미래형 물리치료사 양성",5,9,1.8
충북,사립,청주대학교,정원내 미래인재전형 [교과100%],경상대학,경제금융학과 / 최근 3년 유지취업률 88.8% 달성! 4차 산업혁명과 함께하는 글로벌 경제 금융 인재 양성,5,9,1.8
충북,국립,충북대학교,학생부종합(학생부종합Ⅱ전형),공과대학,화학공학과,5,9,1.8
충북,국립,충북대학교,학생부교과(학생부교과전형),사회과학대학,행정학과,5,9,1.8
경기,사립,아주대학교,첨단융합인재전형,,첨단에코에너지공학과,36,65,1.81
경기,사립,강남대학교,[정원내]논술위주(논술전형),공학계,전자반도체공학부,21,38,1.81
대전,국립,국립한밭대학교,학생부종합(일반)전형,,화학생명공학과,21,38,1.81
충북,국립,충북대학교,학생부종합(학생부종합Ⅰ전형),공과대학,토목공학부,16,29,1.81
경기,사립,경동대학교(양주),일반학생,,임상병리학과,55,100,1.82
대전,국립,충남대학교,일반전형,창의융합대학,자율전공융합학부,49,89,1.82
경기,사립,성결대학교,[학생부교과] SKU창의,IT융합공과대학,ICT공학과,17,31,1.82
경기,사립,한국외국어대학교(용인),학생부종합전형(서류형),,아프리카학부,11,20,1.82
서울,사립,성공회대학교,교과성적,,미디어콘텐츠융합학부,11,20,1.82
서울,사립,숙명여자대학교,[실기/실적] 예능창의인재전형,미술대학,환경디자인과,11,20,1.82
서울,사립,한국외국어대학교(서울),학생부종합전형(서류형),,아프리카학부,11,20,1.82
인천,사립,인하대학교,학생부종합 인하미래인재(면접형),공과대학,산업경영공학과,11,20,1.82
세종,사립,고려대학교(세종),학생부종합(크림슨인재전형),과학기술대학,미래모빌리티학과,11,20,1.82
충북,사립,건국대학교(글로컬),[학생부교과] 교과우수,인문사회융합대학,영어문화학과,11,20,1.82
충북,국립,충북대학교,학생부교과(지역인재전형),전자정보대학,전기공학부,11,20,1.82
충남,국립,국립공주대학교,학생부교과전형  일반전형(정원내),천안공과대학,전기전자제어공학부,81,148,1.83
경기,사립,경기대학교(수원),학생부종합(KGU학생부종합전형),,기계시스템공학과,24,44,1.83
서울,사립,경기대학교(서울),학생부종합(KGU학생부종합전형),,기계시스템공학과,24,44,1.83
경기,사립,가천대학교(성남),논술 전형,자연계열,스마트팩토리학과,18,33,1.83
경기,사립,가천대학교(성남),논술 전형,자연계열,스마트시티학과,18,33,1.83
인천,사립,가천대학교(인천),논술 전형,자연계열,스마트팩토리학과,18,33,1.83
인천,사립,가천대학교(인천),논술 전형,자연계열,스마트시티학과,18,33,1.83
인천,사립,청운대학교(인천),일반전형,,설비소방학과,18,33,1.83
충남,국립,국립공주대학교,학생부교과전형  지역인재전형(정원내),간호보건대학,간호학과,18,33,1.83
충남,사립,청운대학교(홍성),일반전형,,설비소방학과,18,33,1.83
경기,사립,성균관대학교(수원),학생부교과(추천인재),,사회학과,12,22,1.83
서울,사립,광운대학교,학생부종합【광운참빛인재전형Ⅱ-서류형】,,소프트웨어학부,12,22,1.83
서울,사립,성균관대학교(서울),학생부교과(추천인재),,사회학과,12,22,1.83
서울,사립,이화여자대학교,학생부종합(미래인재전형-서류형),사회과학대학,정치외교학과,12,22,1.83
서울,사립,이화여자대학교,학생부종합(미래인재전형-서류형),사회과학대학,심리학과,12,22,1.83
대전,국립,국립한밭대학교,학생부종합(일반)전형,,건축설비시스템공학과,12,22,1.83
충남,국립,국립공주대학교,학생부교과전형  일반전형(정원내),인문사회과학대학,법학과,12,22,1.83
충남,사립,순천향대학교,[정원내] 학생부교과(교과우수자전형),자연과학대학,식품영양학과,12,22,1.83
경기,사립,가천대학교(성남),학생부우수자 전형,인문계열,심리학과,6,11,1.83
경기,사립,가천대학교(성남),학생부우수자 전형,자연계열,식품영양학과,6,11,1.83
경기,사립,가톨릭대학교(부천),학생부종합(잠재능력우수자면접전형),,물리학과,6,11,1.83
경기,사립,단국대학교(죽전),[학생부종합] DKU인재(서류형) 경쟁률 현황 (죽전),,기계공학과,6,11,1.83
경기,사립,명지대학교(용인),학생부교과(학교장추천전형),,경상·통계학부 / 경제학전공,6,11,1.83
경기,사립,명지대학교(용인),학생부교과(학교장추천전형),,반도체·ICT대학 / 반도체공학부,6,11,1.83
경기,사립,명지대학교(용인),학생부종합(명지인재면접전형),,화공신소재공학부 / 화학공학전공,6,11,1.83
경기,사립,명지대학교(용인),학생부종합(명지인재면접전형),,반도체·ICT대학 / 반도체공학부,6,11,1.83
경기,사립,명지대학교(용인),학생부종합(명지인재서류전형),,스마트인프라공학부 / 건설환경공학전공,6,11,1.83
경기,사립,성균관대학교(수원),학생부교과(추천인재),,전공예약 / 생명과학과,6,11,1.83
경기,사립,안양대학교(안양),학생부교과(아리학생부면접),,정보전기전자공학과(야간),6,11,1.83
경기,국립,한경국립대학교,학생부교과(일반전형_안성)_정원내,,식품영양학과,6,11,1.83
경기,사립,협성대학교,정원내 [학생부종합]융합인재Ⅰ(서류),인문사회과학대학,사회복지학과,6,11,1.83
서울,사립,가톨릭대학교(서울),학생부종합(잠재능력우수자면접전형),,물리학과,6,11,1.83
서울,사립,건국대학교(서울),학생부교과(KU지역균형),공과대학,화공·생명·에너지공학부,6,11,1.83
서울,사립,고려대학교(서울),서울캠퍼스 학생부교과(학교추천전형),문과대학,노어노문학과,6,11,1.83
서울,사립,고려대학교(서울),서울캠퍼스 학생부교과(학교추천전형),국제대학,국제학부,6,11,1.83
서울,사립,광운대학교,학생부교과【지역균형 전형】,,전자바이오물리학과,6,11,1.83
서울,사립,명지대학교(서울),학생부교과(학교장추천전형),,경상·통계학부 / 경제학전공,6,11,1.83
서울,사립,명지대학교(서울),학생부교과(학교장추천전형),,반도체·ICT대학 / 반도체공학부,6,11,1.83
서울,사립,명지대학교(서울),학생부종합(명지인재면접전형),,화공신소재공학부 / 화학공학전공,6,11,1.83
서울,사립,명지대학교(서울),학생부종합(명지인재면접전형),,반도체·ICT대학 / 반도체공학부,6,11,1.83
서울,사립,명지대학교(서울),학생부종합(명지인재서류전형),,스마트인프라공학부 / 건설환경공학전공,6,11,1.83
서울,사립,성균관대학교(서울),학생부교과(추천인재),,전공예약 / 생명과학과,6,11,1.83
서울,사립,연세대학교(서울),학생부종합전형 (기회균형),공과대학,건축공학과,6,11,1.83
서울,사립,이화여자대학교,학생부종합(미래인재전형-서류형),신산업융합대학,국제사무학과,6,11,1.83
서울,사립,장로회신학대학교,정원내 대안학교출신자,,기독교교육과,6,11,1.83
서울,사립,한양대학교(서울),학생부종합(서류형),공과대학,정보시스템학과(상경),6,11,1.83
인천,사립,가천대학교(인천),학생부우수자 전형,인문계열,심리학과,6,11,1.83
인천,사립,가천대학교(인천),학생부우수자 전형,자연계열,식품영양학과,6,11,1.83
인천,사립,안양대학교(강화),학생부교과(아리학생부면접),,정보전기전자공학과(야간),6,11,1.83
인천,사립,인하대학교,논술 논술우수자,공과대학,환경공학과,6,11,1.83
대전,국립,충남대학교,일반전형,농업생명과학대학,식물자원학과,6,11,1.83
대전,국립,충남대학교,지역인재전형,공과대학,항공우주공학과,6,11,1.83
충남,국립,국립공주대학교,학생부종합전형  일반전형(정원내),자연과학대학,지질환경과학과,6,11,1.83
충남,국립,국립공주대학교,학생부종합전형  일반전형(정원내),간호보건대학,의료정보학과,6,11,1.83
충남,사립,단국대학교(천안),[학생부종합] DKU인재(서류형) 경쟁률 현황 (죽전),,기계공학과,6,11,1.83
충북,사립,청주대학교,정원내 지역인재전형 [교과100%],항공·국방대학,"항공기계공학과 / AI 시대를 선도하는 첨단 항공기술 교육, 국토부 항공정비 전문교육기관 100% 이수, 국비 항공우주부트캠프 150억, K-항공MRO RISE사업 31.3억 지원",6,11,1.83
충북,국립,충북대학교,학생부교과(학생부교과전형),전자정보대학,컴퓨터공학과,6,11,1.83
대전,사립,배재대학교,정원내 학생부교과 일반고교과,,경영학과,32,59,1.84
인천,사립,청운대학교(인천),일반전형,,광고홍보학과,25,46,1.84
대전,사립,건양대학교(대전),일반[교과],,국방반도체공학과,25,46,1.84
대전,사립,목원대학교,"교과전형 경쟁률 현황 교과100 [면접없음, 수능최저없음]",보건안전대학,보건의료행정학과,25,46,1.84
충남,사립,건양대학교(논산),일반[교과],,국방반도체공학과,25,46,1.84
충남,사립,청운대학교(홍성),일반전형,,광고홍보학과,25,46,1.84
충북,사립,청주대학교,정원내 일반전형 [교과100%],AI·SW융합대학,"전기제어공학과 / 국비지원사업선정(SW중심대학사업 8년간 150억, 첨단로봇/제조를 위한 요소기술개발 공동연구센터사업 5년간 25억, AI모빌리티 R&BD센터 5년간 5억 등)",19,35,1.84
서울,사립,홍익대학교(서울),학교생활우수자전형,공과대학,전자·전기공학부,48,89,1.85
대전,국립,국립한밭대학교,학생부종합(학·석사)전형,,건설환경공학과,26,48,1.85
대전,사립,대전대학교,교과중점전형 [교과/출석 100%],사회과학대학,경찰학과,26,48,1.85
경기,사립,대진대학교,실기/실적위주(실기우수자전형) - 실기80% + 교과20%,예술대학,시각디자인학과 [교직],20,37,1.85
대전,사립,우송대학교,정원내 학생부 교과 - 교과면접 전형 (교과80%+면접20% / 6과목 반영),철도대학,철도시스템학부 / 철도전기시스템전공,20,37,1.85
대전,사립,우송대학교,정원내 학생부 교과 - 교과중심 전형 (교과100% / 12과목 반영),외식조리대학,"글로벌외식,조리경영전공",13,24,1.85
충남,사립,순천향대학교,[정원내] 학생부종합(일반학생전형),공과대학,스마트자동차학과,13,24,1.85
서울,사립,숭실대학교,특성화고등을졸업한재직자전형,,국제무역학과,37,69,1.86
서울,사립,강서대학교,교과우수자,,경영학과(교과우수자),21,39,1.86
경기,사립,수원대학교,교과논술전형,혁신공과대학,건축학과,14,26,1.86
경기,사립,신한대학교(의정부/동두천),"실적우수자전형(학생부교과,출결20%+실적80%)",,태권도학부(시범문화전공),14,26,1.86
서울,사립,세종대학교,학생부종합(기회균형 전형),,IT계열,14,26,1.86
경기,사립,가천대학교(성남),가천바람개비 전형,인문계열,응용통계학과,7,13,1.86
경기,사립,경기대학교(수원),학생부교과(교과성적우수자전형),,"신소재화학공학부 / 신소재공학전공, 화학공학전공",7,13,1.86
경기,사립,대진대학교,"학생부종합(윈윈대진전형) - 1단계:서류평가100%, 2단계:1단계 성적70% + 면접30%",인문사회대학,역사·문화콘텐츠학과,7,13,1.86
경기,사립,서울신학대학교,[학생부교과]일반전형,,일본어문화콘텐츠학과,7,13,1.86
경기,사립,성결대학교,[학생부교과] 교과성적우수자,인문사회융합대학,한국어문화학과,7,13,1.86
경기,사립,을지대학교(성남의정부),지역균형(학교장추천),,물리치료학과,7,13,1.86
경기,사립,한국외국어대학교(용인),학생부종합전형(면접형),,생명공학과,7,13,1.86
경기,사립,한국외국어대학교(용인),학생부종합전형(면접형),,반도체전자공학부(전자공학전공),7,13,1.86
경기,사립,한신대학교,참인재,신학·인문융합계열,철학,7,13,1.86
서울,사립,경기대학교(서울),학생부교과(교과성적우수자전형),,"신소재화학공학부 / 신소재공학전공, 화학공학전공",7,13,1.86
서울,사립,삼육대학교,학교장추천전형,,식품영양학과,7,13,1.86
서울,사립,숭실대학교,학생부종합(기회균형전형),,글로벌미디어학부,7,13,1.86
서울,사립,한국외국어대학교(서울),학생부종합전형(면접형),,생명공학과,7,13,1.86
서울,사립,한국외국어대학교(서울),학생부종합전형(면접형),,반도체전자공학부(전자공학전공),7,13,1.86
서울,국립,한국체육대학교,교과성적우수자,,노인체육복지학과,7,13,1.86
서울,사립,한양대학교(서울),학생부종합(추천형),인문과학대학,중어중문학과,7,13,1.86
인천,사립,가천대학교(인천),가천바람개비 전형,인문계열,응용통계학과,7,13,1.86
대전,사립,을지대학교(대전),지역균형(학교장추천),,물리치료학과,7,13,1.86
충남,국립,국립공주대학교,학생부교과전형  일반전형(정원내),산업과학대학,지역사회개발학과,7,13,1.86
충북,국립,한국교원대학교,학생부종합우수자 일반전형,,불어교육과,7,13,1.86
경기,사립,성균관대학교(수원),학생부종합(탐구인재),,자유전공계열,30,56,1.87
경기,사립,수원대학교,교과우수전형,인문사회융합대학,인문사회융합대학,30,56,1.87
서울,사립,성균관대학교(서울),학생부종합(탐구인재),,자유전공계열,30,56,1.87
경기,사립,신한대학교(의정부/동두천),일반전형(교과60%+면접40%),,사이버드론봇군사학과,23,43,1.87
인천,사립,인하대학교,학생부종합 인하미래인재(면접형),문과대학,문화콘텐츠문화경영학과,23,43,1.87
서울,사립,삼육대학교,논술우수자전형,,환경디자인원예학과,15,28,1.87
대전,국립,충남대학교,일반전형,자연과학대학,물리학과*,15,28,1.87
세종,사립,고려대학교(세종),학생부교과(일반전형),과학기술대학,전자·기계융합공학과,15,28,1.87
경기,사립,명지대학교(용인),학생부교과(특성화고등졸재직자전형),,인문캠퍼스(서울) 소계,147,276,1.88
서울,사립,명지대학교(서울),학생부교과(특성화고등졸재직자전형),,인문캠퍼스(서울) 소계,147,276,1.88
충남,사립,백석대학교,정원내 모집 학생부 교과 일반전형,,사회복지학부,108,203,1.88
충북,사립,세명대학교,일반전형(정원내),인문사회,미디어콘텐츠창작학과,25,47,1.88
충북,사립,세명대학교,일반전형(정원내),공학,전기전자공학과,25,47,1.88
경기,사립,중부대학교(고양),실기우수자전형,,연극영화학전공 / 연극 연출/기획,17,32,1.88
충남,사립,중부대학교(금산),실기우수자전형,,연극영화학전공 / 연극 연출/기획,17,32,1.88
서울,사립,이화여자대학교,학생부교과(고교추천전형),사범대학,과학교육과,16,30,1.88
서울,사립,이화여자대학교,학생부종합(미래인재전형-서류형),신산업융합대학,식품영양학과,16,30,1.88
서울,사립,총신대학교,정원외 특별전형 기초생활수급자 및 차상위,인문사회계열,신학과,16,11,1.88
대전,사립,대전대학교,교과중점전형 [교과/출석 100%],공과대학,건축공학과,16,30,1.88
대전,국립,충남대학교,일반전형,경상대학,경제학과,16,30,1.88
세종,사립,고려대학교(세종),학생부종합(크림슨인재전형),과학기술대학,식품생명공학과,16,30,1.88
경기,사립,명지대학교(용인),학생부종합(명지인재서류전형),,시스템생명과학전공,8,15,1.88
경기,사립,신한대학교(의정부/동두천),학생부우수자전형(교과100%),,임상병리학과,8,15,1.88
경기,국립,한경국립대학교,학생부종합(잠재력우수자_안성)_정원내,,응용생명공학과,8,15,1.88
경기,사립,한국공학대학교,학생부교과(교과우수자),,경영학부 경영학전공,8,15,1.88
서울,사립,건국대학교(서울),학생부교과(KU지역균형),건축대학,건축학부,8,15,1.88
서울,사립,고려대학교(서울),서울캠퍼스 학생부교과(학교추천전형),문과대학,중어중문학과,8,15,1.88
서울,사립,고려대학교(서울),서울캠퍼스 학생부교과(학교추천전형),공과대학,산업경영공학부,8,15,1.88
서울,사립,광운대학교,학생부종합【광운참빛인재전형Ⅰ-면접형】,,행정학과,8,15,1.88
서울,사립,광운대학교,논술【논술우수자전형】,,정보융합학부,8,15,1.88
서울,사립,명지대학교(서울),학생부종합(명지인재서류전형),,시스템생명과학전공,8,15,1.88
서울,사립,삼육대학교,학교장추천전형,,화학생명과학과,8,15,1.88
서울,사립,상명대학교(서울),정원 내 실기/실적(실기전형),,성악-남,8,15,1.88
서울,사립,서울여자대학교,학생부종합(바롬인재면접전형),과학기술융합대학,식품영양학과,8,15,1.88
서울,사립,성신여자대학교,일반학생,,무용예술학과(발레),8,15,1.88
서울,사립,세종대학교,학생부종합(세종인재 전형(면접형)),공과,에너지자원공학과,8,15,1.88
인천,국립,인천대학교,학생부교과(지역균형),공과대학,전기공학과,8,15,1.88
충남,국립,국립공주대학교,학생부종합전형  일반전형(정원내),천안공과대학,스마트정보기술공학과,8,15,1.88
충남,사립,한국기술교육대학교,논술전형,,데이터경영전공,8,15,1.88
충남,국립,국립공주대학교,학생부교과전형  지역인재전형(정원내),본부,자율전공학부(예산캠퍼스) - 유형Ⅰ,35,66,1.89
대전,사립,목원대학교,"교과전형 경쟁률 현황 교과100 [면접없음, 수능최저없음]",보건안전대학,응급구조학과,27,51,1.89
서울,사립,연세대학교(서울),학생부교과전형 (추천형),진리자유학부,진리자유학부(인문),19,36,1.89
서울,사립,고려대학교(서울),서울캠퍼스 학생부교과(학교추천전형),보건과학대학,보건환경융합과학부,18,34,1.89
경기,사립,경기대학교(수원),학생부종합(기회균형선발전형),,"신소재화학공학부 / 신소재공학전공, 화학공학전공",9,17,1.89
서울,사립,경기대학교(서울),학생부종합(기회균형선발전형),,"신소재화학공학부 / 신소재공학전공, 화학공학전공",9,17,1.89
서울,사립,고려대학교(서울),서울캠퍼스 학생부교과(학교추천전형),문과대학,국어국문학과,9,17,1.89
대전,사립,대전대학교,"교과면접전형 [1단계:교과/출석 100%, 2단계:교과/출석 60% + 면접 40%]",경영대학,산업ㆍ광고심리학과 [교직],9,17,1.89
충남,국립,국립공주대학교,학생부종합전형  일반전형(정원내),천안공과대학,소프트웨어학과,9,17,1.89
충남,국립,국립공주대학교,학생부교과전형  일반전형(정원내),사범대학,수학교육과,9,17,1.89
충북,국립,충북대학교,학생부종합(학생부종합Ⅱ전형),경영대학,국제경영학과,9,17,1.89
충북,국립,충북대학교,학생부교과(학생부교과전형),자연과학대학,물리학과,9,17,1.89
충북,국립,충북대학교,실기/실적(실기우수자전형),예술학과군,미술학과(서양화),9,17,1.89
서울,사립,홍익대학교(서울),미술우수자전형,미술대학,디자인학부,68,129,1.9
경기,사립,성결대학교,[학생부교과] 교과성적우수자,신학대학,기독교교육상담학과,40,76,1.9
인천,사립,인하대학교,학생부종합 특성화고 등을 졸업한 재직자,미래융합대학,소프트웨어융합공학과,40,76,1.9
경기,사립,경동대학교(양주),일반학생,,경찰학과,39,74,1.9
대전,사립,건양대학교(대전),일반[교과],,특수교육과 [사범],30,57,1.9
충남,사립,건양대학교(논산),일반[교과],,특수교육과 [사범],30,57,1.9
세종,사립,홍익대학교(세종),미술우수자전형,,게임학부 게임그래픽디자인전공(미술계),29,55,1.9
대전,사립,목원대학교,"교과전형 경쟁률 현황 교과100 [면접없음, 수능최저없음]",문화콘텐츠대학,역사학과,20,38,1.9
충남,사립,호서대학교,- 정원내 학생부교과 면접전형,,동물보건복지학과,20,38,1.9
경기,사립,가천대학교(성남),가천바람개비 전형,인문계열,회계세무학과,10,19,1.9
경기,사립,명지대학교(용인),실기/실적(실기우수자전형),,기초디자인,10,19,1.9
경기,사립,성균관대학교(수원),학생부종합(탐구인재),,한문학과,10,19,1.9
경기,사립,수원대학교,면접위주교과전형,지능형SW융합대학,컴퓨터공학부,10,19,1.9
경기,사립,수원대학교,교과우수전형,혁신공과대학,전기전자공학부,10,19,1.9
서울,사립,고려대학교(서울),서울캠퍼스 학생부교과(학교추천전형),미디어대학,미디어학부,10,19,1.9
서울,사립,동덕여자대학교,논술우수자전형,자연정보과학대학,식품영양학전공,10,19,1.9
서울,사립,명지대학교(서울),실기/실적(실기우수자전형),,기초디자인,10,19,1.9
서울,사립,성균관대학교(서울),학생부종합(탐구인재),,한문학과,10,19,1.9
서울,사립,숙명여자대학교,[학생부종합] 숙명인재(면접형)전형,영어영문학부,테슬(TESL)전공,10,19,1.9
서울,사립,한성대학교,농어촌학생전형,미래융합사회과학대학,미래융합사회과학대학,10,19,1.9
인천,사립,가천대학교(인천),가천바람개비 전형,인문계열,회계세무학과,10,19,1.9
대전,사립,배재대학교,정원내 학생부교과 일반고교과,,레저스포츠학부(스포츠지도·건강재활),10,19,1.9
대전,사립,우송대학교,정원내 학생부 교과 - 교과면접 전형 (교과80%+면접20% / 6과목 반영),보건복지대학,동물의료관리학과,10,19,1.9
충남,사립,백석대학교,정원내 모집 학생부 종합 창의인재,,사범학부 특수교육과,10,19,1.9
충남,사립,백석대학교,정원외 모집 학생부 교과 기초생활수급자 및 차상위계층,,사회복지학부,10,19,1.9
충남,사립,상명대학교(천안),정원내 학생부종합(상명인재전형),,글로벌금융경영학부,10,19,1.9
대전,국립,충남대학교,학생부종합 서류전형,공과대학,신소재공학과,22,42,1.91
서울,사립,숭실대학교,학생부종합(SSU미래인재전형-서류형),,컴퓨터학부,11,21,1.91
서울,사립,이화여자대학교,학생부종합(미래인재전형-서류형),사회과학대학,문헌정보학과,11,21,1.91
인천,국립,인천대학교,학생부교과(지역균형),인공지능대학,컴퓨터공학부,11,21,1.91
대전,사립,대전대학교,교과중점전형 [교과/출석 100%],사회과학대학,중등특수교육과 [사범],11,21,1.91
대전,사립,우송대학교,정원내 학생부 교과 - 교과면접 전형 (교과80%+면접20% / 6과목 반영),외식조리대학,호텔관광학부 / 호텔관광경영전공,11,21,1.91
충북,국립,한국교원대학교,학생부종합우수자 일반전형,,역사교육과,11,21,1.91
충남,사립,백석대학교,정원내 모집 학생부 교과 일반전형,,관광학부 글로벌호텔비즈니스,25,48,1.92
경기,사립,경동대학교(양주),지역인재,,치위생학과,24,46,1.92
경기,사립,아주대학교,ACE전형,,사학과,13,25,1.92
경기,사립,한국공학대학교,학생부종합(창의인재),,컴퓨터공학부 소프트웨어전공,13,25,1.92
서울,사립,성신여자대학교,일반학생,,음악대학 / 성악과,13,25,1.92
인천,국립,인천대학교,학생부교과(교과성적우수자),글로벌정경대학,경제학과,13,25,1.92
충남,사립,백석대학교,정원내 모집 학생부 교과 사회기여자 및 배려대상자,,사회복지학부,13,25,1.92
서울,사립,덕성여자대학교,덕성인재전형Ⅱ[학생부위주(종합)],,글로벌융합대학(유아교육과),12,23,1.92
서울,사립,동덕여자대학교,학생부교과우수자 특별전형,약학대학,약학과,12,23,1.92
서울,사립,이화여자대학교,학생부교과(고교추천전형),공과대학,휴먼기계바이오공학과,12,23,1.92
서울,사립,이화여자대학교,학생부종합(미래인재전형-서류형),사회과학대학,행정학과,12,23,1.92
서울,사립,한성대학교,교과우수전형,크리에이티브인문예술대학,크리에이티브인문학부,12,23,1.92
대전,사립,대전대학교,교과중점전형 [교과/출석 100%],보건의료과학대학,물리치료학과,12,23,1.92
충남,국립,국립공주대학교,학생부교과전형  일반전형(정원내),천안공과대학,산업공학과,12,23,1.92
충남,사립,백석대학교,정원내 모집 학생부 교과 일반전형,,보건학부 안경광학과,42,81,1.93
대전,사립,대전대학교,교과중점전형 [교과/출석 100%],자유전공학부,자유전공학부,40,77,1.93
경기,사립,중부대학교(고양),학생부우수자전형,,전기전자공학전공 / 전기전자공학전공,28,54,1.93
충남,사립,중부대학교(금산),학생부우수자전형,,전기전자공학전공 / 전기전자공학전공,28,54,1.93
인천,사립,인하대학교,학생부종합 인하미래인재(면접형),공과대학,화공에너지공학부(화학공학전공),27,52,1.93
대전,사립,목원대학교,"교과전형 경쟁률 현황 교과100 [면접없음, 수능최저없음]",AISW융합대학,게임소프트웨어공학과 [SW],27,52,1.93
경기,사립,신한대학교(의정부/동두천),실기우수자전형(교과20%+실기80%),,K-POP학과,15,29,1.93
서울,사립,총신대학교,정원내 코람데오인재,사범계열,역사교육과,15,29,1.93
경기,사립,경희대학교(용인),국제캠퍼스 학생부종합(네오르네상스전형),인문계열,스페인어학과,14,27,1.93
경기,사립,명지대학교(용인),학생부종합(명지인재면접전형),,산업경영공학과,14,27,1.93
서울,사립,경희대학교(서울),국제캠퍼스 학생부종합(네오르네상스전형),인문계열,스페인어학과,14,27,1.93
서울,사립,명지대학교(서울),학생부종합(명지인재면접전형),,산업경영공학과,14,27,1.93
서울,사립,서울한영대학교,일반전형,,상담심리학과,36,70,1.94
대전,사립,건양대학교(대전),일반[교과],,국방경찰행정학부,35,68,1.94
충남,사립,건양대학교(논산),일반[교과],,국방경찰행정학부,35,68,1.94
경기,사립,협성대학교,정원내 [실기/실적]실기우수자,예술대학,디자인 자율전공학부,32,62,1.94
서울,사립,이화여자대학교,학생부교과(고교추천전형),공과대학,융합전자반도체공학부 전자전기공학전공,16,31,1.94
서울,사립,홍익대학교(서울),학교장추천자전형,경영대학,경영학부,37,72,1.95
대전,국립,국립한밭대학교,학생부교과(일반)전형,,반도체시스템공학과,21,41,1.95
경기,사립,중부대학교(고양),학생부우수자전형,,항공서비스학전공 [승무원양성] / 항공서비스학전공 [승무원양성],20,39,1.95
서울,국립,서울과학기술대학교,창의융합인재전형,창의융합대학,인공지능응용학과,20,39,1.95
충남,사립,중부대학교(금산),학생부우수자전형,,항공서비스학전공 [승무원양성] / 항공서비스학전공 [승무원양성],20,39,1.95
충남,사립,호서대학교,- 정원내 학생부종합 호서인재전형,,"사회복지학부(사회복지학트랙, 노인복지학트랙)",20,39,1.95
대전,사립,목원대학교,"교과전형 경쟁률 현황 교과100 [면접없음, 수능최저없음]",공과대학,전기전자공학과,28,55,1.96
경기,사립,한양대학교(ERICA),학생부종합(조기취업형 계약학과),공학대학,스마트융합공학부(소재·부품융합전공),24,47,1.96
대전,사립,우송대학교,정원내 학생부 교과 - 교과중심 전형 (교과100% / 12과목 반영),소프트웨어(SW)융합대학,게임멀티미디어학부 / 게임소프트웨어전공,24,47,1.96
인천,사립,인하대학교,학생부종합 인하미래인재(면접형),공과대학,건축학부,23,45,1.96
대전,사립,건양대학교(대전),일반[교과],,임상병리학과,32,63,1.97
충남,사립,건양대학교(논산),일반[교과],,임상병리학과,32,63,1.97
서울,사립,세종대학교,학생부종합(세종인재 전형(서류형)),,경상호텔관광계열,30,59,1.97
충남,사립,나사렛대학교,일반학생전형(학생부교과/실기위주),,경찰행정학과,30,59,1.97
경기,사립,성균관대학교(수원),학생부종합(특성화고졸재직자),,산업인공지능,93,184,1.98
서울,사립,성균관대학교(서울),학생부종합(특성화고졸재직자),,산업인공지능,93,184,1.98
경기,사립,경동대학교(양주),일반학생,,스포츠마케팅학과,49,97,1.98
서울,사립,서경대학교,교과우수자 전형,,미래융합학부1,45,89,1.98
서울,사립,이화여자대학교,학생부종합(미래인재전형-서류형),경영대학,경영학부,40,79,1.98
대전,국립,국립한밭대학교,학생부교과(일반)전형,,융합경영학과,34,68,2.0
대전,사립,대전대학교,교과중점전형 [교과/출석 100%],보건의료과학대학,간호학과 [교직],28,56,2.0
경기,사립,단국대학교(죽전),[실기/실적위주] 실기우수자 경쟁률 현황 (죽전),,디자인학부(패션산업디자인전공),27,54,2.0
인천,국립,인천대학교,실기/실적(실기우수자),예술체육대학,스포츠과학부,27,54,2.0
대전,사립,우송대학교,정원내 학생부 교과 - 교과중심 전형 (교과100% / 12과목 반영),보건복지대학,사회복지학과,27,54,2.0
충남,사립,단국대학교(천안),[실기/실적위주] 실기우수자 경쟁률 현황 (죽전),,디자인학부(패션산업디자인전공),27,54,2.0
서울,사립,한양대학교(서울),학생부교과(추천형),경영대학,경영학부,26,52,2.0
충남,사립,호서대학교,- 정원내 학생부교과 면접전형,,"문화영상학부(영상미디어트랙, 문화콘텐츠기획트랙)",25,50,2.0
경기,사립,강남대학교,[정원내]학생부종합(학교생활우수자전형1),인문사회계,상경학부,24,48,2.0
경기,사립,명지대학교(용인),학생부교과(특성화고등졸재직자전형),,멀티디자인전공,23,46,2.0
서울,사립,명지대학교(서울),학생부교과(특성화고등졸재직자전형),,멀티디자인전공,23,46,2.0
서울,국립,서울과학기술대학교,학교생활우수자전형,정보통신대학,전자공학과,23,46,2.0
대전,사립,배재대학교,정원내 학생부교과 교과,,호텔항공경영학과,23,46,2.0
경기,사립,경기대학교(수원),학생부교과(학교장추천전형),,"경제학부 / 경제학전공, 응용통계학전공, 지식재산학전공",22,44,2.0
서울,사립,경기대학교(서울),학생부교과(학교장추천전형),,"경제학부 / 경제학전공, 응용통계학전공, 지식재산학전공",22,44,2.0
서울,사립,세종대학교,학생부교과(지역균형 전형),인공지능융합,인공지능데이터사이언스학과,22,44,2.0
인천,사립,인하대학교,학생부종합 인하미래인재(면접형),사회과학대학,행정학과,21,42,2.0
충남,사립,백석대학교,정원내 모집 실기위주 (예·체능계열) 지역인재(실기),,디자인영상학부 / 기초디자인,20,22,2.0
충북,사립,극동대학교,정원 내 학생부교과 교과우수자전형,,간호학과,20,40,2.0
경기,사립,신한대학교(의정부/동두천),학생부우수자전형(교과100%),,경영대학(자율전공) - AI융합경영학과 - 글로벌무역학과 - 국제개발협력학과 - 글로벌관광경영학과,16,32,2.0
경기,사립,아주대학교,ACE전형,,AI컴퓨터공학부,16,32,2.0
세종,사립,고려대학교(세종),학생부종합(크림슨인재전형),공공정책대학,경제통계학부,16,32,2.0
충남,사립,순천향대학교,[정원내] 학생부종합(일반학생전형),자연과학대학,생명과학과,16,32,2.0
경기,사립,명지대학교(용인),학생부교과(특수교육대상자전형),,자연캠퍼스(용인) 소계,15,30,2.0
경기,국립,한경국립대학교,학생부종합(잠재력우수자_안성)_정원내,,식품생명공학과,15,30,2.0
서울,사립,명지대학교(서울),학생부교과(특수교육대상자전형),,자연캠퍼스(용인) 소계,15,30,2.0
서울,사립,삼육대학교,세움인재전형,,상담심리학과,15,30,2.0
서울,사립,이화여자대학교,학생부종합(미래인재전형-서류형),인문과학대학,사학과,15,30,2.0
세종,사립,고려대학교(세종),실기/실적(체육특기자전형),문화스포츠대학,국제스포츠학부,15,30,2.0
충남,사립,나사렛대학교,창의융합인재(학생부종합-서류형/면접형/실기위주),,"사회복지학부(사회복지전공, 청소년복지전공, 노인복지전공)",15,30,2.0
경기,사립,강남대학교,[정원내]학생부종합(학교생활우수자전형1),인문사회계,법행정세무학부,14,28,2.0
경기,사립,한국공학대학교,학생부종합(창의인재),,신소재공학과,14,28,2.0
서울,국립,서울과학기술대학교,고교추천전형,공과대학,기계시스템공학부(미래자동차전공),14,28,2.0
서울,사립,성공회대학교,교과성적,,인문융합콘텐츠학부,14,28,2.0
충남,국립,국립공주대학교,학생부교과전형  일반전형(정원내),천안공과대학,미래자동차공학과,14,28,2.0
경기,국립,한경국립대학교,학생부교과(일반전형_안성)_정원내,,환경공학과,13,26,2.0
서울,사립,연세대학교(서울),학생부교과전형 (추천형),사회과학대학,정치외교학과,13,26,2.0
인천,국립,인천대학교,학생부종합(자기추천),자연과학대학,수학과,13,26,2.0
서울,사립,고려대학교(서울),서울캠퍼스 학생부교과(학교추천전형),보건과학대학,바이오의공학부,12,24,2.0
서울,사립,삼육대학교,세움인재전형,,환경디자인원예학과,12,24,2.0
서울,사립,성신여자대학교,자기주도인재,,바이오식품공학과,12,24,2.0
서울,사립,한성대학교,한성인재전형,AI디자인대학,AI패션학부(야),12,24,2.0
충남,사립,순천향대학교,[정원내] 학생부교과(교과우수자전형),의과대학,간호학과,12,24,2.0
충남,사립,순천향대학교,[정원내] 학생부종합(일반학생전형),글로벌경영대학,경영학과,12,24,2.0
경기,사립,한국외국어대학교(용인),학생부종합전형(면접형),,스페인어과,11,22,2.0
서울,사립,삼육대학교,세움인재전형,,건축학과(5년제),11,22,2.0
서울,사립,이화여자대학교,학생부종합(미래인재전형-서류형),사회과학대학,사회복지학과,11,22,2.0
서울,사립,한국외국어대학교(서울),학생부종합전형(면접형),,스페인어과,11,22,2.0
충북,국립,한국교원대학교,학생부종합우수자 일반전형,,물리교육과,11,22,2.0
경기,사립,단국대학교(죽전),[실기/실적위주] 실기우수자 경쟁률 현황 (죽전),,음악학부(관현악전공)-현악(바이올린),10,20,2.0
경기,사립,성결대학교,[학생부교과] SKU창의,미래인재융합대학,공학계열자율전공학부,10,20,2.0
경기,사립,신한대학교(의정부/동두천),논술전형(약술형)(교과10%+논술90%),,치위생학과,10,20,2.0
서울,사립,성신여자대학교,논술우수자,,융합보안공학과,10,20,2.0
서울,사립,세종대학교,학생부종합(세종인재 전형(면접형)),인공지능융합,인공지능데이터사이언스학과,10,20,2.0
서울,사립,연세대학교(서울),학생부교과전형 (추천형),인공지능융합대학,인공지능학과,10,20,2.0
서울,사립,연세대학교(서울),학생부교과전형 (추천형),신과대학,신학과,10,20,2.0
서울,사립,이화여자대학교,학생부종합(미래인재전형-서류형),사회과학대학,사회학과,10,20,2.0
서울,국립,한국체육대학교,교과성적우수자,,스포츠산업학과,10,20,2.0
대전,사립,대전대학교,"교과면접전형 [1단계:교과/출석 100%, 2단계:교과/출석 60% + 면접 40%]",보건의료과학대학,응급구조학과,10,20,2.0
충남,국립,국립공주대학교,학생부교과전형  일반전형(정원내),사범대학,한문교육과,10,20,2.0
충남,국립,국립공주대학교,학생부교과전형  일반전형(정원내),산업과학대학,스마트팜공학과,10,20,2.0
충남,국립,국립공주대학교,학생부교과전형  일반전형(정원내),산업과학대학,식품공학과,10,20,2.0
충남,사립,단국대학교(천안),[실기/실적위주] 실기우수자 경쟁률 현황 (죽전),,음악학부(관현악전공)-현악(바이올린),10,20,2.0
충남,사립,백석대학교,정원내 모집 실기위주 (예·체능계열) 지역인재(실기),,문화예술학부 연기·뮤지컬,10,20,2.0
충남,사립,순천향대학교,[정원내] 학생부종합(충청형지역인재전형),의과대학,간호학과,10,20,2.0
충북,사립,극동대학교,정원 외 학생부교과 특성화고 동일계전형(정원 외),,간호학과,10,20,2.0
충북,사립,세명대학교,인문계고교전형(정원내),인문사회,사회복지학과,10,20,2.0
충북,국립,충북대학교,학생부교과(학생부교과전형),경영대학,경영정보학과,10,20,2.0
충북,국립,충북대학교,실기/실적(실기우수자전형),예술학과군,미술학과(동양화),10,20,2.0
경기,사립,경기대학교(수원),학생부종합(기회균형선발전형),,산업경영공학과,9,18,2.0
경기,사립,단국대학교(죽전),[학생부교과] 학생부교과우수자 경쟁률 현황 (천안),,유럽중남미학부(스페인중남미학전공),9,18,2.0
경기,사립,한국외국어대학교(용인),학생부종합전형(서류형),,영미문학·문화학과,9,18,2.0
서울,사립,경기대학교(서울),학생부종합(기회균형선발전형),,산업경영공학과,9,18,2.0
서울,사립,고려대학교(서울),서울캠퍼스 학생부교과(학교추천전형),생명과학대학,식품자원경제학과,9,18,2.0
서울,사립,서울여자대학교,학생부교과(교과우수자전형),사회과학대학,아동학과,9,18,2.0
서울,사립,이화여자대학교,학생부종합(미래인재전형-서류형),사범대학,특수교육과,9,18,2.0
서울,사립,한국외국어대학교(서울),학생부종합전형(서류형),,영미문학·문화학과,9,18,2.0
서울,사립,홍익대학교(서울),학교생활우수자전형,,경제학부,9,18,2.0
서울,사립,홍익대학교(서울),논술전형,건축도시대학,도시공학과,9,18,2.0
대전,사립,목원대학교,"교과전형 경쟁률 현황 교과100 [면접없음, 수능최저없음]",사범대학,유아교육과 [교직],9,18,2.0
충남,국립,국립공주대학교,학생부종합전형  일반전형(정원내),산업과학대학,식물자원학과,9,18,2.0
충남,사립,단국대학교(천안),[학생부교과] 학생부교과우수자 경쟁률 현황 (천안),,유럽중남미학부(스페인중남미학전공),9,18,2.0
충남,사립,순천향대학교,[정원내] 학생부교과(교과우수자전형),인문사회과학대학,법·행정학부(행정학전공),9,18,2.0
경기,사립,가천대학교(성남),학생부우수자 전형,자연계열,시스템반도체학과,8,16,2.0
경기,사립,강남대학교,[정원내]학생부종합(학교생활우수자전형2),인문사회계,중등특수교육과,8,16,2.0
경기,사립,경희대학교(용인),서울캠퍼스 학생부교과(지역균형전형),인문계열,관광·엔터테인먼트학부,8,16,2.0
경기,사립,단국대학교(죽전),[학생부종합] DKU인재(서류형) 경쟁률 현황 (천안),,신소재공학과,8,16,2.0
경기,사립,신한대학교(의정부/동두천),실기우수자전형(교과20%+실기80%),,실내디자인학과,8,16,2.0
경기,국립,한경국립대학교,학생부종합(잠재력우수자_안성)_정원내,,영미언어문화학과,8,16,2.0
서울,사립,건국대학교(서울),학생부교과(KU지역균형),공과대학,전기전자공학부,8,16,2.0
서울,사립,경희대학교(서울),서울캠퍼스 학생부교과(지역균형전형),인문계열,관광·엔터테인먼트학부,8,16,2.0
서울,사립,동덕여자대학교,학생부교과우수자 특별전형,문화지식융합대학,문화예술경영전공,8,16,2.0
서울,사립,상명대학교(서울),정원 내 학생부종합(상명인재전형),,경제금융학부,8,16,2.0
서울,사립,서울여자대학교,학생부종합(바롬인재면접전형),사회과학대학,행정학과,8,16,2.0
인천,사립,가천대학교(인천),학생부우수자 전형,자연계열,시스템반도체학과,8,16,2.0
인천,사립,인하대학교,학생부종합 인하미래인재(면접형),사범대학,국어교육과,8,16,2.0
충남,사립,단국대학교(천안),[학생부종합] DKU인재(서류형) 경쟁률 현황 (천안),,신소재공학과,8,16,2.0
충남,사립,한국기술교육대학교,논술전형,,사회융합자율전공,8,16,2.0
충남,사립,호서대학교,- 정원내 학생부종합 호서인재전형,,건축학과,8,16,2.0
충북,사립,우석대학교(진천),학생부교과_교과면접,약학대학,한약학과(전주),8,16,2.0
경기,사립,경동대학교(양주),지역인재,,작업치료학과,7,14,2.0
경기,사립,안양대학교(안양),학생부종합(아리학생부종합),,행정학과,7,14,2.0
경기,사립,한국공학대학교,학생부종합(창의인재),,인공지능학과,7,14,2.0
경기,사립,한국외국어대학교(용인),학생부종합전형(면접형),,아랍어과,7,14,2.0
서울,사립,고려대학교(서울),서울캠퍼스 학생부교과(학교추천전형),문과대학,일어일문학과,7,14,2.0
서울,사립,이화여자대학교,학생부종합(미래인재전형-서류형),사범대학,교육학과,7,14,2.0
서울,사립,한국외국어대학교(서울),학생부종합전형(면접형),,아랍어과,7,14,2.0
서울,사립,한성대학교,한성인재전형,AI융합대학,미래모빌리티학과,7,14,2.0
인천,사립,안양대학교(강화),학생부종합(아리학생부종합),,행정학과,7,14,2.0
인천,사립,인하대학교,논술 논술우수자,AI융합대학,데이터사이언스학과,7,14,2.0
대전,사립,배재대학교,정원내 실기/실적 웹툰포트폴리오,,아트앤웹툰학부(아트앤웹툰) [교직],7,14,2.0
대전,국립,충남대학교,일반전형,인문대학,철학과*,7,14,2.0
대전,국립,충남대학교,일반전형,자연과학대학,해양환경과학과*,7,14,2.0
세종,사립,고려대학교(세종),논술(일반전형),문화스포츠대학,문화창의학부,7,14,2.0
충남,사립,유원대학교(아산),유원교과,,호텔조리베이커리학과,7,14,2.0
충남,사립,호서대학교,- 정원내 학생부교과 지역인재전형,,제약공학과,7,14,2.0
충남,사립,호서대학교,- 정원내 학생부종합 호서인재전형,,식품영양학과,7,14,2.0
충북,사립,유원대학교(영동),유원교과,,호텔조리베이커리학과,7,14,2.0
충북,국립,충북대학교,학생부교과(학생부교과전형),농업생명환경대학,식물자원학과,7,14,2.0
경기,사립,가천대학교(성남),가천바람개비 전형,자연계열,의공학과,6,12,2.0
경기,사립,경희대학교(용인),서울캠퍼스 학생부종합(네오르네상스전형),인문계열,빅데이터응용학과,6,12,2.0
경기,사립,단국대학교(죽전),[학생부종합] DKU인재(서류형) 경쟁률 현황 (죽전),,화학공학과,6,12,2.0
경기,사립,단국대학교(죽전),[논술위주] 논술우수자 경쟁률 현황 (죽전),,인프라건설공학과,6,12,2.0
경기,사립,명지대학교(용인),학생부종합(명지인재면접전형),,융합에너지학전공,6,12,2.0
경기,국립,한경국립대학교,학생부종합(잠재력우수자_안성)_정원내,,응용수학과,6,12,2.0
서울,사립,강서대학교,일반학생,,실용음악학과_작곡(일반학생),6,12,2.0
서울,사립,경희대학교(서울),서울캠퍼스 학생부종합(네오르네상스전형),인문계열,빅데이터응용학과,6,12,2.0
서울,사립,명지대학교(서울),학생부종합(명지인재면접전형),,융합에너지학전공,6,12,2.0
서울,사립,세종대학교,학생부교과(지역균형 전형),자연과학,물리천문학과,6,12,2.0
서울,사립,연세대학교(서울),학생부교과전형 (추천형),사회과학대학,사회학과,6,12,2.0
서울,사립,이화여자대학교,학생부교과(고교추천전형),사범대학,교육학과,6,12,2.0
서울,사립,한성대학교,농어촌학생전형,미래융합사회과학대학,미래융합사회과학대학(야),6,12,2.0
인천,사립,가천대학교(인천),가천바람개비 전형,자연계열,의공학과,6,12,2.0
인천,사립,인하대학교,학생부종합 인하미래인재(서류형),사회과학대학,미디어커뮤니케이션학과,6,12,2.0
인천,사립,인하대학교,학생부교과 지역균형,AI융합대학,데이터사이언스학과,6,12,2.0
대전,국립,국립한밭대학교,지역인재(종합)전형,,공공행정학과,6,12,2.0
대전,사립,우송대학교,정원내 학생부 종합 - 종합면접형 전형,보건복지대학,물리치료학과,6,12,2.0
대전,국립,충남대학교,일반전형,인문대학,불어불문학과*,6,12,2.0
대전,국립,충남대학교,지역의사선발전형(천안권),의과대학,의예과(지역의사선발-천안권),6,12,2.0
충남,국립,국립공주대학교,학생부교과전형  지역인재전형(정원내),사범대학,특수교육과,6,12,2.0
충남,사립,단국대학교(천안),[학생부종합] DKU인재(서류형) 경쟁률 현황 (죽전),,화학공학과,6,12,2.0
충남,사립,단국대학교(천안),[논술위주] 논술우수자 경쟁률 현황 (죽전),,인프라건설공학과,6,12,2.0
충남,사립,순천향대학교,[정원내] 학생부교과(충청형지역인재전형),공과대학,건축학과(5),6,12,2.0
충남,사립,한국기술교육대학교,일반전형,,전자공학전공,6,12,2.0
충남,사립,한국기술교육대학교,일반전형,,고용서비스정책학과,6,12,2.0
충남,사립,호서대학교,- 정원내 학생부교과 면접전형,,미디어커뮤니케이션학과,6,12,2.0
충남,사립,호서대학교,- 정원내 학생부종합 호서인재전형,,안전공학과,6,12,2.0
충북,국립,충북대학교,학생부교과(학생부교과전형),공과대학,안전공학과,6,12,2.0
충북,국립,충북대학교,학생부교과(지역인재전형),농업생명환경대학,농업경제학과,6,12,2.0
경기,사립,가천대학교(성남),특성화고교 전형,자연계열,화공생명배터리공학부,5,10,2.0
경기,사립,가톨릭대학교(부천),학생부교과(지역균형전형),,심리학과,5,10,2.0
경기,사립,강남대학교,[정원내]학생부교과(농어촌학생전형),인문사회계,복지융합대학,5,10,2.0
경기,사립,경기대학교(수원),학생부교과(교과성적우수자전형),,"공공안전학부 / 범죄교정심리학전공, 경찰행정학전공",5,10,2.0
경기,사립,경기대학교(수원),학생부교과(교과성적우수자전형),,"스마트시티공학부 / 건축공학전공, 도시교통공학전공",5,10,2.0
경기,사립,단국대학교(죽전),[학생부교과] 지역균형선발 경쟁률 현황 (죽전),,건축학부[건축학전공(5년제)],5,10,2.0
경기,사립,단국대학교(죽전),[실기/실적위주] 실기우수자 경쟁률 현황 (죽전),,음악학부(국악전공)-기악(현악)[가야금],5,10,2.0
경기,사립,대진대학교,학생부교과(학생부우수자전형) - 교과70% + 면접30%,인문사회대학,문헌정보학과 [교직],5,10,2.0
경기,사립,명지대학교(용인),학생부교과(교과면접전형),,융합바이오학부 / 식품영양학전공,5,10,2.0
경기,사립,명지대학교(용인),실기/실적(실기우수자전형),,성악(남),5,10,2.0
경기,사립,수원대학교,실기우수자전형,라이프케어사이언스대학,체조,5,10,2.0
경기,사립,신한대학교(의정부/동두천),학생부우수자전형(교과100%),,기후환경·에너지공학과,5,10,2.0
경기,사립,신한대학교(의정부/동두천),학생부우수자전형(교과100%),,K-CULTURE대학(자율전공) -산업디자인학과 - 패션디자인학과 - 실내디자인학과 - 공연예술학과 - K-POP학과 - 모델콘텐츠학과 - K-뷰티학과 - 미디어영상학과,5,10,2.0
경기,사립,안양대학교(안양),학생부교과(아리학생부면접),,사회계열자유전공,5,10,2.0
경기,사립,안양대학교(안양),학생부교과(아리학생부면접),,화장품발명디자인학과,5,10,2.0
경기,사립,한국공학대학교,학생부교과(지역균형),,인공지능학과,5,10,2.0
경기,사립,한국공학대학교,학생부종합(창의인재),,메카트로닉스공학부 AI로봇전공,5,10,2.0
경기,사립,한국외국어대학교(용인),학생부종합전형(면접형),,스칸디나비아어과,5,10,2.0
경기,사립,한국외국어대학교(용인),학생부종합전형(면접형),,태국학과,5,10,2.0
경기,사립,한국외국어대학교(용인),학생부종합전형(면접형),,페르시아어·이란학과,5,10,2.0
경기,사립,한국외국어대학교(용인),학생부종합전형(면접형),,우크라이나학과,5,10,2.0
경기,사립,한국외국어대학교(용인),학생부종합전형(서류형),,페르시아어·이란학과,5,10,2.0
경기,사립,한세대학교,한세인재 - 서류 100%,,신학과,5,10,2.0
서울,사립,가톨릭대학교(서울),학생부교과(지역균형전형),,심리학과,5,10,2.0
서울,사립,경기대학교(서울),학생부교과(교과성적우수자전형),,"공공안전학부 / 범죄교정심리학전공, 경찰행정학전공",5,10,2.0
서울,사립,경기대학교(서울),학생부교과(교과성적우수자전형),,"스마트시티공학부 / 건축공학전공, 도시교통공학전공",5,10,2.0
서울,사립,명지대학교(서울),학생부교과(교과면접전형),,융합바이오학부 / 식품영양학전공,5,10,2.0
서울,사립,명지대학교(서울),실기/실적(실기우수자전형),,성악(남),5,10,2.0
서울,사립,상명대학교(서울),정원 내 학생부교과(고교추천전형),,의류학과,5,10,2.0
서울,사립,서경대학교,기회균형② 특별전형 - 특성화고교졸업자,,미래융합학부2,5,10,2.0
서울,공립,서울시립대학교,고교추천전형,도시과학대학,도시사회학과,5,10,2.0
서울,사립,세종대학교,학생부종합(세종인재 전형(면접형)),경영경제,경제학과,5,10,2.0
서울,사립,세종대학교,학생부종합(세종인재 전형(서류형)),인공지능융합,인공지능데이터사이언스학과,5,10,2.0
서울,사립,숙명여자대학교,[학생부교과] 지역균형선발전형,문과대학,역사문화학과,5,10,2.0
서울,사립,연세대학교(서울),학생부교과전형 (추천형),생활과학대학,식품영양학과,5,10,2.0
서울,사립,이화여자대학교,실기/실적(예체능실기전형),음악대학,대금,5,10,2.0
서울,사립,장로회신학대학교,정원내 학생부우수자,,자유전공,5,10,2.0
서울,사립,한국외국어대학교(서울),학생부종합전형(면접형),,스칸디나비아어과,5,10,2.0
서울,사립,한국외국어대학교(서울),학생부종합전형(면접형),,태국학과,5,10,2.0
서울,사립,한국외국어대학교(서울),학생부종합전형(면접형),,페르시아어·이란학과,5,10,2.0
서울,사립,한국외국어대학교(서울),학생부종합전형(면접형),,우크라이나학과,5,10,2.0
서울,사립,한국외국어대학교(서울),학생부종합전형(서류형),,페르시아어·이란학과,5,10,2.0
서울,사립,홍익대학교(서울),학교장추천자전형,사범대학,영어교육과,5,10,2.0
인천,사립,가천대학교(인천),특성화고교 전형,자연계열,화공생명배터리공학부,5,10,2.0
인천,사립,안양대학교(강화),학생부교과(아리학생부면접),,사회계열자유전공,5,10,2.0
인천,사립,안양대학교(강화),학생부교과(아리학생부면접),,화장품발명디자인학과,5,10,2.0
인천,국립,인천대학교,학생부교과(교과성적우수자),인문대학,독어독문학과,5,10,2.0
인천,사립,인하대학교,학생부종합 인하미래인재(서류형),AI융합대학,스마트모빌리티공학과,5,10,2.0
대전,국립,국립한밭대학교,농어촌학생전형,,건설환경공학과,5,10,2.0
대전,사립,배재대학교,정원내 학생부교과 지역인재Ⅰ,,보건의료복지학과,5,10,2.0
대전,사립,우송대학교,정원내 학생부 종합 - 종합서류형 전형 (면접X),소프트웨어(SW)융합대학,AI·컴퓨터공학과,5,10,2.0
대전,사립,우송대학교,정원내 학생부 종합 - 종합서류형 전형 (면접X),외식조리대학,글로벌조리학부 / 글로벌조리전공,5,10,2.0
대전,사립,우송대학교,정원내 실기/실적 - 미술우수자 전형,소프트웨어(SW)융합대학,게임멀티미디어학부 / 게임그래픽전공,5,10,2.0
충남,사립,나사렛대학교,지역인재1(학생부교과),,"방송시각영상디자인학부(방송미디어전공, 시각영상디자인전공)",5,10,2.0
충남,사립,나사렛대학교,창의융합인재(학생부종합-서류형/면접형/실기위주),,임상병리학과,5,10,2.0
충남,사립,단국대학교(천안),[학생부교과] 지역균형선발 경쟁률 현황 (죽전),,건축학부[건축학전공(5년제)],5,10,2.0
충남,사립,단국대학교(천안),[실기/실적위주] 실기우수자 경쟁률 현황 (죽전),,음악학부(국악전공)-기악(현악)[가야금],5,10,2.0
충남,사립,백석대학교,정원내 모집 학생부 종합 창의인재,,기독교학부,5,10,2.0
충남,사립,백석대학교,정원외 모집 학생부 교과 기초생활수급자 및 차상위계층,,보건학부 작업치료학과,5,10,2.0
충남,사립,호서대학교,- 정원내 학생부종합 호서인재전형,,AIT대학 자유전공학부,5,10,2.0
충남,사립,호서대학교,- 정원내 학생부종합 호서인재전형,,제약공학과,5,10,2.0
충남,사립,호서대학교,- 정원내 학생부종합 호서인재전형,,중국학과,5,10,2.0
충북,사립,세명대학교,면접우수자전형(정원내),인문사회,미디어콘텐츠창작학과,5,10,2.0
충북,사립,중원대학교,실기중심전형,,스포츠과학부(스포츠지도전공 생활체육융합전공 스포츠과학전공 ),5,10,2.0
충북,국립,충북대학교,학생부종합(학생부종합Ⅰ전형),인문대학,중어중문학과,5,10,2.0
충북,국립,충북대학교,학생부종합(학생부종합Ⅰ전형),자연과학대학,지구환경과학과,5,10,2.0
충북,국립,충북대학교,학생부종합(학생부종합Ⅰ전형),공과대학,건축학과,5,10,2.0
충북,국립,충북대학교,학생부종합(학생부종합Ⅰ전형),농업생명환경대학,식물의학과,5,10,2.0
충북,국립,충북대학교,학생부종합(학생부종합Ⅰ전형),농업생명환경대학,농업경제학과,5,10,2.0
경기,사립,가톨릭대학교(부천),학생부종합(잠재능력우수자서류전형),,철학과,4,8,2.0
경기,사립,가톨릭대학교(부천),학생부종합(기회균형Ⅰ전형),,데이터사이언스학과,4,8,2.0
경기,사립,가톨릭대학교(부천),논술전형,,의류학과,4,8,2.0
경기,사립,강남대학교,[정원내]학생부교과(농어촌학생전형),공학계,인공지능융합공학부,4,8,2.0
경기,사립,경희대학교(용인),국제캠퍼스 학생부교과(지역균형전형),자연계열,건축공학과,4,8,2.0
경기,사립,경희대학교(용인),국제캠퍼스 학생부교과(지역균형전형),예술계열,의류디자인학과,4,8,2.0
경기,사립,경희대학교(용인),국제캠퍼스 실기우수자전형(체육),체육계열,"스포츠지도학과-사격(50m소총, 클레이)",4,8,2.0
경기,사립,단국대학교(죽전),[학생부종합] DKU인재(서류형) 경쟁률 현황 (죽전),,고분자시스템공학부(융합소재공학전공),4,8,2.0
경기,사립,단국대학교(죽전),[학생부종합] 교육기회배려자(정원외) 경쟁률 현황 (죽전),,화학공학과,4,8,2.0
경기,사립,단국대학교(죽전),[학생부종합] 농어촌학생(정원외) 경쟁률 현황 (죽전),,경영학부,4,8,2.0
경기,사립,단국대학교(죽전),[학생부교과] 지역균형선발 경쟁률 현황 (죽전),,영미인문학과,4,8,2.0
경기,사립,서울신학대학교,[학생부교과]교과성적전형,,데이터사이언스학과,4,8,2.0
경기,사립,서울신학대학교,[실적/실기위주]어학특기자전형,,아시아문화콘텐츠학부 / 중국언어문화콘텐츠학과,4,8,2.0
경기,사립,수원대학교,기회균형특별전형,혁신공과대학,화학공학·신소재공학부,4,8,2.0
경기,사립,아주대학교,고른기회1전형,,첨단스마트산업공학과,4,8,2.0
경기,사립,안양대학교(안양),학생부교과(아리학생부면접),,국어국문학과,4,8,2.0
경기,사립,한국외국어대학교(용인),학교장추천전형,,Social Science & AI융합학부,4,8,2.0
경기,사립,한국외국어대학교(용인),학교장추천전형,,한국학과,4,8,2.0
경기,사립,한국외국어대학교(용인),기회균형전형,,영어통번역학과,4,8,2.0
경기,사립,한양대학교(ERICA),학생부종합(고른기회),첨단융합대학,차세대반도체융합공학부(신소재·반도체공학전공),4,8,2.0
경기,사립,화성의과학대학교,(정원외) 농어촌학생 특별전형,,간호학과,4,8,2.0
서울,사립,가톨릭대학교(서울),학생부종합(잠재능력우수자서류전형),,철학과,4,8,2.0
서울,사립,가톨릭대학교(서울),학생부종합(기회균형Ⅰ전형),,데이터사이언스학과,4,8,2.0
서울,사립,가톨릭대학교(서울),논술전형,,의류학과,4,8,2.0
서울,사립,건국대학교(서울),학생부교과(KU지역균형),사회과학대학,응용통계학과,4,8,2.0
서울,사립,경희대학교(서울),국제캠퍼스 학생부교과(지역균형전형),자연계열,건축공학과,4,8,2.0
서울,사립,경희대학교(서울),국제캠퍼스 학생부교과(지역균형전형),예술계열,의류디자인학과,4,8,2.0
서울,사립,경희대학교(서울),국제캠퍼스 실기우수자전형(체육),체육계열,"스포츠지도학과-사격(50m소총, 클레이)",4,8,2.0
서울,사립,광운대학교,학생부종합【광운참빛인재전형Ⅱ-서류형】,,국어국문학과,4,8,2.0
서울,사립,삼육대학교,재림교회목회자추천전형,,유아교육과,4,8,2.0
서울,국립,서울과학기술대학교,기회균형전형(기회균등),공과대학,건축학부(건축공학전공),4,8,2.0
서울,공립,서울시립대학교,고교추천전형,인문대학,영어영문학과,4,8,2.0
서울,사립,서울여자대학교,학생부종합(바롬인재서류전형),인문대학,AI융합콘텐츠전공,4,8,2.0
서울,사립,서울여자대학교,학생부종합(바롬인재서류전형),인문대학,프랑스문화콘텐츠전공,4,8,2.0
서울,사립,성신여자대학교,기회균형Ⅰ,,영어영문학과,4,8,2.0
서울,사립,성신여자대학교,기회균형Ⅰ,,경제학과,4,8,2.0
서울,사립,성신여자대학교,기회균형Ⅰ,,수리통계데이터사이언스학부(통계학/빅데이터사이언스),4,8,2.0
서울,사립,성신여자대학교,논술우수자,,바이오식품공학과,4,8,2.0
서울,사립,연세대학교(서울),학생부교과전형 (추천형),공과대학,도시공학과,4,8,2.0
서울,사립,연세대학교(서울),학생부교과전형 (추천형),사회과학대학,문화인류학과,4,8,2.0
서울,사립,이화여자대학교,학생부종합(고른기회전형),사회과학대학,경제학과,4,8,2.0
서울,사립,한국외국어대학교(서울),학교장추천전형,,Social Science & AI융합학부,4,8,2.0
서울,사립,한국외국어대학교(서울),학교장추천전형,,한국학과,4,8,2.0
서울,사립,한국외국어대학교(서울),기회균형전형,,영어통번역학과,4,8,2.0
서울,사립,한양대학교(서울),학생부교과(추천형),사범대학,영어교육과,4,8,2.0
인천,사립,안양대학교(강화),학생부교과(아리학생부면접),,국어국문학과,4,8,2.0
인천,사립,인하대학교,학생부종합 인하미래인재(서류형),공과대학,환경공학과,4,8,2.0
인천,사립,인하대학교,학생부종합 고른기회,AI융합대학,인공지능공학과,4,8,2.0
인천,사립,인하대학교,학생부종합 농어촌학생,공과대학,화공에너지공학부(화학공학전공),4,8,2.0
인천,사립,인하대학교,학생부종합 농어촌학생,공과대학,건축학부,4,8,2.0
대전,사립,목원대학교,"교과전형 경쟁률 현황 교과100 [면접없음, 수능최저없음]",사범대학,음악교육과 [교직],4,8,2.0
대전,국립,충남대학교,학생부종합 면접전형,인문대학,국어국문학과,4,8,2.0
대전,국립,충남대학교,학생부종합 면접전형,생활과학대학,의류학과,4,8,2.0
충남,사립,단국대학교(천안),[학생부종합] DKU인재(서류형) 경쟁률 현황 (죽전),,고분자시스템공학부(융합소재공학전공),4,8,2.0
충남,사립,단국대학교(천안),[학생부종합] 교육기회배려자(정원외) 경쟁률 현황 (죽전),,화학공학과,4,8,2.0
충남,사립,단국대학교(천안),[학생부종합] 농어촌학생(정원외) 경쟁률 현황 (죽전),,경영학부,4,8,2.0
충남,사립,단국대학교(천안),[학생부교과] 지역균형선발 경쟁률 현황 (죽전),,영미인문학과,4,8,2.0
충남,사립,상명대학교(천안),정원내 학생부종합(상명인재전형),,한국언어문화전공,4,8,2.0
충남,사립,상명대학교(천안),정원내 학생부종합(상명인재전형),,ARㆍVR미디어디자인전공,4,8,2.0
충북,사립,우석대학교(진천),학생부교과_교과면접,사범대학,국어교육과(전주) [교직],4,8,2.0
충북,국립,충북대학교,학생부종합(학생부종합Ⅱ전형),인문대학,고고미술사학과,4,8,2.0
충북,국립,충북대학교,학생부종합(학생부종합Ⅱ전형),공과대학,건축학과,4,8,2.0
충북,국립,충북대학교,학생부교과(학생부교과전형),농업생명환경대학,농업생명환경자율전공학부,4,8,2.0
경기,사립,가천대학교(성남),농어촌(교과) 전형,인문계열,경영학과,3,6,2.0
경기,사립,가톨릭대학교(부천),학생부종합(기회균형Ⅰ전형),,바이오메디컬화학공학과,3,6,2.0
경기,사립,강남대학교,[정원외]학생부교과(특성화고교졸업자전형),공학계,컴퓨터공학부,3,6,2.0
경기,사립,경기대학교(수원),학생부교과(농어촌학생전형),,관광개발경영학과,3,6,2.0
경기,사립,경희대학교(용인),서울캠퍼스 학생부종합[기회균형전형Ⅰ(국가보훈·농어촌·수급자·자립아동 등)],자연계열,미래정보디스플레이학부,3,6,2.0
경기,사립,단국대학교(죽전),[학생부종합] DKU인재(서류형) 경쟁률 현황 (죽전),,영미인문학과,3,6,2.0
경기,사립,단국대학교(죽전),[학생부종합] 기회균형선발 경쟁률 현황 (죽전),,건축학부[건축학전공(5년제)],3,6,2.0
경기,사립,단국대학교(죽전),[학생부종합] 사회적배려대상자 경쟁률 현황 (죽전),,인공지능학과,3,6,2.0
경기,사립,단국대학교(죽전),[학생부종합] 교육기회배려자(정원외) 경쟁률 현황 (죽전),,통계데이터사이언스학과,3,6,2.0
경기,사립,단국대학교(죽전),[학생부종합] 교육기회배려자(정원외) 경쟁률 현황 (천안),,의생명과학부(생명과학전공),3,6,2.0
경기,사립,대진대학교,학생부교과(기초생활수급권자 및 차상위계층전형-정원외) - 교과100%,인문사회대학,미디어커뮤니케이션학과,3,6,2.0
경기,사립,명지대학교(용인),학생부종합(명지인재서류전형),,청소년지도·아동학부 / 청소년지도학전공,3,6,2.0
경기,사립,성결대학교,[학생부교과] (정원내) 특성화고교졸업자,인문사회융합대학,사회복지학과,3,6,2.0
경기,사립,수원대학교,고교추천전형,지능형SW융합대학,지능형보안학부,3,6,2.0
경기,사립,을지대학교(성남의정부),지역균형(학교장추천),,안경광학과,3,6,2.0
경기,사립,을지대학교(성남의정부),농어촌학생,,간호학과(의정부),3,6,2.0
경기,사립,을지대학교(성남의정부),농어촌학생,,물리치료학과,3,6,2.0
경기,국립,한경국립대학교,학생부교과(특수교육대상자_평택)_정원내,,귀금속보석공예학과,3,6,2.0
경기,사립,한국공학대학교,학생부종합(기회균형),,경영학부 경영학전공,3,6,2.0
경기,사립,한신대학교,기회균형선발,문화콘텐츠계열,디지털영상문화콘텐츠학,3,6,2.0
경기,사립,한신대학교,농어촌학생,경영계열,경영학,3,6,2.0
경기,사립,협성대학교,정원내 [학생부종합]융합인재Ⅰ(서류),이공대학,건축공학과,3,6,2.0
서울,사립,가톨릭대학교(서울),학생부종합(기회균형Ⅰ전형),,바이오메디컬화학공학과,3,6,2.0
서울,사립,건국대학교(서울),학생부교과(KU지역균형),공과대학,항공우주·모빌리티공학과,3,6,2.0
서울,사립,건국대학교(서울),학생부교과(KU지역균형),융합생명과학대학,식량자원과학과,3,6,2.0
서울,사립,경기대학교(서울),학생부교과(농어촌학생전형),,관광개발경영학과,3,6,2.0
서울,사립,경희대학교(서울),서울캠퍼스 학생부종합[기회균형전형Ⅰ(국가보훈·농어촌·수급자·자립아동 등)],자연계열,미래정보디스플레이학부,3,6,2.0
서울,사립,명지대학교(서울),학생부종합(명지인재서류전형),,청소년지도·아동학부 / 청소년지도학전공,3,6,2.0
서울,사립,상명대학교(서울),정원 내 학생부종합(기회균형전형),,행정학부,3,6,2.0
서울,국립,서울과학기술대학교,기회균형전형(기회균등),공과대학,안전공학과,3,6,2.0
서울,국립,서울과학기술대학교,기회균형전형(농어촌학생),공과대학,기계시스템공학부(지능형로봇전공),3,6,2.0
서울,국립,서울과학기술대학교,기회균형전형(농어촌학생),조형대학,도예학과,3,6,2.0
서울,공립,서울시립대학교,고교추천전형,자연과학대학,융합응용화학과,3,6,2.0
서울,사립,서울여자대학교,학생부종합(기회균형전형_사회통합지원),미래산업융합대학,경영학과,3,6,2.0
서울,사립,세종대학교,학생부종합(국방AI로봇융합공학 특별전형),인공지능융합,국방AI로봇융합공학과(여),3,6,2.0
서울,사립,숙명여자대학교,[학생부종합] 기회균형전형,공과대학,화공생명공학부,3,6,2.0
서울,사립,숙명여자대학교,[논술] 논술우수자전형,생활과학대학,가족자원경영학과,3,6,2.0
서울,사립,숙명여자대학교,[학생부종합] 농어촌학생전형(정원외),문과대학,중어중문학부,3,6,2.0
서울,사립,숙명여자대학교,[학생부종합] 농어촌학생전형(정원외),사회과학대학,홍보광고학과,3,6,2.0
서울,사립,숭실대학교,학생부종합(SSU미래인재전형-서류형),,회계학과,3,6,2.0
서울,사립,숭실대학교,학생부종합(특수교육대상자전형),,경영학부,3,6,2.0
서울,사립,이화여자대학교,학생부종합(고른기회전형),인문과학대학,사학과,3,6,2.0
서울,사립,이화여자대학교,학생부종합(고른기회전형),사회과학대학,사회복지학과,3,6,2.0
서울,사립,이화여자대학교,학생부종합(고른기회전형),사회과학대학,소비자학과,3,6,2.0
서울,사립,이화여자대학교,학생부종합(고른기회전형),공과대학,식품생명공학과,3,6,2.0
서울,사립,이화여자대학교,학생부종합(고른기회전형),신산업융합대학,식품영양학과,3,6,2.0
서울,사립,총신대학교,정원내 총신고른기회,사범계열,기독교교육과,3,6,2.0
서울,사립,총신대학교,정원내 총신고른기회,사범계열,유아교육과,3,6,2.0
서울,국립,한국체육대학교,체육특기자(개인),,체육학과-육상(100M 단거리)[남],3,6,2.0
서울,사립,한양대학교(서울),학생부교과(추천형),사범대학,교육학과,3,6,2.0
서울,사립,한양대학교(서울),학생부종합(고른기회),공과대학,건축공학부,3,6,2.0
인천,사립,가천대학교(인천),농어촌(교과) 전형,인문계열,경영학과,3,6,2.0
인천,국립,인천대학교,학생부교과(교과성적우수자),사범대학,수학교육과,3,6,2.0
인천,국립,인천대학교,학생부교과(지역균형),자연과학대학,해양학과,3,6,2.0
인천,국립,인천대학교,학생부교과(지역균형),사회과학대학,미디어커뮤니케이션학과,3,6,2.0
인천,국립,인천대학교,학생부교과(지역균형),생명과학기술대학,생명과학부 분자의생명전공,3,6,2.0
인천,국립,인천대학교,학생부종합(기회균형),공과대학,산업경영공학과,3,6,2.0
인천,사립,인하대학교,학생부종합 농어촌학생,공과대학,사회인프라공학과,3,6,2.0
인천,사립,인하대학교,논술 논술우수자,자연과학대학,식품영양학과,3,6,2.0
대전,국립,국립한밭대학교,지역인재(교과)전형,,컴퓨터공학과,3,6,2.0
대전,사립,우송대학교,정원내 학생부 교과 - 지역인재 전형 (교과100% / 12과목 반영),철도대학,철도경영학과,3,6,2.0
대전,사립,우송대학교,정원내 학생부 교과 - 지역인재 전형 (교과100% / 12과목 반영),보건복지대학,물리치료학과,3,6,2.0
대전,사립,우송대학교,정원내 학생부 교과 - 자기추천 전형 (교과100% / 12과목 반영),보건복지대학,물리치료학과,3,6,2.0
대전,사립,을지대학교(대전),지역균형(학교장추천),,안경광학과,3,6,2.0
대전,사립,을지대학교(대전),농어촌학생,,간호학과(의정부),3,6,2.0
대전,사립,을지대학교(대전),농어촌학생,,물리치료학과,3,6,2.0
대전,국립,충남대학교,학생부종합 면접전형,농업생명과학대학,스마트농업시스템기계공학과*,3,6,2.0
대전,국립,충남대학교,체육특기자전형,자연과학대학,스포츠과학과(태권도),3,6,2.0
충남,국립,국립공주대학교,학생부교과전형  지역인재전형(정원내),간호보건대학,보건행정학과,3,6,2.0
충남,사립,단국대학교(천안),[학생부종합] DKU인재(서류형) 경쟁률 현황 (죽전),,영미인문학과,3,6,2.0
충남,사립,단국대학교(천안),[학생부종합] 기회균형선발 경쟁률 현황 (죽전),,건축학부[건축학전공(5년제)],3,6,2.0
충남,사립,단국대학교(천안),[학생부종합] 사회적배려대상자 경쟁률 현황 (죽전),,인공지능학과,3,6,2.0
충남,사립,단국대학교(천안),[학생부종합] 교육기회배려자(정원외) 경쟁률 현황 (죽전),,통계데이터사이언스학과,3,6,2.0
충남,사립,단국대학교(천안),[학생부종합] 교육기회배려자(정원외) 경쟁률 현황 (천안),,의생명과학부(생명과학전공),3,6,2.0
충남,사립,백석대학교,정원내 모집 학생부 종합 창의인재,,관광학부 글로벌호텔비즈니스,3,6,2.0
충남,사립,백석대학교,정원내 모집 학생부 종합 창의인재,,사범학부 유아특수교육과,3,6,2.0
충남,사립,백석대학교,정원외 모집 학생부 교과 + 면접 계약학과,,㈜호반호텔앤리조트(아일랜드 리솜),3,6,2.0
충남,사립,상명대학교(천안),정원내 학생부종합(기회균형전형),,사진영상미디어전공,3,6,2.0
충남,사립,상명대학교(천안),정원내 학생부종합(기회균형전형),,AI미디어콘텐츠전공,3,6,2.0
충남,사립,호서대학교,- 정원내 학생부종합 호서인재전형,,물리치료학과,3,6,2.0
충북,사립,건국대학교(글로컬),[학생부교과] 지역인재-기초생활 및 차상위,의료생명대학,간호학과,3,6,2.0
충북,사립,건국대학교(글로컬),[학생부교과] 사회통합,인문사회융합대학,문헌정보학과,3,6,2.0
충북,사립,건국대학교(글로컬),[학생부교과] 특성화고교졸업자(정원외),디자인대학,시각영상디자인학과,3,6,2.0
충북,사립,건국대학교(글로컬),[학생부교과] 특성화고교졸업자(정원외),디자인대학,조형예술학과,3,6,2.0
충북,사립,세명대학교,사회배려자및봉사자전형(정원내),인문사회,경찰학과,3,6,2.0
충북,사립,세명대학교,사회배려자및봉사자전형(정원내),자연과학,스마트IT학부 [인공지능응용학/정보통신학],3,6,2.0
충북,사립,청주대학교,정원내 지역인재전형 [교과100%],공과대학,"건축공학과 / 56년역사, 충북최초 건축공학과개설, 건축공학4대전공(구조·시공·환경·설계) 융합AI스마트건축기술교육! 기술사·교수·공무원100여명배출, 최근 5년연구비50억수주",3,6,2.0
경기,사립,가천대학교(성남),지역의사선발 전형,자연계열,경기도 남양주권,2,4,2.0
경기,사립,가천대학교(성남),농어촌(교과) 전형,인문계열,경제학과,2,4,2.0
경기,사립,가천대학교(성남),농어촌(교과) 전형,인문계열,심리학과,2,4,2.0
경기,사립,가천대학교(성남),농어촌(교과) 전형,자연계열,도시계획·조경학부,2,4,2.0
경기,사립,가천대학교(성남),농어촌(교과) 전형,자연계열,건축공학과,2,4,2.0
경기,사립,가천대학교(성남),농어촌(교과) 전형,자연계열,생명과학과,2,4,2.0
경기,사립,가천대학교(성남),농어촌(교과) 전형,자연계열,화학과,2,4,2.0
경기,사립,가천대학교(성남),농어촌(교과) 전형,자연계열,의공학과,2,4,2.0
경기,사립,가천대학교(성남),기회균형 전형,자연계열,반도체물리학과,2,4,2.0
경기,사립,가톨릭대학교(부천),학생부종합(가톨릭지도자추천전형),,경제학과,2,4,2.0
경기,사립,가톨릭대학교(부천),학생부종합(기회균형Ⅰ전형),,국어국문학과,2,4,2.0
경기,사립,강남대학교,[정원내]학생부교과(농어촌학생전형),공학계,전자반도체공학부,2,4,2.0
경기,사립,강남대학교,[정원외]학생부교과(특성화고교졸업자전형),인문사회계,상경학부(야),2,4,2.0
경기,사립,강남대학교,[정원외]학생부교과(기초차상위전형),인문사회계,사회복지학부(야),2,4,2.0
경기,사립,강남대학교,[정원외]학생부종합(장애인등대상자전형),인문사회계,상경학부,2,4,2.0
경기,사립,강남대학교,[정원외]학생부종합(장애인등대상자전형),인문사회계,법행정세무학부,2,4,2.0
경기,사립,강남대학교,[정원외]학생부종합(장애인등대상자전형),예체능계,디자인학과,2,4,2.0
경기,사립,경기대학교(수원),학생부교과(기초생활수급자등선발전형),,"경제학부 / 경제학전공, 응용통계학전공, 지식재산학전공",2,4,2.0
경기,사립,경기대학교(수원),학생부종합(사회배려대상자전형),,기계시스템공학과,2,4,2.0
경기,사립,경기대학교(수원),실기/실적(체육특기자전형),,배구(남)-Right(OP),2,4,2.0
경기,사립,경희대학교(용인),서울캠퍼스 학생부교과(지역균형전형),인문계열,빅데이터응용학과,2,4,2.0
경기,사립,경희대학교(용인),서울캠퍼스 학생부종합[기회균형전형Ⅰ(국가보훈·농어촌·수급자·자립아동 등)],인문계열,관광·엔터테인먼트학부,2,4,2.0
경기,사립,경희대학교(용인),서울캠퍼스 학생부종합[기회균형전형Ⅰ(국가보훈·농어촌·수급자·자립아동 등)],자연계열,지리학과(자연),2,4,2.0
경기,사립,경희대학교(용인),국제캠퍼스 학생부교과(지역균형전형),자연계열,소프트웨어융합학과,2,4,2.0
경기,사립,경희대학교(용인),국제캠퍼스 학생부종합[기회균형전형Ⅰ(국가보훈·농어촌·수급자·자립아동 등)],자연계열,식품생명공학과,2,4,2.0
경기,사립,경희대학교(용인),국제캠퍼스 실기우수자전형(체육),체육계열,스포츠지도학과-농구(남)-센터,2,4,2.0
경기,사립,경희대학교(용인),국제캠퍼스 실기우수자전형(체육),체육계열,스포츠지도학과-축구(남)-F.W-중앙공격수(ST),2,4,2.0
경기,사립,단국대학교(죽전),[학생부종합] 기회균형선발 경쟁률 현황 (죽전),,기계공학과,2,4,2.0
경기,사립,단국대학교(죽전),[학생부종합] 기회균형선발 경쟁률 현황 (죽전),,컴퓨터공학과,2,4,2.0
경기,사립,단국대학교(죽전),[학생부종합] 사회적배려대상자 경쟁률 현황 (죽전),,행정학과,2,4,2.0
경기,사립,단국대학교(죽전),[학생부종합] 사회적배려대상자 경쟁률 현황 (죽전),,융합반도체공학과,2,4,2.0
경기,사립,단국대학교(죽전),[학생부종합] 사회적배려대상자 경쟁률 현황 (죽전),,AI건축융합학과,2,4,2.0
경기,사립,단국대학교(죽전),[학생부종합] 교육기회배려자(정원외) 경쟁률 현황 (죽전),,건축학부(건축공학전공),2,4,2.0
경기,사립,단국대학교(죽전),[학생부종합] 농어촌학생(정원외) 경쟁률 현황 (죽전),,행정학과,2,4,2.0
경기,사립,단국대학교(죽전),[학생부종합] 농어촌학생(정원외) 경쟁률 현황 (죽전),,상담학과,2,4,2.0
경기,사립,단국대학교(죽전),[학생부종합] 농어촌학생(정원외) 경쟁률 현황 (죽전),,무역학과,2,4,2.0
경기,사립,단국대학교(죽전),[학생부종합] 농어촌학생(정원외) 경쟁률 현황 (죽전),,인프라건설공학과,2,4,2.0
경기,사립,단국대학교(죽전),[학생부종합] 농어촌학생(정원외) 경쟁률 현황 (죽전),,컴퓨터공학과,2,4,2.0
경기,사립,단국대학교(죽전),[실기/실적위주] 실기우수자 경쟁률 현황 (죽전),,음악학부(국악전공)-기악(타악)[장고ㆍ꽹과리],2,4,2.0
경기,사립,단국대학교(죽전),[학생부종합] 사회적배려대상자 경쟁률 현황 (천안),,신소재공학과,2,4,2.0
경기,사립,단국대학교(죽전),[학생부종합] 교육기회배려자(정원외) 경쟁률 현황 (천안),,경영공학과,2,4,2.0
경기,사립,단국대학교(죽전),[학생부종합] 농어촌학생(정원외) 경쟁률 현황 (천안),,화학과,2,4,2.0
경기,사립,단국대학교(죽전),[학생부종합] 농어촌학생(정원외) 경쟁률 현황 (천안),,식품영양학과,2,4,2.0
경기,사립,단국대학교(죽전),[학생부종합] 농어촌학생(정원외) 경쟁률 현황 (천안),,에너지공학과,2,4,2.0
경기,사립,단국대학교(죽전),[학생부종합] 농어촌학생(정원외) 경쟁률 현황 (천안),,의생명과학부(의생명시스템학전공),2,4,2.0
경기,사립,단국대학교(죽전),[실기/실적위주] 체육특기자 경쟁률 현황 (천안),,국제스포츠학부(태권도전공)(남)-품새(자유품새),2,4,2.0
경기,사립,대진대학교,학생부교과(고른기회전형) - 교과100%,AI공과대학,데이터경영산업공학과 [교직],2,4,2.0
경기,사립,대진대학교,학생부교과(농어촌학생전형-정원외) - 교과100%,인문사회대학,문예콘텐츠창작학과,2,4,2.0
경기,사립,대진대학교,학생부교과(기초생활수급권자 및 차상위계층전형-정원외) - 교과100%,보건과학대학,스포츠건강과학과,2,4,2.0
경기,사립,명지대학교(용인),학생부종합(농어촌학생전형),,청소년지도·아동학부 / 청소년지도학전공,2,4,2.0
경기,사립,명지대학교(용인),학생부종합(농어촌학생전형),,데이터사이언스전공,2,4,2.0
경기,사립,성결대학교,[학생부교과] 고른기회Ⅰ,글로벌경영대학,스마트관광항공학부(관광학전공),2,4,2.0
경기,사립,성결대학교,[학생부교과] (정원외) 고른기회Ⅱ,인문사회융합대학,행정학부,2,4,2.0
경기,사립,수원대학교,기회균형특별전형,혁신공과대학,반도체공학과,2,4,2.0
경기,사립,수원대학교,기회균형특별전형,지능형SW융합대학,지능형보안학부,2,4,2.0
경기,사립,수원대학교,고운사회전형,혁신공과대학,화학공학·신소재공학부,2,4,2.0
경기,사립,수원대학교,고운사회전형,지능형SW융합대학,AI데이터과학부,2,4,2.0
경기,사립,신한대학교(의정부/동두천),교육기회균형전형(교과100%),,유아교육과,2,4,2.0
경기,사립,아주대학교,고른기회2전형,,건축학과,2,4,2.0
경기,사립,아주대학교,고른기회2전형,,지능형반도체공학과,2,4,2.0
경기,사립,안양대학교(안양),학생부교과(농어촌학생),,화장품발명디자인학과,2,4,2.0
경기,사립,용인대학교,정원내 기회균형 특별전형,체육과학대학,사범 / 특수체육교육과,2,4,2.0
경기,사립,용인대학교,정원외 농어촌학생 특별전형,인문사회융합대학,중국학과,2,4,2.0
경기,사립,용인대학교,정원외 농어촌학생 특별전형,AI바이오융합대학,물리치료학과,2,4,2.0
경기,사립,용인대학교,정원외 특성화고교졸업자 특별전형,인문사회융합대학,관광경영학과,2,4,2.0
경기,사립,용인대학교,정원외 특성화고교졸업자 특별전형,문화예술대학,문화콘텐츠학과,2,4,2.0
경기,사립,을지대학교(성남의정부),지역균형(학교장추천),,임상병리학과(의정부),2,4,2.0
경기,사립,을지대학교(성남의정부),기회균형(정원외),,간호학과(성남),2,4,2.0
경기,사립,을지대학교(성남의정부),농어촌학생,,치위생학과,2,4,2.0
경기,사립,을지대학교(성남의정부),농어촌학생,,자연계열학부,2,4,2.0
경기,사립,을지대학교(성남의정부),사회기여 및 배려대상자,,인문사회계열학부,2,4,2.0
경기,국립,한경국립대학교,학생부교과(지역균형선발_안성)_정원내,,원예생명공학과,2,4,2.0
경기,국립,한경국립대학교,학생부종합(사회통합_안성)_정원내,,컴퓨터공학과,2,4,2.0
경기,국립,한경국립대학교,학생부교과(기초생활수급자 및 차상위계층 등)_정원외,,공과대학,2,4,2.0
경기,사립,한국공학대학교,학생부종합(기회균형),,기계설계공학부 지능형모빌리티전공,2,4,2.0
경기,사립,한양대학교(ERICA),학생부종합(고른기회),공학대학,산업경영공학과,2,4,2.0
경기,사립,한양대학교(ERICA),학생부종합(고른기회),소프트웨어융합대학,수리데이터사이언스학과,2,4,2.0
경기,사립,협성대학교,정원내 [학생부교과]기회균형,인문사회과학대학,문예창작학과,2,4,2.0
경기,사립,협성대학교,정원내 [학생부교과]사회배려자,인문사회과학대학,문예창작학과,2,4,2.0
경기,사립,화성의과학대학교,(정원외) 특성화고교졸업자 특별전형,,간호학과,2,4,2.0
서울,사립,가톨릭대학교(서울),학생부종합(가톨릭지도자추천전형),,경제학과,2,4,2.0
서울,사립,가톨릭대학교(서울),학생부종합(기회균형Ⅰ전형),,국어국문학과,2,4,2.0
서울,사립,강서대학교,일반학생,,실용음악학과_기악_베이스(일반학생),2,4,2.0
서울,사립,강서대학교,일반학생,,실용음악학과_기악_드럼(일반학생),2,4,2.0
서울,사립,경기대학교(서울),학생부교과(기초생활수급자등선발전형),,"경제학부 / 경제학전공, 응용통계학전공, 지식재산학전공",2,4,2.0
서울,사립,경기대학교(서울),학생부종합(사회배려대상자전형),,기계시스템공학과,2,4,2.0
서울,사립,경기대학교(서울),실기/실적(체육특기자전형),,배구(남)-Right(OP),2,4,2.0
서울,사립,경희대학교(서울),서울캠퍼스 학생부교과(지역균형전형),인문계열,빅데이터응용학과,2,4,2.0
서울,사립,경희대학교(서울),서울캠퍼스 학생부종합[기회균형전형Ⅰ(국가보훈·농어촌·수급자·자립아동 등)],인문계열,관광·엔터테인먼트학부,2,4,2.0
서울,사립,경희대학교(서울),서울캠퍼스 학생부종합[기회균형전형Ⅰ(국가보훈·농어촌·수급자·자립아동 등)],자연계열,지리학과(자연),2,4,2.0
서울,사립,경희대학교(서울),국제캠퍼스 학생부교과(지역균형전형),자연계열,소프트웨어융합학과,2,4,2.0
서울,사립,경희대학교(서울),국제캠퍼스 학생부종합[기회균형전형Ⅰ(국가보훈·농어촌·수급자·자립아동 등)],자연계열,식품생명공학과,2,4,2.0
서울,사립,경희대학교(서울),국제캠퍼스 실기우수자전형(체육),체육계열,스포츠지도학과-농구(남)-센터,2,4,2.0
서울,사립,경희대학교(서울),국제캠퍼스 실기우수자전형(체육),체육계열,스포츠지도학과-축구(남)-F.W-중앙공격수(ST),2,4,2.0
서울,사립,광운대학교,학생부종합【농어촌학생전형】,,법학부,2,4,2.0
서울,사립,명지대학교(서울),학생부종합(농어촌학생전형),,청소년지도·아동학부 / 청소년지도학전공,2,4,2.0
서울,사립,명지대학교(서울),학생부종합(농어촌학생전형),,데이터사이언스전공,2,4,2.0
서울,사립,삼육대학교,기회균형Ⅰ전형,,동물자원과학과,2,4,2.0
서울,사립,삼육대학교,농어촌전형,,바이오융합공학과,2,4,2.0
서울,사립,삼육대학교,기회균형Ⅱ전형,,간호학과,2,4,2.0
서울,사립,삼육대학교,기회균형Ⅱ전형,,물리치료학과,2,4,2.0
서울,사립,상명대학교(서울),정원 내 학생부종합(기회균형전형),,한일문화콘텐츠전공,2,4,2.0
서울,사립,서강대학교,학생부종합(서강가치),,화학과,2,4,2.0
서울,사립,서경대학교,실기우수자 전형,,음악학부-관현악-현악(바이올린),2,4,2.0
서울,국립,서울과학기술대학교,기회균형전형(기회균등),인문사회대학,행정학과,2,4,2.0
서울,국립,서울과학기술대학교,기회균형전형(기회균등),기술경영융합대학,경영학과(경영학전공),2,4,2.0
서울,국립,서울과학기술대학교,기회균형전형(농어촌학생),기술경영융합대학,경영학과(글로벌테크노경영전공)_인문,2,4,2.0
서울,공립,서울시립대학교,기회균형전형Ⅰ,도시과학대학,공간정보공학과,2,4,2.0
서울,사립,서울여자대학교,학생부종합(기회균형전형_사회통합지원),인문대학,영어영문학과,2,4,2.0
서울,사립,서울여자대학교,학생부종합(기회균형전형_사회통합지원),인문대학,사학과,2,4,2.0
서울,사립,서울여자대학교,학생부종합(기회균형전형_농어촌학생)[정원외],인문대학,AI융합콘텐츠전공,2,4,2.0
서울,사립,성공회대학교,국가보훈대상자,,미디어콘텐츠융합학부,2,4,2.0
서울,사립,성신여자대학교,기회균형Ⅰ,,프랑스어문·문화학과,2,4,2.0
서울,사립,성신여자대학교,기회균형Ⅰ,,바이오헬스융합학부,2,4,2.0
서울,사립,세종대학교,실기/실적(실기우수자 전형),예체능,음악과-첼로,2,4,2.0
서울,사립,숙명여자대학교,[학생부종합] 기회균형전형,문과대학,교육학부,2,4,2.0
서울,사립,숙명여자대학교,[학생부종합] 기회균형전형,공과대학,지능형전자시스템학부,2,4,2.0
서울,사립,숙명여자대학교,[실기/실적] 예능창의인재전형,음악대학,관현악과-바순,2,4,2.0
서울,사립,숙명여자대학교,[학생부종합] 농어촌학생전형(정원외),문과대학,문화관광학전공,2,4,2.0
서울,사립,숙명여자대학교,[학생부종합] 농어촌학생전형(정원외),이과대학,수학과,2,4,2.0
서울,사립,숙명여자대학교,[학생부종합] 농어촌학생전형(정원외),공과대학,컴퓨터과학전공,2,4,2.0
서울,사립,숙명여자대학교,[학생부종합] 특성화고교출신자전형(정원외),문과대학,문화관광학전공,2,4,2.0
서울,사립,숙명여자대학교,[학생부종합] 특성화고교출신자전형(정원외),공과대학,인공지능공학부,2,4,2.0
서울,사립,숭실대학교,학생부종합(기회균형전형),,불어불문학과,2,4,2.0
서울,사립,연세대학교(서울),학생부종합전형 (기회균형),생활과학대학,아동·가족학과,2,4,2.0
서울,사립,이화여자대학교,학생부종합(고른기회전형),사범대학,교육학과,2,4,2.0
서울,사립,이화여자대학교,학생부종합(고른기회전형),사범대학,수학교육과,2,4,2.0
서울,사립,이화여자대학교,실기/실적(예체능실기전형),음악대학,아쟁,2,4,2.0
서울,국립,한국체육대학교,체육특기자(개인),,"체육학과-수영-경영(자유형-50M, 100M 제외)[남]",2,4,2.0
서울,사립,한양대학교(서울),학생부종합(고른기회),경영대학,파이낸스경영학과,2,4,2.0
인천,사립,가천대학교(인천),지역의사선발 전형,자연계열,경기도 남양주권,2,4,2.0
인천,사립,가천대학교(인천),농어촌(교과) 전형,인문계열,경제학과,2,4,2.0
인천,사립,가천대학교(인천),농어촌(교과) 전형,인문계열,심리학과,2,4,2.0
인천,사립,가천대학교(인천),농어촌(교과) 전형,자연계열,도시계획·조경학부,2,4,2.0
인천,사립,가천대학교(인천),농어촌(교과) 전형,자연계열,건축공학과,2,4,2.0
인천,사립,가천대학교(인천),농어촌(교과) 전형,자연계열,생명과학과,2,4,2.0
인천,사립,가천대학교(인천),농어촌(교과) 전형,자연계열,화학과,2,4,2.0
인천,사립,가천대학교(인천),농어촌(교과) 전형,자연계열,의공학과,2,4,2.0
인천,사립,가천대학교(인천),기회균형 전형,자연계열,반도체물리학과,2,4,2.0
인천,사립,안양대학교(강화),학생부교과(농어촌학생),,화장품발명디자인학과,2,4,2.0
인천,사립,인천가톨릭대학교(인천/강화),가톨릭지도자추천,조형예술대학,조형예술학과 / 인물모델링,2,1,2.0
인천,사립,인천가톨릭대학교(인천/강화),특성화고교출신,조형예술대학,융합디자인학과 / 기초디자인,2,4,2.0
인천,국립,인천대학교,학생부종합(기회균형),인문대학,독어독문학과,2,4,2.0
인천,국립,인천대학교,학생부종합(기회균형),사회과학대학,창의인재개발학과,2,4,2.0
인천,국립,인천대학교,학생부종합(기회균형),경영대학,세무회계학과,2,4,2.0
인천,국립,인천대학교,학생부종합(기회균형),생명과학기술대학,생명과학부 생명과학전공,2,4,2.0
인천,사립,인하대학교,학생부종합 고른기회,바이오융합대학,생명과학과,2,4,2.0
인천,사립,인하대학교,학생부종합 농어촌학생,공과대학,반도체시스템공학과,2,4,2.0
인천,사립,인하대학교,학생부종합 농어촌학생,문과대학,일본언어문화학과,2,4,2.0
대전,사립,건양대학교(대전),농어촌학생전형,,의공학과,2,4,2.0
대전,사립,건양대학교(대전),"기초생활수급자, 차상위계층, 한부모가족 지원대상자 전형",,병원경영학과,2,4,2.0
대전,국립,국립한밭대학교,학생부종합(소프트웨어인재)전형,,모바일융합공학과,2,4,2.0
대전,국립,국립한밭대학교,농어촌학생전형,,전기공학과,2,4,2.0
대전,사립,목원대학교,"사회적배려자전형 경쟁률 현황 교과100 [면접없음, 수능최저없음]",보건안전대학,소방방재학과,2,4,2.0
대전,사립,우송대학교,정원내 학생부 교과 - 지역인재 전형 (교과100% / 12과목 반영),보건복지대학,뷰티디자인경영학과,2,4,2.0
대전,사립,우송대학교,정원내 학생부 교과 - 자기추천 전형 (교과100% / 12과목 반영),외식조리대학,"글로벌외식,조리경영전공",2,4,2.0
대전,사립,우송대학교,정원내 학생부 교과 - 자기추천 전형 (교과100% / 12과목 반영),보건복지대학,동물의료관리학과,2,4,2.0
대전,사립,을지대학교(대전),지역균형(학교장추천),,임상병리학과(의정부),2,4,2.0
대전,사립,을지대학교(대전),기회균형(정원외),,간호학과(성남),2,4,2.0
대전,사립,을지대학교(대전),농어촌학생,,치위생학과,2,4,2.0
대전,사립,을지대학교(대전),농어촌학생,,자연계열학부,2,4,2.0
대전,사립,을지대학교(대전),사회기여 및 배려대상자,,인문사회계열학부,2,4,2.0
대전,국립,충남대학교,일반전형,예술대학,관현악과(Clarinet),2,4,2.0
대전,국립,충남대학교,지역인재전형,인문대학,고고학과,2,4,2.0
대전,국립,충남대학교,기회균형선발Ⅰ전형,창의융합대학,인문사회융합학부 인문대학자율전공,2,4,2.0
대전,국립,충남대학교,학생부종합 면접전형,지식융합학부,공공안전융합전공,2,4,2.0
대전,국립,충남대학교,학생부종합 서류전형,인문대학,한문학과*,2,4,2.0
대전,국립,충남대학교,농어촌학생전형,자연과학대학,수학과,2,4,2.0
대전,국립,충남대학교,농어촌학생전형,자연과학대학,반도체융합학과,2,4,2.0
대전,국립,충남대학교,농어촌학생전형,공과대학,신소재공학과,2,4,2.0
대전,국립,충남대학교,저소득층학생전형,경상대학,무역학과,2,4,2.0
대전,국립,충남대학교,저소득층학생전형,자연과학대학,반도체융합학과,2,4,2.0
대전,국립,충남대학교,저소득층학생전형,공과대학,에너지공학과,2,4,2.0
대전,국립,충남대학교,특수교육대상자전형,공과대학,기계공학부,2,4,2.0
대전,국립,충남대학교,특수교육대상자전형,공과대학,신소재공학과,2,4,2.0
대전,국립,충남대학교,특수교육대상자전형,공과대학,응용화학공학과,2,4,2.0
세종,사립,고려대학교(세종),학생부종합(다문화전형),과학기술대학,전자및정보공학과,2,4,2.0
충남,사립,건양대학교(논산),농어촌학생전형,,의공학과,2,4,2.0
충남,사립,건양대학교(논산),"기초생활수급자, 차상위계층, 한부모가족 지원대상자 전형",,병원경영학과,2,4,2.0
충남,국립,국립공주대학교,학생부교과전형  지역인재전형(정원내),사범대학,윤리교육과,2,4,2.0
충남,국립,국립공주대학교,학생부교과전형  지역인재전형(정원내),사범대학,화학교육과,2,4,2.0
충남,국립,국립공주대학교,실기/실적전형  특기자전형(정원내),사범대학,육상_여,2,4,2.0
충남,국립,국립공주대학교,실기/실적전형  특기자전형(정원내),자연과학대학,탁구_남,2,4,2.0
충남,사립,단국대학교(천안),[학생부종합] 기회균형선발 경쟁률 현황 (죽전),,기계공학과,2,4,2.0
충남,사립,단국대학교(천안),[학생부종합] 기회균형선발 경쟁률 현황 (죽전),,컴퓨터공학과,2,4,2.0
충남,사립,단국대학교(천안),[학생부종합] 사회적배려대상자 경쟁률 현황 (죽전),,행정학과,2,4,2.0
충남,사립,단국대학교(천안),[학생부종합] 사회적배려대상자 경쟁률 현황 (죽전),,융합반도체공학과,2,4,2.0
충남,사립,단국대학교(천안),[학생부종합] 사회적배려대상자 경쟁률 현황 (죽전),,AI건축융합학과,2,4,2.0
충남,사립,단국대학교(천안),[학생부종합] 교육기회배려자(정원외) 경쟁률 현황 (죽전),,건축학부(건축공학전공),2,4,2.0
충남,사립,단국대학교(천안),[학생부종합] 농어촌학생(정원외) 경쟁률 현황 (죽전),,행정학과,2,4,2.0
충남,사립,단국대학교(천안),[학생부종합] 농어촌학생(정원외) 경쟁률 현황 (죽전),,상담학과,2,4,2.0
충남,사립,단국대학교(천안),[학생부종합] 농어촌학생(정원외) 경쟁률 현황 (죽전),,무역학과,2,4,2.0
충남,사립,단국대학교(천안),[학생부종합] 농어촌학생(정원외) 경쟁률 현황 (죽전),,인프라건설공학과,2,4,2.0
충남,사립,단국대학교(천안),[학생부종합] 농어촌학생(정원외) 경쟁률 현황 (죽전),,컴퓨터공학과,2,4,2.0
충남,사립,단국대학교(천안),[실기/실적위주] 실기우수자 경쟁률 현황 (죽전),,음악학부(국악전공)-기악(타악)[장고ㆍ꽹과리],2,4,2.0
충남,사립,단국대학교(천안),[학생부종합] 사회적배려대상자 경쟁률 현황 (천안),,신소재공학과,2,4,2.0
충남,사립,단국대학교(천안),[학생부종합] 교육기회배려자(정원외) 경쟁률 현황 (천안),,경영공학과,2,4,2.0
충남,사립,단국대학교(천안),[학생부종합] 농어촌학생(정원외) 경쟁률 현황 (천안),,화학과,2,4,2.0
충남,사립,단국대학교(천안),[학생부종합] 농어촌학생(정원외) 경쟁률 현황 (천안),,식품영양학과,2,4,2.0
충남,사립,단국대학교(천안),[학생부종합] 농어촌학생(정원외) 경쟁률 현황 (천안),,에너지공학과,2,4,2.0
충남,사립,단국대학교(천안),[학생부종합] 농어촌학생(정원외) 경쟁률 현황 (천안),,의생명과학부(의생명시스템학전공),2,4,2.0
충남,사립,단국대학교(천안),[실기/실적위주] 체육특기자 경쟁률 현황 (천안),,국제스포츠학부(태권도전공)(남)-품새(자유품새),2,4,2.0
충남,사립,백석대학교,정원내 모집 학생부 교과 사회기여자 및 배려대상자,,사범학부 유아특수교육과,2,4,2.0
충남,사립,백석대학교,정원내 모집 학생부 교과 사회기여자 및 배려대상자,,문화예술학부 글로벌뷰티아트,2,4,2.0
충남,사립,상명대학교(천안),정원내 학생부종합(기회균형전형),,영화영상전공(연출ㆍ스태프),2,4,2.0
충남,사립,상명대학교(천안),정원내 학생부종합(기회균형전형),,전자공학과,2,4,2.0
충남,사립,상명대학교(천안),정원내 학생부종합(기회균형전형),,경영공학과,2,4,2.0
충남,사립,상명대학교(천안),정원내 실기/실적(특기자(체육)전형),,스포츠융합자유전공학부(농구-포워드),2,4,2.0
충남,사립,순천향대학교,[정원내] 학생부교과(기회균형전형),자연과학대학,식품영양학과,2,4,2.0
충남,사립,순천향대학교,[정원내] 학생부교과(기회균형전형),공과대학,전기공학과,2,4,2.0
충남,사립,순천향대학교,[정원내] 학생부교과(기회균형전형),공과대학,디스플레이신소재공학과,2,4,2.0
충남,사립,순천향대학교,[정원내] 학생부교과(기회균형전형),AI대학,컴퓨터공학부(컴퓨터공학전공),2,4,2.0
충남,사립,순천향대학교,[정원내] 학생부교과(기회균형전형),AI대학,정보보호학과,2,4,2.0
충남,사립,순천향대학교,[정원내] 학생부종합(사회통합전형),인문사회과학대학,청소년교육·상담학과,2,4,2.0
충남,사립,순천향대학교,[정원외] 학생부종합(조기취업형계약학과전형),창의라이프대학,루치노바(주),2,4,2.0
충남,사립,한국기술교육대학교,사회통합,,경영학부 / 융합경영전공,2,4,2.0
충남,사립,한국기술교육대학교,농어촌학생[정원외],,화학생명공학전공,2,4,2.0
충남,사립,호서대학교,- 정원내 학생부교과 기회균형전형,,유아교육과,2,4,2.0
충남,사립,호서대학교,- 정원외 학생부교과 농어촌학생전형,,유아교육과,2,4,2.0
충북,사립,건국대학교(글로컬),[학생부교과] 사회통합,인문사회융합대학,사회복지학과,2,4,2.0
충북,사립,건국대학교(글로컬),[학생부교과] 특성화고교졸업자(정원외),디자인대학,산업디자인학과,2,4,2.0
충북,사립,건국대학교(글로컬),[학생부교과] 특성화고교졸업자(정원외),과학기술대학,컴퓨터공학과,2,4,2.0
충북,사립,건국대학교(글로컬),[학생부교과] 농어촌학생(정원외),인문사회융합대학,경제통상학과,2,4,2.0
충북,사립,건국대학교(글로컬),[학생부교과] 농어촌학생(정원외),인문사회융합대학,신문방송학과,2,4,2.0
충북,사립,건국대학교(글로컬),[학생부교과] 기초생활 및 차상위(정원외),인문사회융합대학,문헌정보학과,2,4,2.0
충북,사립,건국대학교(글로컬),[학생부교과] 기초생활 및 차상위(정원외),의료생명대학,생명공학과,2,4,2.0
충북,국립,충북대학교,학생부종합(농어촌학생전형),사회과학대학,사회학과,2,4,2.0
충북,국립,충북대학교,학생부종합(농어촌학생전형),자연과학대학,물리학과,2,4,2.0
충북,국립,충북대학교,학생부종합(농어촌학생전형),자연과학대학,미생물학과,2,4,2.0
충북,국립,충북대학교,학생부종합(농어촌학생전형),공과대학,환경공학과,2,4,2.0
충북,국립,충북대학교,학생부종합(농어촌학생전형),창의융합대학,바이오헬스학부,2,4,2.0
충북,국립,한국교원대학교,농어촌학생 특별전형,,국어교육과,2,4,2.0
경기,사립,가천대학교(성남),실기우수자 전형,예체능계열,기악전공(Bassoon),1,2,2.0
경기,사립,가톨릭대학교(부천),학생부종합(기회균형Ⅱ전형)(정원 외),,AI의공학과,1,2,2.0
경기,사립,경희대학교(용인),서울캠퍼스 학생부종합(기회균형전형Ⅱ),인문계열,응용영어통번역학과,1,2,2.0
경기,사립,경희대학교(용인),국제캠퍼스 실기우수자전형(체육),체육계열,스포츠지도학과-배구(남)-미들블로커(MB),1,2,2.0
경기,사립,경희대학교(용인),국제캠퍼스 실기우수자전형(체육),체육계열,스포츠지도학과-배구(남)-리베로(L),1,2,2.0
경기,사립,경희대학교(용인),국제캠퍼스 실기우수자전형(체육),체육계열,스포츠지도학과-축구(남)-F.W-윙포워드(WF),1,2,2.0
경기,사립,경희대학교(용인),국제캠퍼스 실기우수자전형(체육),체육계열,"스포츠지도학과-자전거(MTB, BMX)",1,2,2.0
경기,사립,경희대학교(용인),국제캠퍼스 실기우수자전형(체육),체육계열,스포츠지도학과-에어로빅,1,2,2.0
경기,사립,단국대학교(죽전),[학생부종합] 특수교육대상자(정원외) 경쟁률 현황 (죽전),,철학과,1,2,2.0
경기,사립,단국대학교(죽전),[학생부종합] 특수교육대상자(정원외) 경쟁률 현황 (죽전),,융합반도체공학과,1,2,2.0
경기,사립,단국대학교(죽전),[학생부종합] 특수교육대상자(정원외) 경쟁률 현황 (죽전),,기계공학과,1,2,2.0
경기,사립,단국대학교(죽전),[학생부종합] 특수교육대상자(정원외) 경쟁률 현황 (죽전),,건축학부(건축공학전공),1,2,2.0
경기,사립,단국대학교(죽전),[학생부종합] 특수교육대상자(정원외) 경쟁률 현황 (죽전),,사이버보안학과,1,2,2.0
경기,사립,단국대학교(죽전),[학생부종합] 사회적배려대상자 경쟁률 현황 (천안),,글로벌한국어과,1,2,2.0
경기,사립,단국대학교(죽전),[학생부종합] 교육기회배려자(정원외) 경쟁률 현황 (천안),,유럽중남미학부(독일학전공),1,2,2.0
경기,사립,단국대학교(죽전),[학생부종합] 교육기회배려자(정원외) 경쟁률 현황 (천안),,유럽중남미학부(프랑스학전공),1,2,2.0
경기,사립,단국대학교(죽전),[학생부종합] 교육기회배려자(정원외) 경쟁률 현황 (천안),,식품공학과,1,2,2.0
경기,사립,단국대학교(죽전),[학생부종합] 농어촌학생(정원외) 경쟁률 현황 (천안),,유럽중남미학부(스페인중남미학전공),1,2,2.0
경기,사립,단국대학교(죽전),[학생부종합] 농어촌학생(정원외) 경쟁률 현황 (천안),,유럽중남미학부(러시아학전공),1,2,2.0
경기,사립,단국대학교(죽전),[학생부종합] 농어촌학생(정원외) 경쟁률 현황 (천안),,영어과,1,2,2.0
경기,사립,단국대학교(죽전),[학생부종합] 농어촌학생(정원외) 경쟁률 현황 (천안),,신소재공학과,1,2,2.0
경기,사립,단국대학교(죽전),[실기/실적위주] 체육특기자 경쟁률 현황 (천안),,생활체육학과(여)-배구(세터),1,2,2.0
경기,사립,단국대학교(죽전),[실기/실적위주] 체육특기자 경쟁률 현황 (천안),,국제스포츠학부(운동처방재활전공)-승마(장애물),1,2,2.0
경기,사립,단국대학교(죽전),[실기/실적위주] 체육특기자 경쟁률 현황 (천안),,국제스포츠학부(국제스포츠전공)(남)-피겨,1,2,2.0
경기,사립,단국대학교(죽전),[실기/실적위주] 체육특기자 경쟁률 현황 (천안),,국제스포츠학부(태권도전공)(남)-겨루기(웰터),1,2,2.0
경기,사립,단국대학교(죽전),[실기/실적위주] 체육특기자 경쟁률 현황 (천안),,국제스포츠학부(태권도전공)(남)-겨루기(라이트헤비),1,2,2.0
경기,사립,단국대학교(죽전),[실기/실적위주] 체육특기자 경쟁률 현황 (천안),,국제스포츠학부(태권도전공)(여)-겨루기(헤비),1,2,2.0
경기,사립,대진대학교,학생부교과(취업자전형) - 교과100%,-,휴먼케어평생교육학과(야),1,2,2.0
경기,사립,명지대학교(용인),학생부교과(특성화고교전형),,데이터사이언스전공,1,2,2.0
경기,사립,명지대학교(용인),학생부교과(만학도전형),,회계세무학전공,1,2,2.0
경기,사립,명지대학교(용인),학생부교과(특수교육대상자전형),,시스템생명과학전공,1,2,2.0
경기,사립,명지대학교(용인),학생부교과(특수교육대상자전형),,전자공학전공,1,2,2.0
경기,사립,명지대학교(용인),학생부종합(농어촌학생전형),,전기전자공학부 / 전기정보공학전공,1,2,2.0
경기,사립,서울신학대학교,[실적/실기위주]전문연주자전형,,교회음악과(오르간),1,2,2.0
경기,사립,성균관대학교(수원),실기/실적(예체능 특기자),,배구-세터,1,2,2.0
경기,사립,아주대학교,고른기회1전형,,국어국문학과,1,2,2.0
경기,사립,아주대학교,고른기회1전형,,문화콘텐츠학과,1,2,2.0
경기,사립,아주대학교,고른기회2전형,,화학공학과,1,2,2.0
경기,사립,아주대학교,고른기회2전형,,사학과,1,2,2.0
경기,사립,아주대학교,지역의사선발전형,,경기도 이천권,1,2,2.0
경기,사립,아주대학교,특수교육대상자전형(정원외),,영어영문학과,1,2,2.0
경기,사립,안양대학교(안양),학생부종합(고른기회),,화장품발명디자인학과,1,2,2.0
경기,사립,안양대학교(안양),학생부교과(농어촌학생),,영미언어문화학과,1,2,2.0
경기,사립,용인대학교,정원외 기초생활수급자 및 차상위계층 특별전형,체육과학대학,체육학과,1,2,2.0
경기,사립,용인대학교,정원외 기초생활수급자 및 차상위계층 특별전형,문화예술대학,문화콘텐츠학과,1,2,2.0
경기,사립,용인대학교,정원외 기초생활수급자 및 차상위계층 특별전형,AI바이오융합대학,자연과학 / 식품영양학과,1,2,2.0
경기,사립,용인대학교,정원외 농어촌학생 특별전형,문화예술대학,문화유산학과,1,2,2.0
경기,사립,을지대학교(성남의정부),지역의사선발,,"충청남도 논산권(논산시, 금산군, 부여군, 서천군)",1,2,2.0
경기,사립,을지대학교(성남의정부),기회균형(정원외),,응급구조학과,1,2,2.0
경기,사립,을지대학교(성남의정부),기회균형(정원외),,치위생학과,1,2,2.0
경기,사립,중부대학교(고양),실적우수자전형,,스포츠건강관리학전공 / 배구(세터),1,2,2.0
경기,사립,차의과학대학교,학생부종합(기회균등특별전형),,간호대학,1,2,2.0
경기,국립,한경국립대학교,학생부교과(지역균형선발_안성)_정원내,,문예창작미디어콘텐츠홍보학과,1,2,2.0
경기,국립,한경국립대학교,학생부교과(지역균형선발_안성)_정원내,,지역자원시스템공학과,1,2,2.0
경기,국립,한경국립대학교,학생부교과(농어촌학생)_정원외,,법학과,1,2,2.0
경기,국립,한경국립대학교,학생부교과(농어촌학생)_정원외,,경영학과,1,2,2.0
경기,국립,한경국립대학교,학생부교과(농어촌학생)_정원외,,식물생명환경학과,1,2,2.0
경기,국립,한경국립대학교,학생부교과(농어촌학생)_정원외,,응용수학과,1,2,2.0
경기,국립,한경국립대학교,학생부교과(농어촌학생)_정원외,,ICT로봇공학과,1,2,2.0
경기,국립,한경국립대학교,학생부교과(농어촌학생)_정원외,,건축공학과,1,2,2.0
경기,국립,한경국립대학교,학생부교과(농어촌학생)_정원외,,의류산업학과,1,2,2.0
경기,국립,한경국립대학교,학생부교과(농어촌학생)_정원외,,한국수어교육학과,1,2,2.0
경기,사립,한국공학대학교,학생부교과(특성화고교졸업자),,메카트로닉스공학부 AI로봇전공,1,2,2.0
경기,사립,한국공학대학교,학생부교과(특성화고교졸업자),,신소재공학과,1,2,2.0
경기,사립,한국공학대학교,학생부교과(특성화고교졸업자),,경영학부 데이터사이언스경영전공,1,2,2.0
경기,사립,한국공학대학교,학생부교과(특성화고교졸업자),,경영학부 IT경영전공,1,2,2.0
경기,사립,한양대학교(ERICA),학생부종합(서해 5도),공학대학,건축학부(건축학전공),1,1,2.0
경기,사립,협성대학교,정원외 [학생부교과]농어촌학생,인문사회과학대학,문예창작학과,1,2,2.0
경기,사립,협성대학교,정원외 [학생부교과]농어촌학생,경영대학,세무회계학과,1,2,2.0
경기,사립,협성대학교,정원외 [학생부교과]농어촌학생,경영대학,호텔관광경영학과,1,2,2.0
경기,사립,협성대학교,정원외 [학생부교과]농어촌학생,이공대학,건축공학과,1,2,2.0
경기,사립,협성대학교,정원외 [학생부교과]농어촌학생,예술대학,실내디자인학과,1,2,2.0
경기,사립,협성대학교,정원외 [학생부교과]농어촌학생,예술대학,가구디자인학과,1,2,2.0
경기,사립,협성대학교,정원외 [학생부교과]특성화고교졸업자,경영대학,호텔관광경영학과,1,2,2.0
경기,사립,협성대학교,정원외 [학생부교과]특성화고교졸업자,이공대학,컴퓨터공학과,1,2,2.0
경기,사립,협성대학교,정원외 [학생부교과]특성화고교졸업자,예술대학,산업디자인학과,1,2,2.0
경기,사립,협성대학교,정원외 [학생부교과]기초생활수급자/차상위계층/한부모가족,경영대학,경영학과,1,2,2.0
서울,사립,가톨릭대학교(서울),학생부종합(기회균형Ⅱ전형)(정원 외),,AI의공학과,1,2,2.0
서울,사립,건국대학교(서울),학생부종합(기회균형),이과대학,수학과,1,2,2.0
서울,사립,건국대학교(서울),학생부종합(특성화고교졸업자),사회과학대학,경제학과,1,2,2.0
서울,사립,경희대학교(서울),서울캠퍼스 학생부종합(기회균형전형Ⅱ),인문계열,응용영어통번역학과,1,2,2.0
서울,사립,경희대학교(서울),국제캠퍼스 실기우수자전형(체육),체육계열,스포츠지도학과-배구(남)-미들블로커(MB),1,2,2.0
서울,사립,경희대학교(서울),국제캠퍼스 실기우수자전형(체육),체육계열,스포츠지도학과-배구(남)-리베로(L),1,2,2.0
서울,사립,경희대학교(서울),국제캠퍼스 실기우수자전형(체육),체육계열,스포츠지도학과-축구(남)-F.W-윙포워드(WF),1,2,2.0
서울,사립,경희대학교(서울),국제캠퍼스 실기우수자전형(체육),체육계열,"스포츠지도학과-자전거(MTB, BMX)",1,2,2.0
서울,사립,경희대학교(서울),국제캠퍼스 실기우수자전형(체육),체육계열,스포츠지도학과-에어로빅,1,2,2.0
서울,사립,동덕여자대학교,기회균형 특별전형,인문대학,영어전공,1,2,2.0
서울,사립,동덕여자대학교,기회균형 특별전형,인문대학,일어일본학전공,1,2,2.0
서울,사립,동덕여자대학교,기회균형 특별전형,사회과학대학,사회복지학전공,1,2,2.0
서울,사립,동덕여자대학교,기회균형 특별전형,사회과학대학,아동학전공,1,2,2.0
서울,사립,동덕여자대학교,실기우수자전형,예술대학,관현악전공(오보에),1,2,2.0
서울,사립,동덕여자대학교,실기우수자전형,예술대학,관현악전공(타악기),1,2,2.0
서울,사립,명지대학교(서울),학생부교과(특성화고교전형),,데이터사이언스전공,1,2,2.0
서울,사립,명지대학교(서울),학생부교과(만학도전형),,회계세무학전공,1,2,2.0
서울,사립,명지대학교(서울),학생부교과(특수교육대상자전형),,시스템생명과학전공,1,2,2.0
서울,사립,명지대학교(서울),학생부교과(특수교육대상자전형),,전자공학전공,1,2,2.0
서울,사립,명지대학교(서울),학생부종합(농어촌학생전형),,전기전자공학부 / 전기정보공학전공,1,2,2.0
서울,사립,삼육대학교,예체능인재전형(체육),,농구,1,2,2.0
서울,사립,삼육대학교,기회균형Ⅱ전형,,유아교육과,1,2,2.0
서울,사립,상명대학교(서울),정원 내 실기/실적(실기전형),,관현악(현악)-비올라,1,2,2.0
서울,사립,상명대학교(서울),정원 외 학생부종합(특수교육대상자전형),,국어교육과,1,2,2.0
서울,사립,서경대학교,실기우수자 전형,,음악학부-관현악-관악(오보에),1,2,2.0
서울,사립,서경대학교,실기우수자 전형,,음악학부-관현악-관악(클라리넷),1,2,2.0
서울,사립,서경대학교,실기우수자 전형,,음악학부-관현악-관악(색소폰),1,2,2.0
서울,사립,서경대학교,실기우수자 전형,,음악학부-관현악-관악(튜바),1,2,2.0
서울,국립,서울과학기술대학교,기회균형전형(국가보훈대상자),공과대학,건설시스템공학과,1,2,2.0
서울,국립,서울과학기술대학교,기회균형전형(국가보훈대상자),기술경영융합대학,산업공학부(산업정보시스템전공)_자연,1,2,2.0
서울,국립,서울과학기술대학교,기회균형전형(기회균등),기술경영융합대학,MSDE학과,1,2,2.0
서울,국립,서울과학기술대학교,기회균형전형(기회균등),창의융합대학,인공지능응용학과,1,2,2.0
서울,국립,서울과학기술대학교,기회균형전형(기회균등),창의융합대학,미래에너지학과,1,2,2.0
서울,국립,서울과학기술대학교,기회균형전형(농어촌학생),정보통신대학,전기정보공학과,1,2,2.0
서울,국립,서울과학기술대학교,기회균형전형(농어촌학생),정보통신대학,컴퓨터공학과,1,2,2.0
서울,사립,성공회대학교,농어촌학생(정원외),,사회융합학부,1,2,2.0
서울,사립,성공회대학교,특성화고교졸업자(정원외),,미래융합학부,1,2,2.0
서울,사립,성균관대학교(서울),실기/실적(예체능 특기자),,배구-세터,1,2,2.0
서울,사립,세종대학교,학생부종합(서해5도학생 특별전형),경영경제,경영학부,1,2,2.0
서울,사립,세종대학교,학생부종합(사이버국방 특별전형),인공지능융합,사이버국방학과(여),1,2,2.0
서울,사립,숙명여자대학교,[학생부종합] 기회균형전형,문과대학,문헌정보학과,1,2,2.0
서울,사립,숙명여자대학교,[학생부종합] 기회균형전형,생활과학대학,가족자원경영학과,1,2,2.0
서울,사립,숙명여자대학교,[학생부종합] 기회균형전형,사회과학대학,정치외교학과,1,2,2.0
서울,사립,숙명여자대학교,[학생부종합] 기회균형전형,공과대학,신소재물리학부,1,2,2.0
서울,사립,숭실대학교,학생부종합(특수교육대상자전형),,불어불문학과,1,2,2.0
서울,사립,숭실대학교,학생부종합(특수교육대상자전형),,중어중문학과,1,2,2.0
서울,사립,숭실대학교,학생부종합(특수교육대상자전형),,법학과,1,2,2.0
서울,사립,연세대학교(서울),학생부종합전형 (기회균형),인공지능융합대학,지능형반도체전공,1,2,2.0
서울,사립,이화여자대학교,학생부종합(고른기회전형),사범대학,사회과교육과 역사교육전공,1,2,2.0
서울,사립,이화여자대학교,학생부종합(사회기여자전형),사회과학대학,경제학과,1,2,2.0
서울,국립,한국체육대학교,체육특기자(개인),,체육학과-복싱[여] -75kg,1,2,2.0
서울,국립,한국체육대학교,체육특기자(개인),,체육학과-수영-경영(개인혼영)[남],1,2,2.0
서울,국립,한국체육대학교,체육특기자(개인),,체육학과-육상(도약)-멀리뛰기[남],1,2,2.0
서울,국립,한국체육대학교,체육특기자(개인),,체육학과-펜싱-플러레[여],1,2,2.0
서울,국립,한국체육대학교,체육특기자(개인),,체육학과-근대5종-근대5종[남],1,2,2.0
서울,국립,한국체육대학교,체육특기자(개인),,체육학과-근대5종-근대5종[여],1,2,2.0
서울,국립,한국체육대학교,체육특기자(개인),,체육학과-조정-무타페어(2-)[남],1,2,2.0
서울,국립,한국체육대학교,체육특기자(개인),,체육학과-스키-알파인 스키[남],1,2,2.0
서울,국립,한국체육대학교,국가보훈대상자,,특수체육교육과,1,2,2.0
서울,국립,한국체육대학교,국가보훈대상자,,운동건강관리학과,1,2,2.0
서울,사립,한성대학교,농어촌학생전형,AI디자인대학,AI패션학부(야),1,2,2.0
서울,사립,한양대학교(서울),실기/실적(음악특기자),음악대학,국악과(성악(정가)),1,2,2.0
서울,사립,한양대학교(서울),실기/실적(체육특기자),예술체육대학,스포츠산업과학부(스포츠매니지먼트전공)(배구(남)미들블로커(센터)),1,2,2.0
서울,사립,한양대학교(서울),실기/실적(체육특기자),예술체육대학,스포츠산업과학부(스포츠사이언스전공)(배구(남)세터),1,2,2.0
서울,사립,한양대학교(서울),실기/실적(체육특기자),예술체육대학,스포츠산업과학부(스포츠사이언스전공)(배구(남)아포짓스파이커(라이트)),1,2,2.0
서울,사립,홍익대학교(서울),고른기회Ⅰ전형,공과대학,컴퓨터공학과,1,2,2.0
서울,사립,홍익대학교(서울),고른기회Ⅰ전형,공과대학,산업·데이터공학과,1,2,2.0
서울,사립,홍익대학교(서울),고른기회Ⅱ전형,공과대학,전자·전기공학부,1,2,2.0
서울,사립,홍익대학교(서울),고른기회Ⅱ전형,공과대학,신소재·화공시스템공학부,1,2,2.0
서울,사립,홍익대학교(서울),농어촌학생전형,공과대학,건설환경공학과,1,2,2.0
서울,사립,홍익대학교(서울),농어촌학생전형,문과대학,독어독문학과,1,2,2.0
서울,사립,홍익대학교(서울),농어촌학생전형,문과대학,국어국문학과,1,2,2.0
서울,사립,홍익대학교(서울),농어촌학생전형,미술대학,도예·유리과,1,2,2.0
인천,사립,가천대학교(인천),실기우수자 전형,예체능계열,기악전공(Bassoon),1,2,2.0
인천,사립,안양대학교(강화),학생부종합(고른기회),,화장품발명디자인학과,1,2,2.0
인천,사립,안양대학교(강화),학생부교과(농어촌학생),,영미언어문화학과,1,2,2.0
인천,국립,인천대학교,학생부교과(사회통합),인문대학,국어국문학과,1,2,2.0
인천,국립,인천대학교,학생부교과(사회통합),사회과학대학,문헌정보학과,1,2,2.0
인천,국립,인천대학교,학생부교과(사회통합),글로벌정경대학,정치외교학과,1,2,2.0
인천,국립,인천대학교,학생부교과(사회통합),공과대학,전기공학과,1,2,2.0
인천,국립,인천대학교,학생부교과(사회통합),공과대학,안전공학과,1,2,2.0
인천,국립,인천대학교,학생부교과(사회통합),공과대학,바이오-로봇시스템공학과,1,2,2.0
인천,국립,인천대학교,학생부종합(기회균형),생명과학기술대학,생명과학부 분자의생명전공,1,2,2.0
인천,국립,인천대학교,학생부종합(서해5도출신자)(정원 외),예술체육대학,스포츠과학부,1,2,2.0
인천,국립,인천대학교,학생부종합(서해5도출신자)(정원 외),도시과학대학,도시건축학부,1,2,2.0
인천,국립,인천대학교,학생부종합(특수교육대상자)(정원 외),인문대학,일본지역문화학과,1,2,2.0
인천,국립,인천대학교,학생부종합(특수교육대상자)(정원 외),글로벌정경대학,정치외교학과,1,2,2.0
인천,국립,인천대학교,학생부종합(특수교육대상자)(정원 외),공과대학,전자공학부,1,2,2.0
인천,국립,인천대학교,학생부종합(특수교육대상자)(정원 외),공과대학,에너지화학공학과,1,2,2.0
인천,국립,인천대학교,학생부종합(특수교육대상자)(정원 외),인공지능대학,인공지능정보통신공학부,1,2,2.0
인천,국립,인천대학교,학생부종합(특수교육대상자)(정원 외),경영대학,경영학부,1,2,2.0
인천,국립,인천대학교,학생부종합(특수교육대상자)(정원 외),사범대학,국어교육과,1,2,2.0
인천,국립,인천대학교,학생부종합(특수교육대상자)(정원 외),사범대학,일어교육과,1,2,2.0
인천,국립,인천대학교,학생부종합(특수교육대상자)(정원 외),사범대학,유아교육과,1,2,2.0
인천,국립,인천대학교,학생부종합(특수교육대상자)(정원 외),사범대학,윤리교육과,1,2,2.0
인천,국립,인천대학교,학생부종합(특수교육대상자)(정원 외),도시과학대학,도시행정학과,1,2,2.0
인천,국립,인천대학교,학생부종합(특수교육대상자)(정원 외),도시과학대학,도시건축학부,1,2,2.0
인천,사립,인하대학교,학생부종합 지역의사선발,의과대학,"경기도 이천권(이천시, 여주시)",1,2,2.0
인천,사립,인하대학교,학생부종합 농어촌학생,간호대학,간호학과,1,2,2.0
인천,사립,인하대학교,실기/실적 체육특기자,사범대학,배드민턴(남)개인단식,1,2,2.0
대전,사립,건양대학교(대전),의학과,,지역의사[공주],1,2,2.0
대전,사립,건양대학교(대전),의학과,,지역의사[서산],1,2,2.0
대전,사립,건양대학교(대전),특성화고교졸업자전형,,"ND산업디자인학부 (비실기,시각,산업,웹툰/애니메이션 등)",1,2,2.0
대전,사립,건양대학교(대전),채용조건형[계약],,방위산업공학전공[심네트],1,2,2.0
대전,국립,국립한밭대학교,농어촌학생전형,,반도체시스템공학과,1,2,2.0
대전,국립,국립한밭대학교,특성화고교졸업자전형,,기계공학과,1,2,2.0
대전,국립,국립한밭대학교,특성화고교졸업자전형,,건축공학과,1,2,2.0
대전,국립,국립한밭대학교,특성화고교졸업자전형,,산업디자인학과,1,2,2.0
대전,국립,국립한밭대학교,사회적배려자전형,,산업경영공학과,1,2,2.0
대전,국립,국립한밭대학교,사회적배려자전형,,건축설비시스템공학과,1,2,2.0
대전,국립,국립한밭대학교,사회적배려자전형,,전기공학과,1,2,2.0
대전,국립,국립한밭대학교,사회적배려자전형,,도시공학과,1,2,2.0
대전,국립,국립한밭대학교,사회적배려자전형,,산업디자인학과,1,2,2.0
대전,국립,국립한밭대학교,사회적배려자전형,,경제학과,1,2,2.0
대전,국립,국립한밭대학교,사회적배려자전형,,컴퓨터공학과,1,2,2.0
대전,사립,목원대학교,"사회적배려자전형 경쟁률 현황 교과100 [면접없음, 수능최저없음]",사회과학대학,"경찰행정학부(경찰행정전공, 일반행정전공)",1,2,2.0
대전,사립,을지대학교(대전),지역의사선발,,"충청남도 논산권(논산시, 금산군, 부여군, 서천군)",1,2,2.0
대전,사립,을지대학교(대전),기회균형(정원외),,응급구조학과,1,2,2.0
대전,사립,을지대학교(대전),기회균형(정원외),,치위생학과,1,2,2.0
대전,국립,충남대학교,일반전형,예술대학,관현악과(Trombone),1,2,2.0
대전,국립,충남대학교,일반전형,예술대학,관현악과(D.Bass),1,2,2.0
대전,국립,충남대학교,기회균형선발Ⅰ전형,인문대학,국어국문학과,1,2,2.0
대전,국립,충남대학교,기회균형선발Ⅰ전형,인문대학,불어불문학과*,1,2,2.0
대전,국립,충남대학교,기회균형선발Ⅰ전형,인문대학,한문학과*,1,2,2.0
대전,국립,충남대학교,기회균형선발Ⅰ전형,인문대학,고고학과,1,2,2.0
대전,국립,충남대학교,기회균형선발Ⅰ전형,사회과학대학,사회학과*,1,2,2.0
대전,국립,충남대학교,기회균형선발Ⅰ전형,경상대학,무역학과,1,2,2.0
대전,국립,충남대학교,기회균형선발Ⅰ전형,농업생명과학대학,농업경제학과,1,2,2.0
대전,국립,충남대학교,기회균형선발Ⅰ전형,국제학부,국제학부(국제학),1,2,2.0
대전,국립,충남대학교,기회균형선발Ⅰ전형,자연과학대학,수학과,1,2,2.0
대전,국립,충남대학교,기회균형선발Ⅰ전형,자연과학대학,정보통계학과,1,2,2.0
대전,국립,충남대학교,기회균형선발Ⅰ전형,자연과학대학,생화학과,1,2,2.0
대전,국립,충남대학교,기회균형선발Ⅰ전형,공과대학,정보통신융합학부,1,2,2.0
대전,국립,충남대학교,기회균형선발Ⅰ전형,농업생명과학대학,원예학과,1,2,2.0
대전,국립,충남대학교,기회균형선발Ⅰ전형,농업생명과학대학,동물바이오시스템과학과*,1,2,2.0
대전,국립,충남대학교,기회균형선발Ⅰ전형,농업생명과학대학,생물환경화학과,1,2,2.0
대전,국립,충남대학교,기회균형선발Ⅰ전형,농업생명과학대학,지역환경토목학과,1,2,2.0
대전,국립,충남대학교,기회균형선발Ⅰ전형,농업생명과학대학,스마트농업시스템기계공학과*,1,2,2.0
대전,국립,충남대학교,기회균형선발Ⅰ전형,생활과학대학,의류학과,1,2,2.0
대전,국립,충남대학교,기회균형선발Ⅰ전형,생명시스템과학대학,생물과학과*,1,2,2.0
대전,국립,충남대학교,기회균형선발Ⅰ전형,생명시스템과학대학,미생물·분자생명과학과,1,2,2.0
대전,국립,충남대학교,기회균형선발Ⅰ전형,생명시스템과학대학,생명정보융합학과,1,2,2.0
대전,국립,충남대학교,기회균형선발Ⅰ전형,창의융합대학,자연과학융합학부 생활과학대학자율전공,1,2,2.0
대전,국립,충남대학교,기회균형선발Ⅰ전형,창의융합대학,자연과학융합학부 생명시스템과학대학자율전공,1,2,2.0
대전,국립,충남대학교,학생부종합 면접전형,인문대학,고고학과,1,2,2.0
대전,국립,충남대학교,학생부종합 면접전형,지식융합학부,문화와사회융합전공,1,2,2.0
대전,국립,충남대학교,기회균형선발Ⅱ전형,인문대학,영어영문학과,1,2,2.0
대전,국립,충남대학교,기회균형선발Ⅱ전형,경상대학,경제학과,1,2,2.0
대전,국립,충남대학교,기회균형선발Ⅱ전형,농업생명과학대학,농업경제학과,1,2,2.0
대전,국립,충남대학교,기회균형선발Ⅱ전형,자연과학대학,화학과*,1,2,2.0
대전,국립,충남대학교,기회균형선발Ⅱ전형,공과대학,항공우주공학과,1,2,2.0
대전,국립,충남대학교,기회균형선발Ⅱ전형,공과대학,응용화학공학과,1,2,2.0
대전,국립,충남대학교,기회균형선발Ⅱ전형,농업생명과학대학,지역환경토목학과,1,2,2.0
대전,국립,충남대학교,기회균형선발Ⅱ전형,생활과학대학,식품영양학과*,1,2,2.0
대전,국립,충남대학교,기회균형선발Ⅱ전형,생명시스템과학대학,생명정보융합학과,1,2,2.0
대전,국립,충남대학교,체육특기자전형,자연과학대학,스포츠과학과(핸드볼-레프트윙),1,2,2.0
대전,국립,충남대학교,농어촌학생전형,인문대학,사학과*,1,2,2.0
대전,국립,충남대학교,농어촌학생전형,인문대학,고고학과,1,2,2.0
대전,국립,충남대학교,농어촌학생전형,사회과학대학,사회학과*,1,2,2.0
대전,국립,충남대학교,농어촌학생전형,자연과학대학,해양환경과학과*,1,2,2.0
대전,국립,충남대학교,농어촌학생전형,농업생명과학대학,산림환경자원학과,1,2,2.0
대전,국립,충남대학교,농어촌학생전형,농업생명과학대학,스마트농업시스템기계공학과*,1,2,2.0
대전,국립,충남대학교,농어촌학생전형,사범대학,수학교육과,1,2,2.0
대전,국립,충남대학교,농어촌학생전형,사범대학,전기·전자·통신공학교육과,1,2,2.0
대전,국립,충남대학교,저소득층학생전형,자연과학대학,물리학과*,1,2,2.0
대전,국립,충남대학교,저소득층학생전형,공과대학,응용화학공학과,1,2,2.0
대전,국립,충남대학교,저소득층학생전형,농업생명과학대학,동물자원생명과학과*,1,2,2.0
대전,국립,충남대학교,저소득층학생전형,생활과학대학,소비자학과,1,2,2.0
대전,국립,충남대학교,저소득층학생전형,생명시스템과학대학,생명정보융합학과,1,2,2.0
대전,국립,충남대학교,특수교육대상자전형,사회과학대학,심리학과*,1,2,2.0
대전,국립,충남대학교,특수교육대상자전형,사회과학대학,도시·자치융합학과,1,2,2.0
대전,국립,충남대학교,특수교육대상자전형,자연과학대학,정보통계학과,1,2,2.0
대전,국립,충남대학교,특수교육대상자전형,농업생명과학대학,식물자원학과,1,2,2.0
대전,국립,충남대학교,특수교육대상자전형,사범대학,전기·전자·통신공학교육과,1,2,2.0
세종,사립,고려대학교(세종),학생부종합(지역인재전형),문화스포츠대학,문화창의학부,1,2,2.0
세종,사립,고려대학교(세종),학생부종합(기회균형전형),과학기술대학,반도체물리학부,1,2,2.0
세종,사립,고려대학교(세종),학생부종합(기회균형전형),과학기술대학,전자및정보공학과,1,2,2.0
세종,사립,고려대학교(세종),학생부종합(기회균형전형),과학기술대학,생명정보공학과,1,2,2.0
세종,사립,고려대학교(세종),학생부종합(기회균형전형),과학기술대학,지능형반도체공학과,1,2,2.0
세종,사립,고려대학교(세종),학생부종합(기회균형전형),과학기술대학,디지털헬스케어공학과,1,2,2.0
세종,사립,고려대학교(세종),학생부종합(기회균형전형),글로벌비즈니스대학,융합경영학부,1,2,2.0
세종,사립,고려대학교(세종),학생부종합(기회균형전형),공공정책대학,공공사회·통일외교학부,1,2,2.0
세종,사립,고려대학교(세종),학생부종합(기회균형전형),공공정책대학,경제통계학부,1,2,2.0
세종,사립,고려대학교(세종),학생부종합(다문화전형),과학기술대학,전자·기계융합공학과,1,2,2.0
세종,사립,고려대학교(세종),학생부종합(특성화고교졸업자전형),과학기술대학,반도체물리학부,1,2,2.0
세종,사립,홍익대학교(세종),고른기회Ⅰ전형,,게임학부 게임소프트웨어전공(공학계),1,2,2.0
세종,사립,홍익대학교(세종),고른기회Ⅱ전형,AID융합과학기술대학,소프트웨어융합학과,1,2,2.0
세종,사립,홍익대학교(세종),고른기회Ⅱ전형,AID융합과학기술대학,조선해양모빌리티공학과,1,2,2.0
세종,사립,홍익대학교(세종),고른기회Ⅱ전형,,광고홍보학부,1,2,2.0
세종,사립,홍익대학교(세종),기초생활수급자·차상위계층전형,AID융합과학기술대학,AI기계융합공학과,1,2,2.0
세종,사립,홍익대학교(세종),기초생활수급자·차상위계층전형,AID융합과학기술대학,바이오화학융합공학과,1,2,2.0
세종,사립,홍익대학교(세종),농어촌학생전형,AID융합과학기술대학,전자전기융합공학과,1,2,2.0
세종,사립,홍익대학교(세종),농어촌학생전형,AID융합과학기술대학,AI기계융합공학과,1,2,2.0
세종,사립,홍익대학교(세종),농어촌학생전형,,게임학부 게임그래픽디자인전공(미술계),1,2,2.0
충남,사립,건양대학교(논산),의학과,,지역의사[공주],1,2,2.0
충남,사립,건양대학교(논산),의학과,,지역의사[서산],1,2,2.0
충남,사립,건양대학교(논산),특성화고교졸업자전형,,"ND산업디자인학부 (비실기,시각,산업,웹툰/애니메이션 등)",1,2,2.0
충남,사립,건양대학교(논산),채용조건형[계약],,방위산업공학전공[심네트],1,2,2.0
충남,국립,국립공주대학교,학생부종합전형  특성화고교졸업자전형(정원외),인문사회과학대학,경제통상학부,1,2,2.0
충남,국립,국립공주대학교,학생부종합전형  특성화고교졸업자전형(정원외),간호보건대학,응급구조학과,1,2,2.0
충남,국립,국립공주대학교,학생부종합전형  특성화고교졸업자전형(정원외),산업과학대학,식물자원학과,1,2,2.0
충남,국립,국립공주대학교,학생부종합전형  특성화고교졸업자전형(정원외),산업과학대학,조경학과,1,2,2.0
충남,국립,국립공주대학교,학생부종합전형  장애인 등 대상자전형(정원외),인문사회과학대학,사학과,1,2,2.0
충남,국립,국립공주대학교,학생부종합전형  장애인 등 대상자전형(정원외),인문사회과학대학,지리학과,1,2,2.0
충남,국립,국립공주대학교,학생부종합전형  장애인 등 대상자전형(정원외),자연과학대학,의류상품학과,1,2,2.0
충남,국립,국립공주대학교,학생부종합전형  장애인 등 대상자전형(정원외),천안공과대학,컴퓨터공학과,1,2,2.0
충남,국립,국립공주대학교,학생부교과전형  농어촌학생전형(정원외),사범대학,교육학과,1,2,2.0
충남,국립,국립공주대학교,학생부교과전형  농어촌학생전형(정원외),사범대학,지구과학교육과,1,2,2.0
충남,국립,국립공주대학교,학생부교과전형  농어촌학생전형(정원외),사범대학,환경교육과,1,2,2.0
충남,국립,국립공주대학교,학생부교과전형  농어촌학생전형(정원외),천안공과대학,스마트정보기술공학과,1,2,2.0
충남,국립,국립공주대학교,실기/실적전형  농어촌학생전형(정원외),예술대학,가구리빙디자인학과,1,2,2.0
충남,국립,국립공주대학교,실기/실적전형  농어촌학생전형(정원외),예술대학,도자문화융합디자인학과,1,2,2.0
충남,국립,국립공주대학교,실기/실적전형  농어촌학생전형(정원외),예술대학,주얼리·금속디자인학과,1,2,2.0
충남,사립,단국대학교(천안),[학생부종합] 특수교육대상자(정원외) 경쟁률 현황 (죽전),,철학과,1,2,2.0
충남,사립,단국대학교(천안),[학생부종합] 특수교육대상자(정원외) 경쟁률 현황 (죽전),,융합반도체공학과,1,2,2.0
충남,사립,단국대학교(천안),[학생부종합] 특수교육대상자(정원외) 경쟁률 현황 (죽전),,기계공학과,1,2,2.0
충남,사립,단국대학교(천안),[학생부종합] 특수교육대상자(정원외) 경쟁률 현황 (죽전),,건축학부(건축공학전공),1,2,2.0
충남,사립,단국대학교(천안),[학생부종합] 특수교육대상자(정원외) 경쟁률 현황 (죽전),,사이버보안학과,1,2,2.0
충남,사립,단국대학교(천안),[학생부종합] 사회적배려대상자 경쟁률 현황 (천안),,글로벌한국어과,1,2,2.0
충남,사립,단국대학교(천안),[학생부종합] 교육기회배려자(정원외) 경쟁률 현황 (천안),,유럽중남미학부(독일학전공),1,2,2.0
충남,사립,단국대학교(천안),[학생부종합] 교육기회배려자(정원외) 경쟁률 현황 (천안),,유럽중남미학부(프랑스학전공),1,2,2.0
충남,사립,단국대학교(천안),[학생부종합] 교육기회배려자(정원외) 경쟁률 현황 (천안),,식품공학과,1,2,2.0
충남,사립,단국대학교(천안),[학생부종합] 농어촌학생(정원외) 경쟁률 현황 (천안),,유럽중남미학부(스페인중남미학전공),1,2,2.0
충남,사립,단국대학교(천안),[학생부종합] 농어촌학생(정원외) 경쟁률 현황 (천안),,유럽중남미학부(러시아학전공),1,2,2.0
충남,사립,단국대학교(천안),[학생부종합] 농어촌학생(정원외) 경쟁률 현황 (천안),,영어과,1,2,2.0
충남,사립,단국대학교(천안),[학생부종합] 농어촌학생(정원외) 경쟁률 현황 (천안),,신소재공학과,1,2,2.0
충남,사립,단국대학교(천안),[실기/실적위주] 체육특기자 경쟁률 현황 (천안),,생활체육학과(여)-배구(세터),1,2,2.0
충남,사립,단국대학교(천안),[실기/실적위주] 체육특기자 경쟁률 현황 (천안),,국제스포츠학부(운동처방재활전공)-승마(장애물),1,2,2.0
충남,사립,단국대학교(천안),[실기/실적위주] 체육특기자 경쟁률 현황 (천안),,국제스포츠학부(국제스포츠전공)(남)-피겨,1,2,2.0
충남,사립,단국대학교(천안),[실기/실적위주] 체육특기자 경쟁률 현황 (천안),,국제스포츠학부(태권도전공)(남)-겨루기(웰터),1,2,2.0
충남,사립,단국대학교(천안),[실기/실적위주] 체육특기자 경쟁률 현황 (천안),,국제스포츠학부(태권도전공)(남)-겨루기(라이트헤비),1,2,2.0
충남,사립,단국대학교(천안),[실기/실적위주] 체육특기자 경쟁률 현황 (천안),,국제스포츠학부(태권도전공)(여)-겨루기(헤비),1,2,2.0
충남,사립,상명대학교(천안),정원내 학생부종합(기회균형전형),,한국언어문화전공,1,2,2.0
충남,사립,상명대학교(천안),정원내 실기/실적(특기자(체육)전형),,스포츠융합자유전공학부(농구-가드),1,2,2.0
충남,사립,중부대학교(금산),실적우수자전형,,스포츠건강관리학전공 / 배구(세터),1,2,2.0
충남,사립,한국기술교육대학교,특성화고졸업자[정원외],,화학생명공학전공,1,2,2.0
충남,사립,한국기술교육대학교,특성화고졸업자[정원외],,전자공학전공,1,2,2.0
충남,사립,한국기술교육대학교,특성화고졸업자[정원외],,컴퓨터공학부 / 컴퓨터공학전공,1,2,2.0
충남,사립,한국기술교육대학교,농어촌학생[정원외],,전자공학전공,1,2,2.0
충남,사립,한국기술교육대학교,충남형 계약학과 (조기 취업형),,(주)우진아이엔에스,1,2,2.0
충북,사립,가톨릭꽃동네대학교,농어촌,,간호학과,1,2,2.0
충북,사립,건국대학교(글로컬),[학생부교과] 사회통합,과학기술대학,녹색기술융합학과,1,2,2.0
충북,사립,건국대학교(글로컬),[학생부교과] 농어촌학생(정원외),과학기술대학,녹색기술융합학과,1,2,2.0
충북,사립,건국대학교(글로컬),[학생부교과] 농어촌학생(정원외),의료생명대학,생명공학과,1,2,2.0
충북,사립,건국대학교(글로컬),[학생부교과] 농어촌학생(정원외),의료생명대학,식품영양학과,1,2,2.0
충북,국립,충북대학교,학생부종합(농어촌학생전형),인문대학,독일언어문화학과,1,2,2.0
충북,국립,충북대학교,학생부종합(농어촌학생전형),인문대학,사학과,1,2,2.0
충북,국립,충북대학교,학생부종합(농어촌학생전형),농업생명환경대학,지역건설공학과,1,2,2.0
충북,국립,충북대학교,학생부종합(농어촌학생전형),농업생명환경대학,특용식물학과,1,2,2.0
충북,국립,충북대학교,학생부종합(농어촌학생전형),사범대학,화학교육과,1,2,2.0
충북,국립,충북대학교,학생부종합(농어촌학생전형),간호대학,간호학과,1,2,2.0
충북,국립,충북대학교,학생부교과(국가보훈대상자전형),경영대학,경영학부,1,2,2.0
충북,국립,충북대학교,학생부교과(국가보훈대상자전형),공과대학,도시공학과,1,2,2.0
충북,국립,충북대학교,학생부교과(국가보훈대상자전형),농업생명환경대학,원예과학과,1,2,2.0
충북,국립,충북대학교,학생부교과(경제배려대상자전형),인문대학,중어중문학과,1,2,2.0
충북,국립,충북대학교,학생부교과(경제배려대상자전형),사회과학대학,행정학과,1,2,2.0
충북,국립,충북대학교,학생부교과(경제배려대상자전형),자연과학대학,수학과,1,2,2.0
충북,국립,충북대학교,학생부교과(경제배려대상자전형),자연과학대학,생물학과,1,2,2.0
충북,국립,충북대학교,학생부교과(경제배려대상자전형),자연과학대학,생화학과,1,2,2.0
충북,국립,충북대학교,학생부교과(경제배려대상자전형),경영대학,국제경영학과,1,2,2.0
충북,국립,충북대학교,학생부교과(경제배려대상자전형),경영대학,경영학자율전공학부,1,2,2.0
충북,국립,충북대학교,학생부교과(경제배려대상자전형),공과대학,기계공학부,1,2,2.0
충북,국립,충북대학교,학생부교과(경제배려대상자전형),공과대학,건축공학과,1,2,2.0
충북,국립,충북대학교,학생부교과(경제배려대상자전형),공과대학,공업화학과,1,2,2.0
충북,국립,충북대학교,학생부교과(경제배려대상자전형),공과대학,도시공학과,1,2,2.0
충북,국립,충북대학교,학생부교과(경제배려대상자전형),전자정보대학,반도체공학부,1,2,2.0
충북,국립,충북대학교,학생부교과(경제배려대상자전형),전자정보대학,컴퓨터공학과,1,2,2.0
충북,국립,충북대학교,학생부교과(경제배려대상자전형),농업생명환경대학,지역건설공학과,1,2,2.0
충북,국립,충북대학교,학생부교과(경제배려대상자전형),농업생명환경대학,원예과학과,1,2,2.0
충북,국립,충북대학교,학생부교과(경제배려대상자전형),농업생명환경대학,농업생명환경자율전공학부,1,2,2.0
충북,국립,충북대학교,학생부교과(경제배려대상자전형),생활과학대학,아동복지학과,1,2,2.0
충북,국립,충북대학교,학생부교과(경제배려대상자전형),창의융합대학,바이오헬스학부,1,2,2.0
충북,국립,충북대학교,학생부교과(특성화고출신자전형),경영대학,경영정보학과,1,2,2.0
충북,국립,충북대학교,학생부교과(특성화고출신자전형),공과대학,공업화학과,1,2,2.0
충북,국립,충북대학교,학생부교과(특성화고출신자전형),공과대학,도시공학과,1,2,2.0
충북,국립,충북대학교,학생부교과(특성화고출신자전형),전자정보대학,인공지능학부,1,2,2.0
충북,국립,충북대학교,학생부교과(특성화고출신자전형),농업생명환경대학,산림학과,1,2,2.0
충북,국립,충북대학교,학생부교과(특성화고출신자전형),농업생명환경대학,식물의학과,1,2,2.0
충북,국립,충북대학교,학생부교과(특성화고출신자전형),농업생명환경대학,목재·종이과학과,1,2,2.0
충북,국립,충북대학교,학생부교과(특수교육대상자전형),사회과학대학,경제학과,1,2,2.0
충북,국립,충북대학교,학생부교과(특수교육대상자전형),농업생명환경대학,산림학과,1,2,2.0
충북,국립,충북대학교,학생부교과(특수교육대상자전형),생활과학대학,아동복지학과,1,2,2.0
충북,국립,한국교원대학교,지역인재 특별전형,,국어교육과,1,2,2.0
충북,국립,한국교원대학교,지역인재 특별전형,,영어교육과,1,2,2.0
충북,국립,한국교원대학교,기초수급 및 차상위계층 특별전형,,유아교육과,1,2,2.0
충북,국립,한국교원대학교,기초수급 및 차상위계층 특별전형,,영어교육과,1,2,2.0
충북,국립,한국교원대학교,기초수급 및 차상위계층 특별전형,,윤리교육과,1,2,2.0
충북,국립,한국교원대학교,기초수급 및 차상위계층 특별전형,,지리교육과,1,2,2.0
충북,국립,한국교원대학교,기초수급 및 차상위계층 특별전형,,역사교육과,1,2,2.0
세종,사립,홍익대학교(세종),미술우수자전형,조형대학,영상·애니메이션학부,53,107,2.02
서울,사립,홍익대학교(서울),학교생활우수자전형,,서울캠퍼스자율전공(자연·예능),67,136,2.03
충북,사립,극동대학교,정원 내 학생부교과 지역인재전형1,,간호학과,37,75,2.03
서울,사립,서경대학교,실기우수자 전형,,광고홍보영상학과,30,61,2.03
서울,사립,성신여자대학교,자기주도인재,,바이오신약의과학부,27,55,2.04
대전,사립,목원대학교,"교과전형 경쟁률 현황 교과100 [면접없음, 수능최저없음]",문화콘텐츠대학,"연극영화영상학부 [SW] (연극전공 [교직] , 영화영상전공 [교직] )",25,51,2.04
서울,사립,숭실대학교,학생부종합(SSU미래인재전형-면접형),,전기공학부,24,49,2.04
충남,사립,호서대학교,- 정원내 실기/실적 실기전형,,산업디자인학과,23,47,2.04
대전,사립,우송대학교,정원내 학생부 교과 - 교과중심 전형 (교과100% / 12과목 반영),철도대학,철도차량시스템학과,40,82,2.05
경기,사립,명지대학교(용인),학생부교과(특성화고등졸재직자전형),,회계세무학전공,22,45,2.05
서울,사립,명지대학교(서울),학생부교과(특성화고등졸재직자전형),,회계세무학전공,22,45,2.05
서울,사립,세종대학교,학생부교과(항공시스템공학 특별전형),공과,우주항공시스템공학부-항공시스템공학전공(남),22,45,2.05
경기,사립,신한대학교(의정부/동두천),일반전형(교과60%+면접40%),,스포츠의학과,21,43,2.05
경기,사립,성균관대학교(수원),학생부교과(추천인재),,자유전공계열,20,41,2.05
서울,사립,성균관대학교(서울),학생부교과(추천인재),,자유전공계열,20,41,2.05
서울,사립,총신대학교,정원내 코람데오인재,사범계열,유아교육과,20,41,2.05
충북,국립,충북대학교,학생부교과(학생부교과전형),경영대학,국제경영학과,20,41,2.05
경기,사립,서울장신대학교,학생부교과 일반전형,,복지상담학부 사회복지학과,19,39,2.05
서울,사립,홍익대학교(서울),학교생활우수자전형,공과대학,기계·시스템디자인공학과,34,70,2.06
충북,사립,청주대학교,"정원내 교과면접전형 경쟁률 현황 ※ 면접전형 : 교과70%+ 면접30% 단, 항공서비스학과 만 교과60%+ 면접40% 생활기록부 미반영 면접",보건의료과학대학,"물리치료학과 / 체계적인 전공교육과 임상실습, AI·융합교육과 1:1 진로지도를 통해 실력과 취업 경쟁력을 갖춘 미래형 물리치료사 양성",32,66,2.06
경기,사립,차의과학대학교,학생부종합(CHA학생부종합전형),,간호대학,31,64,2.06
인천,국립,인천대학교,학생부종합(자기추천),공과대학,기계공학과,31,64,2.06
대전,사립,건양대학교(대전),일반[교과],,식품생명공학과,17,35,2.06
충남,사립,건양대학교(논산),일반[교과],,식품생명공학과,17,35,2.06
충북,국립,한국교원대학교,학생부종합우수자 일반전형,,영어교육과,17,35,2.06
인천,사립,인하대학교,논술 논술우수자,AI융합대학,인공지능공학과,16,33,2.06
대전,사립,목원대학교,실기교과전형 경쟁률 현황 실기+교과 [수능최저없음],사범대학,미술교육과 [교직],16,33,2.06
경기,사립,중부대학교(고양),실기우수자전형,,만화애니메이션학전공 / 만화애니메이션학전공,58,120,2.07
서울,사립,홍익대학교(서울),학교생활우수자전형,경영대학,경영학부,58,120,2.07
충남,사립,중부대학교(금산),실기우수자전형,,만화애니메이션학전공 / 만화애니메이션학전공,58,120,2.07
세종,사립,고려대학교(세종),학생부종합(크림슨인재전형),글로벌비즈니스대학,융합경영학부,45,93,2.07
경기,사립,경동대학교(양주),일반학생,,호텔조리학과,44,91,2.07
경기,사립,아주대학교,첨단융합인재전형,,첨단바이오융합대학,42,87,2.07
대전,사립,건양대학교(대전),일반[교과],,작업치료학과,30,62,2.07
대전,사립,우송대학교,정원내 학생부 교과 - 교과중심 전형 (교과100% / 12과목 반영),엔디컷국제대학,AI경영학과,30,62,2.07
충남,사립,건양대학교(논산),일반[교과],,작업치료학과,30,62,2.07
대전,사립,우송대학교,정원내 학생부 교과 - 교과중심 전형 (교과100% / 12과목 반영),엔디컷국제대학,AI·빅데이터학과,27,56,2.07
경기,사립,성결대학교,[학생부교과] 목회자추천자,신학대학,신학과,15,31,2.07
경기,사립,수원대학교,기회균형특별전형,자유전공학부,자유전공학부,15,31,2.07
서울,사립,삼육대학교,재림교회목회자추천전형,,창의융합자유전공학부,15,31,2.07
대전,사립,배재대학교,정원내 학생부교과 일반고교과,,보건의료복지학과,15,31,2.07
충남,사립,나사렛대학교,일반학생전형(학생부교과/실기위주),,중등특수교육과,15,31,2.07
경기,국립,한경국립대학교,학생부교과(일반전형_안성)_정원내,,식품생명공학과,14,29,2.07
서울,사립,숭실대학교,학생부종합(SSU미래인재전형-면접형),,금융학부,14,29,2.07
경기,사립,한국항공대학교,미래인재 전형,,AI융합대학,52,108,2.08
대전,국립,충남대학교,일반전형,창의융합대학,공학융합학부 공과대학자율전공,40,83,2.08
서울,국립,서울과학기술대학교,기회균형전형(특성화고등을졸업한재직자),미래융합대학,문화예술학과,26,54,2.08
인천,사립,청운대학교(인천),일반전형,,전자공학과,26,54,2.08
충남,사립,청운대학교(홍성),일반전형,,전자공학과,26,54,2.08
대전,사립,대전대학교,교과중점전형 [교과/출석 100%],보건의료과학대학,보건의료경영학과,25,52,2.08
경기,사립,중부대학교(고양),학생부우수자전형,,작업치료학과 / 작업치료학과,13,27,2.08
대전,국립,충남대학교,학생부종합 면접전형,공과대학,정보통신융합학부,13,27,2.08
충남,국립,국립공주대학교,학생부교과전형  일반전형(정원내),인문사회과학대학,행정학과,13,27,2.08
충남,사립,백석대학교,정원내 모집 학생부 종합 창의인재,,관광학부,13,27,2.08
충남,사립,순천향대학교,[정원내] 학생부교과(교과우수자전형),인문사회과학대학,미디어커뮤니케이션학과,13,27,2.08
충남,사립,순천향대학교,[정원내] 학생부종합(일반학생전형),공과대학,기계공학과,13,27,2.08
충남,사립,중부대학교(금산),학생부우수자전형,,작업치료학과 / 작업치료학과,13,27,2.08
경기,사립,용인대학교,정원내 일반학생 전형,인문사회융합대학,관광경영학과,12,25,2.08
서울,사립,고려대학교(서울),서울캠퍼스 학생부교과(학교추천전형),정경대학,정치외교학과,12,25,2.08
서울,사립,고려대학교(서울),서울캠퍼스 학생부교과(학교추천전형),보건과학대학,보건정책관리학부,12,25,2.08
서울,사립,광운대학교,학생부종합【광운참빛인재전형Ⅰ-면접형】,,화학공학과,12,25,2.08
대전,국립,국립한밭대학교,학생부종합(일반)전형,,영어영문학과,12,25,2.08
대전,사립,우송대학교,정원내 학생부 교과 - 교과면접 전형 (교과80%+면접20% / 6과목 반영),외식조리대학,글로벌제과제빵학과,12,25,2.08
충남,사립,나사렛대학교,창의융합인재(학생부종합-서류형/면접형/실기위주),,간호학과,12,25,2.08
충북,사립,건국대학교(글로컬),[학생부교과] 지역인재,의료생명대학,간호학과,12,25,2.08
충북,국립,한국교원대학교,학생부종합우수자 일반전형,,윤리교육과,12,25,2.08
충북,국립,한국교원대학교,학생부종합우수자 일반전형,,화학교육과,12,25,2.08
충북,국립,한국교원대학교,학생부종합우수자 일반전형,,지구과학교육과,12,25,2.08
대전,사립,건양대학교(대전),일반[교과],,치위생학과,35,73,2.09
충남,사립,건양대학교(논산),일반[교과],,치위생학과,35,73,2.09
경기,사립,용인대학교,정원내 일반학생 전형,무도대학,경호학과,23,48,2.09
경기,사립,차의과학대학교,학생부교과(지역균형선발전형),,간호대학,22,46,2.09
인천,사립,인천가톨릭대학교(인천/강화),학교생활우수자,간호대학,간호학과,22,46,2.09
서울,사립,숙명여자대학교,[실기/실적] 예능창의인재전형,미술대학,공예과,11,23,2.09
서울,사립,이화여자대학교,학생부교과(고교추천전형),사회과학대학,심리학과,11,23,2.09
세종,사립,고려대학교(세종),학생부종합(크림슨인재전형),스마트도시학부,스마트도시학부,11,23,2.09
대전,사립,우송대학교,정원내 학생부 교과 - 교과중심 전형 (교과100% / 12과목 반영),외식조리대학,호텔관광학부 / 호텔관광경영전공,31,65,2.1
세종,사립,홍익대학교(세종),논술전형,,세종캠퍼스자율전공(자연·예능),31,65,2.1
서울,사립,서경대학교,계약학과 채용조건형 특별전형,,코스메틱뷰티매니지먼트학과-㈜블리비홀딩스,30,63,2.1
서울,사립,서경대학교,기회균형② 특별전형 - 농·어촌학생,,미래융합학부1,21,44,2.1
경기,사립,경희대학교(용인),서울캠퍼스 학생부교과(지역균형전형),인문계열,미디어학과,10,21,2.1
경기,사립,성균관대학교(수원),학생부교과(추천인재),,글로벌경영학과,10,21,2.1
경기,사립,아주대학교,ACE전형,,행정학과,10,21,2.1
경기,사립,협성대학교,정원내 [학생부교과]교과성적우수자,경영대학,경영학과,10,21,2.1
서울,사립,경희대학교(서울),서울캠퍼스 학생부교과(지역균형전형),인문계열,미디어학과,10,21,2.1
서울,사립,고려대학교(서울),서울캠퍼스 학생부교과(학교추천전형),보건과학대학,바이오시스템의과학부,10,21,2.1
서울,사립,덕성여자대학교,고교추천전형[학생부위주(교과)],,글로벌융합대학(유아교육과),10,21,2.1
서울,사립,삼육대학교,학교장추천전형,,환경디자인원예학과,10,21,2.1
서울,사립,성균관대학교(서울),학생부교과(추천인재),,글로벌경영학과,10,21,2.1
서울,사립,한성대학교,교과우수전형,AI융합대학,미래모빌리티학과,10,21,2.1
인천,사립,인하대학교,학생부종합 인하미래인재(면접형),AI융합대학,스마트모빌리티공학과,10,21,2.1
대전,사립,건양대학교(대전),의학과,,지역[면접],10,21,2.1
대전,사립,우송대학교,정원내 학생부 교과 - 교과중심 전형 (교과100% / 12과목 반영),솔브릿지국제경영대학,솔브릿지경영학부,10,21,2.1
대전,국립,충남대학교,일반전형,공과대학,항공우주공학과,10,21,2.1
대전,국립,충남대학교,일반전형,사범대학,기술교육과,10,21,2.1
충남,사립,건양대학교(논산),의학과,,지역[면접],10,21,2.1
충남,사립,백석대학교,정원내 모집 학생부 종합 창의인재,,보건학부 작업치료학과,10,21,2.1
충남,사립,한국기술교육대학교,충남형 계약학과 (조기 취업형),,디에이치케이솔루션(주),10,21,2.1
충북,국립,충북대학교,학생부종합(학생부종합Ⅰ전형),공과대학,공학자율전공학부,10,21,2.1
경기,사립,강남대학교,[정원내]학생부종합(학교생활우수자전형1),인문사회계,글로벌문화콘텐츠대학,37,78,2.11
대전,사립,대전대학교,"교과면접전형 [1단계:교과/출석 100%, 2단계:교과/출석 60% + 면접 40%]",보건의료과학대학,간호학과 [교직],18,38,2.11
경기,사립,명지대학교(용인),학생부교과(교과면접전형),,영어영문학전공,9,19,2.11
경기,사립,안양대학교(안양),학생부교과(아리학생부교과),,중국언어문화학과,9,19,2.11
서울,사립,명지대학교(서울),학생부교과(교과면접전형),,영어영문학전공,9,19,2.11
서울,사립,연세대학교(서울),학생부교과전형 (추천형),생명시스템대학,생명공학과,9,19,2.11
서울,사립,이화여자대학교,학생부교과(고교추천전형),사범대학,초등교육과,9,19,2.11
서울,사립,이화여자대학교,학생부교과(고교추천전형),신산업융합대학,의류산업학과,9,19,2.11
인천,사립,안양대학교(강화),학생부교과(아리학생부교과),,중국언어문화학과,9,19,2.11
인천,국립,인천대학교,학생부교과(지역균형),경영대학,경영학부,9,19,2.11
대전,사립,건양대학교(대전),군사학전형,,군사학과(여) [육군협약],9,19,2.11
대전,국립,충남대학교,학생부종합 면접전형,자연과학대학,화학과*,9,19,2.11
충남,사립,건양대학교(논산),군사학전형,,군사학과(여) [육군협약],9,19,2.11
충남,국립,국립공주대학교,학생부종합전형  일반전형(정원내),사범대학,교육학과,9,19,2.11
충남,사립,한국기술교육대학교,논술전형,,경영학부 / 융합경영전공,9,19,2.11
인천,사립,청운대학교(인천),일반전형,,사회복지학과,26,55,2.12
충남,사립,청운대학교(홍성),일반전형,,사회복지학과,26,55,2.12
대전,사립,목원대학교,"교과면접전형 경쟁률 현황 교과80+면접20 [수능최저없음, 면접문항 공개]",사범대학,유아교육과 [교직],17,36,2.12
경기,사립,가천대학교(성남),※ 잔여인원은 정시 선발 예정.,자연계열,미래자동차학과,30,64,2.13
인천,사립,가천대학교(인천),※ 잔여인원은 정시 선발 예정.,자연계열,미래자동차학과,30,64,2.13
충북,사립,중원대학교,학생부교과 (일반전형2),,간호학과,30,64,2.13
경기,사립,강남대학교,[정원내]학생부종합(학교생활우수자전형1),,자유전공학부,24,51,2.13
인천,사립,청운대학교(인천),일반전형,,무역물류학과,23,49,2.13
충남,사립,청운대학교(홍성),일반전형,,무역물류학과,23,49,2.13
경기,사립,성결대학교,[학생부교과] SKU창의,IT융합공과대학,컴퓨터AI공학과,16,34,2.13
서울,사립,연세대학교(서울),학생부교과전형 (추천형),공과대학,신소재공학부,16,34,2.13
인천,사립,인하대학교,학생부종합 인하미래인재(면접형),경영대학,국제통상학과,16,34,2.13
인천,사립,인하대학교,학생부종합 인하미래인재(면접형),사회과학대학,정치외교학과,16,34,2.13
대전,국립,국립한밭대학교,학생부교과(일반)전형,,빅데이터헬스케어융합학과,16,34,2.13
경기,사립,한국공학대학교,학생부교과(교과우수자),,전자공학부 전자공학전공,15,32,2.13
대전,사립,배재대학교,정원내 학생부교과 교과,,공연예술학부(영화영상학-연출 및 스텝),15,32,2.13
충남,국립,국립공주대학교,학생부종합전형  일반전형(정원내),인문사회과학대학,중어중문학과,15,32,2.13
경기,사립,단국대학교(죽전),[학생부종합] DKU인재(서류형) 경쟁률 현황 (죽전),,무역학과,8,17,2.13
경기,사립,단국대학교(죽전),[학생부종합] DKU인재(서류형) 경쟁률 현황 (천안),,식품영양학과,8,17,2.13
경기,사립,수원대학교,면접위주교과전형,라이프케어사이언스대학,식품영양학과,8,17,2.13
경기,사립,안양대학교(안양),학생부교과(아리학생부면접),,디지털미디어디자인학과,8,17,2.13
서울,사립,광운대학교,학생부교과【지역균형 전형】,,미디어커뮤니케이션학부,8,17,2.13
서울,사립,광운대학교,논술【논술우수자전형】,,전자융합공학과,8,17,2.13
서울,사립,삼육대학교,논술우수자전형,,글로벌한국학과,8,17,2.13
서울,사립,서울여자대학교,학생부종합(SW융합인재전형),미래산업융합대학,디지털미디어학과,8,17,2.13
서울,사립,서울여자대학교,학생부교과(교과우수자전형),미래산업융합대학,디지털미디어학과,8,17,2.13
인천,사립,안양대학교(강화),학생부교과(아리학생부면접),,디지털미디어디자인학과,8,17,2.13
세종,사립,홍익대학교(세종),학교생활우수자전형,AID융합과학기술대학,AI기계융합공학과,8,17,2.13
충남,국립,국립공주대학교,학생부교과전형  일반전형(정원내),인문사회과학대학,영어영문학과,8,17,2.13
충남,사립,단국대학교(천안),[학생부종합] DKU인재(서류형) 경쟁률 현황 (죽전),,무역학과,8,17,2.13
충남,사립,단국대학교(천안),[학생부종합] DKU인재(서류형) 경쟁률 현황 (천안),,식품영양학과,8,17,2.13
충북,국립,충북대학교,학생부종합(학생부종합Ⅰ전형),자연과학대학,생물학과,8,17,2.13
충남,사립,백석대학교,정원내 모집 학생부 종합 창의인재,,사회복지학부,35,75,2.14
서울,사립,홍익대학교(서울),학교장추천자전형,,서울캠퍼스자율전공(인문·예능),29,62,2.14
대전,사립,배재대학교,정원내 학생부교과 교과,,관광경영학과,28,60,2.14
서울,사립,숭실대학교,학생부종합(SSU미래인재전형-면접형),,산업·정보시스템공학과,21,45,2.14
경기,사립,가천대학교(성남),논술 전형,자연계열,의공학과,14,30,2.14
경기,사립,명지대학교(용인),학생부종합(명지인재면접전형),,컴퓨터AI응용공학부 / AI컴퓨터공학전공,14,30,2.14
서울,사립,명지대학교(서울),학생부종합(명지인재면접전형),,컴퓨터AI응용공학부 / AI컴퓨터공학전공,14,30,2.14
인천,사립,가천대학교(인천),논술 전형,자연계열,의공학과,14,30,2.14
충남,국립,국립공주대학교,학생부종합전형  일반전형(정원내),사범대학,물리교육과,14,30,2.14
경기,사립,가천대학교(성남),학생부우수자 전형,자연계열,신소재공학과,7,15,2.14
경기,사립,성균관대학교(수원),학생부교과(추천인재),,반도체융합공학과,7,15,2.14
경기,국립,한경국립대학교,학생부교과(일반전형_평택)_정원내,,의료재활공학과,7,15,2.14
경기,사립,한국외국어대학교(용인),학생부종합전형(면접형),,Finance & AI융합학부,7,15,2.14
경기,사립,한국외국어대학교(용인),학생부종합전형(서류형),,중국외교통상학부,7,15,2.14
경기,사립,한국외국어대학교(용인),학생부종합전형(서류형),,행정학과,7,15,2.14
서울,사립,고려대학교(서울),서울캠퍼스 학생부교과(학교추천전형),정보대학,데이터과학과,7,15,2.14
서울,사립,서울여자대학교,학생부종합(바롬인재서류전형),인문대학,국어국문학과,7,15,2.14
서울,사립,서울여자대학교,학생부종합(바롬인재서류전형),인문대학,영어영문학과,7,15,2.14
서울,사립,성균관대학교(서울),학생부교과(추천인재),,반도체융합공학과,7,15,2.14
서울,사립,한국외국어대학교(서울),학생부종합전형(면접형),,Finance & AI융합학부,7,15,2.14
서울,사립,한국외국어대학교(서울),학생부종합전형(서류형),,중국외교통상학부,7,15,2.14
서울,사립,한국외국어대학교(서울),학생부종합전형(서류형),,행정학과,7,15,2.14
서울,사립,한양대학교(서울),학생부종합(서류형),공과대학,전기·생체공학부(전기공학전공),7,15,2.14
인천,사립,가천대학교(인천),학생부우수자 전형,자연계열,신소재공학과,7,15,2.14
대전,국립,국립한밭대학교,지역인재(종합)전형,,기계공학과,7,15,2.14
대전,국립,충남대학교,학생부종합 면접전형,생명시스템과학대학,생물과학과*,7,15,2.14
대전,국립,충남대학교,학생부종합 서류전형,공과대학,응용화학공학과,7,15,2.14
세종,사립,고려대학교(세종),논술(일반전형),약학대학,첨단융합신약학과,7,15,2.14
충남,사립,백석대학교,정원내 모집 실기위주 (예·체능계열) 일반실기,,음향엔지니어링,7,15,2.14
충남,사립,한국기술교육대학교,논술전형,,컴퓨터공학부 / 컴퓨터공학전공,7,15,2.14
충북,국립,충북대학교,학생부종합(학생부종합Ⅱ전형),공과대학,공학자율전공학부,7,15,2.14
충북,국립,충북대학교,학생부교과(지역인재전형),공과대학,안전공학과,7,15,2.14
충북,국립,한국교원대학교,학생부종합우수자 일반전형,,특수교육과,7,15,2.14
충북,사립,청주대학교,"정원내 교과면접전형 경쟁률 현황 ※ 면접전형 : 교과70%+ 면접30% 단, 항공서비스학과 만 교과60%+ 면접40% 생활기록부 미반영 면접",보건의료과학대학,간호학과 / 간호사 국가시험 100% 합격! 간호교육인증평가 연속 5년 인증! 서울아산병원 등 최고 수준 대학병원 실습·취업! 최첨단 시뮬레이터·VR실습실·CJU플로렌스센터!,53,114,2.15
충남,사립,백석대학교,정원내 모집 학생부 교과 일반전형,,경찰학부,33,71,2.15
경기,사립,중부대학교(고양),학생부우수자전형,,문헌정보학전공 / 문헌정보학전공,20,43,2.15
대전,국립,충남대학교,학생부종합 면접전형,AI(인공지능)대학,컴퓨터인공지능학부*,20,43,2.15
충남,사립,유원대학교(아산),유원교과,,치위생학과,20,43,2.15
충남,사립,중부대학교(금산),학생부우수자전형,,문헌정보학전공 / 문헌정보학전공,20,43,2.15
충북,사립,유원대학교(영동),유원교과,,치위생학과,20,43,2.15
경기,사립,아주대학교,ACE전형,,불어불문학과,13,28,2.15
경기,사립,한국공학대학교,학생부종합(창의인재),,컴퓨터공학부 컴퓨터공학전공,13,28,2.15
서울,사립,성신여자대학교,자기주도인재,,유아교육과,13,28,2.15
인천,국립,인천대학교,학생부종합(자기추천),인공지능대학,인공지능시스템공학과,13,28,2.15
대전,국립,국립한밭대학교,실기우수자전형,,산업디자인학과,13,28,2.15
서울,사립,세종대학교,학생부종합(세종인재 전형(서류형)),,자연생명계열,31,67,2.16
경기,사립,강남대학교,[정원내]학생부종합(학교생활우수자전형1),공학계,부동산건설학부,19,41,2.16
대전,사립,배재대학교,정원내 학생부교과 교과,,미디어콘텐츠학과,30,65,2.17
경기,사립,경기대학교(수원),학생부종합(기회균형선발전형),,"AI컴퓨터공학부 / 컴퓨터공학전공, 인공지능전공, SW안전보안전공, 모빌리티SW전공",23,50,2.17
서울,사립,경기대학교(서울),학생부종합(기회균형선발전형),,"AI컴퓨터공학부 / 컴퓨터공학전공, 인공지능전공, SW안전보안전공, 모빌리티SW전공",23,50,2.17
인천,사립,청운대학교(인천),일반전형,,토목환경공학과,23,50,2.17
충남,사립,청운대학교(홍성),일반전형,,토목환경공학과,23,50,2.17
경기,사립,가천대학교(성남),학생부우수자 전형,자연계열,기계공학부,18,39,2.17
서울,국립,서울과학기술대학교,창의융합인재전형,창의융합대학,지능형반도체공학과,18,39,2.17
인천,사립,가천대학교(인천),학생부우수자 전형,자연계열,기계공학부,18,39,2.17
서울,사립,광운대학교,학생부종합【광운참빛인재전형Ⅰ-면접형】,,전자재료공학과,12,26,2.17
서울,사립,숭실대학교,학생부종합(SSU미래인재전형-면접형),,정보통계·보험수리학과,12,26,2.17
대전,국립,충남대학교,학생부종합 면접전형,공과대학,신소재공학과,12,26,2.17
세종,사립,홍익대학교(세종),논술전형,AID융합과학기술대학,건축공학부,12,26,2.17
경기,사립,가천대학교(성남),학생부우수자 전형,인문계열,사회복지학과,6,13,2.17
경기,사립,가톨릭대학교(부천),학생부교과(지역균형전형),,영어영문학부,6,13,2.17
경기,사립,가톨릭대학교(부천),학생부종합(잠재능력우수자서류전형),,미디어기술콘텐츠학과,6,13,2.17
경기,사립,경기대학교(수원),학생부교과(교과성적우수자전형),,"바이오융합학부 / 생명과학전공, 식품생물공학전공",6,13,2.17
경기,사립,단국대학교(죽전),[학생부종합] DKU인재(면접형) 경쟁률 현황 (죽전),,고분자시스템공학부(고분자공학전공),6,13,2.17
경기,사립,명지대학교(용인),학생부교과(학교장추천전형),,법학과,6,13,2.17
경기,사립,명지대학교(용인),학생부종합(명지인재면접전형),,전통건축학전공,6,13,2.17
경기,사립,신한대학교(의정부/동두천),기회균형전형(학생부서류100%),,소프트웨어융합학과,6,13,2.17
경기,사립,용인대학교,정원내 일반학생 전형,무도대학,무도학과-씨름,6,13,2.17
경기,사립,용인대학교,정원내 체육우수자 특별전형,무도대학,체능 / 유도학과-메치기본,6,2,2.17
경기,사립,중부대학교(고양),학교생활우수자전형,,특수교육과 / 초등특수교육,6,13,2.17
경기,국립,한경국립대학교,학생부교과(일반전형_안성)_정원내,,응용수학과,6,13,2.17
경기,사립,협성대학교,정원내 [학생부종합]융합인재Ⅱ(면접),인문사회과학대학,문예창작학과,6,13,2.17
서울,사립,가톨릭대학교(서울),학생부교과(지역균형전형),,영어영문학부,6,13,2.17
서울,사립,가톨릭대학교(서울),학생부종합(잠재능력우수자서류전형),,미디어기술콘텐츠학과,6,13,2.17
서울,사립,건국대학교(서울),학생부교과(KU지역균형),문과대학,철학과,6,13,2.17
서울,사립,경기대학교(서울),학생부교과(교과성적우수자전형),,"바이오융합학부 / 생명과학전공, 식품생물공학전공",6,13,2.17
서울,사립,광운대학교,학생부종합【광운참빛인재전형Ⅰ-면접형】,,건축학과(5년제),6,13,2.17
서울,사립,명지대학교(서울),학생부교과(학교장추천전형),,법학과,6,13,2.17
서울,사립,명지대학교(서울),학생부종합(명지인재면접전형),,전통건축학전공,6,13,2.17
서울,사립,삼육대학교,논술우수자전형,,보건관리학과,6,13,2.17
서울,사립,세종대학교,학생부종합(세종인재 전형(면접형)),공과,건축학과,6,13,2.17
서울,사립,숭실대학교,학생부종합(기회균형전형),,컴퓨터학부,6,13,2.17
서울,사립,이화여자대학교,학생부종합(미래인재전형-서류형),사범대학,사회과교육과 역사교육전공,6,13,2.17
서울,사립,이화여자대학교,학생부종합(고른기회전형),인문과학대학,중어중문학과,6,13,2.17
서울,사립,한양대학교(서울),학생부종합(추천형),인문과학대학,독어독문학과,6,13,2.17
인천,사립,가천대학교(인천),학생부우수자 전형,인문계열,사회복지학과,6,13,2.17
인천,사립,인하대학교,학생부종합 인하미래인재(면접형),사범대학,수학교육과,6,13,2.17
대전,국립,충남대학교,학생부종합 면접전형,경상대학,무역학과,6,13,2.17
세종,사립,홍익대학교(세종),학교생활우수자전형,AID융합과학기술대학,조선해양모빌리티공학과,6,13,2.17
충남,사립,단국대학교(천안),[학생부종합] DKU인재(면접형) 경쟁률 현황 (죽전),,고분자시스템공학부(고분자공학전공),6,13,2.17
충남,사립,중부대학교(금산),학교생활우수자전형,,특수교육과 / 초등특수교육,6,13,2.17
충남,사립,한국기술교육대학교,창의인재(서류형),,컴퓨터공학부 / 컴퓨터공학전공,6,13,2.17
충남,사립,한국기술교육대학교,창의인재(면접형),,데이터경영전공,6,13,2.17
충북,사립,청주대학교,정원내 일반전형 [교과100%],예술대학,"아트앤패션디자인학과 / 전국 단위 패션공모전 10년 연속 대상·본상 수상(26), 전공 교육과정 우수학과·우수인증 획득(24), 패션브랜드·인플루언서로 활약하는 동문 네트워크",6,13,2.17
충북,사립,청주대학교,정원내 미래인재전형 [교과100%],인문사회대학,"지적학과 / 1979년 설립 이래 공공분야 인재 1,700여 명 배출, 최근 5년간 지적직 공무원·공기업 연평균 21명 이상 합격, 2025년 지적 국가기술자격 취득률 63%(전국 41%)",6,13,2.17
충북,국립,충북대학교,학생부종합(학생부종합Ⅱ전형),사회과학대학,경제학과,6,13,2.17
충북,국립,충북대학교,학생부종합(학생부종합Ⅱ전형),전자정보대학,반도체공학부,6,13,2.17
충북,국립,충북대학교,학생부교과(학생부교과전형),농업생명환경대학,농업경제학과,6,13,2.17
충북,국립,충북대학교,학생부교과(지역인재전형),농업생명환경대학,환경생명화학과,6,13,2.17
서울,사립,이화여자대학교,학생부종합(미래인재전형-서류형),인문과학대학,국어국문학과,33,72,2.18
대전,국립,충남대학교,일반전형,간호대학,간호학과*,22,48,2.18
경기,사립,을지대학교(성남의정부),EU서류형,,인문사회계열학부,17,37,2.18
대전,사립,을지대학교(대전),EU서류형,,인문사회계열학부,17,37,2.18
경기,사립,서울신학대학교,[학생부교과]기회균형선발전형(정원외),,신학부 / 신학과,11,3,2.18
서울,사립,서강대학교,학생부종합(일반Ⅰ),,미디어&엔터테인먼트학과,11,24,2.18
충남,국립,국립공주대학교,학생부교과전형  일반전형(정원내),천안공과대학,광공학과,11,24,2.18
충남,사립,호서대학교,- 정원내 학생부종합 호서인재전형,,임상병리학과,11,24,2.18
대전,사립,배재대학교,정원외 학생부교과 기초생활,,자율전공학부,42,2,2.19
대전,사립,우송대학교,정원내 학생부 교과 - 교과면접 전형 (교과80%+면접20% / 6과목 반영),외식조리대학,외식조리학부 / 외식조리전공,37,81,2.19
경기,사립,경동대학교(양주),일반학생,,메디컬캠퍼스(원주문막) / 간호학과 [교직],265,583,2.2
경기,사립,수원대학교,교과논술전형,혁신공과대학,전기전자공학부,50,110,2.2
대전,사립,배재대학교,정원내 학생부교과 교과,,심리상담학과 [교직],40,88,2.2
대전,사립,대전대학교,군사학과전형,사회과학대학,군사학과(남자) [육군최초협약대학],30,66,2.2
서울,사립,한성대학교,기회균형-성인학습자전형,미래플러스대학,AI디지털융합인재학부,20,44,2.2
경기,사립,신한대학교(의정부/동두천),"실적우수자전형(학생부교과,출결20%+실적80%)",,태권도학부(겨루기전공),15,33,2.2
경기,사립,한국항공대학교,미래인재 전형,,항공·경영대학(이학적성),15,33,2.2
인천,사립,인하대학교,학생부종합 인하미래인재(면접형),AI융합대학,디자인테크놀로지학과,15,33,2.2
대전,사립,우송대학교,정원내 학생부 교과 - 교과면접 전형 (교과80%+면접20% / 6과목 반영),보건복지대학,소방·안전학부,15,33,2.2
충남,국립,국립공주대학교,학생부교과전형  일반전형(정원내),인문사회과학대학,관광경영학과,15,33,2.2
경기,사립,단국대학교(죽전),[학생부종합] DKU인재(면접형) 경쟁률 현황 (죽전),,특수교육과,10,22,2.2
경기,사립,명지대학교(용인),학생부종합(명지인재서류전형),,법학과,10,22,2.2
경기,사립,신한대학교(의정부/동두천),기회균형전형(학생부서류100%),,유아교육과,10,22,2.2
경기,사립,안양대학교(안양),학생부교과(아리학생부면접),,정보전기전자공학과,10,22,2.2
서울,사립,명지대학교(서울),학생부종합(명지인재서류전형),,법학과,10,22,2.2
서울,사립,숙명여자대학교,[학생부종합] 숙명인재(면접형)전형,공과대학,지능형전자시스템학부,10,22,2.2
인천,사립,안양대학교(강화),학생부교과(아리학생부면접),,정보전기전자공학과,10,22,2.2
인천,국립,인천대학교,학생부종합(자기추천),사회과학대학,문헌정보학과,10,22,2.2
인천,사립,인하대학교,논술 논술우수자,공과대학,사회인프라공학과,10,22,2.2
충남,국립,국립공주대학교,학생부종합전형  일반전형(정원내),본부,국제학부,10,22,2.2
충남,국립,국립공주대학교,학생부교과전형  일반전형(정원내),산업과학대학,조경학과,10,22,2.2
충남,사립,단국대학교(천안),[학생부종합] DKU인재(면접형) 경쟁률 현황 (죽전),,특수교육과,10,22,2.2
경기,사립,가톨릭대학교(부천),학생부교과(지역균형전형),,국어국문학과,5,11,2.2
경기,사립,가톨릭대학교(부천),학생부교과(지역균형전형),,AI의공학과,5,11,2.2
경기,사립,가톨릭대학교(부천),학생부종합(잠재능력우수자면접전형),,행정학과,5,11,2.2
경기,사립,가톨릭대학교(부천),논술전형,,데이터사이언스학과,5,11,2.2
경기,사립,가톨릭대학교(부천),논술전형,,바이오메디컬화학공학과,5,11,2.2
경기,사립,가톨릭대학교(부천),논술전형,,의생명과학과,5,11,2.2
경기,사립,강남대학교,[정원외]학생부교과(기초차상위전형),인문사회계,글로벌문화콘텐츠대학,5,11,2.2
경기,사립,경희대학교(용인),국제캠퍼스 실기우수자전형(체육),체육계열,태권도학과-품새-공인품새(복합품새),5,11,2.2
경기,사립,대진대학교,학생부교과(학생부우수자전형) - 교과70% + 면접30%,보건과학대학,보건경영학과,5,11,2.2
경기,사립,명지대학교(용인),학생부교과(학교장추천전형),,디지털콘텐츠디자인학과,5,11,2.2
경기,사립,용인대학교,정원내 교과성적우수자 특별전형,AI바이오융합대학,물리치료학과,5,11,2.2
경기,사립,평택대학교,PTU실기,문화예술대학,실용음악학과(작곡) [작곡: 뮤직프로덕션 / 실용작곡 / 영상음악],5,11,2.2
경기,사립,한국외국어대학교(용인),학생부종합전형(면접형),,루마니아학과,5,11,2.2
경기,사립,한국외국어대학교(용인),학생부종합전형(면접형),,헝가리학과,5,11,2.2
경기,사립,한세대학교,면접우수자 - 교과 60% + 면접 40%,,첨단융합학부,5,11,2.2
서울,사립,가톨릭대학교(서울),학생부교과(지역균형전형),,국어국문학과,5,11,2.2
서울,사립,가톨릭대학교(서울),학생부교과(지역균형전형),,AI의공학과,5,11,2.2
서울,사립,가톨릭대학교(서울),학생부종합(잠재능력우수자면접전형),,행정학과,5,11,2.2
서울,사립,가톨릭대학교(서울),논술전형,,데이터사이언스학과,5,11,2.2
서울,사립,가톨릭대학교(서울),논술전형,,바이오메디컬화학공학과,5,11,2.2
서울,사립,가톨릭대학교(서울),논술전형,,의생명과학과,5,11,2.2
서울,사립,경희대학교(서울),국제캠퍼스 실기우수자전형(체육),체육계열,태권도학과-품새-공인품새(복합품새),5,11,2.2
서울,사립,광운대학교,학생부교과【지역균형 전형】,,행정학과,5,11,2.2
서울,사립,명지대학교(서울),학생부교과(학교장추천전형),,디지털콘텐츠디자인학과,5,11,2.2
서울,사립,삼육대학교,학교장추천전형,,건축학과(5년제),5,11,2.2
서울,공립,서울시립대학교,고교추천전형,도시과학대학,도시행정학과,5,11,2.2
서울,사립,서울여자대학교,학생부종합(바롬인재서류전형),사회과학대학,심리·인지과학학부,5,11,2.2
서울,사립,서울여자대학교,학생부교과(교과우수자전형),미래산업융합대학,소프트웨어전공,5,11,2.2
서울,사립,성신여자대학교,논술우수자,,서비스디자인공학과,5,11,2.2
서울,사립,세종대학교,학생부종합(기회균형 전형),인공지능융합,양자지능정보학과,5,11,2.2
서울,사립,숭실대학교,학생부교과(교과우수자전형-학교장 추천),,국어국문학과,5,11,2.2
서울,사립,이화여자대학교,학생부교과(고교추천전형),사범대학,교육공학과,5,11,2.2
서울,사립,이화여자대학교,학생부종합(미래인재전형-면접형),인문과학대학,영어영문학부,5,11,2.2
서울,사립,이화여자대학교,실기/실적(예체능실기전형),음악대학,피리,5,11,2.2
서울,사립,한국외국어대학교(서울),학생부종합전형(면접형),,루마니아학과,5,11,2.2
서울,사립,한국외국어대학교(서울),학생부종합전형(면접형),,헝가리학과,5,11,2.2
인천,사립,인하대학교,논술 논술우수자,경영대학,경영학부(파이낸스경영학과),5,11,2.2
대전,국립,국립한밭대학교,지역인재(교과)전형,,신소재공학과,5,11,2.2
대전,국립,국립한밭대학교,지역인재(종합)전형,,건축공학과,5,11,2.2
대전,사립,대전대학교,지역인재Ⅰ전형 [교과/출석 100%],보건의료과학대학,보건의료경영학과,5,11,2.2
대전,사립,대전대학교,"혜화인재전형 [1단계:서류평가 100%, 2단계:서류평가 60% + 면접 40% / 자기소개서 없음 ]",보건의료과학대학,"스포츠과학부 (체육학전공, 운동재활전공) / 체육학전공 운동재활전공",5,11,2.2
대전,사립,우송대학교,정원내 학생부 종합 - 종합면접형 전형,보건복지대학,[사범계열]유아교육과,5,11,2.2
대전,국립,충남대학교,만학도전형(종합),인문대학,한문학과*,5,11,2.2
충남,사립,백석대학교,정원내 모집 학생부 교과 사회기여자 및 배려대상자,,보건학부 치위생학과,5,11,2.2
충남,사립,백석대학교,정원외 모집 학생부 교과 농어촌학생 일반전형,,보건학부 응급구조학과,5,11,2.2
충남,사립,백석대학교,정원외 모집 학생부 교과 기초생활수급자 및 차상위계층,,간호학과,5,11,2.2
충남,사립,순천향대학교,[정원내] 실기/실적(특기자전형),자연과학대학,스포츠과학과 / 필드하키(남-필드플레이어),5,11,2.2
충남,사립,호서대학교,- 정원내 학생부교과 성인학습자전형,,미래융합스쿨,5,11,2.2
충북,사립,세명대학교,지역인재(일반)전형(정원내),자연과학,임상병리학과,5,11,2.2
충북,사립,청주대학교,정원내 교과인재전형 [교과100%],공과대학,"건축학과 (5년제) / 56년 건축교육의 힘, 건축가의 꿈을 현실로! 건축학인증 무결점 최고등급획득·5년제출신 건축사 42명 배출· 25 취업률86.2%(전국평균대비 13.3%높은수준)",5,11,2.2
충북,국립,충북대학교,학생부종합(학생부종합Ⅰ전형),자연과학대학,천문우주학과,5,11,2.2
충북,국립,충북대학교,학생부종합(학생부종합Ⅰ전형),전자정보대학,컴퓨터공학과,5,11,2.2
충북,국립,충북대학교,학생부종합(학생부종합Ⅰ전형),농업생명환경대학,바이오시스템공학과,5,11,2.2
충북,국립,충북대학교,학생부교과(지역인재전형),인문대학,철학과,5,11,2.2
충북,사립,건국대학교(글로컬),[학생부교과] 교과우수,KU글로컬혁신대학,KU자유전공학부,107,237,2.21
서울,국립,서울과학기술대학교,기회균형전형(평생학습자),미래융합대학,자유전공학부(미래융합대학),72,159,2.21
경기,사립,아주대학교,특성화고등을졸업한재직자전형(정원외),,융합시스템공학과,56,124,2.21
세종,사립,홍익대학교(세종),학교생활우수자전형,상경대학,상경학부,33,73,2.21
충남,사립,백석대학교,정원내 모집 학생부 교과 일반전형,,보건학부 치위생학과,33,73,2.21
경기,사립,경동대학교(양주),일반학생,,호텔관광경영학과,29,64,2.21
서울,사립,한성대학교,한성인재전형,AI융합대학,상상력인재학부,28,62,2.21
대전,사립,배재대학교,정원내 학생부교과 교과,,의류패션학과,28,62,2.21
대전,사립,우송대학교,정원내 학생부 교과 - 교과면접 전형 (교과80%+면접20% / 6과목 반영),보건복지대학,응급구조학과,19,42,2.21
충북,사립,청주대학교,정원내 일반전형 [교과100%],인문사회대학,"사회복지학과 / 1979년 설립 이래 2,000여 명 배출. 산학실습과 자격증 지원으로 공공기관, 복지시설, NGO, 공무원 등 즉시 투입 가능한 현장 밀착형 실무 인재 양성",19,42,2.21
충북,사립,청주대학교,정원내 일반전형 [교과100%],보건의료과학대학,"치위생학과 / 국가시험 3년 연속 100% 합격, 취업률 90%! 서울대·고려대·단국대병원 임상실습과 디지털 기반 실무교육, 다양한 진로 지원으로 치위생 전문 리더 양성!",19,42,2.21
서울,사립,세종대학교,학생부종합(세종인재 전형(면접형)),인공지능융합,AI로봇학과,14,31,2.21
서울,사립,이화여자대학교,학생부종합(미래인재전형-서류형),공과대학,건축도시시스템공학과,14,31,2.21
서울,사립,홍익대학교(서울),논술전형,공과대학,산업·데이터공학과,14,31,2.21
인천,사립,인하대학교,학생부종합 인하미래인재(면접형),자연과학대학,물리학과,14,31,2.21
충남,사립,나사렛대학교,일반학생전형(학생부교과/실기위주),,임상병리학과,14,31,2.21
충남,사립,호서대학교,- 정원내 학생부교과 지역인재전형,,간호학과,14,31,2.21
서울,사립,고려대학교(서울),서울캠퍼스 학생부교과(학교추천전형),자유전공학부,자유전공학부,18,40,2.22
서울,국립,서울과학기술대학교,학교생활우수자전형,공과대학,안전공학과,18,40,2.22
서울,국립,서울과학기술대학교,학교생활우수자전형,교양대학,ST자유전공학부_인문,18,40,2.22
인천,사립,인하대학교,학생부종합 인하미래인재(서류형),공과대학,전기전자공학부,18,40,2.22
경기,사립,을지대학교(성남의정부),지역균형(학교장추천),,임상병리학과(성남),9,20,2.22
서울,국립,서울과학기술대학교,학교생활우수자전형,인문사회대학,영어영문학과,9,20,2.22
서울,사립,한양대학교(서울),학생부종합(서류형),공과대학,건축공학부,9,20,2.22
인천,국립,인천대학교,학생부종합(자기추천),생명과학기술대학,생명과학부 생명과학전공,9,20,2.22
인천,사립,인하대학교,학생부종합 인하미래인재(면접형),공과대학,화공에너지공학부(이차전지공학전공),9,20,2.22
대전,사립,을지대학교(대전),지역균형(학교장추천),,임상병리학과(성남),9,20,2.22
대전,국립,충남대학교,학생부종합 면접전형,공과대학,유기재료공학과,9,20,2.22
충남,국립,국립공주대학교,학생부종합전형  일반전형(정원내),산업과학대학,산림과학과,9,20,2.22
충남,사립,한국기술교육대학교,일반전형,,AI정보통신공학전공,9,20,2.22
충남,사립,호서대학교,- 정원내 학생부교과 지역인재전형,,반도체공학과,9,20,2.22
충북,국립,충북대학교,학생부종합(학생부종합Ⅰ전형),사범대학,영어교육과,9,20,2.22
경기,사립,한세대학교,한세인재 - 서류 100%,,인문사회학부,35,78,2.23
서울,사립,이화여자대학교,학생부종합(미래인재전형-서류형),사회과학대학,경제학과,22,49,2.23
충북,사립,건국대학교(글로컬),[학생부종합] Cogito자기추천,인문사회융합대학,사회복지학과,22,49,2.23
충북,국립,한국교원대학교,학생부종합우수자 일반전형,,국어교육과,22,49,2.23
대전,국립,국립한밭대학교,학생부종합(일반)전형,,건설환경공학과,13,29,2.23
세종,사립,고려대학교(세종),학생부종합(크림슨인재전형),문화스포츠대학,문화유산융합학부,13,29,2.23
서울,사립,홍익대학교(서울),미술우수자전형,미술대학,미술대학자율전공,63,141,2.24
충북,사립,중원대학교,실기위주 (체육우수인재(골프전공)),,스포츠산업학부,25,56,2.24
대전,사립,목원대학교,실기전형 경쟁률 현황 실기100 [수능최저없음],문화콘텐츠대학,"연극영화영상학부 [SW] (연극전공 [교직] , 영화영상전공 [교직] )",17,38,2.24
경기,사립,성결대학교,[학생부교과] 교과성적우수자,IT융합공과대학,산업시스템공학과,24,54,2.25
충남,국립,국립공주대학교,학생부교과전형  기회균형일반전형(정원내),천안공과대학,천안공과대학자율전공학부 - 유형Ⅱ,24,54,2.25
대전,사립,목원대학교,"교과전형 경쟁률 현황 교과100 [면접없음, 수능최저없음]",사회과학대학,마케팅빅데이터학과,20,45,2.25
서울,사립,광운대학교,학생부종합【소프트웨어우수인재전형】,,로봇학부 AI로봇전공,16,36,2.25
인천,국립,인천대학교,학생부종합(자기추천),인문대학,영어영문학과,16,36,2.25
경기,사립,경희대학교(용인),서울캠퍼스 학생부교과(지역균형전형),인문계열,행정학과,12,27,2.25
경기,사립,서울장신대학교,학생부교과 일반전형,,복지상담학부 상담심리학과,12,27,2.25
경기,사립,성균관대학교(수원),학생부종합(탐구인재),,프랑스어문학과,12,27,2.25
경기,사립,안양대학교(안양),학생부교과(아리학생부교과),,관광경영학과(교직),12,27,2.25
경기,사립,을지대학교(성남의정부),지역균형(학교장추천),,간호학과(의정부),12,27,2.25
서울,사립,경희대학교(서울),서울캠퍼스 학생부교과(지역균형전형),인문계열,행정학과,12,27,2.25
서울,사립,삼육대학교,논술우수자전형,,영어영문학과,12,27,2.25
서울,사립,삼육대학교,재림교회목회자추천전형,,간호학과,12,27,2.25
서울,사립,서경대학교,교과우수자 전형,,자유전공학부,12,27,2.25
서울,사립,성균관대학교(서울),학생부종합(탐구인재),,프랑스어문학과,12,27,2.25
서울,사립,세종대학교,학생부교과(지역균형 전형),호텔관광,호텔관광외식경영학부,12,27,2.25
서울,사립,세종대학교,논술(논술우수자 전형),인공지능융합,콘텐츠소프트웨어학과,12,27,2.25
인천,사립,안양대학교(강화),학생부교과(아리학생부교과),,관광경영학과(교직),12,27,2.25
대전,국립,국립한밭대학교,학생부종합(일반)전형,,중국어과,12,27,2.25
대전,사립,을지대학교(대전),지역균형(학교장추천),,간호학과(의정부),12,27,2.25
충남,국립,국립공주대학교,학생부종합전형  일반전형(정원내),인문사회과학대학,독어독문학과,12,27,2.25
경기,사립,가톨릭대학교(부천),학생부종합(잠재능력우수자서류전형),,심리학과,8,18,2.25
경기,사립,단국대학교(죽전),[학생부종합] DKU인재(서류형) 경쟁률 현황 (천안),,유럽중남미학부(러시아학전공),8,18,2.25
경기,사립,단국대학교(죽전),[학생부종합] DKU인재(서류형) 경쟁률 현황 (천안),,경영공학과,8,18,2.25
경기,사립,명지대학교(용인),실기/실적(실기우수자전형),,작곡,8,18,2.25
경기,사립,안양대학교(안양),학생부교과(아리학생부면접),,사범계_유아교육과,8,18,2.25
경기,사립,을지대학교(성남의정부),논술우수자,,치위생학과,8,18,2.25
경기,사립,한국공학대학교,학생부교과(지역균형),,컴퓨터공학부 소프트웨어전공,8,18,2.25
서울,사립,가톨릭대학교(서울),학생부종합(잠재능력우수자서류전형),,심리학과,8,18,2.25
서울,사립,광운대학교,학생부종합【광운참빛인재전형Ⅰ-면접형】,,수학과,8,18,2.25
서울,사립,광운대학교,논술【논술우수자전형】,,전기공학과,8,18,2.25
서울,사립,광운대학교,논술【논술우수자전형】,,로봇학부 AI로봇전공,8,18,2.25
서울,사립,명지대학교(서울),실기/실적(실기우수자전형),,작곡,8,18,2.25
서울,사립,성신여자대학교,논술우수자,,바이오신약의과학부,8,18,2.25
인천,사립,안양대학교(강화),학생부교과(아리학생부면접),,사범계_유아교육과,8,18,2.25
인천,사립,인하대학교,논술 논술우수자,자연과학대학,화학과,8,18,2.25
대전,사립,을지대학교(대전),논술우수자,,치위생학과,8,18,2.25
대전,국립,충남대학교,일반전형,농업생명과학대학,동물자원생명과학과*,8,18,2.25
충남,국립,국립공주대학교,학생부교과전형  일반전형(정원내),사범대학,환경교육과,8,18,2.25
충남,사립,단국대학교(천안),[학생부종합] DKU인재(서류형) 경쟁률 현황 (천안),,유럽중남미학부(러시아학전공),8,18,2.25
충남,사립,단국대학교(천안),[학생부종합] DKU인재(서류형) 경쟁률 현황 (천안),,경영공학과,8,18,2.25
충남,사립,상명대학교(천안),정원외 학생부교과(농어촌학생전형),,한국언어문화전공 / 2,8,2,2.25
충북,사립,청주대학교,정원내 교과인재전형 [교과100%],항공·국방대학,"무인항공기학과 / UAM·AI드론시대를 준비하는 미래 항공인재 양성학과, 항공우주 부트캠프사업 5년간 70억 선정, 항공방산SW전문인력양성사업 선정, 자격증 90% 취득, 취업률 100%(24)",8,18,2.25
경기,사립,가톨릭대학교(부천),학생부종합(잠재능력우수자서류전형),,국어국문학과,4,9,2.25
경기,사립,경기대학교(수원),학생부교과(교과성적우수자전형),,영어영문학과,4,9,2.25
경기,사립,경희대학교(용인),서울캠퍼스 학생부교과(지역균형전형),인문계열,의상학과,4,9,2.25
경기,사립,경희대학교(용인),국제캠퍼스 실기우수자전형(체육),체육계열,스포츠지도학과-배드민턴(남),4,9,2.25
경기,사립,단국대학교(죽전),[학생부종합] DKU인재(서류형) 경쟁률 현황 (죽전),,사학과,4,9,2.25
경기,사립,단국대학교(죽전),[학생부종합] DKU인재(면접형) 경쟁률 현황 (죽전),,사학과,4,9,2.25
경기,사립,단국대학교(죽전),[논술위주] 논술우수자 경쟁률 현황 (죽전),,과학교육과,4,9,2.25
경기,사립,명지대학교(용인),학생부종합(명지인재서류전형),,국제통상학전공,4,9,2.25
경기,사립,서울신학대학교,[학생부종합]사회기여및배려자전형,,휴먼서비스학부 / 사회복지학과,4,9,2.25
경기,사립,수원대학교,교과우수전형,혁신공과대학,건축학과,4,9,2.25
경기,사립,아주대학교,고른기회1전형,,지능형반도체공학과,4,9,2.25
경기,사립,안양대학교(안양),학생부교과(농어촌학생),,글로벌경영학과,4,9,2.25
경기,사립,용인대학교,정원내 체육우수자 특별전형,체육과학대학,스포츠레저학과-승마,4,9,2.25
경기,사립,을지대학교(성남의정부),EU면접형,,임상병리학과(의정부),4,9,2.25
경기,사립,한국외국어대학교(용인),학교장추천전형,,반도체전자공학부(반도체공학전공),4,9,2.25
경기,사립,한국외국어대학교(용인),기회균형전형,,산업경영공학과,4,9,2.25
경기,사립,한세대학교,"농어촌학생(정원외) - 음악전공/공연예술전공 교과 20% + 실기 80%, 이외학과 교과 100%",,음악전공 피아노,4,3,2.25
서울,사립,가톨릭대학교(서울),학생부종합(잠재능력우수자서류전형),,국어국문학과,4,9,2.25
서울,사립,건국대학교(서울),학생부교과(KU지역균형),문과대학,문화콘텐츠학과,4,9,2.25
서울,사립,경기대학교(서울),학생부교과(교과성적우수자전형),,영어영문학과,4,9,2.25
서울,사립,경희대학교(서울),서울캠퍼스 학생부교과(지역균형전형),인문계열,의상학과,4,9,2.25
서울,사립,경희대학교(서울),국제캠퍼스 실기우수자전형(체육),체육계열,스포츠지도학과-배드민턴(남),4,9,2.25
서울,사립,고려대학교(서울),서울캠퍼스 학생부교과(학교추천전형),문과대학,한문학과,4,9,2.25
서울,사립,고려대학교(서울),서울캠퍼스 학생부교과(학교추천전형),문과대학,언어학과,4,9,2.25
서울,사립,광운대학교,학생부교과【지역균형 전형】,,건축학과(5년제),4,9,2.25
서울,사립,광운대학교,논술【논술우수자전형】,,환경공학과,4,9,2.25
서울,사립,명지대학교(서울),학생부종합(명지인재서류전형),,국제통상학전공,4,9,2.25
서울,사립,삼육대학교,학교장추천전형,,데이터클라우드공학과,4,9,2.25
서울,사립,삼육대학교,기회균형Ⅰ전형,,식품영양학과,4,9,2.25
서울,사립,상명대학교(서울),정원 내 학생부교과(고교추천전형),,문헌정보학전공,4,9,2.25
서울,사립,상명대학교(서울),정원 내 학생부종합(상명인재전형),,화공신소재전공,4,9,2.25
서울,사립,숭실대학교,학생부종합(SW우수자전형),,컴퓨터학부,4,9,2.25
서울,사립,연세대학교(서울),학생부교과전형 (추천형),이과대학,물리학과,4,9,2.25
서울,사립,한국외국어대학교(서울),학교장추천전형,,반도체전자공학부(반도체공학전공),4,9,2.25
서울,사립,한국외국어대학교(서울),기회균형전형,,산업경영공학과,4,9,2.25
서울,사립,한성대학교,농어촌학생전형,크리에이티브인문예술대학,크리에이티브인문학부(야),4,9,2.25
서울,사립,한양대학교(서울),학생부교과(추천형),사회과학대학,사회학과,4,9,2.25
인천,사립,안양대학교(강화),학생부교과(농어촌학생),,글로벌경영학과,4,9,2.25
인천,국립,인천대학교,학생부교과(교과성적우수자),자연과학대학,해양학과,4,9,2.25
인천,사립,인하대학교,학생부종합 인하미래인재(서류형),공과대학,산업경영공학과,4,9,2.25
대전,사립,건양대학교(대전),농어촌학생전형,,간호학과 [교직],4,9,2.25
대전,국립,국립한밭대학교,학생부종합(일반)전형,,정보통신공학과,4,9,2.25
대전,국립,국립한밭대학교,지역인재(종합)전형,,건축학과(5년제),4,9,2.25
대전,사립,대전대학교,지역인재Ⅰ전형 [교과/출석 100%],경영대학,비즈니스일본어학과,4,9,2.25
대전,사립,목원대학교,"지역인재전형 경쟁률 현황 교과100 [면접없음, 수능최저없음]",사회과학대학,항공호텔관광경영학과,4,9,2.25
대전,사립,우송대학교,정원내 학생부 교과 - 지역인재 전형 (교과100% / 12과목 반영),외식조리대학,제과제빵·조리학부 / 제과제빵·조리전공,4,9,2.25
대전,사립,우송대학교,정원내 학생부 교과 - 자기추천 전형 (교과100% / 12과목 반영),철도대학,철도경영학과,4,9,2.25
대전,사립,을지대학교(대전),EU면접형,,임상병리학과(의정부),4,9,2.25
대전,국립,충남대학교,지역인재전형,인문대학,불어불문학과*,4,9,2.25
대전,국립,충남대학교,학생부종합 면접전형,사범대학,전기·전자·통신공학교육과,4,9,2.25
대전,국립,충남대학교,영농창업인재전형,농업생명과학대학,농업경제학과(영농창업),4,9,2.25
충남,사립,건양대학교(논산),농어촌학생전형,,간호학과 [교직],4,9,2.25
충남,국립,국립공주대학교,학생부교과전형  기회균형일반전형(정원내),자연과학대학,자연과학대학자율전공학부 - 유형Ⅱ,4,9,2.25
충남,사립,단국대학교(천안),[학생부종합] DKU인재(서류형) 경쟁률 현황 (죽전),,사학과,4,9,2.25
충남,사립,단국대학교(천안),[학생부종합] DKU인재(면접형) 경쟁률 현황 (죽전),,사학과,4,9,2.25
충남,사립,단국대학교(천안),[논술위주] 논술우수자 경쟁률 현황 (죽전),,과학교육과,4,9,2.25
충남,사립,백석대학교,정원외 모집 학생부 교과 기초생활수급자 및 차상위계층,,사범학부 유아교육과,4,9,2.25
충남,사립,순천향대학교,[정원내] 학생부교과(지역의사선발전형-천안권),의과대학,의예과,4,9,2.25
충남,사립,한국기술교육대학교,논술전형,,고용서비스정책학과,4,9,2.25
충남,사립,호서대학교,- 정원내 학생부교과 면접전형,,기계공학과,4,9,2.25
충북,사립,청주대학교,"정원내 교과면접전형 경쟁률 현황 ※ 면접전형 : 교과70%+ 면접30% 단, 항공서비스학과 만 교과60%+ 면접40% 생활기록부 미반영 면접",경상대학,호텔외식경영학과 / SSCI Tourism & Hospitality 논문 피인용지수 전국 6위의 검증된 교수진. 현장 연계 실무교육으로 글로벌 호텔·외식산업을 선도할 호스피탈리티 전문 인재 양성,4,9,2.25
충북,사립,청주대학교,정원내 지역인재전형 [교과100%],항공·국방대학,"항공운항학과 / 미래 민·군 전문조종사 양성, 공군 조종 ROTC, 국토부 전문교육기관, 전국 최다 공군·해군 조종장교 배출, 부트캠프 76.5억·RISE 31.25억 및 장학금 지원",4,9,2.25
충북,국립,충북대학교,학생부종합(학생부종합Ⅰ전형),농업생명환경대학,목재·종이과학과,4,9,2.25
충북,국립,충북대학교,학생부종합(학생부종합Ⅱ전형),인문대학,러시아언어문화학과,4,9,2.25
충북,국립,충북대학교,학생부종합(학생부종합Ⅱ전형),공과대학,안전공학과,4,9,2.25
충북,국립,충북대학교,학생부종합(학생부종합Ⅱ전형),농업생명환경대학,지역건설공학과,4,9,2.25
충북,국립,충북대학교,학생부종합(학생부종합Ⅱ전형),농업생명환경대학,식품생명공학과,4,9,2.25
충남,사립,유원대학교(아산),유원면접,,간호학과,53,120,2.26
충북,사립,유원대학교(영동),유원면접,,간호학과,53,120,2.26
충북,사립,극동대학교,정원 내 학생부교과 교과우수자전형,,"항공운항학과(고정익, 회전익)",31,70,2.26
충북,사립,건국대학교(글로컬),[학생부교과] 교과우수,과학기술대학,바이오메디컬공학과,27,61,2.26
경기,사립,아주대학교,ACE전형,,첨단스마트산업공학과,23,52,2.26
경기,사립,성결대학교,[학생부종합] 영암인재,미래인재융합대학,인문사회계열자율전공학부,30,68,2.27
경기,사립,중부대학교(고양),학생부우수자전형,,스마트모빌리티공학전공 / 스마트모빌리티공학전공,30,68,2.27
서울,사립,건국대학교(서울),학생부종합(KU자기추천),문과대학,영어영문학과,30,68,2.27
대전,사립,배재대학교,정원내 학생부교과 교과,,글로벌비즈니스학과,30,68,2.27
충남,사립,백석대학교,정원내 모집 학생부 교과 일반전형,,사범학부 특수교육과,30,68,2.27
충남,사립,중부대학교(금산),학생부우수자전형,,스마트모빌리티공학전공 / 스마트모빌리티공학전공,30,68,2.27
경기,사립,신한대학교(의정부/동두천),학생부우수자전형(교과100%),,사회과학대학(자율전공) - 토지행정학과 - 경찰행정학과 - 행정학과 - 사회복지학과 - 상담심리학과,26,59,2.27
경기,사립,성균관대학교(수원),학생부종합(성균인재),,한문교육과,15,34,2.27
서울,사립,성균관대학교(서울),학생부종합(성균인재),,한문교육과,15,34,2.27
서울,사립,이화여자대학교,학생부종합(미래인재전형-서류형),자연과학대학,물리학과,15,34,2.27
인천,사립,인하대학교,학생부종합 인하미래인재(면접형),공과대학,조선해양공학과,15,34,2.27
인천,사립,인하대학교,학생부종합 인하미래인재(면접형),바이오융합대학,바이오식품공학과,15,34,2.27
충남,사립,백석대학교,정원내 모집 학생부 교과 + 면접 백석인재,,사회복지학부,15,34,2.27
경기,사립,경희대학교(용인),국제캠퍼스 학생부종합(네오르네상스전형),자연계열,산업경영공학과,11,25,2.27
경기,사립,협성대학교,정원내 [학생부교과]교과성적우수자,이공대학,보건관리학과,11,25,2.27
서울,사립,경희대학교(서울),국제캠퍼스 학생부종합(네오르네상스전형),자연계열,산업경영공학과,11,25,2.27
서울,사립,이화여자대학교,학생부종합(미래인재전형-서류형),사회과학대학,소비자학과,11,25,2.27
인천,국립,인천대학교,학생부종합(자기추천),글로벌정경대학,행정학과,11,25,2.27
충북,국립,한국교원대학교,학생부종합우수자 일반전형,,생물교육과,11,25,2.27
대전,사립,목원대학교,"교과전형 경쟁률 현황 교과100 [면접없음, 수능최저없음]",웹툰애니메이션게임대학,웹툰학과 [SW],18,41,2.28
인천,사립,인하대학교,학생부종합 특성화고 등을 졸업한 재직자,미래융합대학,산업경영학과,41,94,2.29
충북,사립,건국대학교(글로컬),[학생부교과] 교과우수,인문사회융합대학,경영학과,24,55,2.29
충북,사립,청주대학교,정원내 일반전형 [교과100%],보건의료과학대학,스포츠재활학과 / 첨단 동작분석 및 재활 실습실 기반의 보건의료·스포츠 융합 실무 커리큘럼을 통해 국가공인 자격 취득 및 병원·프로구단 진출 지원,21,48,2.29
인천,사립,인하대학교,학생부교과 지역균형,공과대학,기계공학과,17,39,2.29
인천,국립,인천대학교,실기/실적(실기우수자),예술체육대학,조형예술학부 한국화전공,14,32,2.29
경기,사립,가천대학교(성남),학생부우수자 전형,인문계열,응용통계학과,7,16,2.29
경기,사립,단국대학교(죽전),[실기/실적위주] 실기우수자 경쟁률 현황 (죽전),,음악학부(작곡전공),7,16,2.29
경기,사립,한국외국어대학교(용인),학생부종합전형(서류형),,외국어교육학부(프랑스어교육전공),7,16,2.29
서울,사립,상명대학교(서울),정원 내 학생부교과(고교추천전형),,게임전공,7,16,2.29
서울,사립,서울여자대학교,학생부종합(바롬인재서류전형),사회과학대학,행정학과,7,16,2.29
서울,사립,세종대학교,학생부종합(세종인재 전형(면접형)),공과,우주항공시스템공학부-지능형드론융합전공,7,16,2.29
서울,사립,숭실대학교,학생부종합(SSU미래인재전형-서류형),,산업·정보시스템공학과,7,16,2.29
서울,사립,이화여자대학교,학생부종합(고른기회전형),인문과학대학,영어영문학부,7,16,2.29
서울,사립,한국외국어대학교(서울),학생부종합전형(서류형),,외국어교육학부(프랑스어교육전공),7,16,2.29
인천,사립,가천대학교(인천),학생부우수자 전형,인문계열,응용통계학과,7,16,2.29
충남,국립,국립공주대학교,학생부교과전형  일반전형(정원내),사범대학,컴퓨터교육과,7,16,2.29
충남,사립,단국대학교(천안),[실기/실적위주] 실기우수자 경쟁률 현황 (죽전),,음악학부(작곡전공),7,16,2.29
충북,국립,충북대학교,학생부교과(학생부교과전형),사회과학대학,사회학과,7,16,2.29
서울,사립,성공회대학교,학생부종합 열린인재,,사회융합학부,33,76,2.3
서울,사립,광운대학교,학생부종합【특성화고 등을 졸업한 재직자전형(정원외)】,,스마트전기전자학과,30,69,2.3
대전,국립,국립한밭대학교,학생부교과(일반)전형,,전기공학과,23,53,2.3
대전,사립,우송대학교,정원내 학생부 교과 - 교과면접 전형 (교과80%+면접20% / 6과목 반영),철도대학,철도차량시스템학과,20,46,2.3
경기,사립,성결대학교,[학생부교과] SKU창의,IT융합공과대학,미디어소프트웨어학과,10,23,2.3
서울,사립,서강대학교,학생부종합(일반Ⅰ),,심리학과,10,23,2.3
서울,사립,서경대학교,논술우수자 전형,,아트앤테크놀로지학과,10,23,2.3
세종,사립,고려대학교(세종),실기/실적(미래인재전형),문화스포츠대학,문화창의학부,10,23,2.3
충남,사립,백석대학교,정원내 모집 학생부 교과 + 면접 백석인재,,경상학부,10,23,2.3
경기,사립,경동대학교(양주),일반학생,,사회복지학과,29,67,2.31
대전,사립,건양대학교(대전),군사학전형,,군사학과(남) [육군협약],26,60,2.31
충남,사립,건양대학교(논산),군사학전형,,군사학과(남) [육군협약],26,60,2.31
충북,국립,한국교원대학교,학생부종합우수자 일반전형,,수학교육과,16,37,2.31
경기,사립,명지대학교(용인),학생부종합(명지인재면접전형),,전자공학전공,13,30,2.31
경기,사립,신한대학교(의정부/동두천),일반전형(교과60%+면접40%),,소프트웨어융합학과,13,30,2.31
서울,사립,덕성여자대학교,기회균형전형Ⅰ_농어촌학생[학생부위주(종합)],,미래인재대학(자유전공학부),13,30,2.31
서울,사립,명지대학교(서울),학생부종합(명지인재면접전형),,전자공학전공,13,30,2.31
서울,국립,서울과학기술대학교,실기전형,조형대학,산업디자인학과,13,30,2.31
인천,사립,인하대학교,학생부종합 인하미래인재(면접형),AI융합대학,데이터사이언스학과,13,30,2.31
경기,사립,아주대학교,ACE전형,,영어영문학과,24,56,2.33
서울,사립,성신여자대학교,자기주도인재,,바이오헬스융합학부,24,56,2.33
대전,사립,대전대학교,교과중점전형 [교과/출석 100%],공과대학,반도체공학과,21,49,2.33
경기,사립,성균관대학교(수원),학생부종합(탐구인재),,인공지능학과,15,35,2.33
경기,사립,성균관대학교(수원),학생부종합(성균인재),,컴퓨터교육과,15,35,2.33
경기,국립,한경국립대학교,학생부종합(잠재력우수자_안성)_정원내,,시각미디어디자인학과,15,35,2.33
서울,사립,성균관대학교(서울),학생부종합(탐구인재),,인공지능학과,15,35,2.33
서울,사립,성균관대학교(서울),학생부종합(성균인재),,컴퓨터교육과,15,35,2.33
경기,사립,경기대학교(수원),학생부종합(KGU학생부종합전형),,무역학과,12,28,2.33
서울,사립,경기대학교(서울),학생부종합(KGU학생부종합전형),,무역학과,12,28,2.33
충남,국립,국립공주대학교,학생부교과전형  일반전형(정원내),인문사회과학대학,사회복지학과,12,28,2.33
충남,사립,순천향대학교,[정원내] 학생부종합(일반학생전형),인문사회과학대학,청소년교육·상담학과,12,28,2.33
경기,사립,경희대학교(용인),서울캠퍼스 학생부종합(네오르네상스전형),자연계열,약과학과,9,21,2.33
경기,사립,단국대학교(죽전),[학생부종합] DKU인재(서류형) 경쟁률 현황 (천안),,식품공학과,9,21,2.33
경기,사립,안양대학교(안양),학생부교과(아리학생부면접),,식품영양학과(교직),9,21,2.33
경기,사립,용인대학교,정원내 일반학생 전형,문화예술대학,문화콘텐츠학과,9,21,2.33
경기,국립,한경국립대학교,학생부교과(일반전형_평택)_정원내,,제품공간디자인학과,9,21,2.33
서울,사립,경희대학교(서울),서울캠퍼스 학생부종합(네오르네상스전형),자연계열,약과학과,9,21,2.33
서울,사립,삼육대학교,세움인재전형,,물리치료학과,9,21,2.33
서울,사립,상명대학교(서울),정원 내 학생부종합(상명인재전형),,지능·데이터융합학부 / 휴먼AI공학전공,9,21,2.33
서울,국립,서울과학기술대학교,학교생활우수자전형,기술경영융합대학,경영학과(글로벌테크노경영전공)_인문,9,21,2.33
서울,공립,서울시립대학교,고교추천전형,정경대학,세무학과,9,21,2.33
서울,사립,성신여자대학교,일반학생,,기악과(관악)-플루트,9,6,2.33
인천,사립,안양대학교(강화),학생부교과(아리학생부면접),,식품영양학과(교직),9,21,2.33
인천,사립,인하대학교,학생부종합 인하미래인재(면접형),자연과학대학,수학과,9,21,2.33
충남,사립,단국대학교(천안),[학생부종합] DKU인재(서류형) 경쟁률 현황 (천안),,식품공학과,9,21,2.33
경기,사립,가천대학교(성남),학생부우수자 전형,인문계열,패션산업학과,6,14,2.33
경기,사립,단국대학교(죽전),[학생부종합] DKU인재(서류형) 경쟁률 현황 (죽전),,도시계획ㆍ부동산학부,6,14,2.33
경기,사립,단국대학교(죽전),[학생부종합] DKU인재(서류형) 경쟁률 현황 (죽전),,미디어커뮤니케이션학부,6,14,2.33
경기,사립,단국대학교(죽전),[실기/실적위주] 체육특기자 경쟁률 현황 (천안),,국제스포츠학부(태권도전공)(남)-격파,6,14,2.33
경기,사립,대진대학교,학생부교과(밝은사회전형) - 교과100%,상생교양대학,자율전공학부,6,14,2.33
경기,사립,서울신학대학교,[학생부종합]H+인재전형,,신학부 / 신학과,6,14,2.33
경기,사립,성결대학교,[학생부교과] SKU창의,인문사회융합대학,한국어문화학과,6,14,2.33
경기,사립,신한대학교(의정부/동두천),일반전형(교과60%+면접40%),,실내디자인학과,6,14,2.33
경기,사립,신한대학교(의정부/동두천),신한국인전형(학생부서류100%),,소프트웨어융합학과,6,14,2.33
경기,국립,한경국립대학교,학생부교과(일반전형_안성)_정원내,,의류산업학과,6,14,2.33
경기,사립,한국외국어대학교(용인),학생부종합전형(서류형),,사학과,6,14,2.33
경기,사립,한신대학교,참인재,첨단융합계열,빅데이터융합학,6,14,2.33
서울,사립,세종대학교,논술(논술우수자 전형),공과,환경융합공학과,6,14,2.33
서울,사립,한국외국어대학교(서울),학생부종합전형(서류형),,사학과,6,14,2.33
서울,사립,한양대학교(서울),학생부교과(추천형),자연과학대학,화학과,6,14,2.33
서울,사립,홍익대학교(서울),학교생활우수자전형,사범대학,수학교육과,6,14,2.33
인천,사립,가천대학교(인천),학생부우수자 전형,인문계열,패션산업학과,6,14,2.33
대전,사립,우송대학교,정원내 학생부 종합 - 종합서류형 전형 (면접X),외식조리대학,외식조리영양학과,6,14,2.33
대전,국립,충남대학교,일반전형,사범대학,수학교육과,6,14,2.33
충남,사립,단국대학교(천안),[학생부종합] DKU인재(서류형) 경쟁률 현황 (죽전),,도시계획ㆍ부동산학부,6,14,2.33
충남,사립,단국대학교(천안),[학생부종합] DKU인재(서류형) 경쟁률 현황 (죽전),,미디어커뮤니케이션학부,6,14,2.33
충남,사립,단국대학교(천안),[실기/실적위주] 체육특기자 경쟁률 현황 (천안),,국제스포츠학부(태권도전공)(남)-격파,6,14,2.33
충남,사립,호서대학교,- 정원내 학생부교과 면접전형,,건축학과,6,14,2.33
충남,사립,호서대학교,- 정원내 학생부종합 호서인재전형,,심리학과,6,14,2.33
충북,국립,충북대학교,학생부교과(학생부교과전형),공과대학,도시공학과,6,14,2.33
경기,사립,가천대학교(성남),농어촌(종합) 전형,자연계열,반도체대학,3,7,2.33
경기,사립,가톨릭대학교(부천),논술전형,,물리학과,3,7,2.33
경기,사립,경기대학교(수원),학생부교과(교과성적우수자전형),,법학과,3,7,2.33
경기,사립,경기대학교(수원),학생부종합(기회균형선발전형),,화학과,3,7,2.33
경기,사립,경기대학교(수원),실기/실적(체육특기자전형),,탁구(남),3,7,2.33
경기,사립,경희대학교(용인),서울캠퍼스 학생부교과(지역균형전형),인문계열,철학과,3,7,2.33
경기,사립,경희대학교(용인),서울캠퍼스 학생부종합[기회균형전형Ⅰ(국가보훈·농어촌·수급자·자립아동 등)],자연계열,약과학과,3,7,2.33
경기,사립,경희대학교(용인),국제캠퍼스 학생부교과(지역균형전형),인문계열,일본어학과,3,7,2.33
경기,사립,단국대학교(죽전),[학생부종합] DKU인재(서류형) 경쟁률 현황 (죽전),,AI건축융합학과,3,7,2.33
경기,사립,단국대학교(죽전),[학생부종합] 교육기회배려자(정원외) 경쟁률 현황 (죽전),,행정학과,3,7,2.33
경기,사립,단국대학교(죽전),[학생부종합] 교육기회배려자(정원외) 경쟁률 현황 (죽전),,미디어커뮤니케이션학부,3,7,2.33
경기,사립,단국대학교(죽전),[논술위주] 논술우수자 경쟁률 현황 (죽전),,통계데이터사이언스학과,3,7,2.33
경기,사립,단국대학교(죽전),[논술위주] 논술우수자 경쟁률 현황 (죽전),,사이버보안학과,3,7,2.33
경기,사립,대진대학교,학생부교과(고른기회전형) - 교과100%,인문사회대학,문예콘텐츠창작학과,3,7,2.33
경기,사립,대진대학교,학생부교과(농어촌학생전형-정원외) - 교과100%,보건과학대학,간호학과,3,7,2.33
경기,사립,명지대학교(용인),학생부종합(명지인재서류전형),,아동학전공,3,7,2.33
경기,사립,명지대학교(용인),학생부종합(명지인재서류전형),,융합바이오학부 / 식품영양학전공,3,7,2.33
경기,사립,성결대학교,[학생부교과/실기] (정원외) 농어촌학생,인문사회융합대학,사회복지학과,3,7,2.33
경기,사립,수원대학교,고교추천전형,라이프케어사이언스대학,식품영양학과,3,7,2.33
경기,사립,수원대학교,특성화고졸업자전형,지능형SW융합대학,컴퓨터공학부,3,7,2.33
경기,사립,을지대학교(성남의정부),기회균형(정원내),,임상병리학과(의정부),3,7,2.33
경기,국립,한경국립대학교,학생부교과(지역균형선발_안성)_정원내,,안전공학과,3,7,2.33
경기,국립,한경국립대학교,학생부교과(지역균형선발_안성)_정원내,,ICT로봇공학과,3,7,2.33
경기,국립,한경국립대학교,학생부교과(기초생활수급자 및 차상위계층 등)_정원외,,HK자율전공학부Ⅱ,3,7,2.33
서울,사립,가톨릭대학교(서울),논술전형,,물리학과,3,7,2.33
서울,사립,건국대학교(서울),학생부교과(KU지역균형),융합생명과학대학,식품융합학부,3,7,2.33
서울,사립,건국대학교(서울),논술(KU논술우수자),융합생명과학대학,환경생태과학부,3,7,2.33
서울,사립,건국대학교(서울),논술(KU논술우수자),융합생명과학대학,식량자원과학과,3,7,2.33
서울,사립,경기대학교(서울),학생부교과(교과성적우수자전형),,법학과,3,7,2.33
서울,사립,경기대학교(서울),학생부종합(기회균형선발전형),,화학과,3,7,2.33
서울,사립,경기대학교(서울),실기/실적(체육특기자전형),,탁구(남),3,7,2.33
서울,사립,경희대학교(서울),서울캠퍼스 학생부교과(지역균형전형),인문계열,철학과,3,7,2.33
서울,사립,경희대학교(서울),서울캠퍼스 학생부종합[기회균형전형Ⅰ(국가보훈·농어촌·수급자·자립아동 등)],자연계열,약과학과,3,7,2.33
서울,사립,경희대학교(서울),국제캠퍼스 학생부교과(지역균형전형),인문계열,일본어학과,3,7,2.33
서울,사립,광운대학교,학생부종합【서해5도출신자전형】,,전자공학과,3,1,2.33
서울,사립,명지대학교(서울),학생부종합(명지인재서류전형),,아동학전공,3,7,2.33
서울,사립,명지대학교(서울),학생부종합(명지인재서류전형),,융합바이오학부 / 식품영양학전공,3,7,2.33
서울,사립,서강대학교,학생부교과(지역균형),,반도체공학과,3,7,2.33
서울,사립,서강대학교,학생부종합(기회균형),,중국문화학과,3,7,2.33
서울,사립,서경대학교,실기우수자 전형,,실용음악학부-기악-관악,3,7,2.33
서울,사립,성공회대학교,기회균형선발(정원외),,인문융합콘텐츠학부,3,7,2.33
서울,사립,숙명여자대학교,[학생부종합] 기회균형전형,경상대학,경제학부,3,7,2.33
서울,사립,숭실대학교,학생부종합(SSU미래인재전형-서류형),,벤처중소기업학과,3,7,2.33
서울,사립,숭실대학교,학생부종합(SSU미래인재전형-서류형),,수학과,3,7,2.33
서울,사립,이화여자대학교,학생부종합(고른기회전형),인문과학대학,불어불문학과,3,7,2.33
서울,사립,이화여자대학교,학생부종합(고른기회전형),신산업융합대학,국제사무학과,3,7,2.33
서울,사립,이화여자대학교,학생부종합(고른기회전형),공과대학,기후에너지시스템공학과,3,7,2.33
서울,사립,장로회신학대학교,정원내 사회기여 및 배려자,,자유전공,3,7,2.33
서울,사립,추계예술대학교,실기/실적(일반학생전형),공연예술대학1,대금,3,7,2.33
서울,국립,한국체육대학교,체육특기자(개인),,체육학과-육상(중장거리)(5000M/10KM)[남],3,7,2.33
인천,사립,가천대학교(인천),농어촌(종합) 전형,자연계열,반도체대학,3,7,2.33
인천,국립,인천대학교,학생부교과(교과성적우수자),경영대학,세무회계학과,3,7,2.33
인천,국립,인천대학교,학생부교과(교과성적우수자),사범대학,국어교육과,3,7,2.33
인천,국립,인천대학교,학생부교과(교과성적우수자),사범대학,일어교육과,3,7,2.33
인천,국립,인천대학교,학생부교과(지역균형),사회과학대학,사회복지학과,3,7,2.33
인천,국립,인천대학교,학생부종합(기회균형),인공지능대학,인공지능정보통신공학부,3,7,2.33
인천,사립,인하대학교,학생부종합 고른기회,사회과학대학,행정학과,3,7,2.33
인천,사립,인하대학교,학생부종합 농어촌학생,공과대학,산업경영공학과,3,7,2.33
인천,사립,인하대학교,학생부종합 농어촌학생,자연과학대학,해양과학과,3,7,2.33
대전,국립,국립한밭대학교,지역인재(교과)전형,,공공행정학과,3,7,2.33
대전,국립,국립한밭대학교,지역인재(교과)전형,,빅데이터헬스케어융합학과,3,7,2.33
대전,사립,배재대학교,정원내 학생부교과 지역인재Ⅱ,,간호학과,3,7,2.33
대전,사립,우송대학교,정원내 학생부 교과 - 지역인재 전형 (교과100% / 12과목 반영),소프트웨어(SW)융합대학,게임멀티미디어학부 / 게임소프트웨어전공,3,7,2.33
대전,사립,우송대학교,정원내 학생부 종합 - 종합서류형 전형 (면접X),소프트웨어(SW)융합대학,게임그래픽전공,3,7,2.33
대전,사립,을지대학교(대전),기회균형(정원내),,임상병리학과(의정부),3,7,2.33
대전,국립,충남대학교,학생부종합 면접전형,농업생명과학대학,응용생물학과*,3,7,2.33
대전,국립,충남대학교,학생부종합 면접전형,사범대학,건설공학교육과,3,7,2.33
세종,사립,고려대학교(세종),학생부종합(특성화고교졸업자전형),글로벌비즈니스대학,융합경영학부,3,7,2.33
충남,사립,단국대학교(천안),[학생부종합] DKU인재(서류형) 경쟁률 현황 (죽전),,AI건축융합학과,3,7,2.33
충남,사립,단국대학교(천안),[학생부종합] 교육기회배려자(정원외) 경쟁률 현황 (죽전),,행정학과,3,7,2.33
충남,사립,단국대학교(천안),[학생부종합] 교육기회배려자(정원외) 경쟁률 현황 (죽전),,미디어커뮤니케이션학부,3,7,2.33
충남,사립,단국대학교(천안),[논술위주] 논술우수자 경쟁률 현황 (죽전),,통계데이터사이언스학과,3,7,2.33
충남,사립,단국대학교(천안),[논술위주] 논술우수자 경쟁률 현황 (죽전),,사이버보안학과,3,7,2.33
충남,사립,순천향대학교,[정원내] 학생부교과(지역의사선발전형-서산권),의과대학,의예과,3,7,2.33
충남,사립,호서대학교,- 정원내 학생부교과 기회균형전형,,컴퓨터공학과,3,7,2.33
충북,국립,충북대학교,학생부종합(학생부종합Ⅱ전형),약학대학,약학과,3,7,2.33
충북,국립,충북대학교,학생부종합(학생부종합Ⅱ전형),약학대학,제약학과,3,7,2.33
충북,국립,충북대학교,학생부교과(학생부교과전형),사범대학,역사교육과,3,7,2.33
충북,국립,충북대학교,학생부교과(학생부교과전형),사범대학,사회교육과,3,7,2.33
충남,사립,백석대학교,정원내 모집 학생부 교과 일반전형,,기독교학부,73,171,2.34
경기,사립,한국항공대학교,논술우수자 전형,,AI융합대학,53,124,2.34
서울,사립,이화여자대학교,학생부종합(미래인재전형-서류형),인문과학대학,중어중문학과,35,82,2.34
서울,사립,서울한영대학교,일반전형,,아동보육학과,32,75,2.34
경기,사립,아주대학교,ACE전형,,화학공학과,17,40,2.35
서울,사립,이화여자대학교,학생부종합(미래인재전형-서류형),공과대학,기후에너지시스템공학과,17,40,2.35
충북,사립,청주대학교,정원내 일반전형 [교과100%],인문사회대학,"문헌정보학과 (교직) / 공공·학교·대학도서관 등 사서직 39명을 포함하여 89명의 인재 배출(23~25), 학생 1인당 연간 장학금 충북 1위(25), 전공교육과정 우수인증 학과",17,40,2.35
대전,사립,우송대학교,정원내 학생부 교과 - 교과중심 전형 (교과100% / 12과목 반영),보건복지대학,소방·안전학부,33,78,2.36
충남,국립,국립공주대학교,학생부교과전형  일반전형(정원내),간호보건대학,간호학과,22,52,2.36
경기,사립,명지대학교(용인),학생부종합(명지인재면접전형),,스마트인프라공학부 / 건설환경공학전공,14,33,2.36
서울,사립,명지대학교(서울),학생부종합(명지인재면접전형),,스마트인프라공학부 / 건설환경공학전공,14,33,2.36
대전,국립,국립한밭대학교,학생부교과(일반)전형,,지능미디어공학과,14,33,2.36
충북,사립,건국대학교(글로컬),[학생부종합] Cogito자기추천,인문사회융합대학,소방방재융합학과,14,33,2.36
충북,사립,건국대학교(글로컬),[학생부종합] Cogito자기추천,인문사회융합대학,문헌정보학과,14,33,2.36
충북,사립,청주대학교,정원내 일반전형 [교과100%],공과대학,"건축학과 (5년제) / 56년 건축교육의 힘, 건축가의 꿈을 현실로! 건축학인증 무결점 최고등급획득·5년제출신 건축사 42명 배출· 25 취업률86.2%(전국평균대비 13.3%높은수준)",14,33,2.36
경기,사립,을지대학교(성남의정부),논술우수자,,임상병리학과(의정부),11,26,2.36
서울,사립,고려대학교(서울),서울캠퍼스 학생부교과(학교추천전형),생명과학대학,환경생태공학부,11,26,2.36
서울,사립,서울여자대학교,학생부종합(기회균형전형_특성화고교졸업자)[정원외],사회과학대학,경제학과,11,2,2.36
대전,사립,을지대학교(대전),논술우수자,,임상병리학과(의정부),11,26,2.36
충남,사립,순천향대학교,[정원내] 학생부종합(일반학생전형),AI의료융합혁신교육원,헬스케어서비스스쿨(작업치료학전공),11,26,2.36
경기,사립,한양대학교(ERICA),학생부종합(특성화고졸재직자(정원외)),공학대학,융합시스템공학과,46,109,2.37
충남,국립,국립공주대학교,학생부교과전형  일반전형(정원내),간호보건대학,보건행정학과,19,45,2.37
충북,사립,세명대학교,일반전형(정원내),인문사회,소방방재학과,19,45,2.37
인천,국립,인천대학교,학생부종합(자기추천),글로벌정경대학,Global Trade & Service학부,24,57,2.38
서울,사립,고려대학교(서울),서울캠퍼스 학생부교과(학교추천전형),정보대학,인공지능학과,16,38,2.38
충남,사립,상명대학교(천안),정원외 학생부교과(특성화고교졸업자전형),,디자인학부 / 6,13,7,2.38
경기,사립,경희대학교(용인),국제캠퍼스 학생부종합(네오르네상스전형),인문계열,한국어학과,8,19,2.38
경기,사립,수원대학교,고교추천전형,혁신공과대학,건설환경에너지공학부,8,19,2.38
경기,사립,한신대학교,참인재,휴먼서비스계열,재활상담학,8,19,2.38
서울,사립,건국대학교(서울),학생부종합(KU자기추천),공과대학,산업공학과,8,19,2.38
서울,사립,경희대학교(서울),국제캠퍼스 학생부종합(네오르네상스전형),인문계열,한국어학과,8,19,2.38
서울,사립,광운대학교,논술【논술우수자전형】,,전자재료공학과,8,19,2.38
서울,사립,세종대학교,논술(논술우수자 전형),공과,에너지자원공학과,8,19,2.38
인천,사립,인하대학교,학생부종합 인하미래인재(서류형),공과대학,신소재공학과,8,19,2.38
대전,사립,건양대학교(대전),학생부종합전형,,유아교육과 [사범],8,19,2.38
대전,국립,국립한밭대학교,지역인재(종합)전형,,화학생명공학과,8,19,2.38
충남,사립,건양대학교(논산),학생부종합전형,,유아교육과 [사범],8,19,2.38
충북,사립,청주대학교,"정원내 교과면접전형 경쟁률 현황 ※ 면접전형 : 교과70%+ 면접30% 단, 항공서비스학과 만 교과60%+ 면접40% 생활기록부 미반영 면접",인문사회대학,"사회복지학과 / 1979년 설립 이래 2,000여 명 배출. 산학실습과 자격증 지원으로 공공기관, 복지시설, NGO, 공무원 등 즉시 투입 가능한 현장 밀착형 실무 인재 양성",8,19,2.38
세종,사립,홍익대학교(세종),논술전형,,세종캠퍼스자율전공(인문·예능),31,74,2.39
서울,사립,홍익대학교(서울),학교생활우수자전형,법과대학,법학부,28,67,2.39
충남,사립,호서대학교,- 정원내 실기/실적 실기전형,,실내디자인학과,28,67,2.39
충북,사립,세명대학교,일반전형(정원내),인문사회,사회복지학과,23,55,2.39
서울,사립,광운대학교,학생부종합【광운참빛인재전형Ⅰ-면접형】,,전자공학과,18,43,2.39
서울,국립,서울과학기술대학교,기회균형전형(특성화고등을졸업한재직자),미래융합대학,건설환경융합공학과,20,48,2.4
서울,사립,숙명여자대학교,[학생부종합] 숙명인재(면접형)전형,영어영문학부,영어영문학전공,20,48,2.4
충북,사립,청주대학교,정원내 일반전형 [교과100%],공과대학,"건축공학과 / 56년역사, 충북최초 건축공학과개설, 건축공학4대전공(구조·시공·환경·설계) 융합AI스마트건축기술교육! 기술사·교수·공무원100여명배출, 최근 5년연구비50억수주",15,36,2.4
경기,사립,대진대학교,"학생부종합(윈윈대진전형) - 1단계:서류평가100%, 2단계:1단계 성적70% + 면접30%",인문사회대학,사회복지학과,10,24,2.4
경기,사립,성결대학교,[학생부종합] 영암인재,IT융합공과대학,화장품공학과,10,24,2.4
경기,사립,성균관대학교(수원),학생부종합(과학인재),,컴퓨터공학과,10,24,2.4
서울,사립,서경대학교,기회균형① 특별전형,,미래융합학부1,10,24,2.4
서울,국립,서울과학기술대학교,기회균형전형(특수교육대상자),미래융합대학,융합기계공학과,10,7,2.4
서울,사립,성균관대학교(서울),학생부종합(과학인재),,컴퓨터공학과,10,24,2.4
인천,국립,인천대학교,학생부종합(자기추천),도시과학대학,도시행정학과,10,24,2.4
인천,사립,인하대학교,학생부종합 인하미래인재(면접형),사회과학대학,소비자학과,10,24,2.4
충남,국립,국립공주대학교,학생부종합전형  일반전형(정원내),천안공과대학,스마트인프라공학과,10,24,2.4
경기,사립,가톨릭대학교(부천),학생부종합(잠재능력우수자서류전형),,의류학과,5,12,2.4
경기,사립,강남대학교,[정원내]학생부교과(농어촌학생전형),인문사회계,글로벌문화콘텐츠대학,5,12,2.4
경기,사립,경기대학교(수원),학생부교과(학교장추천전형),,화학과,5,12,2.4
경기,사립,경희대학교(용인),서울캠퍼스 학생부교과(지역균형전형),인문계열,사학과,5,12,2.4
경기,사립,경희대학교(용인),국제캠퍼스 실기우수자전형(PostModern음악),예술계열,Post Modern 음악학과-관·현·국악기,5,12,2.4
경기,사립,대진대학교,학생부교과(학생부우수자전형) - 교과70% + 면접30%,인문사회대학,공공인재법학과,5,12,2.4
경기,사립,명지대학교(용인),학생부교과(교과면접전형),,경상·통계학부 / 경제학전공,5,12,2.4
경기,사립,수원대학교,교과논술전형,라이프케어사이언스대학,의류학과,5,12,2.4
경기,사립,신한대학교(의정부/동두천),학생부우수자전형(교과100%),,기계공학과,5,12,2.4
경기,사립,한국외국어대학교(용인),학생부종합전형(면접형),,한국어교육과,5,12,2.4
경기,사립,한국외국어대학교(용인),학생부종합전형(서류형),,한국학과,5,12,2.4
경기,사립,한양대학교(ERICA),학생부종합(서류형),공학대학,건설환경공학과,5,12,2.4
서울,사립,가톨릭대학교(서울),학생부종합(잠재능력우수자서류전형),,의류학과,5,12,2.4
서울,사립,경기대학교(서울),학생부교과(학교장추천전형),,화학과,5,12,2.4
서울,사립,경희대학교(서울),서울캠퍼스 학생부교과(지역균형전형),인문계열,사학과,5,12,2.4
서울,사립,경희대학교(서울),국제캠퍼스 실기우수자전형(PostModern음악),예술계열,Post Modern 음악학과-관·현·국악기,5,12,2.4
서울,사립,광운대학교,학생부종합【특성화고졸업자전형】,,전자공학과,5,10,2.4
서울,사립,명지대학교(서울),학생부교과(교과면접전형),,경상·통계학부 / 경제학전공,5,12,2.4
서울,사립,삼육대학교,학교장추천전형,,보건관리학과,5,12,2.4
서울,사립,상명대학교(서울),정원 내 학생부종합(상명인재전형),,영어교육과,5,12,2.4
서울,사립,상명대학교(서울),정원 내 학생부종합(상명인재전형),,화학에너지공학전공,5,12,2.4
서울,사립,서경대학교,사회기여자 특별전형,,미래융합학부1,5,12,2.4
서울,사립,서경대학교,사회기여자 특별전형,,미래융합학부2,5,12,2.4
서울,사립,서경대학교,기회균형② 특별전형 - 농·어촌학생,,자유전공학부,5,12,2.4
서울,사립,서울여자대학교,학생부교과(교과우수자전형),미래산업융합대학,패션산업학과,5,12,2.4
서울,사립,세종대학교,학생부종합(세종인재 전형(면접형)),인문과학,국어국문학과,5,12,2.4
서울,사립,세종대학교,학생부종합(세종인재 전형(면접형)),인문과학,교육학과,5,12,2.4
서울,사립,숭실대학교,학생부종합(SSU미래인재전형-서류형),,정보통계·보험수리학과,5,12,2.4
서울,사립,연세대학교(서울),학생부교과전형 (추천형),문과대학,심리학과,5,12,2.4
서울,사립,이화여자대학교,학생부교과(고교추천전형),사범대학,사회과교육과 지리교육전공,5,12,2.4
서울,사립,이화여자대학교,학생부종합(미래인재전형-서류형),인문과학대학,기독교학과,5,12,2.4
서울,사립,총신대학교,정원내 목회자추천자,인문사회계열,아동학과,5,12,2.4
서울,사립,한국외국어대학교(서울),학생부종합전형(면접형),,한국어교육과,5,12,2.4
서울,사립,한국외국어대학교(서울),학생부종합전형(서류형),,한국학과,5,12,2.4
인천,사립,인하대학교,학생부종합 인하미래인재(서류형),공과대학,사회인프라공학과,5,12,2.4
대전,사립,건양대학교(대전),학생부종합전형,,병원경영학과,5,12,2.4
대전,사립,우송대학교,정원내 학생부 교과 - 교과면접 전형 (교과80%+면접20% / 6과목 반영),보건복지대학,사회복지학과,5,12,2.4
대전,국립,충남대학교,지역인재전형,자연과학대학,정보통계학과,5,12,2.4
대전,국립,충남대학교,지역인재전형,자연과학대학,천문우주과학과,5,12,2.4
대전,국립,충남대학교,학생부종합 면접전형,사회과학대학,사회학과*,5,12,2.4
대전,국립,충남대학교,지역의사선발전형(서산권),의과대학,의예과(지역의사선발-서산권),5,12,2.4
충남,사립,건양대학교(논산),학생부종합전형,,병원경영학과,5,12,2.4
충남,사립,백석대학교,정원내 모집 학생부 교과 지역인재(기초),,간호학과,5,12,2.4
충남,사립,상명대학교(천안),정원내 학생부종합(상명인재전형),,그린화학공학과,5,12,2.4
충남,사립,상명대학교(천안),정원내 학생부종합(상명인재전형),,휴먼지능로봇공학과,5,12,2.4
충남,사립,호서대학교,- 정원내 학생부교과 학생부전형,,기독교학과,5,12,2.4
충남,사립,호서대학교,- 정원내 학생부교과 지역인재전형,,유아교육과,5,12,2.4
충북,사립,가톨릭꽃동네대학교,특성화고교,,간호학과,5,12,2.4
충북,사립,청주대학교,정원내 지역인재전형 [교과100%],인문사회대학,"사회복지학과 / 1979년 설립 이래 2,000여 명 배출. 산학실습과 자격증 지원으로 공공기관, 복지시설, NGO, 공무원 등 즉시 투입 가능한 현장 밀착형 실무 인재 양성",5,12,2.4
충북,국립,충북대학교,학생부종합(학생부종합Ⅰ전형),창의융합대학,인문사회자율전공계열,5,12,2.4
충북,국립,충북대학교,학생부교과(지역인재전형),사범대학,수학교육과,5,12,2.4
경기,사립,한국공학대학교,논술(논술우수자),,자유전공학부,70,169,2.41
대전,국립,국립한밭대학교,학생부교과(일반)전형,,건설환경공학과,41,99,2.41
충남,사립,한국기술교육대학교,창의인재(서류형),,메카트로닉스공학부,17,41,2.41
경기,사립,신한대학교(의정부/동두천),일반전형(교과60%+면접40%),,사회과학대학(자율전공) - 토지행정학과 - 경찰행정학과 - 행정학과 - 사회복지학과 - 상담심리학과,50,121,2.42
서울,사립,숙명여자대학교,[학생부종합] 숙명인재(면접형)전형,경상대학,경영학부,24,58,2.42
서울,사립,광운대학교,학생부종합【광운참빛인재전형Ⅱ-서류형】,,로봇학부 AI로봇전공,12,29,2.42
서울,사립,동덕여자대학교,동덕창의리더전형,인문대학,유러피언스터디즈전공,12,29,2.42
서울,사립,세종대학교,학생부종합(세종인재 전형(면접형)),인공지능융합,컴퓨터공학과,12,29,2.42
인천,사립,인하대학교,학생부종합 인하미래인재(면접형),자연과학대학,식품영양학과,12,29,2.42
인천,사립,인하대학교,학생부종합 인하미래인재(면접형),예술체육대학,의류디자인학과(일반),12,29,2.42
대전,사립,대전대학교,교과중점전형 [교과/출석 100%],보건의료과학대학,임상병리학과,12,29,2.42
대전,사립,목원대학교,"교과전형 경쟁률 현황 교과100 [면접없음, 수능최저없음]",음악대학,"공연콘텐츠학부(성악·뮤지컬전공, 공연콘텐츠기획전공, 국악전공)",12,29,2.42
충남,국립,국립공주대학교,학생부종합전형  일반전형(정원내),자연과학대학,대기과학과,12,29,2.42
충남,사립,한국기술교육대학교,지역인재,,기계공학부,12,29,2.42
서울,사립,총신대학교,정원내 코람데오인재,인문사회계열,신학과,37,90,2.43
경기,사립,경기대학교(수원),학생부종합(KGU학생부종합전형),,"바이오융합학부 / 생명과학전공, 식품생물공학전공",28,68,2.43
서울,사립,경기대학교(서울),학생부종합(KGU학생부종합전형),,"바이오융합학부 / 생명과학전공, 식품생물공학전공",28,68,2.43
대전,사립,우송대학교,정원내 학생부 교과 - 교과중심 전형 (교과100% / 12과목 반영),소프트웨어(SW)융합대학,게임그래픽전공,21,51,2.43
충남,사립,순천향대학교,[정원내] 학생부종합(일반학생전형),인문사회과학대학,중국학과,14,34,2.43
충남,사립,호서대학교,- 정원내 학생부교과 면접전형,,경영학과,14,34,2.43
경기,사립,안양대학교(안양),학생부종합(아리학생부종합),,관광경영학과(교직),7,17,2.43
경기,사립,한국외국어대학교(용인),학생부종합전형(면접형),,외국어교육학부(독일어교육전공),7,17,2.43
경기,사립,한국외국어대학교(용인),학생부종합전형(서류형),,글로벌스포츠산업학부,7,17,2.43
경기,사립,협성대학교,정원내 [학생부교과]교과성적우수자,경영대학,글로벌통상·문화학과,7,17,2.43
서울,사립,건국대학교(서울),학생부종합(KU자기추천),이과대학,수학과,7,17,2.43
서울,사립,고려대학교(서울),서울캠퍼스 학생부교과(학교추천전형),생명과학대학,식품공학과,7,17,2.43
서울,사립,광운대학교,학생부종합【광운참빛인재전형Ⅱ-서류형】,,전자바이오물리학과,7,17,2.43
서울,사립,동덕여자대학교,동덕창의리더전형,사회과학대학,사회복지학전공,7,17,2.43
서울,사립,이화여자대학교,학생부종합(미래인재전형-서류형),스크랜튼대학,뇌·인지과학부,7,17,2.43
서울,사립,한국외국어대학교(서울),학생부종합전형(면접형),,외국어교육학부(독일어교육전공),7,17,2.43
서울,사립,한국외국어대학교(서울),학생부종합전형(서류형),,글로벌스포츠산업학부,7,17,2.43
인천,사립,안양대학교(강화),학생부종합(아리학생부종합),,관광경영학과(교직),7,17,2.43
인천,사립,인하대학교,학생부종합 인하미래인재(면접형),사범대학,영어교육과,7,17,2.43
대전,국립,충남대학교,학생부종합 면접전형,공과대학,에너지공학과,7,17,2.43
충남,사립,호서대학교,- 정원외 학생부교과 특성화고교졸업자전형,,전기시스템공학과,7,3,2.43
인천,사립,인하대학교,학생부종합 특성화고 등을 졸업한 재직자,미래융합대학,메카트로닉스공학과,39,95,2.44
경기,사립,용인대학교,정원내 일반학생 전형,AI바이오융합대학,식품조리학과,18,44,2.44
대전,국립,국립한밭대학교,학생부교과(일반)전형,,산업경영공학과,18,44,2.44
충북,국립,충북대학교,학생부종합(학생부종합Ⅰ전형),경영대학,경영학부,18,44,2.44
경기,사립,경희대학교(용인),서울캠퍼스 학생부종합(네오르네상스전형),인문계열,무역학과,16,39,2.44
경기,사립,한국공학대학교,학생부종합(창의인재),,게임공학과,16,39,2.44
서울,사립,경희대학교(서울),서울캠퍼스 학생부종합(네오르네상스전형),인문계열,무역학과,16,39,2.44
서울,사립,동덕여자대학교,실기우수자전형,예술대학,피아노전공,16,39,2.44
인천,사립,인하대학교,학생부종합 인하미래인재(면접형),자연과학대학,화학과,16,39,2.44
경기,사립,경희대학교(용인),국제캠퍼스 논술우수자전형,자연계열,사회기반시스템공학과,9,22,2.44
경기,사립,단국대학교(죽전),[학생부교과] 학생부교과우수자 경쟁률 현황 (천안),,화학과,9,22,2.44
경기,사립,신한대학교(의정부/동두천),농어촌전형(교과100%),,간호학과*,9,22,2.44
경기,사립,한신대학교,참인재,문화콘텐츠계열,중국어문화콘텐츠학,9,22,2.44
서울,사립,경희대학교(서울),국제캠퍼스 논술우수자전형,자연계열,사회기반시스템공학과,9,22,2.44
서울,사립,세종대학교,학생부종합(세종인재 전형(면접형)),공과,나노신소재공학과,9,22,2.44
서울,사립,한성대학교,한성인재전형,크리에이티브인문예술대학,크리에이티브인문학부(야),9,22,2.44
서울,사립,홍익대학교(서울),논술전형,공과대학,건설환경공학과,9,22,2.44
대전,사립,건양대학교(대전),지역[교과],,임상병리학과,9,22,2.44
대전,국립,충남대학교,일반전형,경상대학,무역학과,9,22,2.44
대전,국립,충남대학교,학생부종합 면접전형,인문대학,영어영문학과,9,22,2.44
충남,사립,건양대학교(논산),지역[교과],,임상병리학과,9,22,2.44
충남,국립,국립공주대학교,학생부종합전형  일반전형(정원내),천안공과대학,컴퓨터공학과,9,22,2.44
충남,사립,단국대학교(천안),[학생부교과] 학생부교과우수자 경쟁률 현황 (천안),,화학과,9,22,2.44
충북,사립,세명대학교,인문계고교전형(정원내),자연과학,동물보건학과,9,22,2.44
서울,사립,건국대학교(서울),학생부종합(특성화고졸재직자),공과대학,산업경영융합학부,165,404,2.45
충남,사립,상명대학교(천안),정원내 실기/실적(실기전형),,무대미술전공,22,54,2.45
경기,사립,성결대학교,[학생부교과] SKU창의,미래인재융합대학,인문사회계열자율전공학부,20,49,2.45
대전,사립,우송대학교,정원내 학생부 교과 - 교과면접 전형 (교과80%+면접20% / 6과목 반영),보건복지대학,물리치료학과,20,49,2.45
경기,사립,강남대학교,[정원내]학생부종합(학교생활우수자전형1),인문사회계,사회복지학부(야),11,27,2.45
서울,사립,서울여자대학교,학생부종합(바롬인재서류전형),사회과학대학,아동학과,11,27,2.45
서울,사립,한양대학교(서울),실기/실적(무용특기자),예술체육대학,무용학과(현대무용),11,27,2.45
대전,사립,우송대학교,정원내 학생부 교과 - 교과중심 전형 (교과100% / 12과목 반영),외식조리대학,"외식,조리경영전공",11,27,2.45
충북,사립,청주대학교,정원내 교과인재전형 [교과100%],인문사회대학,"사회복지학과 / 1979년 설립 이래 2,000여 명 배출. 산학실습과 자격증 지원으로 공공기관, 복지시설, NGO, 공무원 등 즉시 투입 가능한 현장 밀착형 실무 인재 양성",11,27,2.45
서울,국립,서울과학기술대학교,학교생활우수자전형,공과대학,기계시스템공학부(지능형로봇전공),26,64,2.46
경기,사립,경기대학교(수원),학생부종합(KGU학생부종합전형),,"스마트시티공학부 / 건축공학전공, 도시교통공학전공",24,59,2.46
서울,사립,경기대학교(서울),학생부종합(KGU학생부종합전형),,"스마트시티공학부 / 건축공학전공, 도시교통공학전공",24,59,2.46
서울,사립,숙명여자대학교,[학생부종합] 숙명인재(면접형)전형,공과대학,신소재물리학부,13,32,2.46
서울,사립,연세대학교(서울),학생부교과전형 (추천형),공과대학,화공생명공학부,13,32,2.46
충남,사립,순천향대학교,[정원내] 학생부종합(일반학생전형),공과대학,건축학과(5),13,32,2.46
서울,사립,광운대학교,학생부종합【특성화고 등을 졸업한 재직자전형(정원외)】,,금융부동산법무학과,30,74,2.47
경기,사립,협성대학교,정원내 [실기/실적]실기우수자,예술대학,실내디자인학과,19,47,2.47
서울,사립,이화여자대학교,학생부종합(미래인재전형-서류형),사범대학,과학교육과,19,47,2.47
대전,사립,우송대학교,정원내 학생부 교과 - 교과중심 전형 (교과100% / 12과목 반영),보건복지대학,언어치료·청각재활학과,17,42,2.47
경기,사립,성균관대학교(수원),학생부종합(탐구인재),,전공예약 / 유학·동양학과,15,37,2.47
서울,공립,서울시립대학교,고교추천전형,자유융합대학,자유전공학부(인문),15,37,2.47
서울,사립,성균관대학교(서울),학생부종합(탐구인재),,전공예약 / 유학·동양학과,15,37,2.47
서울,사립,한성대학교,기회균형-고른기회전형,IT공과대학,IT공과대학,15,37,2.47
서울,사립,홍익대학교(서울),미술우수자전형,미술대학,섬유미술·패션디자인과,15,37,2.47
충남,사립,순천향대학교,[정원내] 학생부종합(일반학생전형),AI대학,정보보호학과,15,37,2.47
경기,사립,가천대학교(성남),실기우수자 전형,예체능계열,조소전공,25,62,2.48
인천,사립,가천대학교(인천),실기우수자 전형,예체능계열,조소전공,25,62,2.48
서울,사립,이화여자대학교,학생부종합(미래인재전형-서류형),인문과학대학,불어불문학과,21,52,2.48
서울,사립,세종대학교,학생부종합(세종인재 전형(면접형)),인공지능융합,창의소프트학부-디자인이노베이션전공,48,120,2.5
대전,사립,우송대학교,정원내 학생부 교과 - 교과중심 전형 (교과100% / 12과목 반영),소프트웨어(SW)융합대학,미디어디자인·영상전공,32,80,2.5
인천,사립,청운대학교(인천),청운인재전형,,항공서비스경영학과,30,75,2.5
충남,사립,청운대학교(홍성),청운인재전형,,항공서비스경영학과,30,75,2.5
충북,사립,우석대학교(진천),학생부교과_교과면접,간호대학,간호학과(전주) [교직],30,75,2.5
경기,사립,가천대학교(성남),논술 전형,자연계열,인공지능시스템학과,18,45,2.5
인천,사립,가천대학교(인천),논술 전형,자연계열,인공지능시스템학과,18,45,2.5
서울,사립,장로회신학대학교,정원내 드림(PUTS인재),,기독교교육과,16,40,2.5
경기,사립,가천대학교(성남),가천바람개비 전형,자연계열,바이오로직스학과,14,35,2.5
경기,국립,한경국립대학교,학생부교과(일반전형_안성)_정원내,,ICT로봇공학과,14,35,2.5
인천,사립,가천대학교(인천),가천바람개비 전형,자연계열,바이오로직스학과,14,35,2.5
충북,국립,충북대학교,학생부종합(학생부종합Ⅱ전형),경영대학,경영학부,14,35,2.5
경기,사립,아주대학교,ACE전형,,교통시스템공학과,12,30,2.5
경기,국립,한경국립대학교,학생부종합(잠재력우수자_안성)_정원내,,안전공학과,12,30,2.5
경기,사립,한국외국어대학교(용인),학생부종합전형(서류형),,스페인어과,12,30,2.5
서울,사립,한국외국어대학교(서울),학생부종합전형(서류형),,스페인어과,12,30,2.5
인천,사립,인천가톨릭대학교(인천/강화),ICCU미래인재,조형예술대학,문화콘텐츠학과,12,30,2.5
인천,사립,인하대학교,학생부종합 인하미래인재(면접형),자연과학대학,해양과학과,12,30,2.5
인천,사립,인하대학교,학생부종합 인하미래인재(면접형),바이오융합대학,첨단바이오의약학과,12,30,2.5
충남,사립,순천향대학교,[정원내] 학생부종합(일반학생전형),인문사회과학대학,사회복지학과,12,30,2.5
경기,사립,가톨릭대학교(부천),학생부종합(잠재능력우수자면접전형),,정보통신전자공학부,10,25,2.5
경기,사립,가톨릭대학교(부천),학생부종합(잠재능력우수자면접전형),,인공지능학과,10,25,2.5
경기,사립,신한대학교(의정부/동두천),일반전형(교과60%+면접40%),,안경광학과,10,25,2.5
경기,사립,신한대학교(의정부/동두천),학생부우수자전형(교과100%),,간호학과*,10,25,2.5
경기,사립,한양대학교(ERICA),재능우수자(무용),예체능대학,무용예술학과(현대무용),10,25,2.5
서울,사립,가톨릭대학교(서울),학생부종합(잠재능력우수자면접전형),,정보통신전자공학부,10,25,2.5
서울,사립,가톨릭대학교(서울),학생부종합(잠재능력우수자면접전형),,인공지능학과,10,25,2.5
인천,국립,인천대학교,학생부종합(자기추천),인문대학,국어국문학과,10,25,2.5
대전,국립,충남대학교,학생부종합 서류전형,공과대학,정보통신융합학부,10,25,2.5
경기,사립,가천대학교(성남),학생부우수자 전형,자연계열,정보보호학과,8,20,2.5
경기,사립,성결대학교,[학생부교과] SKU창의,인문사회융합대학,영미언어문화학과,8,20,2.5
경기,국립,한경국립대학교,학생부교과(일반전형_안성)_정원내,,건축학과(5년제),8,20,2.5
서울,사립,동덕여자대학교,동덕창의리더전형,약학대학,약학과,8,20,2.5
인천,사립,가천대학교(인천),학생부우수자 전형,자연계열,정보보호학과,8,20,2.5
대전,국립,국립한밭대학교,학생부교과(일반)전형,,건축학과(5년제),8,20,2.5
대전,사립,대전대학교,지역인재Ⅰ전형 [교과/출석 100%],사회과학대학,경찰학과,8,20,2.5
충북,국립,충북대학교,학생부종합(학생부종합Ⅰ전형),전자정보대학,반도체공학부,8,20,2.5
충북,국립,충북대학교,학생부교과(학생부교과전형),자연과학대학,수학과,8,20,2.5
경기,사립,가천대학교(성남),가천바람개비 전형,인문계열,의료산업경영학과,6,15,2.5
경기,사립,가천대학교(성남),가천바람개비 전형,자연계열,바이오나노학과,6,15,2.5
경기,사립,가천대학교(성남),실기우수자 전형,예체능계열,성악전공(남자),6,15,2.5
경기,사립,명지대학교(용인),학생부종합(명지인재면접전형),,인공지능전공,6,15,2.5
경기,사립,성균관대학교(수원),학생부종합(탐구인재),,심리학과,6,15,2.5
경기,사립,성균관대학교(수원),학생부교과(추천인재),,사학과,6,15,2.5
경기,국립,한경국립대학교,학생부교과(일반전형_안성)_정원내,,응용생명공학과,6,15,2.5
경기,사립,협성대학교,정원내 [학생부종합]융합인재Ⅰ(서류),경영대학,미디어영상광고학과,6,15,2.5
경기,사립,협성대학교,정원내 [실기/실적]실기우수자,예술대학,음악학부 피아노,6,15,2.5
서울,사립,명지대학교(서울),학생부종합(명지인재면접전형),,인공지능전공,6,15,2.5
서울,사립,서울여자대학교,학생부종합(바롬인재면접전형),미래산업융합대학,산업디자인학과,6,15,2.5
서울,사립,성균관대학교(서울),학생부종합(탐구인재),,심리학과,6,15,2.5
서울,사립,성균관대학교(서울),학생부교과(추천인재),,사학과,6,15,2.5
서울,사립,이화여자대학교,실기/실적(예체능실기전형),음악대학,해금,6,15,2.5
인천,사립,가천대학교(인천),가천바람개비 전형,인문계열,의료산업경영학과,6,15,2.5
인천,사립,가천대학교(인천),가천바람개비 전형,자연계열,바이오나노학과,6,15,2.5
인천,사립,가천대학교(인천),실기우수자 전형,예체능계열,성악전공(남자),6,15,2.5
인천,국립,인천대학교,학생부교과(지역균형),자연과학대학,물리학과,6,15,2.5
인천,국립,인천대학교,학생부종합(자기추천),사범대학,영어교육과,6,15,2.5
인천,사립,인하대학교,논술 논술우수자,공과대학,고분자공학과,6,15,2.5
대전,사립,우송대학교,정원내 학생부 종합 - 종합서류형 전형 (면접X),보건복지대학,작업치료학과,6,15,2.5
충남,국립,국립공주대학교,학생부종합전형  일반전형(정원내),산업과학대학,지역건설공학과,6,15,2.5
충남,사립,상명대학교(천안),정원내 학생부종합(상명인재전형),,그린스마트시티학과,6,15,2.5
충북,사립,청주대학교,정원내 교과인재전형 [교과100%],인문사회대학,"영어영문학과 (교직) / 최근 3개년 공인영어 인증 보유율 100% 달성, 한·미 WEST 취업연수 합격자 8명 배출, 유네스코 국제기록유산센터 MOU 체결을 통한 글로벌 역량 강화",6,15,2.5
충북,국립,충북대학교,학생부교과(학생부교과전형),사범대학,영어교육과,6,15,2.5
경기,사립,강남대학교,[정원내]논술위주(논술전형),인문사회계,초등특수교육과,4,10,2.5
경기,사립,경기대학교(수원),학생부교과(학교장추천전형),,사학과,4,10,2.5
경기,사립,단국대학교(죽전),[학생부종합] DKU인재(서류형) 경쟁률 현황 (천안),,글로벌한국어과,4,10,2.5
경기,사립,단국대학교(죽전),[실기/실적위주] 체육특기자 경쟁률 현황 (천안),,국제스포츠학부(국제스포츠전공)(남)-농구(센터),4,10,2.5
경기,사립,성결대학교,[학생부교과] 고른기회Ⅰ,IT융합공과대학,ICT공학과,4,10,2.5
경기,사립,수원대학교,기회균형특별전형,지능형SW융합대학,컴퓨터공학부,4,10,2.5
경기,국립,한경국립대학교,학생부교과(특수교육대상자_평택)_정원내,,AI반도체융합학과,4,10,2.5
경기,사립,한국외국어대학교(용인),기회균형전형,,영미문학·문화학과,4,10,2.5
경기,사립,한국외국어대학교(용인),기회균형전형,,중국외교통상학부,4,10,2.5
경기,사립,한신대학교,특성화고교졸업자,경영계열,경영학,4,10,2.5
경기,사립,한양대학교(ERICA),학생부종합(고른기회),경상대학,경제학부,4,10,2.5
경기,사립,협성대학교,정원내 [학생부교과]교과성적우수자,인문사회과학대학,도시행정학과,4,10,2.5
경기,사립,협성대학교,정원내 [학생부교과]미래창의인재,이공대학,도시공학과,4,10,2.5
경기,사립,협성대학교,정원내 [학생부종합]융합인재Ⅰ(서류),인문사회과학대학,문예창작학과,4,10,2.5
서울,사립,건국대학교(서울),학생부교과(KU지역균형),사회과학대학,국제무역학과,4,10,2.5
서울,사립,경기대학교(서울),학생부교과(학교장추천전형),,사학과,4,10,2.5
서울,사립,고려대학교(서울),서울캠퍼스 학생부교과(학교추천전형),문과대학,한국사학과,4,10,2.5
서울,사립,동덕여자대학교,동덕창의리더전형,예술대학,큐레이터학전공,4,10,2.5
서울,사립,서울여자대학교,학생부종합(바롬인재서류전형),인문대학,독일문화콘텐츠전공,4,10,2.5
서울,사립,성신여자대학교,기회균형Ⅰ,,화학·에너지융합학부,4,10,2.5
서울,사립,성신여자대학교,기회균형Ⅰ,,서비스디자인공학과,4,10,2.5
서울,사립,세종대학교,학생부종합(세종인재 전형(면접형)),사회과학,행정학과,4,10,2.5
서울,사립,세종대학교,학생부종합(기회균형 전형),공과,우주항공시스템공학부-지능형드론융합전공,4,10,2.5
서울,사립,세종대학교,학생부종합(사회기여 및 배려자 전형),인공지능융합,지능정보융합학과,4,10,2.5
서울,사립,숙명여자대학교,[논술] 논술우수자전형,공과대학,데이터사이언스전공,4,10,2.5
서울,사립,연세대학교(서울),학생부교과전형 (추천형),이과대학,천문우주학과,4,10,2.5
서울,사립,이화여자대학교,학생부종합(고른기회전형),공과대학,화공신소재공학과,4,10,2.5
서울,사립,한국외국어대학교(서울),기회균형전형,,영미문학·문화학과,4,10,2.5
서울,사립,한국외국어대학교(서울),기회균형전형,,중국외교통상학부,4,10,2.5
서울,사립,홍익대학교(서울),논술전형,건축도시대학,건축학부 실내건축학전공,4,10,2.5
인천,사립,청운대학교(인천),청운인재전형,,설비소방학과,4,10,2.5
인천,사립,청운대학교(인천),청운인재전형,,광고홍보학과,4,10,2.5
대전,사립,우송대학교,정원내 학생부 종합 - 종합서류형 전형 (면접X),보건복지대학,소방·안전학부,4,10,2.5
대전,국립,충남대학교,학생부종합 서류전형,공과대학,에너지공학과,4,10,2.5
충남,국립,국립공주대학교,학생부교과전형  지역인재전형(정원내),예술대학,영상학과,4,10,2.5
충남,사립,단국대학교(천안),[학생부종합] DKU인재(서류형) 경쟁률 현황 (천안),,글로벌한국어과,4,10,2.5
충남,사립,단국대학교(천안),[실기/실적위주] 체육특기자 경쟁률 현황 (천안),,국제스포츠학부(국제스포츠전공)(남)-농구(센터),4,10,2.5
충남,사립,상명대학교(천안),정원내 학생부종합(상명인재전형),,AI반도체공학과,4,10,2.5
충남,사립,청운대학교(홍성),청운인재전형,,설비소방학과,4,10,2.5
충남,사립,청운대학교(홍성),청운인재전형,,광고홍보학과,4,10,2.5
충남,사립,호서대학교,- 정원내 학생부교과 면접전형,,미래자동차공학과,4,10,2.5
충북,국립,충북대학교,학생부종합(학생부종합Ⅰ전형),생활과학대학,의류학과,4,10,2.5
충북,국립,충북대학교,학생부종합(학생부종합Ⅱ전형),사회과학대학,행정학과,4,10,2.5
충북,국립,충북대학교,학생부종합(학생부종합Ⅱ전형),사회과학대학,정치외교학과,4,10,2.5
충북,국립,충북대학교,학생부종합(학생부종합Ⅱ전형),생활과학대학,의류학과,4,10,2.5
충북,국립,충북대학교,학생부교과(지역의사진료권(충주)전형),의과대학,의예과,4,10,2.5
경기,사립,가천대학교(성남),농어촌(교과) 전형,자연계열,신소재공학과,2,5,2.5
경기,사립,가천대학교(성남),농어촌(교과) 전형,자연계열,식품영양학과,2,5,2.5
경기,사립,가천대학교(성남),기회균형 전형,자연계열,바이오나노학과,2,5,2.5
경기,사립,가천대학교(성남),기회균형 전형,자연계열,식품생명공학과,2,5,2.5
경기,사립,가천대학교(성남),농어촌(종합) 전형,자연계열,금융·빅데이터학부,2,5,2.5
경기,사립,가천대학교(성남),농어촌(종합) 전형,자연계열,의공학과,2,5,2.5
경기,사립,가톨릭대학교(부천),학생부종합(가톨릭지도자추천전형),,정보통신전자공학부,2,5,2.5
경기,사립,가톨릭대학교(부천),학생부종합(기회균형Ⅰ전형),,물리학과,2,5,2.5
경기,사립,강남대학교,[정원내]학생부교과(국가보훈대상자전형),인문사회계,복지융합대학,2,5,2.5
경기,사립,강남대학교,[정원내]학생부교과(국가보훈대상자전형),인문사회계,글로벌문화콘텐츠대학,2,5,2.5
경기,사립,강남대학교,[정원외]학생부교과(특성화고교졸업자전형),예체능계,디자인학과,2,5,2.5
경기,사립,경기대학교(수원),학생부교과(농어촌학생전형),,사회복지·청소년학과,2,5,2.5
경기,사립,경기대학교(수원),학생부교과(기초생활수급자등선발전형),,무역학과,2,5,2.5
경기,사립,경기대학교(수원),학생부교과(기초생활수급자등선발전형),,사회복지·청소년학과,2,5,2.5
경기,사립,경기대학교(수원),학생부교과(기초생활수급자등선발전형),,산업경영공학과,2,5,2.5
경기,사립,경희대학교(용인),서울캠퍼스 학생부종합[기회균형전형Ⅰ(국가보훈·농어촌·수급자·자립아동 등)],인문계열,철학과,2,5,2.5
경기,사립,경희대학교(용인),서울캠퍼스 학생부종합(기회균형전형Ⅱ),자연계열,미래정보디스플레이학부,2,5,2.5
경기,사립,경희대학교(용인),국제캠퍼스 학생부종합[기회균형전형Ⅰ(국가보훈·농어촌·수급자·자립아동 등)],인문계열,러시아어학과,2,5,2.5
경기,사립,경희대학교(용인),국제캠퍼스 학생부종합[기회균형전형Ⅰ(국가보훈·농어촌·수급자·자립아동 등)],인문계열,글로벌커뮤니케이션학부,2,5,2.5
경기,사립,경희대학교(용인),국제캠퍼스 학생부종합[기회균형전형Ⅰ(국가보훈·농어촌·수급자·자립아동 등)],자연계열,생체의공학과,2,5,2.5
경기,사립,경희대학교(용인),국제캠퍼스 학생부종합[기회균형전형Ⅰ(국가보훈·농어촌·수급자·자립아동 등)],예술계열,환경조경디자인학과,2,5,2.5
경기,사립,경희대학교(용인),국제캠퍼스 학생부종합[기회균형전형Ⅰ(국가보훈·농어촌·수급자·자립아동 등)],예술계열,디지털콘텐츠학과,2,5,2.5
경기,사립,단국대학교(죽전),[학생부종합] 사회적배려대상자 경쟁률 현황 (죽전),,고분자시스템공학부(융합소재공학전공),2,5,2.5
경기,사립,단국대학교(죽전),[학생부종합] 사회적배려대상자 경쟁률 현황 (죽전),,사이버보안학과,2,5,2.5
경기,사립,단국대학교(죽전),[학생부종합] 농어촌학생(정원외) 경쟁률 현황 (죽전),,고분자시스템공학부(고분자공학전공),2,5,2.5
경기,사립,단국대학교(죽전),[학생부종합] 농어촌학생(정원외) 경쟁률 현황 (죽전),,건축학부(건축공학전공),2,5,2.5
경기,사립,단국대학교(죽전),[학생부종합] 농어촌학생(정원외) 경쟁률 현황 (죽전),,통계데이터사이언스학과,2,5,2.5
경기,사립,단국대학교(죽전),[실기/실적위주] 실기우수자 경쟁률 현황 (죽전),,음악학부(국악전공)-성악(판소리),2,5,2.5
경기,사립,단국대학교(죽전),[학생부종합] 농어촌학생(정원외) 경쟁률 현황 (천안),,제약공학과,2,5,2.5
경기,사립,대진대학교,학생부교과(농어촌학생전형-정원외) - 교과100%,인문사회대학,행정정보학과,2,5,2.5
경기,사립,명지대학교(용인),학생부종합(농어촌학생전형),,아랍지역학전공,2,5,2.5
경기,사립,명지대학교(용인),학생부종합(농어촌학생전형),,아동학전공,2,5,2.5
경기,사립,명지대학교(용인),학생부종합(농어촌학생전형),,시스템생명과학전공,2,5,2.5
경기,사립,명지대학교(용인),학생부종합(농어촌학생전형),,반도체·ICT대학 / 반도체공학부,2,5,2.5
경기,사립,명지대학교(용인),학생부종합(농어촌학생전형),,공간디자인학과,2,5,2.5
경기,사립,명지대학교(용인),실기/실적(특기자전형),,아웃사이드 히터(OH),2,5,2.5
경기,사립,성결대학교,[실기/실적] (정원내) 특성화고교졸업자,예술대학,영화영상학과,2,5,2.5
경기,사립,성결대학교,[학생부교과] (정원외) 특성화고교졸업자,글로벌경영대학,글로벌물류학과,2,5,2.5
경기,사립,성결대학교,[학생부교과] (정원외) 고른기회Ⅱ,인문사회융합대학,영미언어문화학과,2,5,2.5
경기,사립,수원대학교,농어촌학생전형,라이프케어사이언스대학,식품영양학과,2,5,2.5
경기,사립,신한대학교(의정부/동두천),교육기회균형전형(교과100%),,치위생학과,2,5,2.5
경기,사립,아주대학교,특수교육대상자전형(정원외),,경제정치사회융합학부,2,5,2.5
경기,사립,용인대학교,정원내 기회균형 특별전형,문화예술대학,무용과,2,5,2.5
경기,사립,용인대학교,정원내 기회균형 특별전형,문화예술대학,실용음악과-보컬,2,4,2.5
경기,사립,용인대학교,정원외 농어촌학생 특별전형,인문사회융합대학,사회복지학과,2,5,2.5
경기,사립,용인대학교,정원외 농어촌학생 특별전형,문화예술대학,문화콘텐츠학과,2,5,2.5
경기,사립,용인대학교,정원외 농어촌학생 특별전형,AI바이오융합대학,바이오생명공학과,2,5,2.5
경기,사립,용인대학교,정원외 특성화고교졸업자 특별전형,인문사회융합대학,인문사회 / 경영학과,2,5,2.5
경기,사립,을지대학교(성남의정부),사회기여 및 배려대상자,,응급구조학과,2,5,2.5
경기,사립,을지대학교(성남의정부),사회기여 및 배려대상자,,치위생학과,2,5,2.5
경기,사립,한국공학대학교,학생부종합(기회균형),,인공지능학과,2,5,2.5
경기,사립,한국공학대학교,학생부종합(기회균형),,메카트로닉스공학부 메카트로닉스전공,2,5,2.5
경기,사립,한국공학대학교,학생부종합(기회균형),,에너지ㆍ전기공학부 에너지공학전공,2,5,2.5
경기,사립,한국공학대학교,학생부종합(기회균형),,경영학부 데이터사이언스경영전공,2,5,2.5
경기,사립,한양대학교(ERICA),학생부종합(고른기회),소프트웨어융합대학,ICT융합학부,2,5,2.5
경기,사립,협성대학교,정원내 [학생부교과]기회균형,경영대학,경영학과,2,5,2.5
서울,사립,가톨릭대학교(서울),학생부종합(가톨릭지도자추천전형),,정보통신전자공학부,2,5,2.5
서울,사립,가톨릭대학교(서울),학생부종합(기회균형Ⅰ전형),,물리학과,2,5,2.5
서울,사립,강서대학교,사회통합,,사회복지학과(사회통합),2,5,2.5
서울,사립,강서대학교,농어촌학생,,간호학과(농어촌),2,5,2.5
서울,사립,건국대학교(서울),학생부종합(기회균형),문과대학,중어중문학과,2,5,2.5
서울,사립,건국대학교(서울),학생부종합(기회균형),경영대학,기술경영학과,2,5,2.5
서울,사립,경기대학교(서울),학생부교과(농어촌학생전형),,사회복지·청소년학과,2,5,2.5
서울,사립,경기대학교(서울),학생부교과(기초생활수급자등선발전형),,무역학과,2,5,2.5
서울,사립,경기대학교(서울),학생부교과(기초생활수급자등선발전형),,사회복지·청소년학과,2,5,2.5
서울,사립,경기대학교(서울),학생부교과(기초생활수급자등선발전형),,산업경영공학과,2,5,2.5
서울,사립,경희대학교(서울),서울캠퍼스 학생부종합[기회균형전형Ⅰ(국가보훈·농어촌·수급자·자립아동 등)],인문계열,철학과,2,5,2.5
서울,사립,경희대학교(서울),서울캠퍼스 학생부종합(기회균형전형Ⅱ),자연계열,미래정보디스플레이학부,2,5,2.5
서울,사립,경희대학교(서울),국제캠퍼스 학생부종합[기회균형전형Ⅰ(국가보훈·농어촌·수급자·자립아동 등)],인문계열,러시아어학과,2,5,2.5
서울,사립,경희대학교(서울),국제캠퍼스 학생부종합[기회균형전형Ⅰ(국가보훈·농어촌·수급자·자립아동 등)],인문계열,글로벌커뮤니케이션학부,2,5,2.5
서울,사립,경희대학교(서울),국제캠퍼스 학생부종합[기회균형전형Ⅰ(국가보훈·농어촌·수급자·자립아동 등)],자연계열,생체의공학과,2,5,2.5
서울,사립,경희대학교(서울),국제캠퍼스 학생부종합[기회균형전형Ⅰ(국가보훈·농어촌·수급자·자립아동 등)],예술계열,환경조경디자인학과,2,5,2.5
서울,사립,경희대학교(서울),국제캠퍼스 학생부종합[기회균형전형Ⅰ(국가보훈·농어촌·수급자·자립아동 등)],예술계열,디지털콘텐츠학과,2,5,2.5
서울,사립,광운대학교,학생부종합【농어촌학생전형】,,건축학과(5년제),2,3,2.5
서울,사립,광운대학교,학생부종합【특성화고졸업자전형】,,동북아문화산업학부,2,5,2.5
서울,사립,동덕여자대학교,기회균형 특별전형,경영대학,경영융합학부,2,5,2.5
서울,사립,명지대학교(서울),학생부종합(농어촌학생전형),,아랍지역학전공,2,5,2.5
서울,사립,명지대학교(서울),학생부종합(농어촌학생전형),,아동학전공,2,5,2.5
서울,사립,명지대학교(서울),학생부종합(농어촌학생전형),,시스템생명과학전공,2,5,2.5
서울,사립,명지대학교(서울),학생부종합(농어촌학생전형),,반도체·ICT대학 / 반도체공학부,2,5,2.5
서울,사립,명지대학교(서울),학생부종합(농어촌학생전형),,공간디자인학과,2,5,2.5
서울,사립,명지대학교(서울),실기/실적(특기자전형),,아웃사이드 히터(OH),2,5,2.5
서울,사립,삼육대학교,기회균형Ⅰ전형,,영어영문학과,2,5,2.5
서울,사립,삼육대학교,농어촌전형,,체육학과(男),2,3,2.5
서울,사립,삼육대학교,특수교육대상자전형,,아트앤디자인학과,2,5,2.5
서울,사립,상명대학교(서울),정원 내 학생부종합(기회균형전형),,국어교육과,2,5,2.5
서울,사립,상명대학교(서울),정원 외 학생부종합(특수교육대상자전형),,인문 / 행정학부,2,5,2.5
서울,국립,서울과학기술대학교,기회균형전형(농어촌학생),공과대학,안전공학과,2,5,2.5
서울,공립,서울시립대학교,기회균형전형Ⅰ,도시과학대학,도시행정학과,2,5,2.5
서울,사립,서울여자대학교,학생부종합(기회균형전형_사회통합지원),인문대학,독일문화콘텐츠전공,2,5,2.5
서울,사립,서울여자대학교,학생부종합(기회균형전형_사회통합지원),인문대학,국어국문학과,2,5,2.5
서울,사립,서울여자대학교,학생부종합(기회균형전형_사회통합지원),인문대학,일어일문학과,2,5,2.5
서울,사립,서울여자대학교,학생부종합(기회균형전형_농어촌학생)[정원외],인문대학,중어중문학과,2,5,2.5
서울,사립,서울여자대학교,학생부종합(기회균형전형_농어촌학생)[정원외],미래산업융합대학,데이터사이언스전공,2,5,2.5
서울,사립,성공회대학교,국가보훈대상자,,소프트웨어융합학부,2,5,2.5
서울,사립,성신여자대학교,기회균형Ⅰ,,지리학과,2,5,2.5
서울,사립,숙명여자대학교,[학생부종합] 기회균형전형,생활과학대학,아동복지학부,2,5,2.5
서울,사립,숙명여자대학교,[학생부종합] 기회균형전형,공과대학,기계시스템학부,2,5,2.5
서울,사립,숙명여자대학교,[학생부종합] 농어촌학생전형(정원외),문과대학,일본학과,2,5,2.5
서울,사립,숙명여자대학교,[학생부종합] 농어촌학생전형(정원외),생활과학대학,아동복지학부,2,5,2.5
서울,사립,숙명여자대학교,[학생부종합] 농어촌학생전형(정원외),사회과학대학,행정학과,2,5,2.5
서울,사립,숙명여자대학교,[학생부종합] 특성화고교출신자전형(정원외),사회과학대학,소비자경제학과,2,5,2.5
서울,사립,숙명여자대학교,[학생부종합] 특성화고교출신자전형(정원외),생활과학대학,의류학과,2,5,2.5
서울,사립,숭실대학교,학생부교과(교과우수자전형-학교장 추천),,평생교육학과,2,5,2.5
서울,사립,숭실대학교,학생부종합(특수교육대상자전형),,행정학부,2,5,2.5
서울,사립,이화여자대학교,학생부종합(고른기회전형),사범대학,유아교육과,2,5,2.5
서울,사립,이화여자대학교,학생부종합(고른기회전형),사범대학,특수교육과,2,5,2.5
서울,사립,이화여자대학교,학생부종합(고른기회전형),공과대학,건축도시시스템공학과,2,5,2.5
서울,사립,총신대학교,정원내 총신고른기회,인문사회계열,중독상담학과,2,5,2.5
서울,사립,총신대학교,정원내 대안학교출신자,인문사회계열,신학과,2,5,2.5
서울,사립,한양대학교(서울),실기/실적(음악특기자),음악대학,국악과(아쟁),2,5,2.5
서울,사립,홍익대학교(서울),농어촌학생전형,미술대학,회화과,2,5,2.5
인천,사립,가천대학교(인천),농어촌(교과) 전형,자연계열,신소재공학과,2,5,2.5
인천,사립,가천대학교(인천),농어촌(교과) 전형,자연계열,식품영양학과,2,5,2.5
인천,사립,가천대학교(인천),기회균형 전형,자연계열,바이오나노학과,2,5,2.5
인천,사립,가천대학교(인천),기회균형 전형,자연계열,식품생명공학과,2,5,2.5
인천,사립,가천대학교(인천),농어촌(종합) 전형,자연계열,금융·빅데이터학부,2,5,2.5
인천,사립,가천대학교(인천),농어촌(종합) 전형,자연계열,의공학과,2,5,2.5
인천,국립,인천대학교,학생부종합(기회균형),인문대학,불어불문학과,2,5,2.5
인천,국립,인천대학교,학생부종합(기회균형),공과대학,안전공학과,2,5,2.5
인천,국립,인천대학교,실기/실적(특기자),예술체육대학,스포츠과학부 / 축구-FW(중앙)(남),2,5,2.5
인천,사립,인하대학교,학생부종합 고른기회,사범대학,수학교육과,2,5,2.5
인천,사립,인하대학교,학생부종합 고른기회,사회과학대학,정치외교학과,2,5,2.5
인천,사립,인하대학교,학생부종합 농어촌학생,사회과학대학,정치외교학과,2,5,2.5
대전,사립,건양대학교(대전),농어촌학생전형,,유아교육과 [사범],2,5,2.5
대전,사립,건양대학교(대전),농어촌학생전형,,국방경찰행정학부,2,5,2.5
대전,국립,국립한밭대학교,농어촌학생전형,,도시공학과,2,5,2.5
대전,국립,국립한밭대학교,사회적배려자전형,,신소재공학과,2,5,2.5
대전,사립,우송대학교,정원내 학생부 교과 - 지역인재 전형 (교과100% / 12과목 반영),보건복지대학,동물의료관리학과,2,5,2.5
대전,사립,을지대학교(대전),사회기여 및 배려대상자,,응급구조학과,2,5,2.5
대전,사립,을지대학교(대전),사회기여 및 배려대상자,,치위생학과,2,5,2.5
대전,국립,충남대학교,지역인재전형,지식융합학부,리더십과조직과학전공,2,5,2.5
대전,국립,충남대학교,기회균형선발Ⅰ전형,창의융합대학,자연과학융합학부 농업생명과학대학자율전공,2,5,2.5
대전,국립,충남대학교,학생부종합 서류전형,농업생명과학대학,농업경제학과,2,5,2.5
대전,국립,충남대학교,학생부종합 서류전형,국제학부,국제학부(국제학),2,5,2.5
대전,국립,충남대학교,지역의사선발전형(공주권),의과대학,의예과(지역의사선발-공주권),2,5,2.5
대전,국립,충남대학교,체육특기자전형,자연과학대학,스포츠과학과(배구-공격수),2,5,2.5
대전,국립,충남대학교,체육특기자전형,자연과학대학,스포츠과학과(볼링),2,5,2.5
대전,국립,충남대학교,농어촌학생전형,인문대학,독어독문학과*,2,5,2.5
대전,국립,충남대학교,농어촌학생전형,경상대학,경영학부,2,5,2.5
대전,국립,충남대학교,농어촌학생전형,농업생명과학대학,농업경제학과,2,5,2.5
대전,국립,충남대학교,농어촌학생전형,자연과학대학,지질환경과학과*,2,5,2.5
대전,국립,충남대학교,농어촌학생전형,공과대학,전자공학과,2,5,2.5
대전,국립,충남대학교,농어촌학생전형,공과대학,에너지공학과,2,5,2.5
대전,국립,충남대학교,농어촌학생전형,농업생명과학대학,동물바이오시스템과학과*,2,5,2.5
대전,국립,충남대학교,농어촌학생전형,농업생명과학대학,생물환경화학과,2,5,2.5
대전,국립,충남대학교,특수교육대상자전형,AI(인공지능)대학,컴퓨터인공지능학부*,2,5,2.5
세종,사립,홍익대학교(세종),고른기회Ⅰ전형,상경대학,상경학부,2,5,2.5
세종,사립,홍익대학교(세종),기초생활수급자·차상위계층전형,,광고홍보학부,2,5,2.5
충남,사립,건양대학교(논산),농어촌학생전형,,유아교육과 [사범],2,5,2.5
충남,사립,건양대학교(논산),농어촌학생전형,,국방경찰행정학부,2,5,2.5
충남,국립,국립공주대학교,학생부교과전형  지역인재전형(정원내),사범대학,교육학과,2,5,2.5
충남,국립,국립공주대학교,학생부교과전형  지역인재전형(정원내),사범대학,일반사회교육과,2,5,2.5
충남,국립,국립공주대학교,학생부교과전형  농어촌학생전형(정원외),사범대학,유아교육과,2,5,2.5
충남,국립,국립공주대학교,학생부교과전형  농어촌학생전형(정원외),인문사회과학대학,중어중문학과,2,5,2.5
충남,국립,국립공주대학교,학생부교과전형  농어촌학생전형(정원외),인문사회과학대학,관광&영어통역융복합학과,2,5,2.5
충남,국립,국립공주대학교,학생부교과전형  농어촌학생전형(정원외),자연과학대학,화학과,2,5,2.5
충남,국립,국립공주대학교,학생부교과전형  농어촌학생전형(정원외),자연과학대학,대기과학과,2,5,2.5
충남,국립,국립공주대학교,학생부교과전형  농어촌학생전형(정원외),천안공과대학,컴퓨터공학과,2,5,2.5
충남,사립,나사렛대학교,장애학생(학생부종합/실기위주),,중등특수교육과,2,5,2.5
충남,사립,단국대학교(천안),[학생부종합] 사회적배려대상자 경쟁률 현황 (죽전),,고분자시스템공학부(융합소재공학전공),2,5,2.5
충남,사립,단국대학교(천안),[학생부종합] 사회적배려대상자 경쟁률 현황 (죽전),,사이버보안학과,2,5,2.5
충남,사립,단국대학교(천안),[학생부종합] 농어촌학생(정원외) 경쟁률 현황 (죽전),,고분자시스템공학부(고분자공학전공),2,5,2.5
충남,사립,단국대학교(천안),[학생부종합] 농어촌학생(정원외) 경쟁률 현황 (죽전),,건축학부(건축공학전공),2,5,2.5
충남,사립,단국대학교(천안),[학생부종합] 농어촌학생(정원외) 경쟁률 현황 (죽전),,통계데이터사이언스학과,2,5,2.5
충남,사립,단국대학교(천안),[실기/실적위주] 실기우수자 경쟁률 현황 (죽전),,음악학부(국악전공)-성악(판소리),2,5,2.5
충남,사립,단국대학교(천안),[학생부종합] 농어촌학생(정원외) 경쟁률 현황 (천안),,제약공학과,2,5,2.5
충남,사립,백석대학교,정원내 모집 실기위주 (예·체능계열) 지역인재(실기),,문화예술학부 실용음악 / 보컬,2,5,2.5
충남,사립,순천향대학교,[정원내] 학생부교과(지역의사선발전형-홍성권),의과대학,의예과,2,5,2.5
충남,사립,순천향대학교,[정원내] 학생부교과(기회균형전형),글로벌경영대학,관광경영학과,2,5,2.5
충남,사립,순천향대학교,[정원내] 학생부종합(사회통합전형),AI의료융합혁신교육원,의약바이오스쿨(임상병리학전공),2,5,2.5
충남,사립,한국기술교육대학교,사회통합,,건축공학과,2,5,2.5
충남,사립,한국기술교육대학교,사회통합,,데이터경영전공,2,5,2.5
충남,사립,호서대학교,- 정원내 학생부교과 기회균형전형,,제약공학과,2,5,2.5
충남,사립,호서대학교,- 정원외 학생부교과 농어촌학생전형,,건축학과,2,5,2.5
충남,사립,호서대학교,- 정원외 학생부교과 농어촌학생전형,,간호학과,2,5,2.5
충남,사립,호서대학교,- 정원외 학생부교과 특성화고교졸업자전형,,경찰행정학과,2,5,2.5
충북,사립,건국대학교(글로컬),[학생부교과] 특성화고교졸업자(정원외),디자인대학,실내디자인학과,2,5,2.5
충북,사립,건국대학교(글로컬),[학생부교과] 특성화고교졸업자(정원외),디자인대학,미디어콘텐츠학과,2,5,2.5
충북,사립,세명대학교,특성화고교인재전형(정원내),예체능,영화웹툰애니메이션학과,2,5,2.5
충북,국립,충북대학교,학생부종합(농어촌학생전형),사회과학대학,정치외교학과,2,5,2.5
충북,국립,충북대학교,학생부종합(농어촌학생전형),자연과학대학,생화학과,2,5,2.5
충북,국립,충북대학교,학생부종합(농어촌학생전형),경영대학,경영학부,2,5,2.5
충북,국립,충북대학교,학생부종합(농어촌학생전형),공과대학,공업화학과,2,5,2.5
충북,국립,충북대학교,학생부종합(농어촌학생전형),전자정보대학,반도체공학부,2,5,2.5
충북,국립,충북대학교,학생부교과(경제배려대상자전형),전자정보대학,정보통신공학부,2,5,2.5
서울,사립,홍익대학교(서울),특성화고등을졸업한재직자전형(정원외),,디자인·예술경영학부,182,456,2.51
경기,사립,명지대학교(용인),학생부교과(특수교육대상자전형),,인문캠퍼스(서울) 소계,35,88,2.51
서울,사립,명지대학교(서울),학생부교과(특수교육대상자전형),,인문캠퍼스(서울) 소계,35,88,2.51
서울,사립,한성대학교,한성인재전형,크리에이티브인문예술대학,크리에이티브인문학부,35,88,2.51
경기,사립,한세대학교,교과우수자 - 교과 100%,,인문사회학부,62,156,2.52
인천,사립,인하대학교,학생부종합 인하미래인재(면접형),공과대학,전기전자공학부,60,151,2.52
서울,국립,서울과학기술대학교,학교생활우수자전형,정보통신대학,전기정보공학과,27,68,2.52
대전,사립,우송대학교,정원내 학생부 교과 - 교과중심 전형 (교과100% / 12과목 반영),철도대학,철도자율전공학부,27,68,2.52
경기,사립,신한대학교(의정부/동두천),신한국인전형(학생부서류100%),,경영대학(자율전공) - AI융합경영학과 - 글로벌무역학과 - 국제개발협력학과 - 글로벌관광경영학과,25,63,2.52
충남,사립,백석대학교,정원내 모집 학생부 교과 일반전형,,사범학부 유아교육과,25,63,2.52
경기,사립,한국공학대학교,학생부종합(융합인재),,자유전공학부,47,119,2.53
대전,국립,충남대학교,국가안보융합인재전형-해양안보학,국가안보융합학부,해양안보학전공(남자),34,86,2.53
경기,사립,수원대학교,교과우수전형,자유전공학부,자유전공학부,30,76,2.53
충북,사립,세명대학교,일반전형(정원내),자연과학,동물보건학과,30,76,2.53
서울,사립,이화여자대학교,학생부종합(미래인재전형-서류형),공과대학,환경공학과,19,48,2.53
서울,사립,숭실대학교,학생부종합(SSU미래인재전형-면접형),,글로벌미디어학부,17,43,2.53
경기,사립,가천대학교(성남),학생부우수자 전형,인문계열,경영학과,15,38,2.53
서울,국립,서울과학기술대학교,고교추천전형,에너지바이오대학,화공생명공학과,15,38,2.53
서울,사립,이화여자대학교,학생부종합(미래인재전형-서류형),신산업융합대학,의류산업학과,15,38,2.53
인천,사립,가천대학교(인천),학생부우수자 전형,인문계열,경영학과,15,38,2.53
대전,사립,우송대학교,정원내 학생부 교과 - 교과중심 전형 (교과100% / 12과목 반영),보건복지대학,재활학부 / 스포츠건강재활학과,15,38,2.53
충남,사립,순천향대학교,[정원내] 학생부종합(일반학생전형),자연과학대학,식품영양학과,15,38,2.53
충남,사립,유원대학교(아산),유원면접,,뷰티케어학과,39,99,2.54
충북,사립,유원대학교(영동),유원면접,,뷰티케어학과,39,99,2.54
대전,사립,우송대학교,정원내 학생부 교과 - 교과중심 전형 (교과100% / 12과목 반영),보건복지대학,보건의료경영학과,24,61,2.54
경기,사립,경기대학교(수원),학생부종합(KGU학생부종합전형),,영어영문학과,13,33,2.54
경기,사립,경희대학교(용인),국제캠퍼스 학생부종합(네오르네상스전형),인문계열,러시아어학과,13,33,2.54
경기,사립,칼빈대학교,학생부교과(일반학생전형),예체능계열,스포츠지도학과,13,33,2.54
서울,사립,경기대학교(서울),학생부종합(KGU학생부종합전형),,영어영문학과,13,33,2.54
서울,사립,경희대학교(서울),국제캠퍼스 학생부종합(네오르네상스전형),인문계열,러시아어학과,13,33,2.54
인천,사립,인하대학교,학생부종합 인하미래인재(면접형),바이오융합대학,생명공학과,13,33,2.54
충남,사립,순천향대학교,[정원내] 학생부종합(일반학생전형),글로벌경영대학,IT금융경영학과,13,33,2.54
충남,사립,호서대학교,- 정원내 학생부교과 학생부전형,,미디어커뮤니케이션학과,13,33,2.54
충북,국립,충북대학교,학생부교과(지역의사진료권(청주)전형),의과대학,의예과,13,33,2.54
서울,국립,서울과학기술대학교,학교생활우수자전형,공과대학,건설시스템공학과,31,79,2.55
경기,사립,성균관대학교(수원),학생부교과(추천인재),,자연과학계열,20,51,2.55
서울,사립,성균관대학교(서울),학생부교과(추천인재),,자연과학계열,20,51,2.55
대전,사립,배재대학교,정원내 학생부교과 교과,,전기공학과,20,51,2.55
서울,공립,서울시립대학교,학생부종합전형Ⅰ(면접형),도시과학대학,공간정보공학과,11,28,2.55
충남,국립,국립공주대학교,학생부종합전형  일반전형(정원내),인문사회과학대학,관광경영학과,11,28,2.55
경기,사립,성균관대학교(수원),학생부교과(추천인재),,공학계열,54,138,2.56
서울,사립,성균관대학교(서울),학생부교과(추천인재),,공학계열,54,138,2.56
충남,사립,나사렛대학교,일반학생전형(학생부교과/실기위주),,간호학과,18,46,2.56
경기,사립,경희대학교(용인),서울캠퍼스 실기우수자전형(한국무용·현대무용·발레),예술계열,무용학부(현대무용),16,41,2.56
서울,사립,경희대학교(서울),서울캠퍼스 실기우수자전형(한국무용·현대무용·발레),예술계열,무용학부(현대무용),16,41,2.56
세종,사립,고려대학교(세종),학생부종합(크림슨인재전형),과학기술대학,인공지능사이버보안학과,16,41,2.56
충남,사립,나사렛대학교,지역인재2(일반)(학생부종합),,간호학과,16,41,2.56
경기,사립,가톨릭대학교(부천),학생부종합(잠재능력우수자서류전형),,자연공학계열,9,23,2.56
경기,사립,단국대학교(죽전),[학생부종합] DKU인재(서류형) 경쟁률 현황 (천안),,유럽중남미학부(스페인중남미학전공),9,23,2.56
서울,사립,가톨릭대학교(서울),학생부종합(잠재능력우수자서류전형),,자연공학계열,9,23,2.56
서울,사립,숭실대학교,학생부종합(SSU미래인재전형-면접형),,컴퓨터학부,9,23,2.56
대전,국립,충남대학교,학생부종합 면접전형,자연과학대학,반도체융합학과,9,23,2.56
충남,국립,국립공주대학교,학생부교과전형  기회균형일반전형(정원내),산업과학대학,산업과학대학자율전공학부 - 유형Ⅱ,9,23,2.56
충남,사립,단국대학교(천안),[학생부종합] DKU인재(서류형) 경쟁률 현황 (천안),,유럽중남미학부(스페인중남미학전공),9,23,2.56
충북,국립,충북대학교,학생부종합(학생부종합Ⅰ전형),공과대학,도시공학과,9,23,2.56
충북,국립,충북대학교,학생부교과(지역인재전형),사회과학대학,경제학과,9,23,2.56
경기,사립,수원대학교,교과논술전형,경영공학대학,경영공학대학,63,162,2.57
대전,사립,목원대학교,"교과전형 경쟁률 현황 교과100 [면접없음, 수능최저없음]",문화콘텐츠대학,"사회복지상담학부(사회복지전공, 상담심리복지전공)",49,126,2.57
서울,사립,숭실대학교,학생부종합(SSU미래인재전형-면접형),,지능전자공학부,30,77,2.57
경기,사립,경기대학교(수원),학생부종합(KGU학생부종합전형),,"신소재화학공학부 / 신소재공학전공, 화학공학전공",28,72,2.57
서울,사립,경기대학교(서울),학생부종합(KGU학생부종합전형),,"신소재화학공학부 / 신소재공학전공, 화학공학전공",28,72,2.57
서울,사립,한양대학교(서울),학생부종합(서류형),공과대학,미래자동차공학과,14,36,2.57
경기,사립,가천대학교(성남),가천바람개비 전형,자연계열,인공지능시스템학과,7,18,2.57
경기,사립,명지대학교(용인),학생부종합(크리스천리더전형),,반도체·ICT대학 / 반도체공학부,7,18,2.57
경기,사립,수원대학교,실기우수자전형,라이프케어사이언스대학,농구,7,18,2.57
경기,사립,한신대학교,특성화고교졸업자,AI·SW계열,AI·SW학 (소프트웨어/인공지능/데이터사이언스/XR콘텐츠/지능형IoT),7,18,2.57
서울,사립,명지대학교(서울),학생부종합(크리스천리더전형),,반도체·ICT대학 / 반도체공학부,7,18,2.57
서울,국립,서울과학기술대학교,창의융합인재전형,창의융합대학,미래에너지학과,7,18,2.57
서울,사립,장로회신학대학교,정원내 사회기여 및 배려자,,신학과,7,18,2.57
서울,사립,한양대학교(서울),학생부종합(서류형),경영대학,파이낸스경영학과,7,18,2.57
인천,사립,가천대학교(인천),가천바람개비 전형,자연계열,인공지능시스템학과,7,18,2.57
인천,사립,인하대학교,학생부종합 고른기회,공과대학,전기전자공학부,7,18,2.57
인천,사립,인하대학교,학생부교과 지역균형,공과대학,항공우주공학과,7,18,2.57
대전,사립,대전대학교,지역인재Ⅰ전형 [교과/출석 100%],공과대학,소방방재학과,7,18,2.57
대전,국립,충남대학교,학생부종합 서류전형,인문대학,영어영문학과,7,18,2.57
충남,국립,국립공주대학교,학생부교과전형  지역인재전형(정원내),본부,인공지능학부,7,18,2.57
충북,국립,충북대학교,학생부교과(학생부교과전형),농업생명환경대학,축산학과,7,18,2.57
경기,사립,경희대학교(용인),서울캠퍼스 학생부교과(지역균형전형),인문계열,경제학과,12,31,2.58
경기,사립,한국외국어대학교(용인),학생부종합전형(서류형),,독일어과,12,31,2.58
서울,사립,경희대학교(서울),서울캠퍼스 학생부교과(지역균형전형),인문계열,경제학과,12,31,2.58
서울,사립,세종대학교,실기/실적(실기우수자 전형),예체능,무용과-현대무용,12,31,2.58
서울,사립,숙명여자대학교,[학생부종합] 숙명인재(면접형)전형,공과대학,화공생명공학부,12,31,2.58
서울,사립,한국외국어대학교(서울),학생부종합전형(서류형),,독일어과,12,31,2.58
서울,사립,한성대학교,기회균형-고른기회전형,크리에이티브인문예술대학,크리에이티브인문학부,12,31,2.58
충남,사립,상명대학교(천안),정원내 실기/실적(실기전형),,디자인학부,93,241,2.59
서울,사립,성신여자대학교,일반학생,,서양화과 / 인체표현,22,50,2.59
경기,사립,경희대학교(용인),서울캠퍼스 학생부종합(네오르네상스전형),인문계열,경제학과,20,52,2.6
서울,사립,건국대학교(서울),학생부종합(KU자기추천),공과대학,인공지능학과,20,52,2.6
서울,사립,경희대학교(서울),서울캠퍼스 학생부종합(네오르네상스전형),인문계열,경제학과,20,52,2.6
서울,국립,서울과학기술대학교,학교생활우수자전형,공과대학,건축학부(건축공학전공),20,52,2.6
경기,사립,경희대학교(용인),국제캠퍼스 실기우수자전형(디자인·도예),예술계열,도예학과,15,39,2.6
서울,사립,경희대학교(서울),국제캠퍼스 실기우수자전형(디자인·도예),예술계열,도예학과,15,39,2.6
서울,사립,고려대학교(서울),서울캠퍼스 학생부교과(학교추천전형),생명과학대학,생명과학부,15,39,2.6
서울,공립,서울시립대학교,고교추천전형,자유융합대학,자유전공학부(자연),15,39,2.6
서울,사립,성공회대학교,교과성적,,사회융합학부,15,39,2.6
경기,사립,아주대학교,ACE전형,,수학과,10,26,2.6
경기,사립,차의과학대학교,학생부교과(CHA학생부교과전형),,간호대학,10,26,2.6
경기,국립,한경국립대학교,학생부교과(일반전형_안성)_정원내,,원예생명공학과,10,26,2.6
서울,사립,광운대학교,학생부종합【광운참빛인재전형Ⅰ-면접형】,,화학과,10,26,2.6
서울,사립,세종대학교,학생부교과(지역균형 전형),인문과학,국제학부,10,26,2.6
서울,사립,세종대학교,학생부교과(지역균형 전형),경영경제,경영학부,10,26,2.6
서울,사립,숙명여자대학교,[실기/실적] 예능창의인재전형,이과대학,무용과-현대무용,10,26,2.6
인천,사립,인하대학교,학생부종합 인하미래인재(면접형),문과대학,사학과,10,26,2.6
대전,사립,건양대학교(대전),지역[교과],,사회복지학과,10,26,2.6
대전,사립,대전대학교,"교과면접전형 [1단계:교과/출석 100%, 2단계:교과/출석 60% + 면접 40%]",보건의료과학대학,식품영양학과 [교직],10,26,2.6
대전,사립,배재대학교,정원내 학생부교과 일반고교과,,전기공학과,10,26,2.6
대전,국립,충남대학교,일반전형,사범대학,기계공학교육과,10,26,2.6
충남,사립,건양대학교(논산),지역[교과],,사회복지학과,10,26,2.6
충남,사립,백석대학교,정원내 모집 학생부 교과 사회기여자 및 배려대상자,,기독교학부,10,26,2.6
경기,사립,경기대학교(수원),학생부종합(기회균형선발전형),,영어영문학과,5,13,2.6
경기,사립,경희대학교(용인),국제캠퍼스 실기우수자전형(체육),체육계열,스포츠지도학과-스키(크로스컨트리)·바이애슬론,5,1,2.6
경기,사립,명지대학교(용인),학생부교과(교과면접전형),,국제통상학전공,5,13,2.6
경기,사립,서울신학대학교,[학생부교과]교과성적전형,,휴먼서비스학부 / 사회복지학과,5,13,2.6
경기,사립,신한대학교(의정부/동두천),학생부우수자전형(교과100%),,미래자동차공학과,5,13,2.6
경기,사립,차의과학대학교,학생부종합(기회균등특별전형),,글로벌미래인재대학,5,13,2.6
경기,사립,한국외국어대학교(용인),학생부종합전형(면접형),,세르비아·크로아티아학과,5,13,2.6
경기,사립,한국외국어대학교(용인),학생부종합전형(서류형),,인도·남아시아학과,5,13,2.6
경기,사립,한국외국어대학교(용인),학생부종합전형(서류형),,그리스·불가리아학과,5,13,2.6
경기,사립,한양대학교(ERICA),학생부종합(서류형),공학대학,건축학부(건축학전공),5,13,2.6
서울,사립,경기대학교(서울),학생부종합(기회균형선발전형),,영어영문학과,5,13,2.6
서울,사립,경희대학교(서울),국제캠퍼스 실기우수자전형(체육),체육계열,스포츠지도학과-스키(크로스컨트리)·바이애슬론,5,1,2.6
서울,사립,동덕여자대학교,학생부교과우수자 특별전형,인문대학,문예창작전공,5,13,2.6
서울,사립,명지대학교(서울),학생부교과(교과면접전형),,국제통상학전공,5,13,2.6
서울,국립,서울과학기술대학교,기회균형전형(기회균등),공과대학,기계시스템공학부(지능형로봇전공),5,13,2.6
서울,공립,서울시립대학교,고교추천전형,자연과학대학,생명과학과,5,13,2.6
서울,사립,숭실대학교,학생부교과(교과우수자전형-학교장 추천),,철학과,5,13,2.6
서울,사립,숭실대학교,학생부종합(특수교육대상자전형),,경제학과,5,13,2.6
서울,사립,한국외국어대학교(서울),학생부종합전형(면접형),,세르비아·크로아티아학과,5,13,2.6
서울,사립,한국외국어대학교(서울),학생부종합전형(서류형),,인도·남아시아학과,5,13,2.6
서울,사립,한국외국어대학교(서울),학생부종합전형(서류형),,그리스·불가리아학과,5,13,2.6
서울,사립,한양대학교(서울),학생부교과(추천형),공과대학,건축학부,5,13,2.6
서울,사립,한양대학교(서울),학생부교과(추천형),자연과학대학,수학과,5,13,2.6
서울,사립,한양대학교(서울),학생부교과(추천형),경영대학,파이낸스경영학과,5,13,2.6
서울,사립,한양대학교(서울),학생부종합(추천형),공과대학,전기·생체공학부(전기공학전공),5,13,2.6
서울,사립,홍익대학교(서울),농어촌학생전형,공과대학,전자·전기공학부,5,13,2.6
인천,사립,인하대학교,학생부교과 지역균형,사범대학,사회교육과,5,13,2.6
대전,사립,목원대학교,"지역인재전형 경쟁률 현황 교과100 [면접없음, 수능최저없음]",보건안전대학,"식품제약학부(식품전공, 제약전공)",5,13,2.6
대전,사립,우송대학교,정원내 학생부 교과 - 교과면접 전형 (교과80%+면접20% / 6과목 반영),자유전공학부,자유전공학부,5,13,2.6
대전,사립,우송대학교,정원내 학생부 종합 - 종합면접형 전형,외식조리대학,Lyfe조리전공,5,13,2.6
대전,국립,충남대학교,일반전형,농업생명과학대학,원예학과,5,13,2.6
대전,국립,충남대학교,지역인재전형,사회과학대학,언론정보학과,5,13,2.6
충남,국립,국립공주대학교,학생부교과전형  일반전형(정원내),인문사회과학대학,경영학과,5,13,2.6
충남,국립,국립공주대학교,실기/실적전형  일반전형(정원내),자연과학대학,스포츠과학과,5,13,2.6
충남,사립,백석대학교,정원내 모집 학생부 종합 창의인재,,사범학부 특수체육교육과,5,13,2.6
충남,사립,백석대학교,정원외 모집 학생부 교과 농어촌학생 일반전형,,보건학부 치위생학과,5,13,2.6
충남,사립,백석대학교,정원외 모집 학생부 교과 기초생활수급자 및 차상위계층,,보건학부 치위생학과,5,13,2.6
충남,사립,상명대학교(천안),정원내 학생부종합(기회균형전형),,디자인학부,5,13,2.6
충남,사립,한국기술교육대학교,창의인재(면접형),,AI정보통신공학전공,5,13,2.6
충남,사립,한국기술교육대학교,농어촌학생[정원외],,기계공학부,5,13,2.6
충북,사립,청주대학교,정원내 지역인재전형 [교과100%],경상대학,경영학과 / 60여 년 전통의 동문 네트워크. 최근 3년간 장관상 포함 경진대회·공모전 5건 이상 수상. 데이터·AI 기반 실무교육으로 미래 경영인재 양성,5,13,2.6
충북,국립,충북대학교,학생부종합(학생부종합Ⅰ전형),인문대학,영어영문학과,5,13,2.6
충북,국립,충북대학교,학생부교과(학생부교과전형),공과대학,건축학과,5,13,2.6
충북,국립,충북대학교,학생부교과(학생부교과전형),농업생명환경대학,특용식물학과,5,13,2.6
충북,국립,충북대학교,학생부교과(학생부교과전형),생활과학대학,의류학과,5,13,2.6
충북,사립,극동대학교,정원 내 학생부교과 일반학생전형(면접),,간호학과,41,107,2.61
충남,사립,백석대학교,정원내 모집 학생부 교과 일반전형,,어문학부,36,94,2.61
서울,사립,홍익대학교(서울),미술우수자전형,미술대학,회화과,37,97,2.62
인천,사립,인하대학교,논술 논술우수자,AI융합대학,컴퓨터공학과,29,76,2.62
서울,사립,한성대학교,한성인재전형,미래융합사회과학대학,미래융합사회과학대학(야),26,68,2.62
경기,사립,단국대학교(죽전),[실기/실적위주] 실기우수자 경쟁률 현황 (죽전),,도예과,21,55,2.62
서울,사립,서경대학교,기회균형② 특별전형 - 농·어촌학생,,미래융합학부2,21,55,2.62
충남,사립,단국대학교(천안),[실기/실적위주] 실기우수자 경쟁률 현황 (죽전),,도예과,21,55,2.62
경기,사립,한국항공대학교,고른기회 전형,,공과대학,13,34,2.62
인천,국립,인천대학교,학생부종합(자기추천),공과대학,에너지화학공학과,13,34,2.62
충남,국립,국립공주대학교,학생부종합전형  일반전형(정원내),인문사회과학대학,관광&영어통역융복합학과,13,34,2.62
충남,사립,순천향대학교,[정원내] 학생부종합(일반학생전형),인문사회과학대학,유아교육과,13,34,2.62
경기,사립,명지대학교(용인),학생부종합(명지인재면접전형),,자연캠퍼스(용인) 소계,176,462,2.63
서울,사립,명지대학교(서울),학생부종합(명지인재면접전형),,자연캠퍼스(용인) 소계,176,462,2.63
서울,사립,서경대학교,계약학과 채용조건형 특별전형,,헤어디자인학과-㈜피엔제이,40,105,2.63
경기,사립,경희대학교(용인),국제캠퍼스 학생부종합(네오르네상스전형),자연계열,건축학과(5년제),8,21,2.63
경기,국립,한경국립대학교,학생부종합(잠재력우수자_안성)_정원내,,지역자원시스템공학과,8,21,2.63
서울,사립,경희대학교(서울),국제캠퍼스 학생부종합(네오르네상스전형),자연계열,건축학과(5년제),8,21,2.63
서울,사립,삼육대학교,학교장추천전형,,영어영문학과,8,21,2.63
서울,사립,삼육대학교,실기우수자전형,,음악학과 / 피아노,8,21,2.63
대전,사립,대전대학교,"혜화인재전형 [1단계:서류평가 100%, 2단계:서류평가 60% + 면접 40% / 자기소개서 없음 ]",보건의료과학대학,물리치료학과,8,21,2.63
충남,사립,호서대학교,- 정원내 학생부종합 호서인재전형,,화장품과학과,8,21,2.63
충북,사립,건국대학교(글로컬),[학생부종합] Cogito자기추천,KU글로컬혁신대학,KU자유전공학부,56,148,2.64
인천,사립,청운대학교(인천),일반전형,,방송영화영상학과,25,66,2.64
대전,사립,건양대학교(대전),학생부종합전형,,작업치료학과,25,66,2.64
충남,사립,건양대학교(논산),학생부종합전형,,작업치료학과,25,66,2.64
충남,사립,청운대학교(홍성),일반전형,,방송영화영상학과,25,66,2.64
경기,사립,가천대학교(성남),논술 전형,자연계열,바이오나노학과,14,37,2.64
경기,사립,중부대학교(고양),학생부우수자전형,,특수교육과 / 초등특수교육,14,37,2.64
인천,사립,가천대학교(인천),논술 전형,자연계열,바이오나노학과,14,37,2.64
대전,사립,우송대학교,정원내 학생부 교과 - 교과면접 전형 (교과80%+면접20% / 6과목 반영),소프트웨어(SW)융합대학,테크노미디어융합학부 / 미디어디자인·영상전공,14,37,2.64
충남,사립,중부대학교(금산),학생부우수자전형,,특수교육과 / 초등특수교육,14,37,2.64
서울,사립,이화여자대학교,학생부종합(미래인재전형-서류형),스크랜튼대학,국제학부,11,29,2.64
대전,사립,배재대학교,정원내 학생부교과 일반고교과,,식품영양학과,11,29,2.64
서울,사립,한성대학교,한성인재전형,미래융합사회과학대학,미래융합사회과학대학,40,106,2.65
서울,사립,서울여자대학교,학생부종합(기독교지도자전형),인문대학,기독교학과,23,61,2.65
서울,사립,덕성여자대학교,덕성인재전형Ⅱ[학생부위주(종합)],,과학기술대학,20,53,2.65
충남,국립,국립공주대학교,학생부교과전형  일반전형(정원내),사범대학,특수교육과,20,53,2.65
충북,사립,건국대학교(글로컬),[학생부종합] Cogito자기추천,의료생명대학,뷰티화장품학과,20,53,2.65
경기,사립,경기대학교(수원),학생부종합(KGU학생부종합전형),,"공공인재학부 / 행정학전공, 정치외교학전공",24,64,2.67
서울,사립,경기대학교(서울),학생부종합(KGU학생부종합전형),,"공공인재학부 / 행정학전공, 정치외교학전공",24,64,2.67
서울,사립,광운대학교,학생부종합【광운참빛인재전형Ⅰ-면접형】,,경영학부 경영학전공,24,64,2.67
경기,사립,신한대학교(의정부/동두천),기회균형전형(학생부서류100%),,경영대학(자율전공) - AI융합경영학과 - 글로벌무역학과 - 국제개발협력학과 - 글로벌관광경영학과,18,48,2.67
세종,사립,홍익대학교(세종),학교생활우수자전형,,광고홍보학부,18,48,2.67
서울,사립,숙명여자대학교,[학생부종합] 숙명인재(면접형)전형,문과대학,중어중문학부,15,40,2.67
서울,사립,서강대학교,학생부종합(일반Ⅰ),,중국문화학과,12,32,2.67
서울,사립,성신여자대학교,자기주도인재,,영어영문학과,12,32,2.67
대전,국립,국립한밭대학교,학생부종합(일반)전형,,전기공학과,12,32,2.67
충남,사립,호서대학교,- 정원외 학생부교과 농어촌학생전형,,전기시스템공학과,12,4,2.67
경기,사립,가톨릭대학교(부천),학생부종합(잠재능력우수자서류전형),,프랑스어문화학과,9,24,2.67
경기,사립,단국대학교(죽전),[학생부종합] DKU인재(서류형) 경쟁률 현황 (천안),,아시아중동학부(중동학전공),9,24,2.67
경기,사립,한국외국어대학교(용인),학생부종합전형(면접형),,영미문학·문화학과,9,24,2.67
경기,사립,협성대학교,정원내 [학생부종합]융합인재Ⅱ(면접),경영대학,미디어영상광고학과,9,24,2.67
서울,사립,가톨릭대학교(서울),학생부종합(잠재능력우수자서류전형),,프랑스어문화학과,9,24,2.67
서울,사립,동덕여자대학교,실기우수자전형,자연정보과학대학,체육학전공(힙합에어로빅스-힙합),9,24,2.67
서울,사립,상명대학교(서울),정원 내 학생부교과(고교추천전형),,자연 / 수학교육과,9,24,2.67
서울,사립,숙명여자대학교,[학생부종합] 숙명인재(면접형)전형,글로벌서비스학부,앙트러프러너십전공,9,24,2.67
서울,사립,한국외국어대학교(서울),학생부종합전형(면접형),,영미문학·문화학과,9,24,2.67
서울,사립,한양대학교(서울),학생부종합(서류형),공과대학,원자력공학과,9,24,2.67
대전,사립,우송대학교,정원내 학생부 교과 - 교과중심 전형 (교과100% / 12과목 반영),보건복지대학,물리치료학과,9,24,2.67
세종,사립,홍익대학교(세종),학교생활우수자전형,AID융합과학기술대학,전자전기융합공학과,9,24,2.67
충남,국립,국립공주대학교,학생부교과전형  일반전형(정원내),간호보건대학,응급구조학과,9,24,2.67
충남,사립,단국대학교(천안),[학생부종합] DKU인재(서류형) 경쟁률 현황 (천안),,아시아중동학부(중동학전공),9,24,2.67
충남,사립,순천향대학교,[정원내] 학생부교과(교과우수자전형),AI의료융합혁신교육원,의약바이오스쿨(임상병리학전공),9,24,2.67
경기,사립,가톨릭대학교(부천),학생부종합(잠재능력우수자면접전형),,경제학과,6,16,2.67
경기,사립,경기대학교(수원),학생부교과(농어촌학생전형),,"경제학부 / 경제학전공, 응용통계학전공, 지식재산학전공",6,16,2.67
경기,사립,명지대학교(용인),학생부종합(명지인재면접전형),,경상·통계학부 / 경제학전공,6,16,2.67
경기,사립,성균관대학교(수원),학생부교과(추천인재),,글로벌바이오메디컬공학과,6,16,2.67
경기,사립,수원대학교,고교추천전형,지능형SW융합대학,컴퓨터공학부,6,16,2.67
경기,사립,신한대학교(의정부/동두천),농어촌전형(교과100%),,임상병리학과,6,16,2.67
서울,사립,가톨릭대학교(서울),학생부종합(잠재능력우수자면접전형),,경제학과,6,16,2.67
서울,사립,경기대학교(서울),학생부교과(농어촌학생전형),,"경제학부 / 경제학전공, 응용통계학전공, 지식재산학전공",6,16,2.67
서울,사립,명지대학교(서울),학생부종합(명지인재면접전형),,경상·통계학부 / 경제학전공,6,16,2.67
서울,사립,상명대학교(서울),정원 내 학생부종합(기회균형전형),,SW융합학부 / 컴퓨터과학전공,6,16,2.67
서울,공립,서울시립대학교,고교추천전형,정경대학,국제관계학과,6,16,2.67
서울,사립,서울여자대학교,학생부종합(바롬인재서류전형),인문대학,일어일문학과,6,16,2.67
서울,사립,서울여자대학교,학생부종합(바롬인재서류전형),미래산업융합대학,산업디자인학과,6,16,2.67
서울,사립,성균관대학교(서울),학생부교과(추천인재),,글로벌바이오메디컬공학과,6,16,2.67
서울,사립,한양대학교(서울),학생부종합(추천형),정책과학대학,행정학과,6,16,2.67
서울,사립,홍익대학교(서울),미술우수자전형,미술대학,예술학과,6,16,2.67
인천,사립,인하대학교,학생부종합 인하미래인재(면접형),사범대학,사회교육과,6,16,2.67
대전,사립,우송대학교,정원내 학생부 종합 - 종합서류형 전형 (면접X),철도대학,철도건설시스템학부 / 철도건설시스템전공,6,16,2.67
대전,사립,우송대학교,정원내 학생부 종합 - 종합서류형 전형 (면접X),보건복지대학,동물관리학부 / 토탈펫케어학과,6,16,2.67
대전,국립,충남대학교,일반전형,농업생명과학대학,식품공학과,6,16,2.67
충남,사립,나사렛대학교,일반학생전형(학생부교과/실기위주),,물리치료학과,6,16,2.67
충북,국립,충북대학교,학생부종합(학생부종합Ⅰ전형),사범대학,교육학과,6,16,2.67
충북,국립,충북대학교,학생부종합(학생부종합Ⅰ전형),사범대학,화학교육과,6,16,2.67
충북,국립,충북대학교,학생부교과(학생부교과전형),자연과학대학,자연과학자율전공학부,6,16,2.67
경기,사립,가천대학교(성남),농어촌(종합) 전형,자연계열,화공생명배터리공학부,3,8,2.67
경기,사립,강남대학교,[정원내]학생부교과(농어촌학생전형),공학계,컴퓨터공학부,3,8,2.67
경기,사립,성결대학교,[학생부교과] 고른기회Ⅰ,IT융합공과대학,미디어소프트웨어학과,3,8,2.67
경기,사립,수원대학교,교과우수전형,라이프케어사이언스대학,의류학과,3,8,2.67
경기,사립,수원대학교,농어촌학생전형,혁신공과대학,반도체공학과,3,8,2.67
경기,사립,용인대학교,정원외 특성화고교졸업자 특별전형,문화예술대학,예능 / 미디어디자인학과,3,8,2.67
경기,사립,을지대학교(성남의정부),농어촌학생,,간호학과(성남),3,8,2.67
경기,사립,을지대학교(성남의정부),EU서류형,,임상병리학과(의정부),3,8,2.67
경기,사립,을지대학교(성남의정부),사회기여 및 배려대상자,,임상병리학과(성남),3,8,2.67
서울,사립,건국대학교(서울),논술(KU논술우수자),융합생명과학대학,식품융합학부,3,8,2.67
서울,사립,광운대학교,학생부종합【광운참빛인재전형Ⅱ-서류형】,,환경공학과,3,8,2.67
서울,사립,광운대학교,학생부종합【농어촌학생전형】,,정보융합학부,3,2,2.67
서울,사립,광운대학교,학생부종합【특성화고졸업자전형】,,화학공학과,3,8,2.67
서울,사립,서강대학교,학생부교과(지역균형),,인공지능학과,3,8,2.67
서울,국립,서울과학기술대학교,기회균형전형(기회균등),정보통신대학,컴퓨터공학과,3,8,2.67
서울,국립,서울과학기술대학교,기회균형전형(농어촌학생),에너지바이오대학,정밀화학과,3,8,2.67
서울,공립,서울시립대학교,기회균형전형Ⅰ,도시과학대학,건축학부(건축공학전공),3,8,2.67
서울,사립,성공회대학교,기회균형선발(정원외),,사회융합학부,3,8,2.67
서울,사립,성신여자대학교,기회균형Ⅰ,,심리학과,3,8,2.67
서울,사립,성신여자대학교,기회균형Ⅰ,,소비자산업학과,3,8,2.67
서울,사립,숙명여자대학교,[학생부종합] 기회균형전형,영어영문학부,영어영문학전공,3,8,2.67
서울,사립,숭실대학교,학생부종합(기회균형전형),,독어독문학과,3,8,2.67
서울,사립,숭실대학교,학생부종합(기회균형전형),,글로벌통상학과,3,8,2.67
서울,사립,숭실대학교,학생부종합(기회균형전형),,건축학부(실내건축전공),3,8,2.67
서울,사립,연세대학교(서울),학생부종합전형 (기회균형),공과대학,도시공학과,3,8,2.67
서울,사립,연세대학교(서울),특기자전형 (체육인재),교육과학대학,농구 : 가드,3,8,2.67
서울,사립,이화여자대학교,학생부종합(미래인재전형-면접형),공과대학,융합전자반도체공학부 지능형반도체공학전공,3,8,2.67
서울,사립,이화여자대학교,학생부종합(고른기회전형),신산업융합대학,의류산업학과,3,8,2.67
서울,사립,추계예술대학교,실기/실적(일반학생전형),공연예술대학1,거문고,3,8,2.67
서울,국립,한국체육대학교,체육특기자(개인),,체육학과-빙상-쇼트트랙[남],3,8,2.67
서울,사립,한양대학교(서울),학생부교과(추천형),인문과학대학,철학과,3,8,2.67
인천,사립,가천대학교(인천),농어촌(종합) 전형,자연계열,화공생명배터리공학부,3,8,2.67
인천,국립,인천대학교,학생부교과(교과성적우수자),글로벌정경대학,정치외교학과,3,8,2.67
인천,국립,인천대학교,학생부교과(사회통합),글로벌정경대학,Global Trade & Service학부,3,8,2.67
인천,국립,인천대학교,학생부종합(기회균형),인문대학,중어중국학과,3,8,2.67
인천,국립,인천대학교,학생부종합(기회균형),도시과학대학,도시환경공학부 건설환경공학전공,3,8,2.67
인천,사립,인하대학교,학생부종합 고른기회,공과대학,조선해양공학과,3,8,2.67
인천,사립,인하대학교,학생부종합 고른기회,문과대학,영미유럽인문융합학부,3,8,2.67
인천,사립,인하대학교,학생부종합 고른기회,문과대학,문화콘텐츠문화경영학과,3,8,2.67
인천,사립,인하대학교,학생부종합 농어촌학생,바이오융합대학,생명공학과,3,8,2.67
대전,국립,국립한밭대학교,학생부종합(일반)전형,,지능미디어공학과,3,8,2.67
대전,사립,을지대학교(대전),농어촌학생,,간호학과(성남),3,8,2.67
대전,사립,을지대학교(대전),EU서류형,,임상병리학과(의정부),3,8,2.67
대전,사립,을지대학교(대전),사회기여 및 배려대상자,,임상병리학과(성남),3,8,2.67
대전,국립,충남대학교,학생부종합 면접전형,자연과학대학,생화학과,3,8,2.67
대전,국립,충남대학교,지역의사선발전형(논산권),의과대학,의예과(지역의사선발-논산권),3,8,2.67
세종,사립,홍익대학교(세종),기초생활수급자·차상위계층전형,상경대학,상경학부,3,8,2.67
충남,국립,국립공주대학교,실기/실적전형  농어촌학생전형(정원외),예술대학,영상학과,3,8,2.67
충남,사립,백석대학교,정원내 모집 학생부 교과 지역인재(일반),,사범학부 특수교육과,3,8,2.67
충남,사립,백석대학교,정원내 모집 학생부 교과 + 면접 백석인재,,문화예술학부 글로벌뷰티아트,3,8,2.67
충남,사립,백석대학교,정원외 모집 학생부 교과 + 면접 계약학과,,관광학부 호텔관광학과 / ㈜호반호텔앤리조트(스플라스 리솜),3,8,2.67
충남,사립,상명대학교(천안),정원내 학생부종합(기회균형전형),,식품공학과,3,8,2.67
충남,사립,호서대학교,- 정원내 학생부교과 기회균형전형,,동물보건복지학과,3,8,2.67
충북,국립,충북대학교,학생부종합(농어촌학생전형),전자정보대학,정보통신공학부,3,8,2.67
충북,국립,충북대학교,학생부교과(학생부교과전형),사범대학,지구과학교육과,3,8,2.67
서울,사립,동덕여자대학교,논술우수자전형,경영대학,경영융합학부,40,107,2.68
경기,사립,경동대학교(양주),일반학생,,군사학과,25,67,2.68
경기,사립,협성대학교,정원내 [실기/실적]실기우수자,예술대학,시각디자인학과,25,67,2.68
서울,사립,건국대학교(서울),학생부종합(KU자기추천),공과대학,재료공학과,22,59,2.68
경기,사립,성균관대학교(수원),학생부종합(성균인재),,사범대학 / 수학교육과,16,43,2.69
서울,사립,성균관대학교(서울),학생부종합(성균인재),,사범대학 / 수학교육과,16,43,2.69
충남,국립,국립공주대학교,학생부종합전형  일반전형(정원내),인문사회과학대학,영어영문학과,16,43,2.69
경기,사립,가천대학교(성남),논술 전형,자연계열,반도체물리학과,13,35,2.69
인천,사립,가천대학교(인천),논술 전형,자연계열,반도체물리학과,13,35,2.69
충남,국립,국립공주대학교,학생부교과전형  일반전형(정원내),사범대학,영어교육과,13,35,2.69
대전,사립,대전대학교,교과중점전형 [교과/출석 100%],공과대학,소방방재학과,30,81,2.7
대전,사립,우송대학교,정원내 학생부 교과 - 교과면접 전형 (교과80%+면접20% / 6과목 반영),외식조리대학,한식·조리과학전공,23,62,2.7
서울,사립,동덕여자대학교,논술우수자전형,자연정보과학대학,보건관리학전공,10,27,2.7
서울,사립,서경대학교,기회균형① 특별전형,,미래융합학부2,10,27,2.7
서울,공립,서울시립대학교,고교추천전형,인공지능융합대학,인공지능학과,10,27,2.7
대전,사립,대전대학교,군사학과전형,사회과학대학,군사학과(여자) [육군최초협약대학],10,27,2.7
충남,국립,국립공주대학교,학생부종합전형  일반전형(정원내),사범대학,화학교육과,10,27,2.7
충남,국립,국립공주대학교,학생부교과전형  일반전형(정원내),산업과학대학,지역건설공학과,10,27,2.7
충남,사립,백석대학교,정원내 모집 학생부 교과 일반전형,,보건학부 물리치료학과,10,27,2.7
충북,사립,세명대학교,인문계고교전형(정원내),인문사회,미디어콘텐츠창작학과,10,27,2.7
서울,사립,숭실대학교,학생부종합(SSU미래인재전형-면접형),,물리학과,21,57,2.71
경기,사립,명지대학교(용인),학생부종합(명지인재면접전형),,환경시스템공학전공,14,38,2.71
경기,사립,용인대학교,정원내 일반학생 전형,AI바이오융합대학,물리치료학과,14,38,2.71
경기,사립,중부대학교(고양),학생부우수자전형,,특수교육과 / 유아특수교육,14,38,2.71
서울,사립,명지대학교(서울),학생부종합(명지인재면접전형),,환경시스템공학전공,14,38,2.71
충남,사립,중부대학교(금산),학생부우수자전형,,특수교육과 / 유아특수교육,14,38,2.71
경기,사립,경동대학교(양주),지역인재,,물리치료학과,7,19,2.71
경기,사립,한국외국어대학교(용인),학생부종합전형(면접형),,외국어교육학부(프랑스어교육전공),7,19,2.71
경기,사립,한신대학교,참인재,신학·인문융합계열,한국어문학,7,19,2.71
서울,사립,광운대학교,논술【논술우수자전형】,,화학공학과,7,19,2.71
서울,사립,상명대학교(서울),정원 내 실기/실적(실기전형),,성악-여,7,19,2.71
서울,사립,서울여자대학교,학생부교과(교과우수자전형),사회과학대학,행정학과,7,19,2.71
서울,사립,성신여자대학교,자기주도인재,,지리학과,7,19,2.71
서울,사립,세종대학교,실기/실적(실기우수자 전형),예체능,음악과-성악(남),7,19,2.71
서울,사립,숙명여자대학교,[학생부종합] 기회균형전형,경상대학,경영학부,7,19,2.71
서울,사립,한국외국어대학교(서울),학생부종합전형(면접형),,외국어교육학부(프랑스어교육전공),7,19,2.71
대전,사립,목원대학교,"지역인재전형 경쟁률 현황 교과100 [면접없음, 수능최저없음]",문화콘텐츠대학,"사회복지상담학부(사회복지전공, 상담심리복지전공)",7,19,2.71
대전,국립,충남대학교,일반전형,농업생명과학대학,산림환경자원학과,7,19,2.71
대전,국립,충남대학교,학생부종합 면접전형,경상대학,경제학과,7,19,2.71
충남,사립,나사렛대학교,장애학생(학생부종합/실기위주),,"사회복지학부(사회복지전공, 청소년복지전공, 노인복지전공)",7,19,2.71
충북,국립,충북대학교,학생부종합(학생부종합Ⅱ전형),전자정보대학,전기공학부,7,19,2.71
충북,국립,충북대학교,학생부교과(학생부교과전형),자연과학대학,지구환경과학과,7,19,2.71
서울,사립,서강대학교,학생부종합(일반Ⅰ),,컴퓨터공학과,29,79,2.72
대전,국립,충남대학교,지역인재전형(종합),의과대학,의예과,18,49,2.72
충남,사립,한국기술교육대학교,창의인재(면접형),,기계공학부,18,49,2.72
인천,사립,인하대학교,학생부종합 인하미래인재(면접형),문과대학,영미유럽인문융합학부,26,71,2.73
서울,사립,삼육대학교,학교장추천전형,,아트앤디자인학과,22,60,2.73
경기,사립,수원대학교,농어촌학생전형,경영공학대학,경영공학대학,15,41,2.73
서울,사립,건국대학교(서울),학생부종합(KU자기추천),문과대학,국어국문학과,15,41,2.73
서울,사립,숭실대학교,학생부종합(SSU미래인재전형-면접형),,건축학부(실내건축전공),11,30,2.73
충북,국립,충북대학교,학생부종합(학생부종합Ⅰ전형),공과대학,기계공학부,11,30,2.73
서울,사립,서경대학교,계약학과 채용조건형 특별전형,,헤어디자인학과-㈜준오뷰티,78,214,2.74
경기,사립,아주대학교,국방IT우수인재1전형(정원외),,국방디지털융합학과,23,63,2.74
대전,사립,우송대학교,정원내 학생부 교과 - 교과중심 전형 (교과100% / 12과목 반영),외식조리대학,외식조리영양학과,19,52,2.74
인천,국립,인천대학교,학생부종합(자기추천),경영대학,경영학부,24,66,2.75
서울,사립,삼육대학교,세움인재전형,,유아교육과,20,55,2.75
세종,사립,고려대학교(세종),실기/실적(글로벌스포츠인재전형),문화스포츠대학,국제스포츠학부,20,55,2.75
충남,국립,국립공주대학교,학생부교과전형  일반전형(정원내),사범대학,음악교육과,16,44,2.75
경기,사립,성결대학교,[학생부교과] SKU창의,글로벌경영대학,글로벌물류학과,12,33,2.75
경기,사립,성결대학교,[학생부종합] 영암인재,인문사회융합대학,사회복지학과,12,33,2.75
경기,국립,한경국립대학교,학생부교과(특수교육대상자_평택)_정원내,,특수체육학과,12,33,2.75
서울,사립,건국대학교(서울),학생부종합(KU자기추천),사범대학,교육공학과,12,33,2.75
서울,사립,고려대학교(서울),서울캠퍼스 학생부교과(학교추천전형),정경대학,행정학과,12,33,2.75
서울,사립,상명대학교(서울),정원 내 학생부교과(고교추천전형),,국어교육과,12,33,2.75
서울,사립,총신대학교,정원내 교과우수자,인문사회계열,신학과,12,33,2.75
서울,사립,홍익대학교(서울),학교생활우수자전형,건축도시대학,도시공학과,12,33,2.75
대전,국립,충남대학교,학생부종합 면접전형,공과대학,기계공학부,12,33,2.75
충남,국립,국립공주대학교,학생부종합전형  일반전형(정원내),간호보건대학,보건행정학과,12,33,2.75
충북,사립,건국대학교(글로컬),[학생부교과] 교과우수,인문사회융합대학,신문방송학과,12,33,2.75
경기,국립,한경국립대학교,학생부교과(일반전형_안성)_정원내,,전자공학과,8,22,2.75
서울,사립,삼육대학교,세움인재전형,,바이오융합공학과,8,22,2.75
서울,사립,숭실대학교,학생부교과(교과우수자전형-학교장 추천),,금융학부,8,22,2.75
서울,사립,연세대학교(서울),학생부종합전형 (활동우수형),인공지능융합대학,지능형반도체전공,8,22,2.75
서울,사립,이화여자대학교,학생부종합(고른기회전형),경영대학,경영학부,8,22,2.75
대전,국립,국립한밭대학교,학생부종합(일반)전형,,산업경영공학과,8,22,2.75
충남,사립,한국기술교육대학교,창의인재(서류형),,화학생명공학전공,8,22,2.75
충남,사립,한국기술교육대학교,창의인재(면접형),,건축공학과,8,22,2.75
충남,사립,한국기술교육대학교,일반전형,,컴퓨터공학부 / 컴퓨터공학전공,8,22,2.75
경기,사립,가톨릭대학교(부천),학생부종합(기회균형Ⅰ전형),,의생명과학과,4,11,2.75
경기,사립,경기대학교(수원),학생부교과(교과성적우수자전형),,사회복지·청소년학과,4,11,2.75
경기,사립,단국대학교(죽전),[학생부종합] DKU인재(면접형) 경쟁률 현황 (죽전),,고분자시스템공학부(융합소재공학전공),4,11,2.75
경기,사립,단국대학교(죽전),[학생부교과] 지역균형선발 경쟁률 현황 (죽전),,통계데이터사이언스학과,4,11,2.75
경기,사립,단국대학교(죽전),[학생부교과] 지역균형선발 경쟁률 현황 (죽전),,특수교육과,4,11,2.75
경기,사립,신한대학교(의정부/동두천),교육기회균형전형(교과100%),,임상병리학과,4,11,2.75
경기,사립,아주대학교,고른기회2전형,,첨단바이오융합대학,4,11,2.75
경기,사립,을지대학교(성남의정부),EU서류형,,의료경영학과,4,11,2.75
경기,사립,한국외국어대학교(용인),학교장추천전형,,몽골학과,4,11,2.75
경기,사립,한국외국어대학교(용인),기회균형전형,,경제학부,4,11,2.75
경기,사립,한국외국어대학교(용인),기회균형전형,,글로벌스포츠산업학부,4,11,2.75
서울,사립,가톨릭대학교(서울),학생부종합(기회균형Ⅰ전형),,의생명과학과,4,11,2.75
서울,사립,경기대학교(서울),학생부교과(교과성적우수자전형),,사회복지·청소년학과,4,11,2.75
서울,사립,광운대학교,논술【논술우수자전형】,,건축공학과,4,11,2.75
서울,사립,삼육대학교,기회균형Ⅰ전형,,경영학과,4,11,2.75
서울,사립,성신여자대학교,논술우수자,,경제학과,4,11,2.75
서울,사립,세종대학교,학생부교과(지역균형 전형),경영경제,경제학과,4,11,2.75
서울,사립,세종대학교,학생부종합(국방AI융합시스템공학 특별전형),공과,국방AI융합시스템공학과(여),4,11,2.75
서울,사립,연세대학교(서울),학생부교과전형 (추천형),문과대학,노어노문학과,4,11,2.75
서울,사립,연세대학교(서울),학생부교과전형 (추천형),인공지능융합대학,IT융합공학전공,4,11,2.75
서울,사립,이화여자대학교,학생부종합(고른기회전형),사회과학대학,커뮤니케이션·미디어학부,4,11,2.75
서울,사립,이화여자대학교,학생부종합(고른기회전형),공과대학,환경공학과,4,11,2.75
서울,사립,이화여자대학교,실기/실적(예체능실기전형),음악대학,한국음악이론및작곡(이론),4,8,2.75
서울,사립,한국외국어대학교(서울),학교장추천전형,,몽골학과,4,11,2.75
서울,사립,한국외국어대학교(서울),기회균형전형,,경제학부,4,11,2.75
서울,사립,한국외국어대학교(서울),기회균형전형,,글로벌스포츠산업학부,4,11,2.75
인천,국립,인천대학교,학생부교과(교과성적우수자),글로벌정경대학,행정학과,4,11,2.75
인천,사립,인하대학교,논술 논술우수자,공과대학,에너지자원공학과,4,11,2.75
인천,사립,인하대학교,논술 논술우수자,바이오융합대학,첨단바이오의약학과,4,11,2.75
대전,사립,대전대학교,지역인재Ⅰ전형 [교과/출석 100%],공과대학,반도체공학과,4,11,2.75
대전,사립,을지대학교(대전),EU서류형,,의료경영학과,4,11,2.75
충남,국립,국립공주대학교,학생부교과전형  지역인재전형(정원내),산업과학대학,수산생명의학과,4,11,2.75
충남,사립,단국대학교(천안),[학생부종합] DKU인재(면접형) 경쟁률 현황 (죽전),,고분자시스템공학부(융합소재공학전공),4,11,2.75
충남,사립,단국대학교(천안),[학생부교과] 지역균형선발 경쟁률 현황 (죽전),,통계데이터사이언스학과,4,11,2.75
충남,사립,단국대학교(천안),[학생부교과] 지역균형선발 경쟁률 현황 (죽전),,특수교육과,4,11,2.75
충남,사립,한국기술교육대학교,지역인재,,전자공학전공,4,11,2.75
충남,사립,호서대학교,- 정원외 학생부교과 농어촌학생전형,,경찰행정학과,4,11,2.75
충북,사립,청주대학교,"정원내 교과면접전형 경쟁률 현황 ※ 면접전형 : 교과70%+ 면접30% 단, 항공서비스학과 만 교과60%+ 면접40% 생활기록부 미반영 면접",항공·국방대학,"항공기계공학과 / AI 시대를 선도하는 첨단 항공기술 교육, 국토부 항공정비 전문교육기관 100% 이수, 국비 항공우주부트캠프 150억, K-항공MRO RISE사업 31.3억 지원",4,11,2.75
충북,국립,충북대학교,학생부종합(학생부종합Ⅰ전형),인문대학,사학과,4,11,2.75
충북,국립,충북대학교,학생부종합(학생부종합Ⅱ전형),인문대학,철학과,4,11,2.75
충북,국립,충북대학교,학생부종합(학생부종합Ⅱ전형),공과대학,환경공학과,4,11,2.75
충북,국립,충북대학교,학생부종합(학생부종합Ⅱ전형),농업생명환경대학,농업경제학과,4,11,2.75
충북,국립,충북대학교,학생부교과(지역인재전형),생활과학대학,식품영양학과,4,11,2.75
서울,사립,건국대학교(서울),학생부종합(KU자기추천),공과대학,전기전자공학부,38,105,2.76
세종,사립,홍익대학교(세종),학교생활우수자전형,,세종캠퍼스자율전공(인문·예능),37,102,2.76
경기,사립,대진대학교,실기/실적위주(실기우수자전형) - 실기80% + 교과20%,예술대학,만화게임그래픽학과,30,83,2.77
경기,사립,명지대학교(용인),학생부교과(특성화고교전형),,자연캠퍼스(용인) 소계,22,61,2.77
서울,사립,명지대학교(서울),학생부교과(특성화고교전형),,자연캠퍼스(용인) 소계,22,61,2.77
경기,사립,성균관대학교(수원),학생부종합(탐구인재),,양자정보공학과,13,36,2.77
경기,국립,한경국립대학교,학생부종합(잠재력우수자_안성)_정원내,,식물생명환경학과,13,36,2.77
서울,사립,성균관대학교(서울),학생부종합(탐구인재),,양자정보공학과,13,36,2.77
충남,국립,국립공주대학교,학생부교과전형  일반전형(정원내),산업과학대학,수산생명의학과,13,36,2.77
경기,사립,경기대학교(수원),실기/실적(예능실기우수자전형),,"Fine Arts학부 / 한국화전공, 서양화전공, 미술경영전공, 서예전공",50,139,2.78
서울,사립,경기대학교(서울),실기/실적(예능실기우수자전형),,"Fine Arts학부 / 한국화전공, 서양화전공, 미술경영전공, 서예전공",50,139,2.78
서울,사립,서울한영대학교,일반전형,,사회복지학과,36,100,2.78
충북,사립,건국대학교(글로컬),[실기위주] 실기우수-지역인재,디자인대학,디자인조형자유전공학부,27,75,2.78
경기,국립,한경국립대학교,학생부종합(잠재력우수자_안성)_정원내,,전자공학과,18,50,2.78
서울,사립,세종대학교,논술(논술우수자 전형),인공지능융합,인공지능데이터사이언스학과,18,50,2.78
서울,사립,이화여자대학교,학생부교과(고교추천전형),경영대학,경영학부,18,50,2.78
경기,사립,경기대학교(수원),학생부교과(학교장추천전형),,"공공안전학부 / 범죄교정심리학전공, 경찰행정학전공",9,25,2.78
경기,사립,단국대학교(죽전),[학생부종합] DKU인재(서류형) 경쟁률 현황 (천안),,생명공학부(환경원예학전공),9,25,2.78
경기,사립,서울신학대학교,[학생부교과]교과성적전형,,사범학부 / 기독교교육과 [교직],9,25,2.78
경기,사립,안양대학교(안양),학생부교과(아리학생부교과),,영미언어문화학과,9,25,2.78
경기,국립,한경국립대학교,학생부종합(잠재력우수자_안성)_정원내,,환경공학과,9,25,2.78
서울,사립,경기대학교(서울),학생부교과(학교장추천전형),,"공공안전학부 / 범죄교정심리학전공, 경찰행정학전공",9,25,2.78
서울,사립,광운대학교,학생부교과【지역균형 전형】,,소프트웨어학부,9,25,2.78
서울,사립,광운대학교,논술【논술우수자전형】,,소프트웨어학부,9,25,2.78
서울,국립,서울과학기술대학교,기회균형전형(기회균등),공과대학,기계공학과,9,25,2.78
서울,공립,서울시립대학교,고교추천전형,정경대학,경제학부,9,25,2.78
인천,사립,안양대학교(강화),학생부교과(아리학생부교과),,영미언어문화학과,9,25,2.78
충남,사립,단국대학교(천안),[학생부종합] DKU인재(서류형) 경쟁률 현황 (천안),,생명공학부(환경원예학전공),9,25,2.78
경기,사립,아주대학교,ACE전형,,기계공학과,42,117,2.79
경기,사립,강남대학교,[정원내]논술위주(논술전형),,자유전공학부,29,81,2.79
서울,사립,서울한영대학교,일반전형,,재활복지학과,28,78,2.79
서울,사립,건국대학교(서울),학생부종합(KU자기추천),공과대학,컴퓨터공학과,24,67,2.79
경기,사립,한신대학교,참인재,미디어계열,미디어영상광고홍보학,14,39,2.79
서울,사립,서경대학교,계약학과 채용조건형 특별전형,,헤어디자인학과-㈜뷰티끄레아,30,84,2.8
대전,사립,배재대학교,정원내 학생부교과 교과,,뷰티케어학과,25,70,2.8
경기,사립,성균관대학교(수원),학생부교과(추천인재),,경영학과,20,56,2.8
서울,사립,서강대학교,학생부교과(지역균형),,경제학과,20,56,2.8
서울,사립,서경대학교,계약학과 채용조건형 특별전형,,헤어디자인학과-㈜브이오지코리아,20,56,2.8
서울,사립,성균관대학교(서울),학생부교과(추천인재),,경영학과,20,56,2.8
충북,사립,건국대학교(글로컬),[학생부종합] Cogito자기추천,인문사회융합대학,경찰학과,20,56,2.8
경기,사립,수원대학교,농어촌학생전형,인문사회융합대학,인문사회융합대학,15,42,2.8
경기,사립,단국대학교(죽전),[학생부종합] DKU인재(서류형) 경쟁률 현황 (천안),,치위생학과,10,28,2.8
경기,사립,명지대학교(용인),학생부종합(명지인재서류전형),,정치외교학전공,10,28,2.8
경기,사립,용인대학교,정원내 일반학생 전형,인문사회융합대학,인문사회 / 경영학과,10,28,2.8
경기,국립,한경국립대학교,학생부교과(특수교육대상자_평택)_정원내,,상담심리교육학과,10,28,2.8
서울,사립,명지대학교(서울),학생부종합(명지인재서류전형),,정치외교학전공,10,28,2.8
인천,사립,인하대학교,논술 논술우수자,공과대학,조선해양공학과,10,28,2.8
충남,사립,단국대학교(천안),[학생부종합] DKU인재(서류형) 경쟁률 현황 (천안),,치위생학과,10,28,2.8
경기,사립,가톨릭대학교(부천),학생부교과(지역균형전형),,경제학과,5,14,2.8
경기,사립,가톨릭대학교(부천),학생부교과(지역균형전형),,행정학과,5,14,2.8
경기,사립,가톨릭대학교(부천),학생부종합(잠재능력우수자서류전형),,사회복지학과,5,14,2.8
경기,사립,경희대학교(용인),국제캠퍼스 실기우수자전형(체육),체육계열,스포츠지도학과-육상,5,14,2.8
경기,사립,대진대학교,학생부교과(고른기회전형) - 교과100%,인문사회대학,행정정보학과,5,14,2.8
경기,사립,명지대학교(용인),학생부종합(사회적배려대상자전형),,스마트시스템공과대학 / 기계시스템공학부<기계공학전공·로봇공학전공>,5,14,2.8
경기,사립,신한대학교(의정부/동두천),농어촌전형(교과100%),,방사선학과,5,14,2.8
경기,사립,아주대학교,고른기회2전형,,미래모빌리티공학과,5,14,2.8
경기,사립,안양대학교(안양),학생부교과(아리학생부면접),,영미언어문화학과,5,14,2.8
경기,사립,안양대학교(안양),학생부종합(아리학생부종합),,화장품발명디자인학과,5,14,2.8
경기,사립,을지대학교(성남의정부),특성화고교 졸업자,,자연계열학부,5,14,2.8
경기,사립,한국외국어대학교(용인),학생부종합전형(면접형),,인도·남아시아학과,5,14,2.8
경기,사립,한양대학교(ERICA),학생부종합(서류형),공학대학,건축학부(건축공학전공),5,14,2.8
경기,사립,한양대학교(ERICA),학생부종합(서류형),커뮤니케이션&컬처대학,문화인류학과,5,14,2.8
경기,사립,한양대학교(ERICA),학생부종합(서류형),커뮤니케이션&컬처대학,문화콘텐츠학과,5,14,2.8
경기,사립,협성대학교,정원내 [학생부교과]미래창의인재,인문사회과학대학,사회복지학과,5,14,2.8
경기,사립,협성대학교,정원내 [실기/실적]실기우수자,웨슬리대학,에이블아트·스포츠학과[음악],5,3,2.8
서울,사립,가톨릭대학교(서울),학생부교과(지역균형전형),,경제학과,5,14,2.8
서울,사립,가톨릭대학교(서울),학생부교과(지역균형전형),,행정학과,5,14,2.8
서울,사립,가톨릭대학교(서울),학생부종합(잠재능력우수자서류전형),,사회복지학과,5,14,2.8
서울,사립,경희대학교(서울),국제캠퍼스 실기우수자전형(체육),체육계열,스포츠지도학과-육상,5,14,2.8
서울,사립,명지대학교(서울),학생부종합(사회적배려대상자전형),,스마트시스템공과대학 / 기계시스템공학부<기계공학전공·로봇공학전공>,5,14,2.8
서울,사립,상명대학교(서울),정원 내 학생부교과(고교추천전형),,지적재산권전공,5,14,2.8
서울,사립,서울여자대학교,학생부종합(바롬인재서류전형),아트앤디자인스쿨,첨단미디어디자인전공,5,14,2.8
서울,사립,세종대학교,학생부종합(사회기여 및 배려자 전형),,IT계열,5,14,2.8
서울,사립,숙명여자대학교,[학생부종합] 숙명인재(면접형)전형,사회과학대학,행정학과,5,14,2.8
서울,사립,이화여자대학교,실기/실적(예체능실기전형),음악대학,거문고,5,14,2.8
서울,사립,총신대학교,정원내 성경지식우수자,인문사회계열,신학과,5,14,2.8
서울,사립,한국외국어대학교(서울),학생부종합전형(면접형),,인도·남아시아학과,5,14,2.8
서울,사립,한성대학교,지역균형전형,AI디자인대학,AI뷰티디자인학과,5,14,2.8
인천,사립,안양대학교(강화),학생부교과(아리학생부면접),,영미언어문화학과,5,14,2.8
인천,사립,안양대학교(강화),학생부종합(아리학생부종합),,화장품발명디자인학과,5,14,2.8
대전,사립,을지대학교(대전),특성화고교 졸업자,,자연계열학부,5,14,2.8
대전,국립,충남대학교,학생부종합 면접전형,공과대학,전기공학과,5,14,2.8
세종,사립,홍익대학교(세종),체육우수자전형,스포츠지도학과,배구,5,14,2.8
충남,국립,국립공주대학교,학생부종합전형  일반전형(정원내),산업과학대학,산업유통학과,5,14,2.8
충남,사립,상명대학교(천안),정원내 학생부종합(상명인재전형),,전자공학과,5,14,2.8
충남,사립,순천향대학교,[정원내] 학생부종합(일반학생전형),자연과학대학,스포츠응용산업학과,5,14,2.8
충남,사립,호서대학교,- 정원내 실기/실적 실기전형,,"문화영상학부(영상미디어트랙, 문화콘텐츠기획트랙)",5,14,2.8
충남,사립,호서대학교,- 정원외 학생부교과 농어촌학생전형,,"사회복지학부(사회복지학트랙, 노인복지학트랙)",5,9,2.8
충북,국립,충북대학교,학생부종합(학생부종합Ⅰ전형),사회과학대학,사회학과,5,14,2.8
충북,국립,충북대학교,학생부종합(학생부종합Ⅱ전형),전자정보대학,지능로봇공학과,5,14,2.8
충북,국립,충북대학교,학생부종합(학생부종합Ⅱ전형),창의융합대학,인문사회자율전공계열,5,14,2.8
충북,국립,충북대학교,학생부교과(학생부교과전형),농업생명환경대학,목재·종이과학과,5,14,2.8
충북,국립,충북대학교,학생부교과(지역인재전형),사회과학대학,심리학과,5,14,2.8
충남,사립,한국기술교육대학교,논술전형,,AI·소프트웨어전공,16,45,2.81
경기,사립,가천대학교(성남),학생부우수자 전형,인문계열,법과대학,17,48,2.82
인천,사립,가천대학교(인천),학생부우수자 전형,인문계열,법과대학,17,48,2.82
경기,국립,한경국립대학교,학생부종합(잠재력우수자_안성)_정원내,,법학과,11,31,2.82
충남,사립,순천향대학교,[정원내] 학생부교과(교과우수자전형),AI대학,AI게임공학과,11,31,2.82
서울,사립,홍익대학교(서울),학교생활우수자전형,공과대학,신소재·화공시스템공학부,30,85,2.83
충남,국립,국립공주대학교,학생부종합전형  일반전형(정원내),천안공과대학,기계자동차공학부,30,85,2.83
서울,사립,홍익대학교(서울),논술전형,공과대학,기계·시스템디자인공학과,29,82,2.83
경기,사립,성균관대학교(수원),학생부종합(탐구인재),,러시아어문학과,12,34,2.83
경기,사립,신한대학교(의정부/동두천),학생부우수자전형(교과100%),,유아교육과,12,34,2.83
서울,사립,성균관대학교(서울),학생부종합(탐구인재),,러시아어문학과,12,34,2.83
서울,사립,세종대학교,실기/실적(실기우수자 전형),예체능,무용과-발레,12,34,2.83
경기,사립,가천대학교(성남),지역균형 전형,인문계열,유아교육학과,6,17,2.83
경기,사립,경동대학교(양주),지역인재,,임상병리학과,6,17,2.83
경기,사립,경희대학교(용인),국제캠퍼스 실기우수자전형(체육),체육계열,"스포츠지도학과-수영(경영, 다이빙, 핀수영, 아티스틱)",6,17,2.83
경기,사립,단국대학교(죽전),[학생부종합] DKU인재(면접형) 경쟁률 현황 (죽전),,건축학부[건축학전공(5년제)],6,17,2.83
경기,사립,명지대학교(용인),학생부종합(명지인재면접전형),,융합바이오학부 / 식품영양학전공,6,17,2.83
경기,사립,성균관대학교(수원),학생부종합(탐구인재),,통계학과,6,17,2.83
경기,사립,성균관대학교(수원),학생부종합(탐구인재),,화학과,6,17,2.83
경기,사립,성균관대학교(수원),학생부교과(추천인재),,수학과,6,17,2.83
경기,사립,안양대학교(안양),학생부교과(아리학생부면접),,관광경영학과(교직),6,17,2.83
서울,사립,건국대학교(서울),학생부교과(KU지역균형),문과대학,미디어커뮤니케이션학과,6,17,2.83
서울,사립,경희대학교(서울),국제캠퍼스 실기우수자전형(체육),체육계열,"스포츠지도학과-수영(경영, 다이빙, 핀수영, 아티스틱)",6,17,2.83
서울,사립,고려대학교(서울),서울캠퍼스 학생부교과(학교추천전형),사범대학,지리교육과,6,17,2.83
서울,사립,광운대학교,학생부종합【광운참빛인재전형Ⅰ-면접형】,,국어국문학과,6,17,2.83
서울,사립,명지대학교(서울),학생부종합(명지인재면접전형),,융합바이오학부 / 식품영양학전공,6,17,2.83
서울,사립,삼육대학교,논술우수자전형,,동물자원과학과,6,17,2.83
서울,사립,성균관대학교(서울),학생부종합(탐구인재),,통계학과,6,17,2.83
서울,사립,성균관대학교(서울),학생부종합(탐구인재),,화학과,6,17,2.83
서울,사립,성균관대학교(서울),학생부교과(추천인재),,수학과,6,17,2.83
서울,사립,세종대학교,논술(논술우수자 전형),공과,건축공학과,6,17,2.83
인천,사립,가천대학교(인천),지역균형 전형,인문계열,유아교육학과,6,17,2.83
인천,사립,안양대학교(강화),학생부교과(아리학생부면접),,관광경영학과(교직),6,17,2.83
대전,국립,충남대학교,학생부종합 면접전형,공과대학,전자공학과,6,17,2.83
충남,사립,단국대학교(천안),[학생부종합] DKU인재(면접형) 경쟁률 현황 (죽전),,건축학부[건축학전공(5년제)],6,17,2.83
충남,사립,백석대학교,정원내 모집 실기위주 (예·체능계열) 일반실기,,건반악기,6,17,2.83
충남,사립,호서대학교,- 정원내 학생부교과 면접전형,,유아교육과,6,17,2.83
충북,국립,충북대학교,학생부교과(지역인재전형),사회과학대학,행정학과,6,17,2.83
경기,사립,성결대학교,[실기/실적] 실기우수자,예술대학,실용음악예술학과,25,71,2.84
경기,사립,용인대학교,정원내 일반학생 전형,문화예술대학,미디어디자인학과,25,71,2.84
경기,사립,명지대학교(용인),학생부교과(교과면접전형),,인문캠퍼스(서울) 소계,144,410,2.85
서울,사립,명지대학교(서울),학생부교과(교과면접전형),,인문캠퍼스(서울) 소계,144,410,2.85
충북,국립,한국교원대학교,학생부종합우수자 일반전형,,초등교육과,62,177,2.85
서울,사립,성공회대학교,학생부종합 열린인재,,미디어콘텐츠융합학부,33,94,2.85
경기,사립,협성대학교,정원외 [실기/실적]장애인,웨슬리대학,에이블아트·스포츠학과[음악],20,19,2.85
서울,사립,건국대학교(서울),학생부교과(KU지역균형),공과대학,공과대학자유전공학부,100,286,2.86
경기,사립,가천대학교(성남),학생부우수자 전형,자연계열,간호학과,28,80,2.86
인천,사립,가천대학교(인천),학생부우수자 전형,자연계열,간호학과,28,80,2.86
대전,사립,목원대학교,"교과전형 경쟁률 현황 교과100 [면접없음, 수능최저없음]",문화콘텐츠대학,일본어·중국어문화학과,22,63,2.86
경기,사립,명지대학교(용인),실기/실적(실기우수자전형),,인더스트리얼디자인전공,21,60,2.86
서울,사립,명지대학교(서울),실기/실적(실기우수자전형),,인더스트리얼디자인전공,21,60,2.86
경기,사립,한양대학교(ERICA),학생부종합(서류형),공학대학,기계공학과,14,40,2.86
경기,사립,명지대학교(용인),학생부종합(크리스천리더전형),,스마트시스템공과대학 / 기계시스템공학부<기계공학전공·로봇공학전공>,7,20,2.86
경기,사립,성균관대학교(수원),학생부교과(추천인재),,에너지학과,7,20,2.86
경기,사립,차의과학대학교,학생부교과(지역균형선발전형),,약학대학,7,20,2.86
서울,사립,동덕여자대학교,동덕창의리더전형,자연정보과학대학,화장품학전공,7,20,2.86
서울,사립,명지대학교(서울),학생부종합(크리스천리더전형),,스마트시스템공과대학 / 기계시스템공학부<기계공학전공·로봇공학전공>,7,20,2.86
서울,사립,삼육대학교,세움인재전형,,약학과,7,20,2.86
서울,사립,성균관대학교(서울),학생부교과(추천인재),,에너지학과,7,20,2.86
서울,사립,숭실대학교,학생부종합(SSU미래인재전형-면접형),,국제법무학과,7,20,2.86
서울,사립,숭실대학교,학생부종합(SSU미래인재전형-서류형),,화학공학과,7,20,2.86
인천,사립,인하대학교,논술 논술우수자,공과대학,산업경영공학과,7,20,2.86
충남,국립,국립공주대학교,학생부종합전형  일반전형(정원내),천안공과대학,광공학과,7,20,2.86
충남,사립,한국기술교육대학교,창의인재(서류형),,데이터경영전공,7,20,2.86
경기,사립,경희대학교(용인),국제캠퍼스 학생부종합(네오르네상스전형),인문계열,글로벌커뮤니케이션학부,23,66,2.87
서울,사립,경희대학교(서울),국제캠퍼스 학생부종합(네오르네상스전형),인문계열,글로벌커뮤니케이션학부,23,66,2.87
서울,사립,서경대학교,실기우수자 전형,,공연예술학부-무대패션,15,43,2.87
서울,사립,홍익대학교(서울),미술우수자전형,미술대학,금속조형디자인과,15,43,2.87
대전,사립,대전대학교,교과중점전형 [교과/출석 100%],경영대학,비즈니스일본어학과,15,43,2.87
충남,사립,백석대학교,정원내 모집 학생부 교과 + 면접 백석인재,,보건학부 물리치료학과,15,43,2.87
경기,사립,한세대학교,기회균형 - 교과 100%,,인문사회학부,17,49,2.88
충남,국립,국립공주대학교,학생부종합전형  일반전형(정원내),인문사회과학대학,경영학과,17,49,2.88
경기,사립,가톨릭대학교(부천),학생부교과(지역균형전형),,의생명과학과,8,23,2.88
경기,사립,단국대학교(죽전),[실기/실적위주] 실기우수자 경쟁률 현황 (천안),,뉴뮤직학부(뮤직테크놀러지전공)-뮤직테크놀러지&퍼포먼스,8,23,2.88
경기,사립,신한대학교(의정부/동두천),일반전형(교과60%+면접40%),,바이오식품외식산업학과,8,23,2.88
서울,사립,가톨릭대학교(서울),학생부교과(지역균형전형),,의생명과학과,8,23,2.88
서울,사립,동덕여자대학교,논술우수자전형,자연정보과학대학,응용화학전공,8,23,2.88
서울,사립,연세대학교(서울),학생부교과전형 (추천형),인공지능융합대학,컴퓨터과학과,8,23,2.88
대전,사립,우송대학교,정원내 학생부 교과 - 교과중심 전형 (교과100% / 12과목 반영),보건복지대학,뷰티디자인경영학과,8,23,2.88
충남,국립,국립공주대학교,학생부종합전형  일반전형(정원내),사범대학,경영·금융교육과,8,23,2.88
충남,국립,국립공주대학교,학생부교과전형  일반전형(정원내),인문사회과학대학,사학과,8,23,2.88
충남,사립,단국대학교(천안),[실기/실적위주] 실기우수자 경쟁률 현황 (천안),,뉴뮤직학부(뮤직테크놀러지전공)-뮤직테크놀러지&퍼포먼스,8,23,2.88
서울,사립,홍익대학교(서울),논술전형,,서울캠퍼스자율전공(자연·예능),53,153,2.89
경기,사립,가천대학교(성남),학생부우수자 전형,자연계열,건축학부,9,26,2.89
경기,사립,명지대학교(용인),학생부교과(교과면접전형),,AI응용시스템전공,9,26,2.89
경기,사립,을지대학교(성남의정부),EU면접형,,임상병리학과(성남),9,26,2.89
경기,사립,을지대학교(성남의정부),사회기여 및 배려대상자,,자연계열학부,9,26,2.89
경기,사립,협성대학교,정원내 [학생부교과]교과성적우수자,이공대학,컴퓨터공학과,9,26,2.89
서울,사립,명지대학교(서울),학생부교과(교과면접전형),,AI응용시스템전공,9,26,2.89
서울,사립,숭실대학교,학생부종합(SSU미래인재전형-면접형),,불어불문학과,9,26,2.89
인천,사립,가천대학교(인천),학생부우수자 전형,자연계열,건축학부,9,26,2.89
대전,사립,을지대학교(대전),EU면접형,,임상병리학과(성남),9,26,2.89
대전,사립,을지대학교(대전),사회기여 및 배려대상자,,자연계열학부,9,26,2.89
충남,국립,국립공주대학교,학생부종합전형  일반전형(정원내),인문사회과학대학,법학과,9,26,2.89
충남,사립,순천향대학교,[정원내] 학생부종합(일반학생전형),인문사회과학대학,법·행정학부(행정학전공),9,26,2.89
경기,사립,성균관대학교(수원),학생부종합(특성화고졸재직자),,응용AI융합학부 / AI융합운영,94,273,2.9
서울,사립,성균관대학교(서울),학생부종합(특성화고졸재직자),,응용AI융합학부 / AI융합운영,94,273,2.9
경기,사립,성균관대학교(수원),학생부종합(탐구인재),,건설환경공학부,20,58,2.9
서울,사립,성균관대학교(서울),학생부종합(탐구인재),,건설환경공학부,20,58,2.9
서울,사립,상명대학교(서울),정원 내 학생부교과(고교추천전형),,경제금융학부,10,29,2.9
서울,사립,상명대학교(서울),정원 내 실기/실적(실기전형),,뉴미디어작곡,10,29,2.9
서울,공립,서울시립대학교,학생부종합전형Ⅰ(면접형),인공지능융합대학,첨단융합학부-지능형반도체전공,10,29,2.9
대전,사립,배재대학교,정원내 학생부교과 일반고교과,,미디어콘텐츠학과,10,29,2.9
충남,사립,백석대학교,정원내 모집 학생부 교과 + 면접 백석인재,,사범학부 유아교육과,10,29,2.9
서울,사립,서강대학교,학생부종합(일반Ⅰ),,경제학과,43,125,2.91
경기,사립,성결대학교,[학생부종합] 영암인재,미래인재융합대학,SK자율전공학부,35,102,2.91
경기,사립,한국항공대학교,논술우수자 전형,,자유전공학부(공학적성),22,64,2.91
충남,사립,백석대학교,정원내 모집 학생부 교과 + 면접 백석인재,,보건학부 치위생학과,11,32,2.91
경기,사립,경동대학교(양주),자기추천제,,메디컬캠퍼스(원주문막) / 간호학과 [교직],50,146,2.92
서울,사립,덕성여자대학교,논술전형[논술위주],,과학기술대학,50,146,2.92
대전,사립,배재대학교,정원내 학생부종합 서류100,,간호학과,50,146,2.92
경기,사립,한국공학대학교,논술(논술우수자),,첨단융합 자율전공,25,73,2.92
경기,사립,경기대학교(수원),학생부종합(기회균형선발전형),,"경제학부 / 경제학전공, 응용통계학전공, 지식재산학전공",13,38,2.92
서울,사립,경기대학교(서울),학생부종합(기회균형선발전형),,"경제학부 / 경제학전공, 응용통계학전공, 지식재산학전공",13,38,2.92
서울,사립,삼육대학교,논술우수자전형,,컴퓨터공학부,13,38,2.92
인천,국립,인천대학교,학생부종합(자기추천),공과대학,신소재공학과,13,38,2.92
서울,사립,세종대학교,실기/실적(실기우수자 전형),예체능,무용과-한국무용,12,35,2.92
경기,사립,한세대학교,면접우수자 - 교과 60% + 면접 40%,,인문사회학부,30,88,2.93
서울,공립,서울시립대학교,고교추천전형,정경대학,행정학과,14,41,2.93
서울,사립,한양대학교(서울),학생부종합(서류형),공과대학,데이터사이언스학부,14,41,2.93
대전,사립,대전대학교,교과중점전형 [교과/출석 100%],보건의료과학대학,응급구조학과,14,41,2.93
대전,국립,충남대학교,일반전형,사회과학대학,행정학부,14,41,2.93
충북,사립,청주대학교,정원내 교과인재전형 [교과100%],경상대학,경영학과 / 60여 년 전통의 동문 네트워크. 최근 3년간 장관상 포함 경진대회·공모전 5건 이상 수상. 데이터·AI 기반 실무교육으로 미래 경영인재 양성,14,41,2.93
경기,사립,성균관대학교(수원),학생부종합(융합인재),,글로벌경영학과,17,50,2.94
서울,사립,성균관대학교(서울),학생부종합(융합인재),,글로벌경영학과,17,50,2.94
대전,사립,우송대학교,정원내 학생부 교과 - 교과중심 전형 (교과100% / 12과목 반영),보건복지대학,응급구조학과,16,47,2.94
충북,사립,청주대학교,정원내 일반전형 [교과100%],항공·국방대학,"무인항공기학과 / UAM·AI드론시대를 준비하는 미래 항공인재 양성학과, 항공우주 부트캠프사업 5년간 70억 선정, 항공방산SW전문인력양성사업 선정, 자격증 90% 취득, 취업률 100%(24)",16,47,2.94
경기,사립,강남대학교,[정원내]학생부종합(학교생활우수자전형1),인문사회계,복지융합대학,21,62,2.95
충남,사립,백석대학교,정원내 모집 학생부 교과 일반전형,,보건학부 응급구조학과,21,62,2.95
경기,사립,수원대학교,면접위주교과전형,인문사회융합대학,인문사회융합대학,20,59,2.95
경기,사립,수원대학교,면접위주교과전형,경영공학대학,경영공학대학,20,59,2.95
서울,사립,이화여자대학교,학생부종합(미래인재전형-서류형),인문과학대학,영어영문학부,49,145,2.96
서울,사립,홍익대학교(서울),논술전형,공과대학,신소재·화공시스템공학부,25,74,2.96
대전,국립,국립한밭대학교,학생부종합(일반)전형,,전자공학과,25,74,2.96
충남,사립,나사렛대학교,일반학생전형(학생부교과/실기위주),,태권도학과,25,74,2.96
경기,사립,한양대학교(ERICA),학생부종합(서류형),LIONS칼리지,LIONS자율전공학부(인문사회계열),68,202,2.97
서울,사립,세종대학교,학생부종합(세종인재 전형(서류형)),,인문사회계열,30,89,2.97
대전,사립,대전대학교,교과중점전형 [교과/출석 100%],사회과학대학,사회복지학과,30,89,2.97
충남,사립,호서대학교,- 정원내 실기/실적 실기전형,,시각디자인학과,29,86,2.97
서울,사립,숭실대학교,특성화고등을졸업한재직자전형,,금융경제학과,37,111,3.0
경기,사립,아주대학교,ACE전형,,전자공학과,32,96,3.0
서울,사립,서울여자대학교,실기/실적(실기우수자전형_미술),아트앤디자인스쿨,현대미술전공 / 발상과 묘사(색채-정물 이미지),21,8,3.0
서울,사립,덕성여자대학교,고교추천전형[학생부위주(교과)],,약학대학,20,60,3.0
충남,사립,나사렛대학교,일반학생전형(학생부교과/실기위주),,특수교육과,20,60,3.0
충남,사립,순천향대학교,[정원내] 학생부종합(충청형지역인재전형),의과대학,의예과,20,60,3.0
충남,사립,백석대학교,정원내 모집 학생부 교과 일반전형,,문화예술학부 글로벌뷰티아트,19,57,3.0
서울,사립,홍익대학교(서울),미술우수자전형,미술대학,목조형가구학과,15,45,3.0
인천,국립,인천대학교,학생부종합(자기추천),도시과학대학,도시환경공학부 건설환경공학전공,15,45,3.0
충북,사립,극동대학교,정원 내 학생부교과 교과우수자전형,,방사선학과,15,45,3.0
충북,사립,우석대학교(진천),학생부교과_지역인재2,약학대학,한약학과(전주),15,45,3.0
충북,사립,청주대학교,정원내 일반전형 [교과100%],보건의료과학대학,"동물보건복지학과 / 수의사 교수진 4명의 현장중심 교육, 15개 교과목·40학점과 동물병원 현장실습 120시간 운영, 동물보건·복지·실험동물 전문인재 양성",15,45,3.0
충북,사립,청주대학교,정원내 일반전형 [교과100%],항공·국방대학,"항공서비스학과 / 유지 취업률 100%, 졸업생 30% 이상 객실승무원 배출! 항공사 수준 안전 서비스 훈련시설과 국가장학 지원으로 K-항공서비스를 선도하는 글로벌 인재 양성학과",15,45,3.0
서울,사립,이화여자대학교,학생부종합(미래인재전형-서류형),인문과학대학,독어독문학과,13,39,3.0
대전,국립,충남대학교,일반전형,예술대학,회화과(서양화),13,39,3.0
경기,사립,신한대학교(의정부/동두천),논술전형(약술형)(교과10%+논술90%),,임상병리학과,12,36,3.0
서울,사립,성신여자대학교,자기주도인재,,일본어문·문화학과,12,36,3.0
경기,사립,경희대학교(용인),국제캠퍼스 학생부종합(네오르네상스전형),자연계열,사회기반시스템공학과,11,33,3.0
경기,사립,수원대학교,기회균형특별전형,경영공학대학,경영공학대학,11,33,3.0
경기,사립,한세대학교,실기우수자 - 교과 20% + 실기 80%,,음악전공 피아노,11,33,3.0
서울,사립,경희대학교(서울),국제캠퍼스 학생부종합(네오르네상스전형),자연계열,사회기반시스템공학과,11,33,3.0
서울,사립,고려대학교(서울),서울캠퍼스 학생부교과(학교추천전형),문과대학,철학과,11,33,3.0
인천,사립,인하대학교,학생부종합 인하미래인재(면접형),공과대학,환경공학과,11,33,3.0
충남,국립,국립공주대학교,학생부종합전형  일반전형(정원내),자연과학대학,문화재보존과학과,11,33,3.0
경기,사립,수원대학교,고교추천전형,혁신공과대학,전기전자공학부,10,30,3.0
경기,사립,신한대학교(의정부/동두천),일반전형(교과60%+면접40%),,미디어영상학과,10,30,3.0
경기,사립,신한대학교(의정부/동두천),실기우수자전형(교과20%+실기80%),,패션디자인학과,10,30,3.0
경기,사립,을지대학교(성남의정부),EU면접형,,치위생학과,10,30,3.0
서울,사립,건국대학교(서울),학생부종합(KU자기추천),사범대학,영어교육과,10,30,3.0
서울,사립,성신여자대학교,자기주도인재,,사회교육과,10,30,3.0
서울,사립,이화여자대학교,학생부종합(미래인재전형-면접형),인문과학대학,불어불문학과,10,30,3.0
서울,사립,장로회신학대학교,정원내 드림(PUTS인재),,신학과,10,30,3.0
인천,사립,인하대학교,학생부종합 인하미래인재(면접형),바이오융합대학,생명과학과,10,30,3.0
대전,사립,대전대학교,"교과면접전형 [1단계:교과/출석 100%, 2단계:교과/출석 60% + 면접 40%]",공과대학,소방방재학과,10,30,3.0
대전,사립,배재대학교,정원내 학생부교과 항공인재,,항공서비스학과,10,30,3.0
대전,사립,을지대학교(대전),EU면접형,,치위생학과,10,30,3.0
경기,사립,명지대학교(용인),학생부교과(교과면접전형),,법학과,9,27,3.0
경기,사립,성결대학교,[학생부교과] 교과성적우수자,글로벌경영대학,국제교류·개발협력학과,9,27,3.0
서울,사립,명지대학교(서울),학생부교과(교과면접전형),,법학과,9,27,3.0
서울,사립,숙명여자대학교,[학생부종합] 숙명인재(면접형)전형,문과대학,독일언어·문화학과,9,27,3.0
서울,사립,숭실대학교,학생부종합(SSU미래인재전형-면접형),,평생교육학과,9,27,3.0
서울,사립,숭실대학교,학생부종합(SSU미래인재전형-서류형),,지능전자공학부,9,27,3.0
서울,사립,한양대학교(서울),학생부교과(추천형),공과대학,데이터사이언스학부,9,27,3.0
충남,사립,상명대학교(천안),정원내 학생부종합(상명인재전형),,식품공학과,9,27,3.0
충남,사립,순천향대학교,[정원내] 학생부종합(일반학생전형),인문사회과학대학,법·행정학부(법학전공),9,27,3.0
충남,사립,순천향대학교,[정원내] 학생부종합(충남형지역인재전형),의과대학,의예과,9,27,3.0
충북,국립,충북대학교,학생부종합(학생부종합Ⅰ전형),사범대학,국어교육과,9,27,3.0
경기,사립,신한대학교(의정부/동두천),학생부우수자전형(교과100%),,안경광학과,8,24,3.0
경기,사립,을지대학교(성남의정부),EU서류형,,간호학과(성남),8,24,3.0
서울,사립,동덕여자대학교,동덕창의리더전형,사회과학대학,문헌정보학전공,8,24,3.0
서울,사립,동덕여자대학교,논술우수자전형,자연정보과학대학,화장품학전공,8,24,3.0
서울,사립,서강대학교,학생부종합(일반Ⅰ),,글로벌한국학부,8,24,3.0
서울,사립,서울여자대학교,학생부종합(바롬인재면접전형),인문대학,영어영문학과,8,24,3.0
서울,사립,연세대학교(서울),학생부종합전형 (활동우수형),문과대학,심리학과,8,24,3.0
서울,사립,한양대학교(서울),학생부교과(추천형),공과대학,신소재공학부,8,24,3.0
대전,사립,을지대학교(대전),EU서류형,,간호학과(성남),8,24,3.0
경기,사립,경기대학교(수원),학생부종합(기회균형선발전형),,관광개발경영학과,7,21,3.0
경기,국립,한경국립대학교,학생부교과(일반전형_안성)_정원내,,동물응용과학과,7,21,3.0
서울,사립,건국대학교(서울),학생부교과(KU지역균형),사회과학대학,경제학과,7,21,3.0
서울,사립,경기대학교(서울),학생부종합(기회균형선발전형),,관광개발경영학과,7,21,3.0
서울,공립,서울시립대학교,고교추천전형,공과대학,신소재공학과,7,21,3.0
서울,사립,세종대학교,학생부종합(기회균형 전형),인공지능융합,AI로봇학과,7,21,3.0
대전,국립,국립한밭대학교,지역인재(교과)전형,,인문사회경상학부,7,21,3.0
대전,국립,충남대학교,일반전형,자연과학대학,무용학과(발레),7,21,3.0
충남,국립,국립공주대학교,학생부종합전형  일반전형(정원내),산업과학대학,외식상품학과,7,21,3.0
충남,사립,상명대학교(천안),정원내 학생부종합(상명인재전형),,정보통신공학과,7,21,3.0
충남,사립,호서대학교,- 정원내 학생부교과 면접전형,,임상병리학과,7,21,3.0
경기,사립,가천대학교(성남),지역균형 전형,자연계열,치위생학과,6,18,3.0
경기,사립,가톨릭대학교(부천),학생부종합(잠재능력우수자면접전형),,사회복지학과,6,18,3.0
경기,사립,경기대학교(수원),학생부종합(기회균형선발전형),,"스마트시티공학부 / 건축공학전공, 도시교통공학전공",6,18,3.0
경기,사립,단국대학교(죽전),[학생부종합] DKU인재(면접형) 경쟁률 현황 (죽전),,도시계획ㆍ부동산학부,6,18,3.0
경기,사립,명지대학교(용인),학생부종합(명지인재면접전형),,신소재공학전공,6,18,3.0
경기,사립,성균관대학교(수원),학생부종합(탐구인재),,국어국문학과,6,18,3.0
경기,사립,아주대학교,고른기회1전형,,프런티어과학학부,6,18,3.0
경기,사립,을지대학교(성남의정부),기회균형(정원내),,인문사회계열학부,6,18,3.0
서울,사립,가톨릭대학교(서울),학생부종합(잠재능력우수자면접전형),,사회복지학과,6,18,3.0
서울,사립,건국대학교(서울),학생부교과(KU지역균형),사범대학,영어교육과,6,18,3.0
서울,사립,경기대학교(서울),학생부종합(기회균형선발전형),,"스마트시티공학부 / 건축공학전공, 도시교통공학전공",6,18,3.0
서울,사립,광운대학교,논술【논술우수자전형】,,반도체시스템공학부 반도체시스템공학전공,6,18,3.0
서울,사립,명지대학교(서울),학생부종합(명지인재면접전형),,신소재공학전공,6,18,3.0
서울,사립,삼육대학교,논술우수자전형,,바이오융합공학과,6,18,3.0
서울,사립,서경대학교,기회균형② 특별전형 - 특성화고교졸업자,,미래융합학부1,6,18,3.0
서울,사립,성균관대학교(서울),학생부종합(탐구인재),,국어국문학과,6,18,3.0
서울,사립,성신여자대학교,자기주도인재,,독일어문·문화학과,6,18,3.0
서울,사립,성신여자대학교,자기주도인재,,사학과,6,18,3.0
서울,사립,숙명여자대학교,[학생부종합] 숙명인재(면접형)전형,문과대학,역사문화학과,6,18,3.0
서울,사립,숙명여자대학교,[학생부종합] 숙명인재(면접형)전형,사회과학대학,정치외교학과,6,18,3.0
서울,사립,숙명여자대학교,[논술] 논술우수자전형,공과대학,지능형전자시스템학부,6,18,3.0
서울,사립,연세대학교(서울),학생부교과전형 (추천형),사회과학대학,언론홍보영상학부,6,18,3.0
서울,사립,연세대학교(서울),학생부종합전형 (활동우수형),인공지능융합대학,IT융합공학전공,6,18,3.0
서울,사립,이화여자대학교,학생부종합(미래인재전형-서류형),사범대학,사회과교육과 지리교육전공,6,18,3.0
서울,사립,홍익대학교(서울),학교생활우수자전형,사범대학,교육학과,6,18,3.0
인천,사립,가천대학교(인천),지역균형 전형,자연계열,치위생학과,6,18,3.0
인천,국립,인천대학교,학생부교과(지역균형),자연과학대학,화학과,6,18,3.0
대전,사립,대전대학교,"혜화인재전형 [1단계:서류평가 100%, 2단계:서류평가 60% + 면접 40% / 자기소개서 없음 ]",보건의료과학대학,응급구조학과,6,18,3.0
대전,사립,우송대학교,정원내 학생부 종합 - 종합서류형 전형 (면접X),철도대학,철도시스템학부 / 철도전기시스템전공,6,18,3.0
대전,사립,우송대학교,정원내 학생부 종합 - 종합면접형 전형,외식조리대학,글로벌제과제빵학과,6,18,3.0
대전,사립,을지대학교(대전),기회균형(정원내),,인문사회계열학부,6,18,3.0
대전,국립,충남대학교,학생부종합 서류전형,자연과학대학,화학과*,6,18,3.0
대전,국립,충남대학교,학생부종합 서류전형,자연과학대학,반도체융합학과,6,18,3.0
충남,사립,단국대학교(천안),[학생부종합] DKU인재(면접형) 경쟁률 현황 (죽전),,도시계획ㆍ부동산학부,6,18,3.0
충남,사립,순천향대학교,[정원내] 학생부교과(지역의사선발전형-광역권),의과대학,의예과,6,18,3.0
경기,사립,경기대학교(수원),학생부교과(학교장추천전형),,관광문화콘텐츠학과,5,15,3.0
경기,사립,명지대학교(용인),학생부교과(교과면접전형),,문헌정보학전공,5,15,3.0
경기,사립,명지대학교(용인),학생부종합(명지인재서류전형),,스마트모빌리티공학전공,5,15,3.0
경기,사립,수원대학교,교과논술전형,라이프케어사이언스대학,식품영양학과,5,15,3.0
경기,사립,수원대학교,고교추천전형,혁신공과대학,기계공학부,5,15,3.0
경기,사립,수원대학교,교과우수전형,혁신공과대학,기계공학부,5,15,3.0
경기,사립,신한대학교(의정부/동두천),학생부우수자전형(교과100%),,치위생학과,5,15,3.0
경기,사립,아주대학교,고른기회2전형,,경제정치사회융합학부,5,15,3.0
경기,사립,한국외국어대학교(용인),학생부종합전형(면접형),,포르투갈어과,5,15,3.0
경기,사립,한국외국어대학교(용인),학생부종합전형(면접형),,네덜란드어과,5,15,3.0
경기,사립,한국외국어대학교(용인),학생부종합전형(서류형),,베트남학과,5,15,3.0
경기,사립,한국외국어대학교(용인),학생부종합전형(서류형),,튀르키예·아제르바이잔학과,5,15,3.0
경기,사립,한양대학교(ERICA),학생부종합(서류형),공학대학,교통·물류공학과,5,15,3.0
서울,사립,경기대학교(서울),학생부교과(학교장추천전형),,관광문화콘텐츠학과,5,15,3.0
서울,사립,광운대학교,논술【논술우수자전형】,,수학과,5,15,3.0
서울,사립,광운대학교,논술【논술우수자전형】,,전자바이오물리학과,5,15,3.0
서울,사립,명지대학교(서울),학생부교과(교과면접전형),,문헌정보학전공,5,15,3.0
서울,사립,명지대학교(서울),학생부종합(명지인재서류전형),,스마트모빌리티공학전공,5,15,3.0
서울,사립,상명대학교(서울),정원 내 학생부종합(기회균형전형),,글로벌경영학과,5,15,3.0
서울,사립,서울한영대학교,"기초생활수급자, 차상위계층, 한부모가족지원대상자전형(정원외)",,신학과,5,1,3.0
서울,사립,세종대학교,학생부종합(세종인재 전형(면접형)),인공지능융합,정보보호학과,5,15,3.0
서울,사립,숙명여자대학교,[학생부종합] 숙명인재(면접형)전형,문과대학,문헌정보학과,5,15,3.0
서울,사립,숭실대학교,학생부종합(기회균형전형),,영어영문학과,5,15,3.0
서울,사립,연세대학교(서울),학생부교과전형 (추천형),공과대학,디스플레이융합공학과,5,15,3.0
서울,사립,연세대학교(서울),학생부교과전형 (추천형),생활과학대학,실내건축학과,5,15,3.0
서울,사립,이화여자대학교,학생부교과(고교추천전형),사범대학,사회과교육과 역사교육전공,5,15,3.0
서울,사립,한국외국어대학교(서울),학생부종합전형(면접형),,포르투갈어과,5,15,3.0
서울,사립,한국외국어대학교(서울),학생부종합전형(면접형),,네덜란드어과,5,15,3.0
서울,사립,한국외국어대학교(서울),학생부종합전형(서류형),,베트남학과,5,15,3.0
서울,사립,한국외국어대학교(서울),학생부종합전형(서류형),,튀르키예·아제르바이잔학과,5,15,3.0
서울,국립,한국체육대학교,경기입상실적우수자,,태권도학과-시범,5,15,3.0
서울,사립,한양대학교(서울),실기/실적(음악특기자),음악대학,국악과(대금),5,15,3.0
서울,사립,홍익대학교(서울),학교생활우수자전형,건축도시대학,건축학부 실내건축학전공,5,15,3.0
충남,사립,백석대학교,정원내 모집 학생부 교과 사회기여자 및 배려대상자,,보건학부 물리치료학과,5,15,3.0
충남,사립,백석대학교,정원외 모집 학생부 교과 기초생활수급자 및 차상위계층,,보건학부 물리치료학과,5,15,3.0
충북,국립,충북대학교,학생부종합(학생부종합Ⅱ전형),의과대학,의예과,5,15,3.0
충북,국립,한국교원대학교,학생부종합우수자 일반전형,,체육교육과,5,15,3.0
경기,사립,가톨릭대학교(부천),논술전형,,공간디자인·소비자학과,4,12,3.0
경기,사립,경기대학교(수원),학생부교과(농어촌학생전형),,산업경영공학과,4,12,3.0
경기,사립,경희대학교(용인),국제캠퍼스 논술우수자전형,자연계열,생체의공학과,4,12,3.0
경기,사립,단국대학교(죽전),[실기/실적위주] 실기우수자 경쟁률 현황 (죽전),,음악학부(국악전공)-기악(관악)[해금],4,12,3.0
경기,사립,성결대학교,[학생부교과/실기] (정원외) 농어촌학생,사범대학,유아교육과,4,12,3.0
경기,사립,성결대학교,[학생부교과/실기] (정원외) 농어촌학생,사범대학,체육교육과,4,12,3.0
경기,사립,신한대학교(의정부/동두천),기회균형전형(학생부서류100%),,K-뷰티학과,4,12,3.0
경기,사립,신한대학교(의정부/동두천),농어촌전형(교과100%),,경영대학(자율전공) - AI융합경영학과 - 글로벌무역학과 - 국제개발협력학과 - 글로벌관광경영학과,4,12,3.0
경기,사립,안양대학교(안양),학생부교과(기회균형),,AI학부,4,12,3.0
경기,사립,을지대학교(성남의정부),기회균형(정원내),,물리치료학과,4,12,3.0
경기,사립,한국외국어대학교(용인),기회균형전형,,Social Science & AI융합학부,4,12,3.0
경기,사립,한신대학교,농어촌학생,미디어계열,미디어영상광고홍보학,4,12,3.0
경기,사립,한양대학교(ERICA),학생부종합(고른기회),첨단융합대학,바이오신약융합학부(학부 모집),4,12,3.0
서울,사립,가톨릭대학교(서울),논술전형,,공간디자인·소비자학과,4,12,3.0
서울,사립,경기대학교(서울),학생부교과(농어촌학생전형),,산업경영공학과,4,12,3.0
서울,사립,경희대학교(서울),국제캠퍼스 논술우수자전형,자연계열,생체의공학과,4,12,3.0
서울,공립,서울시립대학교,기회균형전형Ⅰ,공과대학,화학공학과,4,12,3.0
서울,사립,숭실대학교,학생부종합(기회균형전형),,전기공학부,4,12,3.0
서울,사립,연세대학교(서울),학생부교과전형 (추천형),약학대학,첨단약과학과,4,12,3.0
서울,사립,연세대학교(서울),학생부종합전형 (기회균형),상경대학,응용통계학과,4,12,3.0
서울,사립,연세대학교(서울),학생부종합전형 (기회균형),인공지능융합대학,인공지능시스템학과,4,12,3.0
서울,사립,이화여자대학교,학생부종합(미래인재전형-면접형),공과대학,화공신소재공학과,4,12,3.0
서울,사립,이화여자대학교,학생부종합(고른기회전형),인문과학대학,국어국문학과,4,12,3.0
서울,사립,한국외국어대학교(서울),기회균형전형,,Social Science & AI융합학부,4,12,3.0
서울,국립,한국체육대학교,경기입상실적우수자,,태권도학과-자유품새,4,12,3.0
서울,사립,한양대학교(서울),학생부교과(추천형),사회과학대학,정치외교학과,4,12,3.0
서울,사립,한양대학교(서울),학생부종합(면접형),공과대학,미래자동차공학과,4,12,3.0
인천,사립,안양대학교(강화),학생부교과(기회균형),,AI학부,4,12,3.0
인천,국립,인천대학교,학생부교과(교과성적우수자),인공지능대학,인공지능시스템공학과,4,12,3.0
인천,사립,인하대학교,학생부종합 고른기회,공과대학,신소재공학과,4,12,3.0
대전,사립,건양대학교(대전),농어촌학생전형,,방사선학과,4,12,3.0
대전,사립,목원대학교,"학생부종합전형 경쟁률 현황 서류100 [면접없음, 수능최저없음]",문화콘텐츠대학,"사회복지상담학부(사회복지전공, 상담심리복지전공)",4,12,3.0
대전,사립,을지대학교(대전),기회균형(정원내),,물리치료학과,4,12,3.0
대전,국립,충남대학교,학생부종합 면접전형,인문대학,중어중문학과*,4,12,3.0
대전,국립,충남대학교,학생부종합 면접전형,공과대학,토목공학과,4,12,3.0
대전,국립,충남대학교,학생부종합 서류전형,경상대학,무역학과,4,12,3.0
충남,사립,건양대학교(논산),농어촌학생전형,,방사선학과,4,12,3.0
충남,사립,단국대학교(천안),[실기/실적위주] 실기우수자 경쟁률 현황 (죽전),,음악학부(국악전공)-기악(관악)[해금],4,12,3.0
충북,국립,충북대학교,학생부종합(학생부종합Ⅰ전형),인문대학,러시아언어문화학과,4,12,3.0
충북,국립,충북대학교,학생부종합(학생부종합Ⅰ전형),인문대학,고고미술사학과,4,12,3.0
충북,국립,충북대학교,학생부종합(학생부종합Ⅰ전형),생활과학대학,아동복지학과,4,12,3.0
충북,국립,충북대학교,학생부종합(학생부종합Ⅱ전형),인문대학,영어영문학과,4,12,3.0
충북,국립,충북대학교,학생부종합(학생부종합Ⅱ전형),사회과학대학,사회학과,4,12,3.0
충북,국립,충북대학교,학생부종합(학생부종합Ⅱ전형),자연과학대학,수학과,4,12,3.0
충북,국립,충북대학교,학생부종합(학생부종합Ⅱ전형),농업생명환경대학,식물자원학과,4,12,3.0
충북,국립,충북대학교,학생부종합(학생부종합Ⅱ전형),생활과학대학,식품영양학과,4,12,3.0
충북,국립,충북대학교,학생부교과(학생부교과전형),인문대학,사학과,4,12,3.0
경기,사립,가천대학교(성남),농어촌(교과) 전형,인문계열,AI인문대학,3,9,3.0
경기,사립,가천대학교(성남),농어촌(교과) 전형,자연계열,기계공학부,3,9,3.0
경기,사립,가천대학교(성남),농어촌(교과) 전형,자연계열,간호학과,3,9,3.0
경기,사립,가천대학교(성남),특성화고교 전형,자연계열,인공지능학과,3,9,3.0
경기,사립,경희대학교(용인),서울캠퍼스 학생부종합[기회균형전형Ⅰ(국가보훈·농어촌·수급자·자립아동 등)],자연계열,화학과,3,9,3.0
경기,사립,경희대학교(용인),국제캠퍼스 학생부종합(기회균형전형Ⅱ),자연계열,화학공학과,3,9,3.0
경기,사립,단국대학교(죽전),[학생부종합] 사회적배려대상자 경쟁률 현황 (죽전),,도시계획ㆍ부동산학부,3,9,3.0
경기,사립,단국대학교(죽전),[학생부종합] 사회적배려대상자 경쟁률 현황 (죽전),,미디어커뮤니케이션학부,3,9,3.0
경기,사립,단국대학교(죽전),[학생부교과] 지역균형선발 경쟁률 현황 (죽전),,행정학과,3,9,3.0
경기,사립,단국대학교(죽전),[학생부종합] 교육기회배려자(정원외) 경쟁률 현황 (천안),,아시아중동학부(일본학전공),3,9,3.0
경기,사립,대진대학교,학생부교과(학교장추천전형) - 교과100%,AI공과대학,화학공학과 [교직],3,9,3.0
경기,사립,대진대학교,학생부교과(고른기회전형) - 교과100%,인문사회대학,사회복지학과,3,9,3.0
경기,사립,명지대학교(용인),학생부교과(학교장추천전형),,청소년지도·아동학부 / 청소년지도학전공,3,9,3.0
경기,사립,명지대학교(용인),학생부교과(학교장추천전형),,인공지능전공,3,9,3.0
경기,사립,명지대학교(용인),학생부종합(농어촌학생전형),,정치외교학전공,3,9,3.0
경기,사립,수원대학교,특성화고졸업자전형,혁신공과대학,건설환경에너지공학부,3,9,3.0
경기,사립,수원대학교,특성화고졸업자전형,혁신공과대학,기계공학부,3,9,3.0
경기,사립,아주대학교,고른기회1전형,,영어영문학과,3,9,3.0
경기,사립,협성대학교,정원내 [학생부교과]미래창의인재,인문사회과학대학,문예창작학과,3,9,3.0
경기,사립,협성대학교,정원내 [학생부교과]미래창의인재,인문사회과학대학,중국어문화학과,3,9,3.0
경기,사립,협성대학교,정원내 [학생부교과]사회배려자,경영대학,미디어영상광고학과,3,9,3.0
서울,사립,경희대학교(서울),서울캠퍼스 학생부종합[기회균형전형Ⅰ(국가보훈·농어촌·수급자·자립아동 등)],자연계열,화학과,3,9,3.0
서울,사립,경희대학교(서울),국제캠퍼스 학생부종합(기회균형전형Ⅱ),자연계열,화학공학과,3,9,3.0
서울,사립,덕성여자대학교,기회균형전형Ⅰ_특성화고교[학생부위주(종합)],,Art & Design대학,3,9,3.0
서울,사립,명지대학교(서울),학생부교과(학교장추천전형),,청소년지도·아동학부 / 청소년지도학전공,3,9,3.0
서울,사립,명지대학교(서울),학생부교과(학교장추천전형),,인공지능전공,3,9,3.0
서울,사립,명지대학교(서울),학생부종합(농어촌학생전형),,정치외교학전공,3,9,3.0
서울,사립,삼육대학교,재림교회목회자추천전형,,체육학과(男),3,8,3.0
서울,사립,상명대학교(서울),정원 내 학생부종합(상명인재전형),,식품영양학전공,3,9,3.0
서울,공립,서울시립대학교,고교추천전형,인문대학,철학과,3,9,3.0
서울,공립,서울시립대학교,고교추천전형,도시과학대학,도시공학과,3,9,3.0
서울,공립,서울시립대학교,기회균형전형Ⅰ,공과대학,토목공학과,3,9,3.0
서울,사립,서울여자대학교,학생부종합(기회균형전형_사회통합지원),사회과학대학,아동학과,3,9,3.0
서울,사립,성공회대학교,기회균형선발(정원외),,미디어콘텐츠융합학부,3,9,3.0
서울,사립,이화여자대학교,학생부종합(고른기회전형),인문과학대학,독어독문학과,3,9,3.0
서울,사립,이화여자대학교,학생부종합(고른기회전형),사회과학대학,행정학과,3,9,3.0
서울,사립,이화여자대학교,학생부종합(고른기회전형),사범대학,과학교육과,3,9,3.0
서울,사립,추계예술대학교,실기/실적(일반학생전형),공연예술대학1,해금,3,9,3.0
서울,국립,한국체육대학교,특수교육대상자,,특수체육교육과,3,9,3.0
서울,사립,한양대학교(서울),학생부교과(추천형),공과대학,자원환경공학과,3,9,3.0
서울,사립,한양대학교(서울),학생부교과(추천형),공과대학,생명공학과,3,9,3.0
서울,사립,한양대학교(서울),학생부교과(추천형),인문과학대학,사학과,3,9,3.0
서울,사립,한양대학교(서울),학생부교과(추천형),사범대학,교육공학과,3,9,3.0
서울,사립,한양대학교(서울),실기/실적(음악특기자),음악대학,국악과(성악(판소리)),3,9,3.0
인천,사립,가천대학교(인천),농어촌(교과) 전형,인문계열,AI인문대학,3,9,3.0
인천,사립,가천대학교(인천),농어촌(교과) 전형,자연계열,기계공학부,3,9,3.0
인천,사립,가천대학교(인천),농어촌(교과) 전형,자연계열,간호학과,3,9,3.0
인천,사립,가천대학교(인천),특성화고교 전형,자연계열,인공지능학과,3,9,3.0
인천,국립,인천대학교,학생부교과(사회통합),경영대학,경영학부,3,9,3.0
인천,국립,인천대학교,학생부종합(기회균형),인문대학,영어영문학과,3,9,3.0
인천,국립,인천대학교,실기/실적(특기자),예술체육대학,"축구-MF(좌, 중앙, 우)(남)",3,9,3.0
대전,국립,국립한밭대학교,학생부종합(일반)전형,,인공지능소프트웨어학과,3,9,3.0
대전,사립,우송대학교,정원내 학생부 종합 - 종합서류형 전형 (면접X),소프트웨어(SW)융합대학,게임멀티미디어학부 / 게임소프트웨어전공,3,9,3.0
대전,사립,우송대학교,정원내 학생부 종합 - 종합면접형 전형,외식조리대학,"글로벌외식,조리경영전공",3,9,3.0
대전,사립,우송대학교,정원내 학생부 종합 - 종합면접형 전형,외식조리대학,"외식,조리경영전공",3,9,3.0
대전,국립,충남대학교,지역인재전형,인문대학,일어일문학과*,3,9,3.0
대전,국립,충남대학교,학생부종합 면접전형,인문대학,사학과*,3,9,3.0
대전,국립,충남대학교,학생부종합 면접전형,사회과학대학,문헌정보학과*,3,9,3.0
대전,국립,충남대학교,학생부종합 면접전형,사회과학대학,사회복지학과,3,9,3.0
충남,사립,단국대학교(천안),[학생부종합] 사회적배려대상자 경쟁률 현황 (죽전),,도시계획ㆍ부동산학부,3,9,3.0
충남,사립,단국대학교(천안),[학생부종합] 사회적배려대상자 경쟁률 현황 (죽전),,미디어커뮤니케이션학부,3,9,3.0
충남,사립,단국대학교(천안),[학생부교과] 지역균형선발 경쟁률 현황 (죽전),,행정학과,3,9,3.0
충남,사립,단국대학교(천안),[학생부종합] 교육기회배려자(정원외) 경쟁률 현황 (천안),,아시아중동학부(일본학전공),3,9,3.0
충남,사립,상명대학교(천안),정원내 학생부종합(기회균형전형),,스포츠융합자유전공학부,3,9,3.0
충남,사립,순천향대학교,[정원외] 학생부종합(조기취업형계약학과전형),창의라이프대학,와이엠에스(주),3,9,3.0
충북,사립,건국대학교(글로컬),[학생부교과] 사회통합,인문사회융합대학,경찰학과,3,9,3.0
충북,국립,충북대학교,학생부교과(학생부교과전형),사범대학,윤리교육과,3,9,3.0
경기,사립,가천대학교(성남),농어촌(교과) 전형,인문계열,의료산업경영학과,2,6,3.0
경기,사립,가천대학교(성남),농어촌(교과) 전형,자연계열,건축학부,2,6,3.0
경기,사립,가천대학교(성남),특성화고교 전형,자연계열,식품생명공학과,2,6,3.0
경기,사립,가천대학교(성남),기회균형 전형,자연계열,화공생명배터리공학부,2,6,3.0
경기,사립,가천대학교(성남),기회균형 전형,자연계열,건설환경공학과,2,6,3.0
경기,사립,가천대학교(성남),농어촌(종합) 전형,자연계열,바이오로직스학과,2,6,3.0
경기,사립,가톨릭대학교(부천),학생부종합(기회균형Ⅰ전형),,사회학과,2,6,3.0
경기,사립,가톨릭대학교(부천),학생부종합(기회균형Ⅰ전형),,법학과,2,6,3.0
경기,사립,강남대학교,[정원내]학생부교과(농어촌학생전형),인문사회계,유아교육과,2,6,3.0
경기,사립,강남대학교,[정원외]학생부종합(장애인등대상자전형),인문사회계,초등특수교육과,2,6,3.0
경기,사립,경기대학교(수원),학생부교과(교과성적우수자전형),,문헌정보학과,2,6,3.0
경기,사립,경기대학교(수원),학생부교과(농어촌학생전형),,"호텔외식경영학부 / 호텔경영전공, 외식·조리전공",2,6,3.0
경기,사립,경희대학교(용인),서울캠퍼스 학생부종합[기회균형전형Ⅰ(국가보훈·농어촌·수급자·자립아동 등)],자연계열,물리학과,2,6,3.0
경기,사립,경희대학교(용인),국제캠퍼스 학생부교과(지역균형전형),자연계열,환경학및환경공학과,2,6,3.0
경기,사립,경희대학교(용인),국제캠퍼스 학생부교과(지역균형전형),예술계열,디지털콘텐츠학과,2,6,3.0
경기,사립,경희대학교(용인),국제캠퍼스 학생부종합[기회균형전형Ⅰ(국가보훈·농어촌·수급자·자립아동 등)],인문계열,스페인어학과,2,6,3.0
경기,사립,경희대학교(용인),국제캠퍼스 학생부종합[기회균형전형Ⅰ(국가보훈·농어촌·수급자·자립아동 등)],자연계열,산업경영공학과,2,6,3.0
경기,사립,경희대학교(용인),국제캠퍼스 학생부종합[기회균형전형Ⅰ(국가보훈·농어촌·수급자·자립아동 등)],예술계열,시각디자인학과,2,6,3.0
경기,사립,경희대학교(용인),국제캠퍼스 실기우수자전형(체육),체육계열,스포츠지도학과-농구(남)-포워드,2,6,3.0
경기,사립,단국대학교(죽전),[학생부종합] 사회적배려대상자 경쟁률 현황 (죽전),,건축학부(건축공학전공),2,6,3.0
경기,사립,단국대학교(죽전),[학생부종합] 사회적배려대상자 경쟁률 현황 (죽전),,컴퓨터공학과,2,6,3.0
경기,사립,단국대학교(죽전),[학생부종합] 사회적배려대상자 경쟁률 현황 (죽전),,통계데이터사이언스학과,2,6,3.0
경기,사립,단국대학교(죽전),[학생부종합] 농어촌학생(정원외) 경쟁률 현황 (죽전),,융합반도체공학과,2,6,3.0
경기,사립,단국대학교(죽전),[학생부종합] 농어촌학생(정원외) 경쟁률 현황 (죽전),,고분자시스템공학부(융합소재공학전공),2,6,3.0
경기,사립,단국대학교(죽전),[실기/실적위주] 실기우수자 경쟁률 현황 (죽전),,음악학부(관현악전공)-관악(금관)[호른],2,6,3.0
경기,사립,단국대학교(죽전),[학생부종합] 교육기회배려자(정원외) 경쟁률 현황 (천안),,사회복지학과,2,6,3.0
경기,사립,단국대학교(죽전),[학생부종합] 농어촌학생(정원외) 경쟁률 현황 (천안),,사회복지학과,2,6,3.0
경기,사립,단국대학교(죽전),[학생부종합] 농어촌학생(정원외) 경쟁률 현황 (천안),,생명공학부(동물생명공학전공),2,6,3.0
경기,사립,대진대학교,학생부교과(농어촌학생전형-정원외) - 교과100%,인문사회대학,국제통상학과,2,6,3.0
경기,사립,대진대학교,학생부교과(농어촌학생전형-정원외) - 교과100%,예술대학,연기예술학과 [교직] [문화예술사],2,6,3.0
경기,사립,대진대학교,학생부교과(기초생활수급권자 및 차상위계층전형-정원외) - 교과100%,인문사회대학,사회복지학과,2,6,3.0
경기,사립,명지대학교(용인),학생부교과(학교장추천전형),,공간디자인학과,2,6,3.0
경기,사립,명지대학교(용인),학생부종합(농어촌학생전형),,문헌정보학전공,2,6,3.0
경기,사립,명지대학교(용인),학생부종합(농어촌학생전형),,응용통계학전공,2,6,3.0
경기,사립,명지대학교(용인),학생부종합(농어촌학생전형),,융합에너지학전공,2,6,3.0
경기,사립,명지대학교(용인),학생부종합(농어촌학생전형),,컴퓨터AI응용공학부 / AI컴퓨터공학전공,2,6,3.0
경기,사립,명지대학교(용인),실기/실적(특기자전형),,테니스(여),2,6,3.0
경기,사립,성결대학교,[학생부교과] 고른기회Ⅰ,인문사회융합대학,중국어문화학과,2,6,3.0
경기,사립,성결대학교,[학생부교과] 고른기회Ⅰ,IT융합공과대학,산업시스템공학과,2,6,3.0
경기,사립,수원대학교,고운사회전형,지능형SW융합대학,컴퓨터공학부,2,6,3.0
경기,사립,수원대학교,고운사회전형,지능형SW융합대학,지능형보안학부,2,6,3.0
경기,사립,신한대학교(의정부/동두천),실기우수자전형(교과20%+실기80%),,공연예술학과(연출),2,6,3.0
경기,사립,신한대학교(의정부/동두천),특성화고교졸업자전형(교과100%),,실내디자인학과,2,6,3.0
경기,사립,아주대학교,고른기회2전형,,행정학과,2,6,3.0
경기,사립,안양대학교(안양),학생부교과(농어촌학생),,중국언어문화학과,2,6,3.0
경기,사립,안양대학교(안양),학생부교과(농어촌학생),,정보전기전자공학과,2,6,3.0
경기,사립,안양대학교(안양),학생부교과(기회균형),,글로벌경영학과,2,6,3.0
경기,사립,용인대학교,정원내 기회균형 특별전형,체육과학대학,체육계열전공학부,2,6,3.0
경기,사립,용인대학교,정원외 농어촌학생 특별전형,AI바이오융합대학,"AI융합학부-AI,빅데이터",2,6,3.0
경기,사립,용인대학교,정원외 특성화고교졸업자 특별전형,AI바이오융합대학,식품조리학과,2,6,3.0
경기,사립,을지대학교(성남의정부),기회균형(정원내),,의료경영학과,2,6,3.0
경기,국립,한경국립대학교,학생부종합(사회통합_안성)_정원내,,경영학과,2,6,3.0
경기,사립,한국공학대학교,학생부종합(기회균형),,반도체공학부 반도체시스템전공,2,6,3.0
경기,사립,한국공학대학교,학생부종합(기회균형),,메카트로닉스공학부 AI로봇전공,2,6,3.0
경기,사립,한양대학교(ERICA),학생부종합(고른기회),공학대학,로봇공학과,2,6,3.0
경기,사립,한양대학교(ERICA),학생부종합(고른기회),공학대학,해양융합공학과,2,6,3.0
경기,사립,한양대학교(ERICA),학생부종합(고른기회),소프트웨어융합대학,컴퓨터학부(학부 모집),2,6,3.0
경기,사립,한양대학교(ERICA),학생부종합(고른기회),소프트웨어융합대학,인공지능학과,2,6,3.0
경기,사립,한양대학교(ERICA),재능우수자(체육특기),예체능대학,스포츠과학부(축구(남)-FW-중앙),2,6,3.0
경기,사립,협성대학교,정원내 [학생부교과]사회배려자,인문사회과학대학,중국어문화학과,2,6,3.0
경기,사립,협성대학교,정원내 [학생부교과]사회배려자,경영대학,호텔관광경영학과,2,6,3.0
경기,사립,협성대학교,정원외 [학생부교과]기초생활수급자/차상위계층/한부모가족,경영대학,미디어영상광고학과,2,6,3.0
경기,사립,화성의과학대학교,(정원내) 학생부 교과우수자 전형,,태권도학과,2,6,3.0
서울,사립,가톨릭대학교(서울),학생부종합(기회균형Ⅰ전형),,사회학과,2,6,3.0
서울,사립,가톨릭대학교(서울),학생부종합(기회균형Ⅰ전형),,법학과,2,6,3.0
서울,사립,강서대학교,일반학생,,실용음악학과_기악_기타(일반학생),2,6,3.0
서울,사립,강서대학교,사회통합,,간호학과(사회통합),2,6,3.0
서울,사립,건국대학교(서울),학생부종합(기회균형),공과대학,산업공학과,2,6,3.0
서울,사립,건국대학교(서울),학생부종합(기회균형),사회과학대학,국제무역학과,2,6,3.0
서울,사립,경기대학교(서울),학생부교과(교과성적우수자전형),,문헌정보학과,2,6,3.0
서울,사립,경기대학교(서울),학생부교과(농어촌학생전형),,"호텔외식경영학부 / 호텔경영전공, 외식·조리전공",2,6,3.0
서울,사립,경희대학교(서울),서울캠퍼스 학생부종합[기회균형전형Ⅰ(국가보훈·농어촌·수급자·자립아동 등)],자연계열,물리학과,2,6,3.0
서울,사립,경희대학교(서울),국제캠퍼스 학생부교과(지역균형전형),자연계열,환경학및환경공학과,2,6,3.0
서울,사립,경희대학교(서울),국제캠퍼스 학생부교과(지역균형전형),예술계열,디지털콘텐츠학과,2,6,3.0
서울,사립,경희대학교(서울),국제캠퍼스 학생부종합[기회균형전형Ⅰ(국가보훈·농어촌·수급자·자립아동 등)],인문계열,스페인어학과,2,6,3.0
서울,사립,경희대학교(서울),국제캠퍼스 학생부종합[기회균형전형Ⅰ(국가보훈·농어촌·수급자·자립아동 등)],자연계열,산업경영공학과,2,6,3.0
서울,사립,경희대학교(서울),국제캠퍼스 학생부종합[기회균형전형Ⅰ(국가보훈·농어촌·수급자·자립아동 등)],예술계열,시각디자인학과,2,6,3.0
서울,사립,경희대학교(서울),국제캠퍼스 실기우수자전형(체육),체육계열,스포츠지도학과-농구(남)-포워드,2,6,3.0
서울,사립,명지대학교(서울),학생부교과(학교장추천전형),,공간디자인학과,2,6,3.0
서울,사립,명지대학교(서울),학생부종합(농어촌학생전형),,문헌정보학전공,2,6,3.0
서울,사립,명지대학교(서울),학생부종합(농어촌학생전형),,응용통계학전공,2,6,3.0
서울,사립,명지대학교(서울),학생부종합(농어촌학생전형),,융합에너지학전공,2,6,3.0
서울,사립,명지대학교(서울),학생부종합(농어촌학생전형),,컴퓨터AI응용공학부 / AI컴퓨터공학전공,2,6,3.0
서울,사립,명지대학교(서울),실기/실적(특기자전형),,테니스(여),2,6,3.0
서울,사립,삼육대학교,기회균형Ⅰ전형,,건축학과(5년제),2,6,3.0
서울,사립,삼육대학교,농어촌전형,,영어영문학과,2,6,3.0
서울,사립,삼육대학교,농어촌전형,,유아교육과,2,6,3.0
서울,사립,삼육대학교,농어촌전형,,상담심리학과,2,6,3.0
서울,사립,삼육대학교,농어촌전형,,식품영양학과,2,6,3.0
서울,사립,삼육대학교,특성화고교전형,,컴퓨터공학부,2,6,3.0
서울,사립,상명대학교(서울),정원 내 학생부종합(기회균형전형),,화학에너지공학전공,2,6,3.0
서울,사립,서강대학교,학생부종합(서강가치),,수학과,2,6,3.0
서울,사립,서경대학교,실기우수자 전형,,음악학부-피아노,2,6,3.0
서울,국립,서울과학기술대학교,기회균형전형(기회균등),에너지바이오대학,환경공학과,2,6,3.0
서울,국립,서울과학기술대학교,기회균형전형(기회균등),인문사회대학,영어영문학과,2,6,3.0
서울,국립,서울과학기술대학교,기회균형전형(농어촌학생),창의융합대학,인공지능응용학과,2,6,3.0
서울,공립,서울시립대학교,고교추천전형,인공지능융합대학,첨단융합학부-첨단인공지능전공,2,6,3.0
서울,공립,서울시립대학교,기회균형전형Ⅰ,자연과학대학,물리학과,2,6,3.0
서울,공립,서울시립대학교,기회균형전형Ⅰ,도시과학대학,도시공학과,2,6,3.0
서울,공립,서울시립대학교,기회균형전형Ⅰ,도시과학대학,조경학과,2,6,3.0
서울,사립,서울여자대학교,학생부종합(기회균형전형_농어촌학생)[정원외],인문대학,영어영문학과,2,6,3.0
서울,사립,서울여자대학교,학생부종합(기회균형전형_농어촌학생)[정원외],과학기술융합대학,생명환경공학과,2,6,3.0
서울,사립,성신여자대학교,기회균형Ⅰ,,사학과,2,6,3.0
서울,사립,숙명여자대학교,[학생부종합] 농어촌학생전형(정원외),문과대학,역사문화학과,2,6,3.0
서울,사립,숙명여자대학교,[학생부종합] 농어촌학생전형(정원외),사회과학대학,정치외교학과,2,6,3.0
서울,사립,숙명여자대학교,[학생부종합] 특성화고교출신자전형(정원외),생활과학대학,아동복지학부,2,6,3.0
서울,사립,숙명여자대학교,[학생부종합] 특성화고교출신자전형(정원외),미디어학부,미디어학부,2,6,3.0
서울,사립,숭실대학교,학생부종합(SSU미래인재전형-서류형),,물리학과,2,6,3.0
서울,사립,숭실대학교,학생부종합(기회균형전형),,중어중문학과,2,6,3.0
서울,사립,숭실대학교,학생부종합(기회균형전형),,벤처중소기업학과,2,6,3.0
서울,사립,이화여자대학교,학생부종합(고른기회전형),공과대학,휴먼기계바이오공학과,2,6,3.0
서울,사립,장로회신학대학교,정원외 기회균형선발제,,신학과,2,4,3.0
서울,사립,총신대학교,정원내 총신고른기회,사범계열,영어교육과,2,6,3.0
서울,사립,총신대학교,정원내 대안학교출신자,사범계열,기독교교육과,2,6,3.0
서울,국립,한국체육대학교,체육특기자(개인),,체육학과-육상(중장거리)(800M/1500M)[남],2,6,3.0
서울,사립,한성대학교,특성화고교졸업자전형,미래융합사회과학대학,미래융합사회과학대학(야),2,6,3.0
서울,사립,한성대학교,특성화고교졸업자전형,AI디자인대학,AI융합디자인학부,2,6,3.0
서울,사립,한양대학교(서울),학생부종합(고른기회),공과대학,에너지공학과,2,6,3.0
서울,사립,한양대학교(서울),학생부종합(고른기회),공과대학,원자력공학과,2,6,3.0
서울,사립,한양대학교(서울),실기/실적(음악특기자),음악대학,국악과(타악),2,6,3.0
인천,사립,가천대학교(인천),농어촌(교과) 전형,인문계열,의료산업경영학과,2,6,3.0
인천,사립,가천대학교(인천),농어촌(교과) 전형,자연계열,건축학부,2,6,3.0
인천,사립,가천대학교(인천),특성화고교 전형,자연계열,식품생명공학과,2,6,3.0
인천,사립,가천대학교(인천),기회균형 전형,자연계열,화공생명배터리공학부,2,6,3.0
인천,사립,가천대학교(인천),기회균형 전형,자연계열,건설환경공학과,2,6,3.0
인천,사립,가천대학교(인천),농어촌(종합) 전형,자연계열,바이오로직스학과,2,6,3.0
인천,사립,안양대학교(강화),학생부교과(농어촌학생),,중국언어문화학과,2,6,3.0
인천,사립,안양대학교(강화),학생부교과(농어촌학생),,정보전기전자공학과,2,6,3.0
인천,사립,안양대학교(강화),학생부교과(기회균형),,글로벌경영학과,2,6,3.0
인천,사립,인천가톨릭대학교(인천/강화),가톨릭지도자추천,조형예술대학,융합디자인학과 / 기초디자인,2,6,3.0
인천,국립,인천대학교,학생부종합(기회균형),자연과학대학,수학과,2,6,3.0
인천,국립,인천대학교,학생부종합(기회균형),자연과학대학,물리학과,2,6,3.0
인천,국립,인천대학교,학생부종합(기회균형),인공지능대학,인공지능시스템공학과,2,6,3.0
인천,사립,인하대학교,학생부종합 고른기회,공과대학,고분자공학과,2,6,3.0
인천,사립,인하대학교,학생부종합 고른기회,AI융합대학,스마트모빌리티공학과,2,6,3.0
인천,사립,인하대학교,학생부종합 농어촌학생,공과대학,고분자공학과,2,6,3.0
인천,사립,인하대학교,학생부종합 농어촌학생,사범대학,수학교육과,2,6,3.0
인천,사립,인하대학교,학생부종합 농어촌학생,사회과학대학,행정학과,2,6,3.0
대전,국립,국립한밭대학교,학생부종합(소프트웨어인재)전형,,인공지능소프트웨어학과,2,6,3.0
대전,국립,국립한밭대학교,농어촌학생전형,,일본어과,2,6,3.0
대전,국립,국립한밭대학교,농어촌학생전형,,중국어과,2,6,3.0
대전,국립,국립한밭대학교,사회적배려자전형,,기계공학과,2,6,3.0
대전,사립,우송대학교,정원내 학생부 교과 - 자기추천 전형 (교과100% / 12과목 반영),외식조리대학,글로벌제과제빵학과,2,6,3.0
대전,사립,을지대학교(대전),기회균형(정원내),,의료경영학과,2,6,3.0
대전,국립,충남대학교,지역인재전형,사범대학,영어교육과,2,6,3.0
대전,국립,충남대학교,지역인재전형,사범대학,수학교육과,2,6,3.0
대전,국립,충남대학교,기회균형선발Ⅰ전형,공과대학,유기재료공학과,2,6,3.0
대전,국립,충남대학교,학생부종합 면접전형,농업생명과학대학,생물환경화학과,2,6,3.0
대전,국립,충남대학교,학생부종합 서류전형,사회과학대학,사회학과*,2,6,3.0
대전,국립,충남대학교,학생부종합 서류전형,자연과학대학,천문우주과학과,2,6,3.0
대전,국립,충남대학교,학생부종합 서류전형,농업생명과학대학,식물자원학과,2,6,3.0
대전,국립,충남대학교,학생부종합 서류전형,농업생명과학대학,동물바이오시스템과학과*,2,6,3.0
대전,국립,충남대학교,학생부종합 서류전형,농업생명과학대학,지역환경토목학과,2,6,3.0
대전,국립,충남대학교,기회균형선발Ⅱ전형,경상대학,경영학부,2,6,3.0
대전,국립,충남대학교,기회균형선발Ⅱ전형,공과대학,기계공학부,2,6,3.0
대전,국립,충남대학교,체육특기자전형,사범대학,체육교육과(체조),2,6,3.0
대전,국립,충남대학교,농어촌학생전형,공과대학,토목공학과,2,6,3.0
대전,국립,충남대학교,농어촌학생전형,공과대학,정보통신융합학부,2,6,3.0
대전,국립,충남대학교,농어촌학생전형,공과대학,유기재료공학과,2,6,3.0
충남,국립,국립공주대학교,학생부종합전형  특성화고교졸업자전형(정원외),인문사회과학대학,경영학과,2,6,3.0
충남,국립,국립공주대학교,학생부교과전형  지역인재전형(정원내),사범대학,경영·금융교육과,2,6,3.0
충남,국립,국립공주대학교,학생부교과전형  지역인재전형(정원내),사범대학,지구과학교육과,2,6,3.0
충남,국립,국립공주대학교,학생부교과전형  농어촌학생전형(정원외),사범대학,영어교육과,2,6,3.0
충남,국립,국립공주대학교,학생부교과전형  농어촌학생전형(정원외),인문사회과학대학,경영학과,2,6,3.0
충남,국립,국립공주대학교,학생부교과전형  농어촌학생전형(정원외),산업과학대학,동물생명과학과,2,6,3.0
충남,국립,국립공주대학교,실기/실적전형  특기자전형(정원내),자연과학대학,스포츠과학과 / 골프,2,6,3.0
충남,사립,나사렛대학교,지역인재1(학생부교과),,물리치료학과,2,6,3.0
충남,사립,단국대학교(천안),[학생부종합] 사회적배려대상자 경쟁률 현황 (죽전),,건축학부(건축공학전공),2,6,3.0
충남,사립,단국대학교(천안),[학생부종합] 사회적배려대상자 경쟁률 현황 (죽전),,컴퓨터공학과,2,6,3.0
충남,사립,단국대학교(천안),[학생부종합] 사회적배려대상자 경쟁률 현황 (죽전),,통계데이터사이언스학과,2,6,3.0
충남,사립,단국대학교(천안),[학생부종합] 농어촌학생(정원외) 경쟁률 현황 (죽전),,융합반도체공학과,2,6,3.0
충남,사립,단국대학교(천안),[학생부종합] 농어촌학생(정원외) 경쟁률 현황 (죽전),,고분자시스템공학부(융합소재공학전공),2,6,3.0
충남,사립,단국대학교(천안),[실기/실적위주] 실기우수자 경쟁률 현황 (죽전),,음악학부(관현악전공)-관악(금관)[호른],2,6,3.0
충남,사립,단국대학교(천안),[학생부종합] 교육기회배려자(정원외) 경쟁률 현황 (천안),,사회복지학과,2,6,3.0
충남,사립,단국대학교(천안),[학생부종합] 농어촌학생(정원외) 경쟁률 현황 (천안),,사회복지학과,2,6,3.0
충남,사립,단국대학교(천안),[학생부종합] 농어촌학생(정원외) 경쟁률 현황 (천안),,생명공학부(동물생명공학전공),2,6,3.0
충남,사립,백석대학교,정원내 모집 실기위주 (예·체능계열) 체육특기자,,수영-경영,2,6,3.0
충남,사립,상명대학교(천안),정원외 학생부교과(특성화고교졸업자전형),,식품공학과 / 2,2,1,3.0
충남,사립,상명대학교(천안),정원외 학생부종합(조기취업형계약학과전형),,(주) 지아이텍,2,6,3.0
충남,사립,순천향대학교,[정원내] 학생부교과(기회균형전형),자연과학대학,생명과학과,2,6,3.0
충남,사립,순천향대학교,[정원내] 학생부교과(기회균형전형),공과대학,에너지환경공학과,2,6,3.0
충남,사립,순천향대학교,[정원내] 학생부종합(사회통합전형),인문사회과학대학,사회복지학과,2,6,3.0
충남,사립,순천향대학교,[정원내] 학생부종합(사회통합전형),AI의료융합혁신교육원,헬스케어서비스스쿨(작업치료학전공),2,6,3.0
충남,사립,한국기술교육대학교,특성화고졸업자[정원외],,기계공학부,2,6,3.0
충남,사립,한국기술교육대학교,특성화고졸업자[정원외],,메카트로닉스공학부,2,6,3.0
충남,사립,호서대학교,- 정원내 학생부교과 기회균형전형,,게임소프트웨어학과,2,6,3.0
충남,사립,호서대학교,- 정원외 학생부교과 농어촌학생전형,,동물보건복지학과,2,6,3.0
충남,사립,호서대학교,- 정원외 학생부교과 특성화고교졸업자전형,,건축학과,2,6,3.0
충북,사립,건국대학교(글로컬),[학생부교과] 지역인재,인문사회융합대학,문헌정보학과,2,6,3.0
충북,사립,세명대학교,사회배려자및봉사자전형(정원내),인문사회,소방방재학과,2,6,3.0
충북,국립,충북대학교,학생부종합(농어촌학생전형),자연과학대학,생물학과,2,6,3.0
충북,국립,충북대학교,학생부종합(농어촌학생전형),공과대학,화학공학과,2,6,3.0
충북,국립,충북대학교,학생부종합(농어촌학생전형),전자정보대학,전기공학부,2,6,3.0
충북,국립,충북대학교,학생부종합(농어촌학생전형),전자정보대학,컴퓨터공학과,2,6,3.0
충북,국립,충북대학교,학생부종합(농어촌학생전형),전자정보대학,지능로봇공학과,2,6,3.0
충북,국립,충북대학교,학생부종합(농어촌학생전형),농업생명환경대학,식품생명공학과,2,6,3.0
충북,국립,충북대학교,학생부종합(농어촌학생전형),농업생명환경대학,농업경제학과,2,6,3.0
충북,국립,충북대학교,학생부교과(경제배려대상자전형),경영대학,경영학부,2,6,3.0
충북,국립,충북대학교,학생부교과(특성화고출신자전형),경영대학,국제경영학과,2,6,3.0
충북,국립,충북대학교,학생부교과(특성화고출신자전형),공과대학,토목공학부,2,6,3.0
경기,사립,가천대학교(성남),지역의사선발 전형,자연계열,의예과 / 경기도 의정부권,1,3,3.0
경기,사립,가천대학교(성남),지역의사선발 전형,자연계열,경기도 이천권,1,3,3.0
경기,사립,가천대학교(성남),지역의사선발 전형,자연계열,경기도 포천권,1,3,3.0
경기,사립,가천대학교(성남),지역의사선발 전형,자연계열,인천 중부권,1,3,3.0
경기,사립,가천대학교(성남),농어촌(교과) 전형,인문계열,응용통계학과,1,3,3.0
경기,사립,가천대학교(성남),농어촌(교과) 전형,자연계열,치위생학과,1,3,3.0
경기,사립,가천대학교(성남),기회균형 전형,자연계열,컴퓨터공학과,1,3,3.0
경기,사립,가톨릭대학교(부천),실기우수자전형,,플루트,1,3,3.0
경기,사립,경희대학교(용인),국제캠퍼스 실기우수자전형(체육),체육계열,스포츠지도학과-배구(남)-아웃사이드히터(OH),1,3,3.0
경기,사립,경희대학교(용인),국제캠퍼스 실기우수자전형(체육),체육계열,"스포츠지도학과-자전거(로드, 트랙)",1,3,3.0
경기,사립,단국대학교(죽전),[학생부종합] 특수교육대상자(정원외) 경쟁률 현황 (죽전),,도시계획ㆍ부동산학부,1,3,3.0
경기,사립,단국대학교(죽전),[학생부종합] 특수교육대상자(정원외) 경쟁률 현황 (죽전),,미디어커뮤니케이션학부,1,3,3.0
경기,사립,단국대학교(죽전),[학생부종합] 특수교육대상자(정원외) 경쟁률 현황 (죽전),,인프라건설공학과,1,3,3.0
경기,사립,단국대학교(죽전),[실기/실적위주] 실기우수자 경쟁률 현황 (죽전),,음악학부(국악전공)-성악(정가),1,3,3.0
경기,사립,단국대학교(죽전),[학생부종합] 사회적배려대상자 경쟁률 현황 (천안),,유럽중남미학부(스페인중남미학전공),1,3,3.0
경기,사립,단국대학교(죽전),[학생부종합] 농어촌학생(정원외) 경쟁률 현황 (천안),,유럽중남미학부(독일학전공),1,3,3.0
경기,사립,단국대학교(죽전),[학생부종합] 농어촌학생(정원외) 경쟁률 현황 (천안),,유럽중남미학부(프랑스학전공),1,3,3.0
경기,사립,단국대학교(죽전),[학생부종합] 농어촌학생(정원외) 경쟁률 현황 (천안),,글로벌한국어과,1,3,3.0
경기,사립,단국대학교(죽전),[학생부종합] 농어촌학생(정원외) 경쟁률 현황 (천안),,코스메디컬소재학과,1,3,3.0
경기,사립,단국대학교(죽전),[실기/실적위주] 체육특기자 경쟁률 현황 (천안),,국제스포츠학부(국제스포츠전공)(남)-축구(MF-DM),1,3,3.0
경기,사립,단국대학교(죽전),[실기/실적위주] 체육특기자 경쟁률 현황 (천안),,국제스포츠학부(태권도전공)(남)-겨루기(라이트),1,3,3.0
경기,사립,명지대학교(용인),학생부교과(특수교육대상자전형),,융합에너지학전공,1,3,3.0
경기,사립,명지대학교(용인),학생부교과(특수교육대상자전형),,전통건축학전공,1,3,3.0
경기,사립,명지대학교(용인),학생부종합(농어촌학생전형),,전자공학전공,1,3,3.0
경기,사립,명지대학교(용인),실기/실적(특기자전형),,빙상(피겨),1,3,3.0
경기,사립,명지대학교(용인),실기/실적(특기자전형),,아포짓 스파이커(OP),1,3,3.0
경기,사립,서울신학대학교,[실적/실기위주]실기전형,,실용음악과(뮤직프로듀싱),1,3,3.0
경기,사립,성균관대학교(수원),실기/실적(예체능 특기자),,배구-미들블로커,1,3,3.0
경기,사립,성균관대학교(수원),실기/실적(예체능 특기자),,배구-아웃사이드히터,1,3,3.0
경기,사립,수원대학교,고운사회전형,라이프케어사이언스대학,식품영양학과,1,3,3.0
경기,사립,아주대학교,고른기회1전형,,화학공학과,1,3,3.0
경기,사립,아주대학교,고른기회1전형,,사학과,1,3,3.0
경기,사립,아주대학교,지역의사선발전형,,경기도 남양주권,1,3,3.0
경기,사립,아주대학교,지역의사선발전형,,경기도 포천권,1,3,3.0
경기,사립,아주대학교,지역의사선발전형,,인천광역시 인천서북권,1,3,3.0
경기,사립,아주대학교,특수교육대상자전형(정원외),,행정학과,1,3,3.0
경기,사립,안양대학교(안양),학생부종합(고른기회),,국어국문학과,1,3,3.0
경기,사립,안양대학교(안양),학생부종합(고른기회),,관광경영학과(교직),1,3,3.0
경기,사립,용인대학교,정원외 기초생활수급자 및 차상위계층 특별전형,체육과학대학,스포츠레저학과,1,3,3.0
경기,사립,용인대학교,정원외 농어촌학생 특별전형,AI바이오융합대학,식품영양학과,1,3,3.0
경기,사립,용인대학교,정원외 특성화고교졸업자 특별전형,문화예술대학,연극학과-연기,1,3,3.0
경기,사립,을지대학교(성남의정부),지역의사선발,,"충청남도 서산권(서산시, 당진시, 태안군)",1,3,3.0
경기,사립,을지대학교(성남의정부),지역의사선발,,"충청남도 홍성군(보령시, 청양군, 홍성군, 예산군)",1,3,3.0
경기,사립,을지대학교(성남의정부),기회균형(정원외),,의료경영학과,1,3,3.0
경기,사립,을지대학교(성남의정부),특성화고교 졸업자,,자유전공학부(의정부),1,3,3.0
경기,국립,한경국립대학교,학생부교과(지역균형선발_안성)_정원내,,건축학과(5년제),1,3,3.0
경기,국립,한경국립대학교,학생부종합(사회통합_안성)_정원내,,건축학과(5년제),1,3,3.0
경기,국립,한경국립대학교,학생부교과(농어촌학생)_정원외,,영미언어문화학과,1,3,3.0
경기,국립,한경국립대학교,학생부교과(농어촌학생)_정원외,,동물생명과학과,1,3,3.0
경기,국립,한경국립대학교,학생부교과(농어촌학생)_정원외,,동물응용과학과,1,3,3.0
경기,국립,한경국립대학교,학생부교과(농어촌학생)_정원외,,원예생명공학과,1,3,3.0
경기,국립,한경국립대학교,학생부교과(농어촌학생)_정원외,,환경공학과,1,3,3.0
경기,국립,한경국립대학교,학생부교과(농어촌학생)_정원외,,제품공간디자인학과,1,3,3.0
경기,국립,한경국립대학교,학생부교과(기초생활수급자 및 차상위계층 등)_정원외,,생명자원과학대학,1,3,3.0
경기,사립,한국공학대학교,학생부교과(특성화고교졸업자),,인공지능학과,1,3,3.0
경기,사립,한국공학대학교,학생부교과(특성화고교졸업자),,메카트로닉스공학부 메카트로닉스전공,1,3,3.0
경기,사립,한신대학교,농어촌학생,문화콘텐츠계열,디지털영상문화콘텐츠학,1,3,3.0
경기,사립,한양대학교(ERICA),재능우수자(체육특기),예체능대학,스포츠과학부(축구(남)-GK),1,3,3.0
경기,사립,한양대학교(ERICA),재능우수자(체육특기),예체능대학,스포츠과학부(축구(남)-FW-오른쪽),1,3,3.0
경기,사립,협성대학교,정원외 [학생부교과]농어촌학생,예술대학,산업디자인학과,1,3,3.0
경기,사립,협성대학교,정원외 [학생부교과]특성화고교졸업자,경영대학,미디어영상광고학과,1,3,3.0
경기,사립,협성대학교,정원외 [학생부교과]특성화고교졸업자,이공대학,소프트웨어공학과,1,3,3.0
경기,사립,협성대학교,정원외 [학생부교과]기초생활수급자/차상위계층/한부모가족,인문사회과학대학,아동보육학과,1,3,3.0
경기,사립,협성대학교,정원외 [학생부교과]기초생활수급자/차상위계층/한부모가족,이공대학,보건관리학과,1,3,3.0
경기,사립,화성의과학대학교,(정원내) 기회균형 특별전형,,태권도학과,1,3,3.0
서울,사립,가톨릭대학교(서울),실기우수자전형,,플루트,1,3,3.0
서울,사립,건국대학교(서울),학생부종합(기회균형),문과대학,국어국문학과,1,3,3.0
서울,사립,건국대학교(서울),학생부종합(기회균형),융합생명과학대학,동물자원과학과,1,3,3.0
서울,사립,건국대학교(서울),학생부종합(특성화고교졸업자),공과대학,화공·생명·에너지공학부,1,3,3.0
서울,사립,건국대학교(서울),학생부종합(특성화고교졸업자),공과대학,항공우주·모빌리티공학과,1,3,3.0
서울,사립,경희대학교(서울),국제캠퍼스 실기우수자전형(체육),체육계열,스포츠지도학과-배구(남)-아웃사이드히터(OH),1,3,3.0
서울,사립,경희대학교(서울),국제캠퍼스 실기우수자전형(체육),체육계열,"스포츠지도학과-자전거(로드, 트랙)",1,3,3.0
서울,사립,고려대학교(서울),서울캠퍼스 학생부종합(고른기회전형),문과대학,언어학과,1,3,3.0
서울,사립,동덕여자대학교,기회균형 특별전형,인문대학,국어국문학전공,1,3,3.0
서울,사립,명지대학교(서울),학생부교과(특수교육대상자전형),,융합에너지학전공,1,3,3.0
서울,사립,명지대학교(서울),학생부교과(특수교육대상자전형),,전통건축학전공,1,3,3.0
서울,사립,명지대학교(서울),학생부종합(농어촌학생전형),,전자공학전공,1,3,3.0
서울,사립,명지대학교(서울),실기/실적(특기자전형),,빙상(피겨),1,3,3.0
서울,사립,명지대학교(서울),실기/실적(특기자전형),,아포짓 스파이커(OP),1,3,3.0
서울,사립,삼육대학교,예체능인재전형(체육),,테니스,1,3,3.0
서울,국립,서울과학기술대학교,기회균형전형(국가보훈대상자),정보통신대학,전기정보공학과,1,3,3.0
서울,국립,서울과학기술대학교,기회균형전형(국가보훈대상자),에너지바이오대학,식품생명공학과,1,3,3.0
서울,국립,서울과학기술대학교,기회균형전형(국가보훈대상자),에너지바이오대학,정밀화학과,1,3,3.0
서울,국립,서울과학기술대학교,기회균형전형(농어촌학생),에너지바이오대학,화공생명공학과,1,3,3.0
서울,국립,서울과학기술대학교,기회균형전형(농어촌학생),에너지바이오대학,양자융합물리학과,1,3,3.0
서울,국립,서울과학기술대학교,기회균형전형(농어촌학생),인문사회대학,행정학과,1,3,3.0
서울,사립,서울여자대학교,실기/실적(실기우수자전형_체육),사회과학대학,체조(리듬),1,1,3.0
서울,사립,성균관대학교(서울),실기/실적(예체능 특기자),,배구-미들블로커,1,3,3.0
서울,사립,성균관대학교(서울),실기/실적(예체능 특기자),,배구-아웃사이드히터,1,3,3.0
서울,사립,세종대학교,실기/실적(예체능특기자 전형),예체능,체육학과-골프,1,3,3.0
서울,사립,숙명여자대학교,[학생부종합] 기회균형전형,사회과학대학,행정학과,1,3,3.0
서울,사립,숙명여자대학교,[학생부종합] 기회균형전형,생활과학대학,의류학과,1,3,3.0
서울,사립,숙명여자대학교,[학생부종합] 기회균형전형,생활과학대학,식품영양학과,1,3,3.0
서울,사립,숭실대학교,학생부종합(특수교육대상자전형),,국어국문학과,1,3,3.0
서울,사립,숭실대학교,학생부종합(특수교육대상자전형),,일어일문학과,1,3,3.0
서울,사립,숭실대학교,학생부종합(특수교육대상자전형),,철학과,1,3,3.0
서울,사립,숭실대학교,학생부종합(특수교육대상자전형),,평생교육학과,1,3,3.0
서울,사립,이화여자대학교,학생부종합(고른기회전형),사범대학,사회과교육과 지리교육전공,1,3,3.0
서울,사립,이화여자대학교,학생부종합(사회기여자전형),사회과학대학,커뮤니케이션·미디어학부,1,3,3.0
서울,사립,이화여자대학교,학생부종합(사회기여자전형),자연과학대학,생명과학과,1,3,3.0
서울,사립,이화여자대학교,학생부종합(사회기여자전형),공과대학,화공신소재공학과,1,3,3.0
서울,사립,이화여자대학교,학생부종합(사회기여자전형),사범대학,과학교육과,1,3,3.0
서울,사립,이화여자대학교,학생부종합(사회기여자전형),간호대학,간호학부,1,3,3.0
서울,사립,총신대학교,정원내 교과우수자,인문사회계열,중독상담학과,1,3,3.0
서울,국립,한국체육대학교,체육특기자(개인),,체육학과-역도[남] 70kg,1,3,3.0
서울,국립,한국체육대학교,체육특기자(개인),,체육학과-역도[남] 85kg,1,3,3.0
서울,국립,한국체육대학교,체육특기자(개인),,체육학과-카누-MK-1 500M[남],1,3,3.0
서울,국립,한국체육대학교,체육특기자(개인),,체육학과-카누-WK-1 500M[여],1,3,3.0
서울,국립,한국체육대학교,체육특기자(단체),,체육학과-핸드볼-G.K[남],1,3,3.0
서울,사립,한성대학교,특성화고교졸업자전형,AI디자인대학,AI패션학부(야),1,3,3.0
서울,사립,한양대학교(서울),실기/실적(체육특기자),예술체육대학,스포츠산업과학부(스포츠사이언스전공)(농구(남)가드),1,3,3.0
서울,사립,한양대학교(서울),실기/실적(체육특기자),예술체육대학,스포츠산업과학부(스포츠사이언스전공)(농구(남)센터),1,3,3.0
서울,사립,홍익대학교(서울),고른기회Ⅰ전형,건축도시대학,도시공학과,1,3,3.0
서울,사립,홍익대학교(서울),고른기회Ⅰ전형,,경제학부,1,3,3.0
서울,사립,홍익대학교(서울),고른기회Ⅱ전형,사범대학,국어교육과,1,3,3.0
서울,사립,홍익대학교(서울),고른기회Ⅱ전형,법과대학,법학부,1,3,3.0
서울,사립,홍익대학교(서울),기초생활수급자·차상위계층전형,사범대학,영어교육과,1,3,3.0
서울,사립,홍익대학교(서울),기초생활수급자·차상위계층전형,,경제학부,1,3,3.0
서울,사립,홍익대학교(서울),농어촌학생전형,미술대학,예술학과,1,3,3.0
서울,사립,홍익대학교(서울),농어촌학생전형,미술대학,목조형가구학과,1,3,3.0
인천,사립,가천대학교(인천),지역의사선발 전형,자연계열,의예과 / 경기도 의정부권,1,3,3.0
인천,사립,가천대학교(인천),지역의사선발 전형,자연계열,경기도 이천권,1,3,3.0
인천,사립,가천대학교(인천),지역의사선발 전형,자연계열,경기도 포천권,1,3,3.0
인천,사립,가천대학교(인천),지역의사선발 전형,자연계열,인천 중부권,1,3,3.0
인천,사립,가천대학교(인천),농어촌(교과) 전형,인문계열,응용통계학과,1,3,3.0
인천,사립,가천대학교(인천),농어촌(교과) 전형,자연계열,치위생학과,1,3,3.0
인천,사립,가천대학교(인천),기회균형 전형,자연계열,컴퓨터공학과,1,3,3.0
인천,사립,안양대학교(강화),학생부종합(고른기회),,국어국문학과,1,3,3.0
인천,사립,안양대학교(강화),학생부종합(고른기회),,관광경영학과(교직),1,3,3.0
인천,국립,인천대학교,학생부교과(사회통합),인문대학,불어불문학과,1,3,3.0
인천,국립,인천대학교,학생부교과(사회통합),자연과학대학,수학과,1,3,3.0
인천,국립,인천대학교,학생부교과(사회통합),자연과학대학,물리학과,1,3,3.0
인천,국립,인천대학교,학생부교과(사회통합),자연과학대학,해양학과,1,3,3.0
인천,국립,인천대학교,학생부교과(사회통합),사회과학대학,미디어커뮤니케이션학과,1,3,3.0
인천,국립,인천대학교,학생부교과(사회통합),글로벌정경대학,행정학과,1,3,3.0
인천,국립,인천대학교,학생부교과(사회통합),글로벌정경대학,소비자학과,1,3,3.0
인천,국립,인천대학교,학생부교과(사회통합),도시과학대학,도시행정학과,1,3,3.0
인천,국립,인천대학교,학생부종합(기회균형),도시과학대학,도시환경공학부 환경공학전공,1,3,3.0
인천,국립,인천대학교,실기/실적(특기자),예술체육대학,사격-공기권총(남),1,3,3.0
인천,국립,인천대학교,학생부종합(특수교육대상자)(정원 외),인문대학,불어불문학과,1,3,3.0
인천,국립,인천대학교,학생부종합(특수교육대상자)(정원 외),인문대학,중어중국학과,1,3,3.0
인천,국립,인천대학교,학생부종합(특수교육대상자)(정원 외),사회과학대학,문헌정보학과,1,3,3.0
인천,국립,인천대학교,학생부종합(특수교육대상자)(정원 외),글로벌정경대학,행정학과,1,3,3.0
인천,국립,인천대학교,학생부종합(특수교육대상자)(정원 외),사범대학,영어교육과,1,3,3.0
인천,사립,인하대학교,학생부종합 지역의사선발,의과대학,"의예과 / 경기도 의정부권(의정부시, 동두천시, 양주시, 연천군)",1,3,3.0
인천,사립,인하대학교,학생부종합 지역의사선발,의과대학,"인천광역시 인천중부권(제물포구, 영종구, 미추홀구, 옹진군)",1,3,3.0
인천,사립,인하대학교,실기/실적 체육특기자,사범대학,배구(남)리베로,1,3,3.0
인천,사립,인하대학교,실기/실적 체육특기자,예술체육대학,배구(남)레프트(아웃사이더 히터),1,3,3.0
인천,사립,인하대학교,실기/실적 체육특기자,예술체육대학,유도(남)유도(전체급),1,3,3.0
대전,사립,건양대학교(대전),특성화고교졸업자전형,,스마트팜학부,1,3,3.0
대전,사립,건양대학교(대전),특성화고교졸업자전형,,글로벌의료뷰티학전공 [교직],1,3,3.0
대전,국립,국립한밭대학교,농어촌학생전형,,건축학과(5년제),1,3,3.0
대전,국립,국립한밭대학교,특성화고교졸업자전형,,전자공학과,1,3,3.0
대전,국립,국립한밭대학교,특성화고교졸업자전형,,인공지능소프트웨어학과,1,3,3.0
대전,국립,국립한밭대학교,사회적배려자전형,,건축공학과,1,3,3.0
대전,사립,을지대학교(대전),지역의사선발,,"충청남도 서산권(서산시, 당진시, 태안군)",1,3,3.0
대전,사립,을지대학교(대전),지역의사선발,,"충청남도 홍성군(보령시, 청양군, 홍성군, 예산군)",1,3,3.0
대전,사립,을지대학교(대전),기회균형(정원외),,의료경영학과,1,3,3.0
대전,사립,을지대학교(대전),특성화고교 졸업자,,자유전공학부(의정부),1,3,3.0
대전,국립,충남대학교,기회균형선발Ⅰ전형,인문대학,독어독문학과*,1,3,3.0
대전,국립,충남대학교,기회균형선발Ⅰ전형,인문대학,중어중문학과*,1,3,3.0
대전,국립,충남대학교,기회균형선발Ⅰ전형,인문대학,언어학과,1,3,3.0
대전,국립,충남대학교,기회균형선발Ⅰ전형,인문대학,사학과*,1,3,3.0
대전,국립,충남대학교,기회균형선발Ⅰ전형,인문대학,철학과*,1,3,3.0
대전,국립,충남대학교,기회균형선발Ⅰ전형,사회과학대학,도시·자치융합학과,1,3,3.0
대전,국립,충남대학교,기회균형선발Ⅰ전형,자연과학대학,물리학과*,1,3,3.0
대전,국립,충남대학교,기회균형선발Ⅰ전형,자연과학대학,지질환경과학과*,1,3,3.0
대전,국립,충남대학교,기회균형선발Ⅰ전형,자연과학대학,해양환경과학과*,1,3,3.0
대전,국립,충남대학교,기회균형선발Ⅰ전형,농업생명과학대학,식물자원학과,1,3,3.0
대전,국립,충남대학교,기회균형선발Ⅰ전형,농업생명과학대학,응용생물학과*,1,3,3.0
대전,국립,충남대학교,기회균형선발Ⅱ전형,인문대학,국어국문학과,1,3,3.0
대전,국립,충남대학교,기회균형선발Ⅱ전형,인문대학,중어중문학과*,1,3,3.0
대전,국립,충남대학교,기회균형선발Ⅱ전형,자연과학대학,지질환경과학과*,1,3,3.0
대전,국립,충남대학교,기회균형선발Ⅱ전형,공과대학,스마트시티건축공학과,1,3,3.0
대전,국립,충남대학교,기회균형선발Ⅱ전형,공과대학,메카트로닉스공학과,1,3,3.0
대전,국립,충남대학교,기회균형선발Ⅱ전형,공과대학,전자공학과,1,3,3.0
대전,국립,충남대학교,기회균형선발Ⅱ전형,공과대학,신소재공학과,1,3,3.0
대전,국립,충남대학교,기회균형선발Ⅱ전형,농업생명과학대학,식품공학과,1,3,3.0
대전,국립,충남대학교,기회균형선발Ⅱ전형,생명시스템과학대학,생물과학과*,1,3,3.0
대전,국립,충남대학교,체육특기자전형,자연과학대학,스포츠과학과(배구-리베로),1,3,3.0
대전,국립,충남대학교,농어촌학생전형,사범대학,국어교육과,1,3,3.0
대전,국립,충남대학교,농어촌학생전형,사범대학,영어교육과,1,3,3.0
대전,국립,충남대학교,농어촌학생전형,자연과학대학,생화학과,1,3,3.0
대전,국립,충남대학교,농어촌학생전형,공과대학,건축학과(5년제),1,3,3.0
대전,국립,충남대학교,농어촌학생전형,농업생명과학대학,식물자원학과,1,3,3.0
대전,국립,충남대학교,농어촌학생전형,농업생명과학대학,원예학과,1,3,3.0
대전,국립,충남대학교,농어촌학생전형,농업생명과학대학,식품공학과,1,3,3.0
대전,국립,충남대학교,농어촌학생전형,사범대학,기술교육과,1,3,3.0
대전,국립,충남대학교,농어촌학생전형,생명시스템과학대학,미생물·분자생명과학과,1,3,3.0
대전,국립,충남대학교,저소득층학생전형,사회과학대학,행정학부,1,3,3.0
대전,국립,충남대학교,저소득층학생전형,자연과학대학,해양환경과학과*,1,3,3.0
대전,국립,충남대학교,저소득층학생전형,공과대학,스마트시티건축공학과,1,3,3.0
대전,국립,충남대학교,저소득층학생전형,공과대학,메카트로닉스공학과,1,3,3.0
대전,국립,충남대학교,저소득층학생전형,농업생명과학대학,식품공학과,1,3,3.0
대전,국립,충남대학교,특수교육대상자전형,사회과학대학,정치외교학과,1,3,3.0
대전,국립,충남대학교,만학도전형(종합),인문대학,철학과*,1,3,3.0
세종,사립,고려대학교(세종),학생부종합(지역인재-사회배려자전형),약학대학,약학과,1,3,3.0
세종,사립,고려대학교(세종),학생부종합(기회균형전형),과학기술대학,신소재화학과,1,3,3.0
세종,사립,고려대학교(세종),학생부종합(기회균형전형),과학기술대학,미래모빌리티학과,1,3,3.0
세종,사립,고려대학교(세종),학생부종합(특성화고교졸업자전형),과학기술대학,전자·기계융합공학과,1,3,3.0
세종,사립,홍익대학교(세종),고른기회Ⅰ전형,,광고홍보학부,1,3,3.0
충남,사립,건양대학교(논산),특성화고교졸업자전형,,스마트팜학부,1,3,3.0
충남,사립,건양대학교(논산),특성화고교졸업자전형,,글로벌의료뷰티학전공 [교직],1,3,3.0
충남,국립,국립공주대학교,학생부종합전형  특성화고교졸업자전형(정원외),간호보건대학,보건행정학과,1,3,3.0
충남,국립,국립공주대학교,학생부종합전형  특성화고교졸업자전형(정원외),천안공과대학,화학공학부,1,3,3.0
충남,국립,국립공주대학교,학생부종합전형  특성화고교졸업자전형(정원외),산업과학대학,원예학과,1,3,3.0
충남,국립,국립공주대학교,학생부종합전형  특성화고교졸업자전형(정원외),산업과학대학,식품영양학과,1,3,3.0
충남,국립,국립공주대학교,학생부교과전형  농어촌학생전형(정원외),사범대학,특수교육과,1,3,3.0
충남,국립,국립공주대학교,학생부교과전형  농어촌학생전형(정원외),사범대학,생물교육과,1,3,3.0
충남,국립,국립공주대학교,학생부교과전형  농어촌학생전형(정원외),인문사회과학대학,불어불문학과,1,3,3.0
충남,국립,국립공주대학교,학생부교과전형  농어촌학생전형(정원외),자연과학대학,데이터정보물리학과,1,3,3.0
충남,사립,단국대학교(천안),[학생부종합] 특수교육대상자(정원외) 경쟁률 현황 (죽전),,도시계획ㆍ부동산학부,1,3,3.0
충남,사립,단국대학교(천안),[학생부종합] 특수교육대상자(정원외) 경쟁률 현황 (죽전),,미디어커뮤니케이션학부,1,3,3.0
충남,사립,단국대학교(천안),[학생부종합] 특수교육대상자(정원외) 경쟁률 현황 (죽전),,인프라건설공학과,1,3,3.0
충남,사립,단국대학교(천안),[실기/실적위주] 실기우수자 경쟁률 현황 (죽전),,음악학부(국악전공)-성악(정가),1,3,3.0
충남,사립,단국대학교(천안),[학생부종합] 사회적배려대상자 경쟁률 현황 (천안),,유럽중남미학부(스페인중남미학전공),1,3,3.0
충남,사립,단국대학교(천안),[학생부종합] 농어촌학생(정원외) 경쟁률 현황 (천안),,유럽중남미학부(독일학전공),1,3,3.0
충남,사립,단국대학교(천안),[학생부종합] 농어촌학생(정원외) 경쟁률 현황 (천안),,유럽중남미학부(프랑스학전공),1,3,3.0
충남,사립,단국대학교(천안),[학생부종합] 농어촌학생(정원외) 경쟁률 현황 (천안),,글로벌한국어과,1,3,3.0
충남,사립,단국대학교(천안),[학생부종합] 농어촌학생(정원외) 경쟁률 현황 (천안),,코스메디컬소재학과,1,3,3.0
충남,사립,단국대학교(천안),[실기/실적위주] 체육특기자 경쟁률 현황 (천안),,국제스포츠학부(국제스포츠전공)(남)-축구(MF-DM),1,3,3.0
충남,사립,단국대학교(천안),[실기/실적위주] 체육특기자 경쟁률 현황 (천안),,국제스포츠학부(태권도전공)(남)-겨루기(라이트),1,3,3.0
충남,사립,백석대학교,정원외 모집 학생부 교과 + 면접 계약학과,,(주)선진,1,3,3.0
충남,사립,상명대학교(천안),정원내 실기/실적(특기자(체육)전형),,스포츠융합자유전공학부(농구-센터),1,3,3.0
충남,사립,상명대학교(천안),정원외 학생부교과(특성화고교졸업자전형),,간호학과 / -,1,3,3.0
충남,사립,순천향대학교,[정원내] 학생부교과(지역의사선발전형-공주권),의과대학,의예과,1,3,3.0
충남,사립,순천향대학교,[정원내] 실기/실적(특기자전형),자연과학대학,스포츠응용산업학과 / 승마,1,3,3.0
충남,사립,한국기술교육대학교,사회통합,,화학생명공학전공,1,3,3.0
충남,사립,한국기술교육대학교,사회통합,,전기·전자·통신공학부 / 전기공학전공,1,3,3.0
충남,사립,호서대학교,- 정원외 학생부교과 기초생활수급자 및 차상위계층전형,,건축학과,1,3,3.0
충남,사립,호서대학교,- 정원외 학생부교과 조기취업형 계약학과,,(주)에이치앤이루자,1,3,3.0
충북,사립,건국대학교(글로컬),[학생부교과] 사회통합,과학기술대학,바이오메디컬공학과,1,3,3.0
충북,사립,건국대학교(글로컬),[학생부교과] 사회통합,의료생명대학,바이오의약학과,1,3,3.0
충북,사립,건국대학교(글로컬),[학생부교과] 특성화고교졸업자(정원외),과학기술대학,메카트로닉스공학과,1,3,3.0
충북,사립,건국대학교(글로컬),[학생부교과] 농어촌학생(정원외),과학기술대학,에너지신소재공학과,1,3,3.0
충북,사립,청주대학교,정원내 특기자전형,예술대학,생활체육학과(축구-골키퍼),1,3,3.0
충북,국립,충북대학교,학생부종합(농어촌학생전형),인문대학,국어국문학과,1,3,3.0
충북,국립,충북대학교,학생부종합(농어촌학생전형),자연과학대학,지구환경과학과,1,3,3.0
충북,국립,충북대학교,학생부종합(농어촌학생전형),농업생명환경대학,바이오시스템공학과,1,3,3.0
충북,국립,충북대학교,학생부종합(농어촌학생전형),사범대학,국어교육과,1,3,3.0
충북,국립,충북대학교,학생부종합(농어촌학생전형),사범대학,사회교육과,1,3,3.0
충북,국립,충북대학교,학생부종합(농어촌학생전형),생활과학대학,식품영양학과,1,3,3.0
충북,국립,충북대학교,학생부종합(농어촌학생전형),생활과학대학,소비자학과,1,3,3.0
충북,국립,충북대학교,학생부교과(지역경제배려대상자전형),약학대학,약학과,1,3,3.0
충북,국립,충북대학교,학생부교과(지역경제배려대상자전형),약학대학,제약학과,1,3,3.0
충북,국립,충북대학교,학생부교과(국가보훈대상자전형),경영대학,경영정보학과,1,3,3.0
충북,국립,충북대학교,학생부교과(국가보훈대상자전형),공과대학,기계공학부,1,3,3.0
충북,국립,충북대학교,학생부교과(경제배려대상자전형),인문대학,프랑스언어문화학과,1,3,3.0
충북,국립,충북대학교,학생부교과(경제배려대상자전형),인문대학,사학과,1,3,3.0
충북,국립,충북대학교,학생부교과(경제배려대상자전형),사회과학대학,정치외교학과,1,3,3.0
충북,국립,충북대학교,학생부교과(경제배려대상자전형),경영대학,경영정보학과,1,3,3.0
충북,국립,충북대학교,학생부교과(경제배려대상자전형),공과대학,안전공학과,1,3,3.0
충북,국립,충북대학교,학생부교과(경제배려대상자전형),전자정보대학,전자공학과,1,3,3.0
충북,국립,충북대학교,학생부교과(경제배려대상자전형),농업생명환경대학,식물자원학과,1,3,3.0
충북,국립,충북대학교,학생부교과(경제배려대상자전형),농업생명환경대학,특용식물학과,1,3,3.0
충북,국립,충북대학교,학생부교과(경제배려대상자전형),농업생명환경대학,식품생명공학과,1,3,3.0
충북,국립,충북대학교,학생부교과(경제배려대상자전형),농업생명환경대학,농업경제학과,1,3,3.0
충북,국립,충북대학교,학생부교과(특성화고출신자전형),공과대학,신소재공학과,1,3,3.0
충북,국립,충북대학교,학생부교과(특성화고출신자전형),전자정보대학,전자공학과,1,3,3.0
충북,국립,충북대학교,학생부교과(특성화고출신자전형),농업생명환경대학,식품생명공학과,1,3,3.0
충북,국립,충북대학교,학생부교과(특수교육대상자전형),인문대학,사학과,1,3,3.0
충북,국립,충북대학교,학생부교과(특수교육대상자전형),사회과학대학,정치외교학과,1,3,3.0
충북,국립,충북대학교,학생부교과(특수교육대상자전형),공과대학,화학공학과,1,3,3.0
충북,국립,한국교원대학교,지역인재 특별전형,,지리교육과,1,3,3.0
충북,국립,한국교원대학교,지역인재 특별전형,,화학교육과,1,3,3.0
충북,국립,한국교원대학교,지역인재 특별전형,,가정교육과,1,3,3.0
충북,국립,한국교원대학교,지역인재 특별전형,,환경교육과,1,3,3.0
서울,사립,세종대학교,학생부종합(세종인재 전형(면접형)),인공지능융합,창의소프트학부-만화애니메이션텍전공,48,145,3.02
경기,사립,단국대학교(죽전),[실기/실적위주] 실기우수자 경쟁률 현황 (죽전),,디자인학부(커뮤니케이션디자인전공),30,91,3.03
충남,사립,단국대학교(천안),[실기/실적위주] 실기우수자 경쟁률 현황 (죽전),,디자인학부(커뮤니케이션디자인전공),30,91,3.03
충남,사립,호서대학교,- 정원내 학생부교과 학생부전형,,소방방재학과,27,82,3.04
충남,사립,백석대학교,정원내 모집 학생부 교과 일반전형,,외식산업학부,58,177,3.05
경기,사립,강남대학교,[정원내]학생부종합(학교생활우수자전형2),인문사회계,유아교육과,20,61,3.05
서울,공립,서울시립대학교,학생부종합전형Ⅱ(서류형),정경대학,경제학부,19,58,3.05
경기,사립,명지대학교(용인),학생부종합(명지인재서류전형),,인문캠퍼스(서울) 소계,197,602,3.06
서울,사립,명지대학교(서울),학생부종합(명지인재서류전형),,인문캠퍼스(서울) 소계,197,602,3.06
경기,사립,경동대학교(양주),일반학생,,응급구조학과,31,95,3.06
세종,사립,고려대학교(세종),학생부종합(크림슨인재전형),공공정책대학,공공사회·통일외교학부,18,55,3.06
대전,국립,충남대학교,국가안보융합인재전형-국토안보학,국가안보융합학부,국토안보학전공(남자),16,49,3.06
서울,사립,이화여자대학교,학생부종합(미래인재전형-서류형),자연과학대학,생명과학과,27,83,3.07
경기,사립,성균관대학교(수원),학생부종합(과학인재),,글로벌바이오메디컬공학과,15,46,3.07
서울,사립,성균관대학교(서울),학생부종합(과학인재),,글로벌바이오메디컬공학과,15,46,3.07
충남,사립,호서대학교,- 정원내 학생부교과 면접전형,,물리치료학과,15,46,3.07
충북,사립,가톨릭꽃동네대학교,일반학생,,간호학과,15,46,3.07
경기,사립,한양대학교(ERICA),학생부종합(서류형),LIONS칼리지,LIONS자율전공학부(자연계열),53,163,3.08
경기,사립,평택대학교,PTU실기,문화예술대학,연극영화과(영화영상),12,37,3.08
서울,사립,연세대학교(서울),학생부교과전형 (추천형),공과대학,사회환경시스템공학부,12,37,3.08
인천,사립,인하대학교,학생부종합 농어촌학생,공과대학,전기전자공학부,12,37,3.08
대전,사립,건양대학교(대전),학생부종합전형,,치위생학과,12,37,3.08
충남,사립,건양대학교(논산),학생부종합전형,,치위생학과,12,37,3.08
서울,국립,서울과학기술대학교,학교생활우수자전형,정보통신대학,컴퓨터공학과,22,68,3.09
대전,사립,우송대학교,정원내 학생부 교과 - 교과중심 전형 (교과100% / 12과목 반영),외식조리대학,외식조리학부 / 외식조리전공,22,68,3.09
경기,사립,경희대학교(용인),국제캠퍼스 학생부종합(네오르네상스전형),자연계열,화학공학과,11,34,3.09
서울,사립,경희대학교(서울),국제캠퍼스 학생부종합(네오르네상스전형),자연계열,화학공학과,11,34,3.09
서울,사립,서경대학교,논술우수자 전형,,미래융합학부1,89,276,3.1
경기,사립,경희대학교(용인),서울캠퍼스 학생부종합(네오르네상스전형),인문계열,관광·엔터테인먼트학부,21,65,3.1
서울,사립,경희대학교(서울),서울캠퍼스 학생부종합(네오르네상스전형),인문계열,관광·엔터테인먼트학부,21,65,3.1
서울,사립,세종대학교,학생부종합(기회균형 전형),,공과계열,20,62,3.1
경기,사립,경희대학교(용인),국제캠퍼스 학생부종합(네오르네상스전형),자연계열,식품생명공학과,10,31,3.1
경기,사립,한세대학교,교과우수자 - 교과 100%,,디자인학부,10,31,3.1
서울,사립,경희대학교(서울),국제캠퍼스 학생부종합(네오르네상스전형),자연계열,식품생명공학과,10,31,3.1
서울,사립,총신대학교,정원내 총신고른기회,인문사회계열,신학과,10,31,3.1
서울,사립,한성대학교,농어촌학생전형,크리에이티브인문예술대학,크리에이티브인문학부,10,31,3.1
충남,사립,호서대학교,- 정원내 학생부교과 면접전형,,소방방재학과,10,31,3.1
경기,사립,수원대학교,교과논술전형,인문사회융합대학,인문사회융합대학,70,218,3.11
경기,사립,명지대학교(용인),학생부종합(농어촌학생전형),,자연캠퍼스(용인) 소계,36,112,3.11
서울,사립,명지대학교(서울),학생부종합(농어촌학생전형),,자연캠퍼스(용인) 소계,36,112,3.11
경기,사립,경희대학교(용인),국제캠퍼스 학생부종합(네오르네상스전형),인문계열,중국어학과,18,56,3.11
서울,사립,경희대학교(서울),국제캠퍼스 학생부종합(네오르네상스전형),인문계열,중국어학과,18,56,3.11
경기,사립,가천대학교(성남),가천바람개비 전형,자연계열,전기공학과,9,28,3.11
경기,국립,한경국립대학교,학생부종합(잠재력우수자_안성)_정원내,,동물생명과학과,9,28,3.11
서울,사립,숙명여자대학교,[학생부종합] 숙명인재(면접형)전형,문과대학,교육학부,9,28,3.11
인천,사립,가천대학교(인천),가천바람개비 전형,자연계열,전기공학과,9,28,3.11
충남,사립,호서대학교,- 정원내 학생부종합 호서인재전형,,소방방재학과,9,28,3.11
서울,사립,서경대학교,논술우수자 전형,,미래융합학부2,89,278,3.12
경기,사립,수원대학교,실기우수자전형,디자인앤아트대학,조형예술학부 / 인체소묘,60,32,3.12
서울,사립,삼육대학교,논술우수자전형,,화학생명과학과,17,53,3.12
충북,사립,건국대학교(글로컬),[학생부교과] 교과우수,과학기술대학,에너지신소재공학과,17,53,3.12
경기,사립,경기대학교(수원),학생부종합(기회균형선발전형),,"바이오융합학부 / 생명과학전공, 식품생물공학전공",8,25,3.13
경기,사립,경희대학교(용인),국제캠퍼스 논술우수자전형,자연계열,건축공학과,8,25,3.13
경기,사립,명지대학교(용인),학생부교과(학교장추천전형),,스마트시스템공과대학 / 기계시스템공학부<기계공학전공·로봇공학전공>,8,25,3.13
경기,국립,한경국립대학교,학생부종합(잠재력우수자_안성)_정원내,,원예생명공학과,8,25,3.13
경기,사립,협성대학교,정원내 [학생부교과]교과성적우수자,이공대학,건축공학과,8,25,3.13
서울,사립,경기대학교(서울),학생부종합(기회균형선발전형),,"바이오융합학부 / 생명과학전공, 식품생물공학전공",8,25,3.13
서울,사립,경희대학교(서울),국제캠퍼스 논술우수자전형,자연계열,건축공학과,8,25,3.13
서울,사립,광운대학교,논술【논술우수자전형】,,컴퓨터정보공학부,8,25,3.13
서울,사립,명지대학교(서울),학생부교과(학교장추천전형),,스마트시스템공과대학 / 기계시스템공학부<기계공학전공·로봇공학전공>,8,25,3.13
서울,사립,숙명여자대학교,[학생부종합] 숙명인재(면접형)전형,문과대학,르꼬르동블루외식경영전공,8,25,3.13
서울,사립,한성대학교,실기우수자전형,크리에이티브인문예술대학,현대무용,8,25,3.13
대전,사립,목원대학교,"교과전형 경쟁률 현황 교과100 [면접없음, 수능최저없음]",웹툰애니메이션게임대학,게임콘텐츠학과 [SW],8,25,3.13
충남,국립,국립공주대학교,학생부종합전형  일반전형(정원내),천안공과대학,정보통신공학과,8,25,3.13
충남,사립,순천향대학교,[정원내] 학생부종합(일반학생전형),인문사회과학대학,한국문화콘텐츠학과,8,25,3.13
충북,사립,세명대학교,일반전형(정원내),자연과학,간호학과 【교직】,8,25,3.13
경기,사립,용인대학교,정원내 자율전공 특별전형,,체능 / 무도계열전공학부,36,113,3.14
충남,사립,호서대학교,- 정원내 학생부교과 학생부전형,,AIT대학 자유전공학부,35,110,3.14
경기,사립,한양대학교(ERICA),학생부종합(서류형),공학대학,배터리소재화학공학과,14,44,3.14
서울,사립,강서대학교,일반학생,,식품영양학과(일반학생),14,44,3.14
서울,사립,건국대학교(서울),학생부종합(KU자기추천),융합생명과학대학,생명과학과,14,44,3.14
경기,사립,가천대학교(성남),학생부우수자 전형,인문계열,관광경영학과,7,22,3.14
경기,사립,가천대학교(성남),가천바람개비 전형,자연계열,건축공학과,7,22,3.14
경기,사립,아주대학교,고교추천전형,,간호학과,7,22,3.14
경기,사립,을지대학교(성남의정부),EU서류형,,물리치료학과,7,22,3.14
경기,사립,평택대학교,PTU실기,문화예술대학,실용음악학과(기악) [기악: 건반 / 기타 / 드럼 / 베이스 / 프로페셔널뮤직],7,22,3.14
서울,사립,숭실대학교,학생부종합(SSU미래인재전형-면접형),,중어중문학과,7,22,3.14
인천,사립,가천대학교(인천),학생부우수자 전형,인문계열,관광경영학과,7,22,3.14
인천,사립,가천대학교(인천),가천바람개비 전형,자연계열,건축공학과,7,22,3.14
대전,사립,을지대학교(대전),EU서류형,,물리치료학과,7,22,3.14
충북,국립,충북대학교,학생부교과(학생부교과전형),간호대학,간호학과,7,22,3.14
충북,국립,한국교원대학교,학생부종합우수자 일반전형,,중국어교육과,7,22,3.14
대전,사립,건양대학교(대전),일반[교과],,응급구조학과,20,63,3.15
충남,사립,건양대학교(논산),일반[교과],,응급구조학과,20,63,3.15
충남,사립,한국기술교육대학교,창의인재(서류형),,기계공학부,20,63,3.15
경기,사립,신한대학교(의정부/동두천),일반전형(교과60%+면접40%),,임상병리학과,13,41,3.15
인천,국립,인천대학교,학생부종합(자기추천),도시과학대학,도시공학과,13,41,3.15
경기,사립,명지대학교(용인),학생부종합(농어촌학생전형),,인문캠퍼스(서울) 소계,57,180,3.16
서울,사립,명지대학교(서울),학생부종합(농어촌학생전형),,인문캠퍼스(서울) 소계,57,180,3.16
서울,사립,동덕여자대학교,실기우수자전형,디자인이노베이션대학,패션디자인전공(야),24,76,3.17
충남,국립,국립공주대학교,학생부교과전형  일반전형(정원내),인문사회과학대학,중어중문학과,12,38,3.17
경기,사립,가천대학교(성남),학생부우수자 전형,자연계열,치위생학과,6,19,3.17
경기,사립,경희대학교(용인),국제캠퍼스 논술우수자전형,자연계열,전자공학부 반도체공학과,6,19,3.17
경기,사립,명지대학교(용인),학생부종합(명지인재서류전형),,AI경영정보학과,6,19,3.17
경기,사립,성결대학교,[학생부교과] SKU창의,IT융합공과대학,화장품공학과,6,19,3.17
경기,사립,을지대학교(성남의정부),지역균형(학교장추천),,방사선학과,6,19,3.17
경기,사립,한국외국어대학교(용인),논술전형,,AI융합대학(글로벌)[통합모집],6,19,3.17
경기,사립,한신대학교,농어촌학생,AI·SW계열,AI·SW학 (소프트웨어/인공지능/데이터사이언스/XR콘텐츠/지능형IoT),6,19,3.17
경기,사립,협성대학교,정원내 [학생부교과]교과성적우수자,인문사회과학대학,중국어문화학과,6,19,3.17
서울,사립,경희대학교(서울),국제캠퍼스 논술우수자전형,자연계열,전자공학부 반도체공학과,6,19,3.17
서울,사립,고려대학교(서울),서울캠퍼스 학생부교과(학교추천전형),사범대학,수학교육과,6,19,3.17
서울,사립,명지대학교(서울),학생부종합(명지인재서류전형),,AI경영정보학과,6,19,3.17
서울,사립,삼육대학교,논술우수자전형,,데이터클라우드공학과,6,19,3.17
서울,사립,연세대학교(서울),학생부종합전형 (기회균형),사회과학대학,행정학과,6,19,3.17
서울,사립,한국외국어대학교(서울),논술전형,,AI융합대학(글로벌)[통합모집],6,19,3.17
서울,사립,홍익대학교(서울),학교생활우수자전형,사범대학,국어교육과,6,19,3.17
인천,사립,가천대학교(인천),학생부우수자 전형,자연계열,치위생학과,6,19,3.17
대전,사립,을지대학교(대전),지역균형(학교장추천),,방사선학과,6,19,3.17
충남,국립,국립공주대학교,학생부교과전형  일반전형(정원내),천안공과대학,건축학과(5년제),6,19,3.17
충북,사립,중원대학교,학생부교과 (일반전형1),,뷰티메디컬학과,6,19,3.17
충북,사립,청주대학교,"정원내 교과면접전형 경쟁률 현황 ※ 면접전형 : 교과70%+ 면접30% 단, 항공서비스학과 만 교과60%+ 면접40% 생활기록부 미반영 면접",인문사회대학,광고홍보학과 / 광고홍보 캠페인을 내 손으로! AI 시대가 요구하는 기획력과 제작 역량을 완성한다,6,19,3.17
충북,국립,충북대학교,학생부종합(학생부종합Ⅰ전형),전자정보대학,전자공학과,6,19,3.17
충북,국립,충북대학교,학생부종합(학생부종합Ⅰ전형),사범대학,역사교육과,6,19,3.17
충북,국립,충북대학교,학생부종합(학생부종합Ⅰ전형),사범대학,사회교육과,6,19,3.17
충북,국립,충북대학교,학생부종합(학생부종합Ⅱ전형),자연과학대학,화학과,6,19,3.17
충북,국립,충북대학교,학생부교과(학생부교과전형),인문대학,철학과,6,19,3.17
경기,사립,한양대학교(ERICA),학생부종합(서류형),디자인대학,디자인계열,17,54,3.18
서울,사립,한양대학교(서울),학생부교과(추천형),공과대학,융합전자공학부,17,54,3.18
경기,사립,경희대학교(용인),서울캠퍼스 학생부종합(네오르네상스전형),인문계열,영어영문학과,11,35,3.18
경기,사립,경희대학교(용인),국제캠퍼스 학생부종합(네오르네상스전형),예술계열,도예학과,11,35,3.18
경기,국립,한경국립대학교,학생부교과(일반전형_안성)_정원내,,식물생명환경학과,11,35,3.18
경기,사립,한국외국어대학교(용인),학생부종합전형(면접형),,독일어과,11,35,3.18
서울,사립,경희대학교(서울),서울캠퍼스 학생부종합(네오르네상스전형),인문계열,영어영문학과,11,35,3.18
서울,사립,경희대학교(서울),국제캠퍼스 학생부종합(네오르네상스전형),예술계열,도예학과,11,35,3.18
서울,사립,이화여자대학교,학생부교과(고교추천전형),사회과학대학,정치외교학과,11,35,3.18
서울,사립,한국외국어대학교(서울),학생부종합전형(면접형),,독일어과,11,35,3.18
인천,국립,인천대학교,학생부종합(자기추천),인문대학,일본지역문화학과,11,35,3.18
충남,국립,국립공주대학교,학생부교과전형  일반전형(정원내),산업과학대학,동물생명과학과,11,35,3.18
충북,국립,한국교원대학교,학생부종합우수자 일반전형,,일반사회교육과,11,35,3.18
경기,사립,중부대학교(고양),학교생활우수자전형,,뷰티ㆍ패션비즈니스학전공 / 뷰티ㆍ패션비즈니스학전공,26,83,3.19
충남,사립,중부대학교(금산),학교생활우수자전형,,뷰티ㆍ패션비즈니스학전공 / 뷰티ㆍ패션비즈니스학전공,26,83,3.19
대전,국립,국립한밭대학교,학생부교과(일반)전형,,중국어과,21,67,3.19
서울,사립,광운대학교,학생부교과【지역균형 전형】,,전자공학과,16,51,3.19
경기,사립,성균관대학교(수원),학생부교과(추천인재),,사회과학계열,20,64,3.2
서울,사립,성균관대학교(서울),학생부교과(추천인재),,사회과학계열,20,64,3.2
서울,사립,한양대학교(서울),학생부종합(추천형),한양YK인터칼리지,한양인터칼리지학부(인문),15,48,3.2
경기,사립,한신대학교,참인재,휴먼서비스계열,심리·아동학,10,32,3.2
서울,사립,광운대학교,학생부종합【광운참빛인재전형Ⅰ-면접형】,,전기공학과,10,32,3.2
대전,국립,충남대학교,학생부종합 면접전형,공과대학,스마트시티건축공학과,10,32,3.2
충남,사립,백석대학교,정원내 모집 학생부 교과 + 면접 백석인재,,관광학부,10,32,3.2
경기,사립,가천대학교(성남),특성화고교 전형,자연계열,반도체대학,5,16,3.2
경기,사립,대진대학교,학생부교과(학생부우수자전형) - 교과70% + 면접30%,AI공과대학,데이터경영산업공학과 [교직],5,16,3.2
경기,사립,명지대학교(용인),학생부교과(교과면접전형),,아시아·중동어문학부 / 중어중문학전공,5,16,3.2
경기,사립,명지대학교(용인),학생부교과(교과면접전형),,시스템생명과학전공,5,16,3.2
경기,사립,명지대학교(용인),학생부종합(명지인재서류전형),,일어일문학전공,5,16,3.2
경기,사립,성균관대학교(수원),학생부종합(과학인재),,양자정보공학과,5,16,3.2
경기,사립,아주대학교,논술우수자전형,,첨단스마트산업공학과,5,16,3.2
경기,사립,한국외국어대학교(용인),학생부종합전형(면접형),,그리스·불가리아학과,5,16,3.2
경기,사립,한국외국어대학교(용인),학생부종합전형(서류형),,체코·슬로바키아학과,5,16,3.2
경기,사립,한세대학교,면접우수자 - 교과 60% + 면접 40%,,신학과,5,16,3.2
서울,사립,광운대학교,학생부종합【광운참빛인재전형Ⅱ-서류형】,,수학과,5,16,3.2
서울,사립,명지대학교(서울),학생부교과(교과면접전형),,아시아·중동어문학부 / 중어중문학전공,5,16,3.2
서울,사립,명지대학교(서울),학생부교과(교과면접전형),,시스템생명과학전공,5,16,3.2
서울,사립,명지대학교(서울),학생부종합(명지인재서류전형),,일어일문학전공,5,16,3.2
서울,공립,서울시립대학교,고교추천전형,자연과학대학,환경원예학과,5,16,3.2
서울,사립,성균관대학교(서울),학생부종합(과학인재),,양자정보공학과,5,16,3.2
서울,사립,세종대학교,학생부종합(세종인재 전형(면접형)),자연과학,화학과,5,16,3.2
서울,사립,숭실대학교,학생부종합(SSU미래인재전형-서류형),,글로벌미디어학부,5,16,3.2
서울,사립,연세대학교(서울),학생부교과전형 (추천형),약학대학,약학과,5,16,3.2
서울,사립,한국외국어대학교(서울),학생부종합전형(면접형),,그리스·불가리아학과,5,16,3.2
서울,사립,한국외국어대학교(서울),학생부종합전형(서류형),,체코·슬로바키아학과,5,16,3.2
서울,사립,한양대학교(서울),학생부교과(추천형),공과대학,전기·생체공학부(전기공학전공),5,16,3.2
서울,사립,홍익대학교(서울),농어촌학생전형,경영대학,경영학부,5,16,3.2
인천,사립,가천대학교(인천),특성화고교 전형,자연계열,반도체대학,5,16,3.2
인천,국립,인천대학교,학생부종합(기회균형),글로벌정경대학,Global Trade & Service학부,5,16,3.2
인천,사립,인하대학교,학생부교과 지역균형,사범대학,국어교육과,5,16,3.2
대전,사립,건양대학교(대전),농어촌학생전형,,작업치료학과,5,16,3.2
대전,사립,배재대학교,정원외 학생부교과 장애인,,자율전공학부,5,1,3.2
대전,사립,우송대학교,정원내 학생부 교과 - 교과중심 전형 (교과100% / 12과목 반영),외식조리대학,글로벌조리학부 / 글로벌조리전공,5,16,3.2
대전,국립,충남대학교,지역인재전형,인문대학,중어중문학과*,5,16,3.2
충남,사립,건양대학교(논산),농어촌학생전형,,작업치료학과,5,16,3.2
충남,국립,국립공주대학교,학생부교과전형  일반전형(정원내),산업과학대학,산업유통학과,5,16,3.2
충남,사립,나사렛대학교,특기자인재(실기위주),,태권도학과,5,16,3.2
충남,사립,백석대학교,정원외 모집 학생부 교과 기초생활수급자 및 차상위계층,,보건학부 응급구조학과,5,16,3.2
충남,사립,상명대학교(천안),정원내 학생부종합(상명인재전형),,정보보안공학과,5,16,3.2
충남,사립,한국기술교육대학교,농어촌학생[정원외],,메카트로닉스공학부,5,16,3.2
충북,사립,청주대학교,"정원내 교과면접전형 경쟁률 현황 ※ 면접전형 : 교과70%+ 면접30% 단, 항공서비스학과 만 교과60%+ 면접40% 생활기록부 미반영 면접",인문사회대학,"경찰행정학과 / 청원경찰서와 연계한 경찰 현장 실습으로 차별화된 현장감 있는 경찰 교육, 전 학년 대상 토익 특강과 전문 경찰 영어 교육을 통해 대한민국을 이끌어갈 정예 경찰관 육성",5,16,3.2
충북,국립,충북대학교,학생부종합(학생부종합Ⅰ전형),농업생명환경대학,식품생명공학과,5,16,3.2
인천,사립,인하대학교,학생부종합 인하미래인재(면접형),공과대학,기계공학과,34,109,3.21
충남,사립,호서대학교,- 정원내 학생부교과 면접전형,,간호학과,28,90,3.21
서울,사립,건국대학교(서울),학생부종합(KU자기추천),문과대학,사학과,14,45,3.21
대전,사립,건양대학교(대전),학생부종합전형,,물리치료학과,14,45,3.21
충남,사립,건양대학교(논산),학생부종합전형,,물리치료학과,14,45,3.21
서울,사립,연세대학교(서울),학생부교과전형 (추천형),경영대학,경영학과,32,103,3.22
경기,사립,성균관대학교(수원),학생부종합(융합인재),,글로벌경제학과,18,58,3.22
서울,사립,광운대학교,학생부종합【소프트웨어우수인재전형】,,소프트웨어학부,18,58,3.22
서울,사립,성균관대학교(서울),학생부종합(융합인재),,글로벌경제학과,18,58,3.22
경기,사립,성결대학교,[학생부교과] SKU창의,인문사회융합대학,중국어문화학과,9,29,3.22
경기,국립,한경국립대학교,학생부교과(일반전형_안성)_정원내,,토목공학과,9,29,3.22
서울,사립,삼육대학교,논술우수자전형,,식품영양학과,9,29,3.22
인천,사립,인하대학교,학생부종합 인하미래인재(면접형),공과대학,에너지자원공학과,9,29,3.22
인천,사립,인하대학교,학생부종합 인하미래인재(서류형),공과대학,기계공학과,9,29,3.22
대전,국립,국립한밭대학교,학생부종합(일반)전형,,컴퓨터공학과,9,29,3.22
충북,사립,건국대학교(글로컬),[학생부교과] 교과우수,인문사회융합대학,문헌정보학과,9,29,3.22
서울,사립,건국대학교(서울),학생부종합(KU자기추천),경영대학,경영학과,47,152,3.23
경기,사립,한국공학대학교,논술(논술우수자),,AI융합 자율전공,31,100,3.23
서울,사립,서경대학교,논술우수자 전형,,자유전공학부,26,84,3.23
경기,사립,가천대학교(성남),학생부우수자 전형,인문계열,AI인문대학,22,71,3.23
인천,사립,가천대학교(인천),학생부우수자 전형,인문계열,AI인문대학,22,71,3.23
대전,국립,충남대학교,학생부종합 서류전형,경상대학,경영학부,22,71,3.23
충북,국립,한국교원대학교,학생부종합우수자 일반전형,,지리교육과,13,42,3.23
경기,사립,중부대학교(고양),학생부우수자전형,,반려동물사육학전공 / 반려동물사육학전공,21,68,3.24
충남,사립,중부대학교(금산),학생부우수자전형,,반려동물사육학전공 / 반려동물사육학전공,21,68,3.24
경기,국립,한경국립대학교,학생부교과(특수교육대상자_평택)_정원내,,HK자율전공학부Ⅱ,17,55,3.24
충남,사립,백석대학교,정원내 모집 학생부 종합 창의인재,,사범학부 유아교육과,20,65,3.25
경기,사립,경희대학교(용인),국제캠퍼스 학생부종합(네오르네상스전형),자연계열,스마트팜과학과,16,52,3.25
서울,사립,건국대학교(서울),학생부종합(KU자기추천),융합생명과학대학,동물자원과학과,16,52,3.25
서울,사립,경희대학교(서울),국제캠퍼스 학생부종합(네오르네상스전형),자연계열,스마트팜과학과,16,52,3.25
서울,사립,숙명여자대학교,[학생부종합] 숙명인재(면접형)전형,문과대학,일본학과,16,52,3.25
경기,사립,경기대학교(수원),학생부교과(학교장추천전형),,"공공인재학부 / 행정학전공, 정치외교학전공",12,39,3.25
서울,사립,경기대학교(서울),학생부교과(학교장추천전형),,"공공인재학부 / 행정학전공, 정치외교학전공",12,39,3.25
서울,사립,성신여자대학교,자기주도인재,,중국어문·문화학과,12,39,3.25
서울,사립,세종대학교,학생부종합(세종인재 전형(면접형)),경영경제,경영학부,12,39,3.25
충남,국립,국립공주대학교,학생부종합전형  일반전형(정원내),사범대학,일반사회교육과,12,39,3.25
충북,국립,충북대학교,학생부교과(지역인재전형),수의과대학,수의예과,12,39,3.25
경기,사립,수원대학교,면접위주교과전형,라이프케어사이언스대학,아동가족복지학과,8,26,3.25
경기,사립,신한대학교(의정부/동두천),기회균형전형(학생부서류100%),,임상병리학과,8,26,3.25
경기,국립,한경국립대학교,학생부교과(일반전형_안성)_정원내,,조경학과,8,26,3.25
경기,사립,한국외국어대학교(용인),학생부종합전형(면접형),,행정학과,8,26,3.25
경기,사립,한국외국어대학교(용인),학생부종합전형(면접형),,아프리카학부,8,26,3.25
서울,사립,한국외국어대학교(서울),학생부종합전형(면접형),,행정학과,8,26,3.25
서울,사립,한국외국어대학교(서울),학생부종합전형(면접형),,아프리카학부,8,26,3.25
인천,국립,인천대학교,학생부종합(자기추천),사범대학,유아교육과,8,26,3.25
대전,사립,배재대학교,정원내 학생부종합 서류100,,외식조리학과,8,26,3.25
세종,사립,홍익대학교(세종),학교생활우수자전형,AID융합과학기술대학,바이오화학융합공학과,8,26,3.25
충남,국립,국립공주대학교,학생부종합전형  일반전형(정원내),인문사회과학대학,불어불문학과,8,26,3.25
충북,국립,충북대학교,학생부종합(학생부종합Ⅰ전형),전자정보대학,전기공학부,8,26,3.25
경기,사립,가톨릭대학교(부천),논술전형,,미디어기술콘텐츠학과,4,13,3.25
경기,사립,경희대학교(용인),국제캠퍼스 학생부종합(네오르네상스전형),자연계열,컴퓨터공학부 인공지능학과,4,13,3.25
경기,사립,경희대학교(용인),국제캠퍼스 실기우수자전형(체육),체육계열,골프산업학과-여자,4,13,3.25
경기,사립,단국대학교(죽전),[학생부종합] 교육기회배려자(정원외) 경쟁률 현황 (죽전),,기계공학과,4,13,3.25
경기,사립,단국대학교(죽전),[학생부교과] 지역균형선발 경쟁률 현황 (죽전),,사이버보안학과,4,13,3.25
경기,사립,명지대학교(용인),실기/실적(특기자전형),,테니스(남),4,13,3.25
경기,사립,안양대학교(안양),학생부교과(아리학생부면접),,러시아언어문화학과,4,13,3.25
경기,사립,한국외국어대학교(용인),논술전형,,포르투갈어과,4,13,3.25
경기,사립,한국외국어대학교(용인),논술전형,,전자물리학과,4,13,3.25
경기,사립,한양대학교(ERICA),학생부종합(고른기회),공학대학,배터리소재화학공학과,4,13,3.25
서울,사립,가톨릭대학교(서울),논술전형,,미디어기술콘텐츠학과,4,13,3.25
서울,사립,경희대학교(서울),국제캠퍼스 학생부종합(네오르네상스전형),자연계열,컴퓨터공학부 인공지능학과,4,13,3.25
서울,사립,경희대학교(서울),국제캠퍼스 실기우수자전형(체육),체육계열,골프산업학과-여자,4,13,3.25
서울,사립,명지대학교(서울),실기/실적(특기자전형),,테니스(남),4,13,3.25
서울,사립,성공회대학교,사회기여자및배려대상자,,사회융합학부,4,13,3.25
서울,사립,세종대학교,학생부종합(세종인재 전형(서류형)),생명과학,스마트생명산업융합학과,4,13,3.25
서울,사립,숙명여자대학교,[논술] 논술우수자전형,이과대학,통계학과,4,13,3.25
서울,사립,한국외국어대학교(서울),논술전형,,포르투갈어과,4,13,3.25
서울,사립,한국외국어대학교(서울),논술전형,,전자물리학과,4,13,3.25
서울,사립,한성대학교,농어촌학생전형,AI디자인대학,AI패션학부,4,13,3.25
인천,사립,안양대학교(강화),학생부교과(아리학생부면접),,러시아언어문화학과,4,13,3.25
인천,사립,인하대학교,학생부종합 고른기회,경영대학,경영학부(경영학과),4,13,3.25
인천,사립,인하대학교,논술 논술우수자,자연과학대학,통계학과,4,13,3.25
대전,사립,건양대학교(대전),농어촌학생전형,,치위생학과,4,13,3.25
대전,국립,국립한밭대학교,농어촌학생전형,,자율전공학부,4,13,3.25
대전,사립,우송대학교,정원내 학생부 종합 - 종합면접형 전형,보건복지대학,응급구조학과,4,13,3.25
대전,국립,충남대학교,학생부종합 서류전형,사회과학대학,행정학부,4,13,3.25
충남,사립,건양대학교(논산),농어촌학생전형,,치위생학과,4,13,3.25
충남,사립,단국대학교(천안),[학생부종합] 교육기회배려자(정원외) 경쟁률 현황 (죽전),,기계공학과,4,13,3.25
충남,사립,단국대학교(천안),[학생부교과] 지역균형선발 경쟁률 현황 (죽전),,사이버보안학과,4,13,3.25
충남,사립,상명대학교(천안),정원내 학생부종합(상명인재전형),,연극전공(이론),4,13,3.25
충남,사립,호서대학교,- 정원외 학생부교과 특성화고교졸업자전형,,식품공학과,4,2,3.25
충북,국립,충북대학교,학생부종합(학생부종합Ⅱ전형),농업생명환경대학,환경생명화학과,4,13,3.25
경기,사립,경동대학교(양주),농어촌학생,,메트로폴캠퍼스(경기도 양주) / 유아교육과 [사범계],38,5,3.26
경기,사립,가천대학교(성남),가천바람개비 전형,자연계열,화공생명배터리공학부,27,88,3.26
인천,사립,가천대학교(인천),가천바람개비 전형,자연계열,화공생명배터리공학부,27,88,3.26
대전,사립,대전대학교,지역인재Ⅰ전형 [교과/출석 100%],한의과대학,한의예과,23,75,3.26
서울,사립,홍익대학교(서울),미술우수자전형,미술대학,동양화과,19,62,3.26
충남,사립,호서대학교,- 정원내 학생부교과 학생부전형,,청소년문화·상담학과,15,49,3.27
서울,사립,상명대학교(서울),정원 내 학생부교과(고교추천전형),,영어교육과,11,36,3.27
대전,사립,건양대학교(대전),일반[교과],,글로벌의료뷰티학전공 [교직],11,36,3.27
충남,사립,건양대학교(논산),일반[교과],,글로벌의료뷰티학전공 [교직],11,36,3.27
경기,사립,가천대학교(성남),지역균형 전형,,자유전공,321,1052,3.28
인천,사립,가천대학교(인천),지역균형 전형,,자유전공,321,1052,3.28
충북,사립,건국대학교(글로컬),[학생부종합] Cogito자기추천,의료생명대학,간호학과,25,82,3.28
경기,사립,명지대학교(용인),학생부종합(명지인재서류전형),,아너칼리지(전공자유대학) / 자율전공학부(인문),52,171,3.29
서울,사립,명지대학교(서울),학생부종합(명지인재서류전형),,아너칼리지(전공자유대학) / 자율전공학부(인문),52,171,3.29
경기,사립,신한대학교(의정부/동두천),신한국인전형(학생부서류100%),,치기공학과,7,23,3.29
서울,사립,고려대학교(서울),서울캠퍼스 학생부교과(학교추천전형),문과대학,사학과,7,23,3.29
서울,사립,삼육대학교,세움인재전형,,동물자원과학과,7,23,3.29
서울,사립,서울여자대학교,학생부교과(교과우수자전형),인문대학,국어국문학과,7,23,3.29
인천,국립,인천대학교,학생부종합(자기추천),사범대학,수학교육과,7,23,3.29
충북,사립,청주대학교,"정원내 교과면접전형 경쟁률 현황 ※ 면접전형 : 교과70%+ 면접30% 단, 항공서비스학과 만 교과60%+ 면접40% 생활기록부 미반영 면접",보건의료과학대학,"동물보건복지학과 / 수의사 교수진 4명의 현장중심 교육, 15개 교과목·40학점과 동물병원 현장실습 120시간 운영, 동물보건·복지·실험동물 전문인재 양성",7,23,3.29
경기,사립,수원대학교,면접위주교과전형,자유전공학부,자유전공학부,20,66,3.3
경기,사립,수원대학교,실기우수자전형,라이프케어사이언스대학,기초체력,20,66,3.3
경기,사립,신한대학교(의정부/동두천),일반전형(교과60%+면접40%),,미래스포츠융합학과,20,66,3.3
경기,사립,협성대학교,정원내 [실기/실적]실기우수자,예술대학,산업디자인학과,20,66,3.3
경기,사립,명지대학교(용인),학생부교과(교과면접전형),,아너칼리지(전공자유대학) / 자율전공학부(인문),10,33,3.3
서울,사립,명지대학교(서울),학생부교과(교과면접전형),,아너칼리지(전공자유대학) / 자율전공학부(인문),10,33,3.3
서울,사립,숙명여자대학교,[학생부종합] 숙명인재(면접형)전형,이과대학,화학과,10,33,3.3
서울,사립,한성대학교,실기우수자전형,크리에이티브인문예술대학,발레,10,33,3.3
충남,국립,국립공주대학교,학생부교과전형  일반전형(정원내),사범대학,미술교육과,10,33,3.3
충남,사립,호서대학교,- 정원내 학생부종합 호서인재전형,,유아교육과,10,33,3.3
서울,국립,서울과학기술대학교,학교생활우수자전형,인문사회대학,문예창작학과,31,103,3.32
서울,사립,서울여자대학교,논술(논술우수자전형),학부대학,자유전공학부(광역-자연계열),40,133,3.33
서울,국립,서울과학기술대학교,기회균형전형(특성화고등을졸업한재직자),미래융합대학,정보통신융합공학과,33,110,3.33
경기,사립,가천대학교(성남),논술 전형,자연계열,정보보호학과,18,60,3.33
서울,사립,홍익대학교(서울),미술우수자전형,미술대학,조소과,18,60,3.33
인천,사립,가천대학교(인천),논술 전형,자연계열,정보보호학과,18,60,3.33
경기,사립,수원대학교,교과논술전형,혁신공과대학,기계공학부,15,50,3.33
인천,사립,인하대학교,실기/실적 조형예술학과-인물수채화,예술체육대학,조형예술학과(인물수채화),15,50,3.33
충북,사립,건국대학교(글로컬),[학생부교과] 교과우수,의료생명대학,간호학과,15,50,3.33
서울,사립,이화여자대학교,학생부종합(미래인재전형-면접형),인공지능대학,인공지능데이터사이언스학부,12,40,3.33
충남,국립,국립공주대학교,실기/실적전형  일반전형(정원내),예술대학,게임디자인학과,12,40,3.33
서울,사립,고려대학교(서울),서울캠퍼스 학생부교과(학교추천전형),사범대학,영어교육과,9,30,3.33
대전,국립,충남대학교,학생부종합 면접전형,자연과학대학,수학과,9,30,3.33
충남,사립,한국기술교육대학교,논술전형,,디자인공학과,9,30,3.33
경기,사립,가톨릭대학교(부천),학생부종합(잠재능력우수자면접전형),,미디어기술콘텐츠학과,6,20,3.33
경기,사립,경기대학교(수원),학생부종합(기회균형선발전형),,무역학과,6,20,3.33
경기,사립,단국대학교(죽전),[학생부종합] DKU인재(서류형) 경쟁률 현황 (천안),,유럽중남미학부(독일학전공),6,20,3.33
경기,사립,안양대학교(안양),학생부종합(아리학생부종합),,중국언어문화학과,6,20,3.33
서울,사립,가톨릭대학교(서울),학생부종합(잠재능력우수자면접전형),,미디어기술콘텐츠학과,6,20,3.33
서울,사립,건국대학교(서울),학생부교과(KU지역균형),융합생명과학대학,생명공학부,6,20,3.33
서울,사립,경기대학교(서울),학생부종합(기회균형선발전형),,무역학과,6,20,3.33
서울,사립,광운대학교,학생부종합【광운참빛인재전형Ⅱ-서류형】,,국제통상학부,6,20,3.33
서울,사립,광운대학교,논술【논술우수자전형】,,화학과,6,20,3.33
서울,사립,광운대학교,학생부종합【농어촌학생전형】,,전자공학과,6,15,3.33
서울,사립,삼육대학교,학교장추천전형,,경영학과,6,20,3.33
서울,사립,성신여자대학교,기회균형Ⅰ,,경영학과,6,20,3.33
서울,사립,숙명여자대학교,[실기/실적] 예능창의인재전형,이과대학,체육교육과,6,20,3.33
서울,사립,연세대학교(서울),학생부교과전형 (추천형),인공지능융합대학,지능형반도체전공,6,20,3.33
서울,사립,한양대학교(서울),학생부종합(서류형),정책과학대학,행정학과,6,20,3.33
인천,사립,안양대학교(강화),학생부종합(아리학생부종합),,중국언어문화학과,6,20,3.33
충남,사립,단국대학교(천안),[학생부종합] DKU인재(서류형) 경쟁률 현황 (천안),,유럽중남미학부(독일학전공),6,20,3.33
충북,국립,충북대학교,학생부종합(학생부종합Ⅰ전형),사범대학,생물교육과,6,20,3.33
경기,사립,가톨릭대학교(부천),학생부종합(기회균형Ⅰ전형),,경제학과,3,10,3.33
경기,사립,경기대학교(수원),학생부종합(사회배려대상자전형),,"경제학부 / 경제학전공, 응용통계학전공, 지식재산학전공",3,10,3.33
경기,사립,경희대학교(용인),서울캠퍼스 학생부교과(지역균형전형),인문계열,조리&푸드디자인학과,3,10,3.33
경기,사립,경희대학교(용인),서울캠퍼스 학생부종합[기회균형전형Ⅰ(국가보훈·농어촌·수급자·자립아동 등)],인문계열,경제학과,3,10,3.33
경기,사립,경희대학교(용인),국제캠퍼스 실기우수자전형(체육),체육계열,스포츠지도학과-아이스하키(남)-디펜스,3,10,3.33
경기,사립,단국대학교(죽전),[학생부종합] DKU인재(서류형) 경쟁률 현황 (죽전),,산업경영학과(야),3,10,3.33
경기,사립,대진대학교,학생부교과(기초생활수급권자 및 차상위계층전형-정원외) - 교과100%,보건과학대학,간호학과,3,10,3.33
경기,사립,명지대학교(용인),학생부종합(명지인재서류전형),,디지털콘텐츠디자인학과,3,10,3.33
경기,사립,명지대학교(용인),학생부종합(농어촌학생전형),,영어영문학전공,3,10,3.33
경기,사립,명지대학교(용인),학생부종합(농어촌학생전형),,법학과,3,10,3.33
경기,사립,수원대학교,고교추천전형,혁신공과대학,바이오공학과,3,10,3.33
경기,사립,용인대학교,정원내 체육우수자 특별전형,무도대학,태권도학과-자유품새,3,10,3.33
경기,사립,용인대학교,정원내 체육우수자 특별전형,체육과학대학,스포츠레저학과-테니스,3,10,3.33
경기,사립,한국공학대학교,학생부종합(기회균형),,에너지ㆍ전기공학부 전기공학전공,3,10,3.33
경기,사립,한양대학교(ERICA),재능우수자(실용음악),예체능대학,실용음악학과(관악(트럼펫)),3,3,3.33
경기,사립,협성대학교,정원내 [학생부교과]미래창의인재,경영대학,호텔관광경영학과,3,10,3.33
경기,사립,협성대학교,정원내 [학생부교과]기회균형,경영대학,미디어영상광고학과,3,10,3.33
서울,사립,가톨릭대학교(서울),학생부종합(기회균형Ⅰ전형),,경제학과,3,10,3.33
서울,사립,건국대학교(서울),학생부교과(KU지역균형),사회과학대학,정치외교학과,3,10,3.33
서울,사립,건국대학교(서울),학생부종합(기회균형),사회과학대학,경제학과,3,10,3.33
서울,사립,경기대학교(서울),학생부종합(사회배려대상자전형),,"경제학부 / 경제학전공, 응용통계학전공, 지식재산학전공",3,10,3.33
서울,사립,경희대학교(서울),서울캠퍼스 학생부교과(지역균형전형),인문계열,조리&푸드디자인학과,3,10,3.33
서울,사립,경희대학교(서울),서울캠퍼스 학생부종합[기회균형전형Ⅰ(국가보훈·농어촌·수급자·자립아동 등)],인문계열,경제학과,3,10,3.33
서울,사립,경희대학교(서울),국제캠퍼스 실기우수자전형(체육),체육계열,스포츠지도학과-아이스하키(남)-디펜스,3,10,3.33
서울,사립,명지대학교(서울),학생부종합(명지인재서류전형),,디지털콘텐츠디자인학과,3,10,3.33
서울,사립,명지대학교(서울),학생부종합(농어촌학생전형),,영어영문학전공,3,10,3.33
서울,사립,명지대학교(서울),학생부종합(농어촌학생전형),,법학과,3,10,3.33
서울,사립,삼육대학교,학교장추천전형,,동물자원과학과,3,10,3.33
서울,사립,삼육대학교,기회균형Ⅰ전형,,컴퓨터공학부,3,10,3.33
서울,사립,삼육대학교,특성화고교전형,,인공지능융합학부,3,10,3.33
서울,국립,서울과학기술대학교,기회균형전형(기회균등),공과대학,건축학부(건축학전공),3,10,3.33
서울,국립,서울과학기술대학교,기회균형전형(기회균등),에너지바이오대학,화공생명공학과,3,10,3.33
서울,국립,서울과학기술대학교,기회균형전형(농어촌학생),에너지바이오대학,스포츠과학과,3,10,3.33
서울,공립,서울시립대학교,고교추천전형,인문대학,국사학과,3,10,3.33
서울,공립,서울시립대학교,기회균형전형Ⅰ,공과대학,신소재공학과,3,10,3.33
서울,사립,서울여자대학교,학생부종합(기회균형전형_사회통합지원),사회과학대학,언론영상학부,3,10,3.33
서울,사립,성신여자대학교,기회균형Ⅰ,,중국어문·문화학과,3,10,3.33
서울,사립,숙명여자대학교,[논술] 논술우수자전형,공과대학,신소재물리학부,3,10,3.33
서울,사립,숭실대학교,학생부종합(기회균형전형),,사회복지학부,3,10,3.33
서울,사립,연세대학교(서울),학생부종합전형 (기회균형),문과대학,심리학과,3,10,3.33
서울,사립,연세대학교(서울),특기자전형 (체육인재),교육과학대학,농구 : 포워드,3,10,3.33
서울,사립,이화여자대학교,학생부종합(미래인재전형-면접형),인문과학대학,사학과,3,10,3.33
서울,사립,이화여자대학교,학생부종합(미래인재전형-면접형),자연과학대학,통계학과,3,10,3.33
서울,사립,이화여자대학교,학생부종합(미래인재전형-면접형),사범대학,수학교육과,3,10,3.33
서울,사립,총신대학교,정원내 목회자추천자,사범계열,영어교육과,3,10,3.33
서울,사립,총신대학교,정원내 외국어(영어)우수자,사범계열,영어교육과,3,10,3.33
서울,국립,한국체육대학교,체육특기자(개인),,체육학과-골프-아마추어[남],3,10,3.33
인천,국립,인천대학교,학생부교과(사회통합),인공지능대학,컴퓨터공학부,3,10,3.33
인천,국립,인천대학교,학생부종합(기회균형),글로벌정경대학,경제학과,3,10,3.33
대전,국립,국립한밭대학교,지역인재(교과)전형,,반도체시스템공학과,3,10,3.33
대전,국립,국립한밭대학교,지역인재(교과)전형,,융합경영학과,3,10,3.33
대전,국립,국립한밭대학교,학생부종합(소프트웨어인재)전형,,컴퓨터공학과,3,10,3.33
대전,국립,충남대학교,학생부종합 면접전형,농업생명과학대학,식품공학과,3,10,3.33
대전,국립,충남대학교,학생부종합 면접전형,생활과학대학,소비자학과,3,10,3.33
대전,국립,충남대학교,학생부종합 서류전형,인문대학,국어국문학과,3,10,3.33
대전,국립,충남대학교,학생부종합 서류전형,인문대학,독어독문학과*,3,10,3.33
대전,국립,충남대학교,국가안보융합인재전형-국토안보학,국가안보융합학부,국토안보학전공(여자),3,10,3.33
대전,국립,충남대학교,저소득층학생전형,공과대학,신소재공학과,3,10,3.33
세종,사립,홍익대학교(세종),농어촌학생전형,,광고홍보학부,3,10,3.33
충남,국립,국립공주대학교,학생부종합전형  성인학습자전형Ⅰ(정원내),인문사회과학대학,경영학과(성인학습자전담과정),3,10,3.33
충남,사립,단국대학교(천안),[학생부종합] DKU인재(서류형) 경쟁률 현황 (죽전),,산업경영학과(야),3,10,3.33
충남,사립,상명대학교(천안),정원내 학생부종합(기회균형전형),,그린스마트시티학과,3,10,3.33
충남,사립,유원대학교(아산),학생부종합,,창의설계학부,3,10,3.33
충남,사립,호서대학교,- 정원외 학생부교과 기초생활수급자 및 차상위계층전형,,"사회복지학부(사회복지학트랙, 노인복지학트랙)",3,6,3.33
충북,사립,건국대학교(글로컬),[학생부교과] 사회통합,인문사회융합대학,유아교육과,3,10,3.33
충북,사립,유원대학교(영동),학생부종합,,창의설계학부,3,10,3.33
충북,국립,충북대학교,학생부교과(학생부교과전형),사범대학,지리교육과,3,10,3.33
충북,국립,충북대학교,학생부교과(학생부교과전형),사범대학,생물교육과,3,10,3.33
충북,국립,충북대학교,학생부교과(지역인재전형),사범대학,지리교육과,3,10,3.33
충북,국립,충북대학교,학생부교과(지역인재전형),사범대학,사회교육과,3,10,3.33
충북,국립,충북대학교,학생부교과(지역인재전형),사범대학,윤리교육과,3,10,3.33
경기,사립,단국대학교(죽전),[학생부종합] 기회균형선발 경쟁률 현황 (죽전),,퇴계혁신칼리지(사회계열광역),37,124,3.35
충남,사립,단국대학교(천안),[학생부종합] 기회균형선발 경쟁률 현황 (죽전),,퇴계혁신칼리지(사회계열광역),37,124,3.35
경기,사립,경동대학교(양주),기초생활수급자/차상위계층/한부모가족대상자,,메트로폴캠퍼스(경기도 양주) / 유아교육과 [사범계],31,1,3.35
대전,사립,건양대학교(대전),일반[교과],,방사선학과,26,87,3.35
충남,사립,건양대학교(논산),일반[교과],,방사선학과,26,87,3.35
대전,국립,국립한밭대학교,학생부종합(일반)전형,,기계공학과,20,67,3.35
서울,국립,서울과학기술대학교,학교생활우수자전형,기술경영융합대학,산업공학부(산업정보시스템전공)_자연,17,57,3.35
충남,국립,국립공주대학교,실기/실적전형  일반전형(정원내),예술대학,도자문화융합디자인학과,17,57,3.35
경기,사립,경기대학교(수원),실기/실적(예능실기우수자전형),,"디자인학부 / 시각정보디자인전공, 산업디자인전공, 리빙·주얼리디자인전공",33,111,3.36
서울,사립,경기대학교(서울),실기/실적(예능실기우수자전형),,"디자인학부 / 시각정보디자인전공, 산업디자인전공, 리빙·주얼리디자인전공",33,111,3.36
경기,국립,한경국립대학교,학생부교과(일반전형_안성)_정원내,,안전공학과,14,47,3.36
경기,사립,수원대학교,특성화고졸업자전형,경영공학대학,경영공학대학,11,37,3.36
세종,사립,고려대학교(세종),학생부종합(크림슨인재전형),글로벌비즈니스대학,표준·지식학과,11,37,3.36
충남,국립,국립공주대학교,학생부종합전형  일반전형(정원내),자연과학대학,의류상품학과,11,37,3.36
서울,사립,한성대학교,한성인재전형,AI융합대학,문학문화콘텐츠학과,32,108,3.38
서울,사립,숭실대학교,특성화고등을졸업한재직자전형,,디지털미디어학과,29,98,3.38
서울,사립,건국대학교(서울),학생부종합(KU자기추천),이과대학,물리학과,13,44,3.38
경기,사립,명지대학교(용인),학생부교과(만학도전형),,융합인재학부 / 사회복지학전공,8,27,3.38
경기,사립,성균관대학교(수원),학생부종합(탐구인재),,사회학과,8,27,3.38
경기,사립,아주대학교,논술우수자전형,,첨단에코에너지공학과,8,27,3.38
경기,사립,안양대학교(안양),학생부종합(아리학생부종합),,디지털미디어디자인학과,8,27,3.38
서울,사립,명지대학교(서울),학생부교과(만학도전형),,융합인재학부 / 사회복지학전공,8,27,3.38
서울,사립,서울여자대학교,학생부종합(바롬인재면접전형),사회과학대학,심리·인지과학학부,8,27,3.38
서울,사립,성균관대학교(서울),학생부종합(탐구인재),,사회학과,8,27,3.38
인천,사립,안양대학교(강화),학생부종합(아리학생부종합),,디지털미디어디자인학과,8,27,3.38
경기,사립,경희대학교(용인),서울캠퍼스 학생부종합(네오르네상스전형),인문계열,미디어학과,25,85,3.4
서울,사립,경희대학교(서울),서울캠퍼스 학생부종합(네오르네상스전형),인문계열,미디어학과,25,85,3.4
경기,사립,경기대학교(수원),학생부종합(KGU학생부종합전형),,관광개발경영학과,20,68,3.4
서울,사립,경기대학교(서울),학생부종합(KGU학생부종합전형),,관광개발경영학과,20,68,3.4
서울,사립,건국대학교(서울),학생부교과(KU지역균형),문과대학,문과대학자유전공학부,15,51,3.4
서울,사립,연세대학교(서울),학생부교과전형 (추천형),의과대학,의예과,15,51,3.4
경기,사립,성결대학교,[학생부교과] 교과성적우수자,미래인재융합대학,융합학부,10,34,3.4
경기,사립,성균관대학교(수원),학생부종합(과학인재),,배터리학과,10,34,3.4
서울,사립,건국대학교(서울),학생부종합(KU자기추천),경영대학,기술경영학과,10,34,3.4
서울,사립,성균관대학교(서울),학생부종합(과학인재),,배터리학과,10,34,3.4
대전,사립,대전대학교,"교과면접전형 [1단계:교과/출석 100%, 2단계:교과/출석 60% + 면접 40%]",보건의료과학대학,물리치료학과,10,34,3.4
대전,사립,목원대학교,"지역인재전형 경쟁률 현황 교과100 [면접없음, 수능최저없음]",사회과학대학,"경찰행정학부(경찰행정전공, 일반행정전공)",10,34,3.4
대전,국립,충남대학교,학생부종합 면접전형,사회과학대학,행정학부,10,34,3.4
충남,국립,국립공주대학교,학생부종합전형  일반전형(정원내),산업과학대학,원예학과,10,34,3.4
충남,국립,국립공주대학교,학생부교과전형  일반전형(정원내),사범대학,유아교육과,10,34,3.4
경기,사립,가톨릭대학교(부천),학생부종합(잠재능력우수자서류전형),,공간디자인·소비자학과,5,17,3.4
경기,사립,가톨릭대학교(부천),논술전형,,정보통신전자공학부,5,17,3.4
경기,사립,단국대학교(죽전),[학생부종합] DKU인재(면접형) 경쟁률 현황 (죽전),,융합반도체공학과,5,17,3.4
경기,사립,단국대학교(죽전),[논술위주] 논술우수자 경쟁률 현황 (죽전),,건축학부[건축학전공(5년제)],5,17,3.4
경기,사립,성균관대학교(수원),학생부교과(추천인재),,바이오신약·규제과학과,5,17,3.4
경기,사립,수원대학교,면접위주교과전형,혁신공과대학,건축학과,5,17,3.4
경기,사립,수원대학교,고운사회전형,인문사회융합대학,인문사회융합대학,5,17,3.4
경기,사립,아주대학교,고른기회1전형,,디지털미디어학과,5,17,3.4
경기,사립,아주대학교,고른기회2전형,,프런티어과학학부,5,17,3.4
경기,사립,안양대학교(안양),학생부교과(아리학생부면접),,인문계열자유전공,5,17,3.4
경기,사립,한국외국어대학교(용인),학생부종합전형(서류형),,융합일본지역학부,5,17,3.4
경기,사립,한세대학교,특성화고교졸업자(정원외) - 교과 100%,,인문사회학부,5,17,3.4
경기,사립,한양대학교(ERICA),학생부종합(서류형),공학대학,해양융합공학과,5,17,3.4
경기,사립,한양대학교(ERICA),학생부종합(국방전략기술공학),첨단융합대학,국방전략기술공학과(여자),5,17,3.4
서울,사립,가톨릭대학교(서울),학생부종합(잠재능력우수자서류전형),,공간디자인·소비자학과,5,17,3.4
서울,사립,가톨릭대학교(서울),논술전형,,정보통신전자공학부,5,17,3.4
서울,사립,건국대학교(서울),학생부교과(KU지역균형),이과대학,수학과,5,17,3.4
서울,사립,서강대학교,학생부종합(기회균형),,영문학부,5,17,3.4
서울,공립,서울시립대학교,고교추천전형,자연과학대학,수학과,5,17,3.4
서울,사립,서울여자대학교,학생부종합(바롬인재면접전형),과학기술융합대학,생명환경공학과,5,17,3.4
서울,사립,성균관대학교(서울),학생부교과(추천인재),,바이오신약·규제과학과,5,17,3.4
서울,사립,세종대학교,학생부교과(지역균형 전형),인문과학,교육학과,5,17,3.4
서울,사립,숙명여자대학교,[학생부교과] 지역균형선발전형,약학대학,약학부,5,17,3.4
서울,사립,이화여자대학교,학생부교과(고교추천전형),사범대학,사회과교육과 사회교육전공,5,17,3.4
서울,사립,이화여자대학교,학생부교과(고교추천전형),사범대학,국어교육과,5,17,3.4
서울,사립,이화여자대학교,학생부종합(미래인재전형-면접형),신산업융합대학,식품영양학과,5,17,3.4
서울,사립,한국외국어대학교(서울),학생부종합전형(서류형),,융합일본지역학부,5,17,3.4
인천,사립,안양대학교(강화),학생부교과(아리학생부면접),,인문계열자유전공,5,17,3.4
인천,사립,인하대학교,학생부종합 인하미래인재(서류형),자연과학대학,해양과학과,5,17,3.4
인천,사립,인하대학교,학생부교과 지역균형,AI융합대학,스마트모빌리티공학과,5,17,3.4
대전,국립,충남대학교,지역인재전형,공과대학,메카트로닉스공학과,5,17,3.4
충남,국립,국립공주대학교,학생부종합전형  일반전형(정원내),천안공과대학,지능형모빌리티공학과,5,17,3.4
충남,사립,단국대학교(천안),[학생부종합] DKU인재(면접형) 경쟁률 현황 (죽전),,융합반도체공학과,5,17,3.4
충남,사립,단국대학교(천안),[논술위주] 논술우수자 경쟁률 현황 (죽전),,건축학부[건축학전공(5년제)],5,17,3.4
충남,사립,상명대학교(천안),정원내 학생부종합(기회균형전형),,글로벌지역학부,5,17,3.4
충남,사립,한국기술교육대학교,창의인재(서류형),,전자공학전공,5,17,3.4
충북,사립,청주대학교,정원내 미래인재전형 [교과100%],인문사회대학,"국어교육과 (사범) / 25 충북권 국어교육과 장학금 1위(4,692,990), 취업률 2위, 청석학원 중·고 5개교를 협력학교로 교육 현장에 바로 설 국어교사를 양성",5,17,3.4
충북,국립,충북대학교,학생부종합(학생부종합Ⅰ전형),사회과학대학,심리학과,5,17,3.4
충북,국립,충북대학교,학생부종합(학생부종합Ⅰ전형),농업생명환경대학,원예과학과,5,17,3.4
충북,국립,충북대학교,학생부종합(학생부종합Ⅱ전형),공과대학,신소재공학과,5,17,3.4
충북,국립,충북대학교,학생부교과(학생부교과전형),사회과학대학,심리학과,5,17,3.4
충북,국립,충북대학교,실기/실적(실기우수자전형),예술학과군,디자인학과,5,17,3.4
충북,국립,한국교원대학교,학생부종합우수자 일반전형,,음악교육과,5,17,3.4
서울,사립,홍익대학교(서울),논술전형,공과대학,전자·전기공학부,39,133,3.41
대전,국립,충남대학교,일반전형,경상대학,경영학부,57,195,3.42
경기,사립,명지대학교(용인),학생부종합(크리스천리더전형),,자연캠퍼스(용인) 소계,26,89,3.42
서울,사립,명지대학교(서울),학생부종합(크리스천리더전형),,자연캠퍼스(용인) 소계,26,89,3.42
경기,사립,성결대학교,[학생부교과] 교과성적우수자,사범대학,유아교육과,19,65,3.42
경기,사립,단국대학교(죽전),[실기/실적위주] 실기우수자 경쟁률 현황 (죽전),,무용과(현대무용),12,41,3.42
서울,사립,세종대학교,논술(논술우수자 전형),공과,우주항공시스템공학부-지능형드론융합전공,12,41,3.42
인천,사립,인하대학교,논술 논술우수자,공과대학,건축학부,12,41,3.42
충남,사립,단국대학교(천안),[실기/실적위주] 실기우수자 경쟁률 현황 (죽전),,무용과(현대무용),12,41,3.42
경기,사립,가천대학교(성남),실기우수자 전형,예체능계열,회화전공,30,103,3.43
인천,사립,가천대학교(인천),실기우수자 전형,예체능계열,회화전공,30,103,3.43
서울,사립,서강대학교,학생부종합(일반Ⅰ),,전자공학과,23,79,3.43
경기,사립,대진대학교,학생부교과(종단추천자전형) - 교과70% + 면접30%,대순종학대학,대순종학과,14,48,3.43
서울,사립,숭실대학교,학생부종합(SSU미래인재전형-면접형),,경제학과,14,48,3.43
서울,사립,세종대학교,논술(논술우수자 전형),공과,양자원자력공학과,7,24,3.43
서울,사립,한성대학교,특성화고교졸업자전형,IT공과대학,IT공과대학,7,24,3.43
서울,사립,한양대학교(서울),학생부종합(추천형),사회과학대학,미디어커뮤니케이션학과,7,24,3.43
충남,사립,호서대학교,- 정원내 학생부교과 학생부전형,,간호학과,7,24,3.43
충북,국립,충북대학교,학생부종합(학생부종합Ⅱ전형),간호대학,간호학과,7,24,3.43
서울,사립,한양대학교(서울),학생부종합(서류형),경영대학,경영학부,50,172,3.44
대전,국립,국립한밭대학교,학생부교과(일반)전형,,일본어과,18,62,3.44
대전,사립,우송대학교,정원내 학생부 종합 - 종합면접형 전형,외식조리대학,외식조리학부 / 외식조리전공,18,62,3.44
서울,사립,건국대학교(서울),학생부종합(KU자기추천),문과대학,중어중문학과,16,55,3.44
경기,사립,단국대학교(죽전),[학생부종합] DKU인재(서류형) 경쟁률 현황 (천안),,생명공학부(녹지조경학전공),9,31,3.44
경기,사립,성결대학교,[학생부교과] 교과성적우수자,글로벌경영대학,스마트관광항공학부(관광학전공),9,31,3.44
서울,사립,한양대학교(서울),학생부교과(추천형),정책과학대학,정책학과,9,31,3.44
충남,국립,국립공주대학교,학생부교과전형  일반전형(정원내),산업과학대학,식품영양학과,9,31,3.44
충남,사립,단국대학교(천안),[학생부종합] DKU인재(서류형) 경쟁률 현황 (천안),,생명공학부(녹지조경학전공),9,31,3.44
서울,사립,건국대학교(서울),학생부종합(KU자기추천),공과대학,사회환경공학부,40,138,3.45
경기,사립,경희대학교(용인),서울캠퍼스 학생부종합(네오르네상스전형),인문계열,조리&푸드디자인학과,22,76,3.45
서울,사립,경희대학교(서울),서울캠퍼스 학생부종합(네오르네상스전형),인문계열,조리&푸드디자인학과,22,76,3.45
서울,국립,서울과학기술대학교,학교생활우수자전형,에너지바이오대학,환경공학과,20,69,3.45
충남,국립,국립공주대학교,학생부종합전형  일반전형(정원내),사범대학,특수교육과,20,69,3.45
충남,사립,유원대학교(아산),유원교과,,경찰ㆍ소방행정학부,20,69,3.45
충북,사립,유원대학교(영동),유원교과,,경찰ㆍ소방행정학부,20,69,3.45
경기,사립,한양대학교(ERICA),학생부종합(조기취업형 계약학과),공학대학,스마트융합공학부(스마트ICT융합전공),11,38,3.45
경기,사립,을지대학교(성남의정부),지역의료인재(일반형),,의예과(대전),26,90,3.46
대전,사립,을지대학교(대전),지역의료인재(일반형),,의예과(대전),26,90,3.46
인천,국립,인천대학교,학생부종합(자기추천),자연과학대학,패션산업학과,13,45,3.46
충남,국립,국립공주대학교,학생부종합전형  일반전형(정원내),인문사회과학대학,경제통상학부,19,66,3.47
서울,사립,이화여자대학교,학생부종합(미래인재전형-서류형),자연과학대학,화학·나노과학과,27,94,3.48
경기,사립,명지대학교(용인),학생부교과(특성화고등졸재직자전형),,융합경영학전공,32,112,3.5
서울,사립,명지대학교(서울),학생부교과(특성화고등졸재직자전형),,융합경영학전공,32,112,3.5
경기,사립,신한대학교(의정부/동두천),실기우수자전형(교과20%+실기80%),,태권도학부(시범문화전공),22,77,3.5
서울,사립,서경대학교,계약학과 채용조건형 특별전형,,헤어디자인학과-미창조㈜,20,70,3.5
서울,사립,한성대학교,한성인재전형,AI디자인대학,AI패션학부,18,63,3.5
경기,사립,신한대학교(의정부/동두천),실기우수자전형(교과20%+실기80%),,태권도학부(겨루기전공),14,49,3.5
경기,사립,경기대학교(수원),학생부종합(기회균형선발전형),,"전자공학부 / 나노·반도체전공, 정보통신시스템전공, 로봇공학전공",12,42,3.5
경기,사립,아주대학교,ACE전형,,건설시스템공학과,12,42,3.5
서울,사립,경기대학교(서울),학생부종합(기회균형선발전형),,"전자공학부 / 나노·반도체전공, 정보통신시스템전공, 로봇공학전공",12,42,3.5
경기,사립,성균관대학교(수원),학생부교과(추천인재),,글로벌리더학부,10,35,3.5
경기,사립,성균관대학교(수원),학생부교과(추천인재),,전자전기정보공학부,10,35,3.5
경기,사립,안양대학교(안양),학생부교과(아리학생부교과),,행정학과,10,35,3.5
서울,사립,서강대학교,학생부종합(일반Ⅰ),,정치외교학과,10,35,3.5
서울,사립,성균관대학교(서울),학생부교과(추천인재),,글로벌리더학부,10,35,3.5
서울,사립,성균관대학교(서울),학생부교과(추천인재),,전자전기정보공학부,10,35,3.5
인천,사립,안양대학교(강화),학생부교과(아리학생부교과),,행정학과,10,35,3.5
충북,사립,극동대학교,정원 내 학생부교과 교과우수자전형,,임상병리학과,10,35,3.5
경기,사립,안양대학교(안양),학생부교과(아리학생부면접),,글로벌경영학과,8,28,3.5
경기,사립,안양대학교(안양),학생부종합(아리학생부종합),,글로벌경영학과,8,28,3.5
경기,사립,한양대학교(ERICA),학생부종합(고른기회),글로벌문화통상대학,글로벌문화통상학부,8,28,3.5
서울,사립,건국대학교(서울),학생부종합(특수교육대상자),사회과학대학,정치외교학과,8,6,3.5
서울,사립,한양대학교(서울),학생부종합(서류형),공과대학,도시공학과,8,28,3.5
서울,사립,한양대학교(서울),학생부종합(서류형),사회과학대학,정치외교학과,8,28,3.5
인천,사립,안양대학교(강화),학생부교과(아리학생부면접),,글로벌경영학과,8,28,3.5
인천,사립,안양대학교(강화),학생부종합(아리학생부종합),,글로벌경영학과,8,28,3.5
경기,사립,가천대학교(성남),학생부우수자 전형,자연계열,건축공학과,6,21,3.5
경기,사립,명지대학교(용인),학생부교과(학교장추천전형),,신소재공학전공,6,21,3.5
경기,사립,을지대학교(성남의정부),EU서류형,,간호학과(의정부),6,21,3.5
경기,사립,한국공학대학교,학생부교과(교과우수자),,메카트로닉스공학부 AI로봇전공,6,21,3.5
서울,사립,건국대학교(서울),학생부종합(KU자기추천),사범대학,수학교육과,6,21,3.5
서울,사립,고려대학교(서울),서울캠퍼스 학생부교과(학교추천전형),심리학부,심리학부,6,21,3.5
서울,사립,광운대학교,학생부종합【광운참빛인재전형Ⅰ-면접형】,,환경공학과,6,21,3.5
서울,사립,명지대학교(서울),학생부교과(학교장추천전형),,신소재공학전공,6,21,3.5
서울,사립,삼육대학교,논술우수자전형,,유아교육과,6,21,3.5
서울,사립,세종대학교,학생부종합(세종인재 전형(면접형)),인문과학,역사학과,6,21,3.5
서울,사립,숙명여자대학교,[학생부종합] 숙명인재(면접형)전형,생활과학대학,의류학과,6,21,3.5
서울,사립,숙명여자대학교,[학생부종합] 숙명인재(면접형)전형,생활과학대학,식품영양학과,6,21,3.5
서울,국립,한국체육대학교,경기입상실적우수자,,태권도학과-공인품새,6,21,3.5
서울,사립,한양대학교(서울),학생부종합(면접형),공과대학,전기·생체공학부(전기공학전공),6,21,3.5
인천,사립,가천대학교(인천),학생부우수자 전형,자연계열,건축공학과,6,21,3.5
인천,사립,인하대학교,논술 논술우수자,바이오융합대학,생명과학과,6,21,3.5
대전,사립,을지대학교(대전),EU서류형,,간호학과(의정부),6,21,3.5
충남,국립,국립공주대학교,학생부종합전형  일반전형(정원내),사범대학,컴퓨터교육과,6,21,3.5
충북,국립,충북대학교,학생부교과(지역인재전형),인문대학,국어국문학과,6,21,3.5
경기,사립,경기대학교(수원),학생부교과(농어촌학생전형),,"신소재화학공학부 / 신소재공학전공, 화학공학전공",4,14,3.5
경기,사립,경희대학교(용인),국제캠퍼스 논술우수자전형,자연계열,응용물리학과,4,14,3.5
경기,사립,단국대학교(죽전),[실기/실적위주] 실기우수자 경쟁률 현황 (죽전),,음악학부(국악전공)-작곡ㆍ이론,4,14,3.5
경기,사립,안양대학교(안양),학생부교과(아리학생부면접),,중국언어문화학과,4,14,3.5
경기,사립,을지대학교(성남의정부),특성화고교 졸업자,,인문사회계열학부,4,14,3.5
경기,사립,한국외국어대학교(용인),논술전형,,화학과,4,14,3.5
경기,사립,한신대학교,기회균형선발,휴먼서비스계열,사회복지학,4,14,3.5
서울,사립,경기대학교(서울),학생부교과(농어촌학생전형),,"신소재화학공학부 / 신소재공학전공, 화학공학전공",4,14,3.5
서울,사립,경희대학교(서울),국제캠퍼스 논술우수자전형,자연계열,응용물리학과,4,14,3.5
서울,사립,광운대학교,학생부종합【광운참빛인재전형Ⅱ-서류형】,,산업심리학과,4,14,3.5
서울,공립,서울시립대학교,고교추천전형,도시과학대학,교통공학과,4,14,3.5
서울,공립,서울시립대학교,기회균형전형Ⅰ,인공지능융합대학,컴퓨터과학부,4,14,3.5
서울,사립,서울여자대학교,학생부종합(바롬인재서류전형),인문대학,중어중문학과,4,14,3.5
서울,사립,서울여자대학교,학생부종합(바롬인재서류전형),인문대학,사학과,4,14,3.5
서울,사립,서울여자대학교,학생부종합(기회균형전형_농어촌학생)[정원외],미래산업융합대학,경영학과,4,14,3.5
서울,사립,세종대학교,학생부종합(사회기여 및 배려자 전형),인공지능융합,인공지능데이터사이언스학과,4,14,3.5
서울,사립,숭실대학교,학생부교과(교과우수자전형-학교장 추천),,사학과,4,14,3.5
서울,사립,한국외국어대학교(서울),논술전형,,화학과,4,14,3.5
서울,사립,한양대학교(서울),학생부교과(추천형),간호대학,간호학과,4,14,3.5
인천,사립,안양대학교(강화),학생부교과(아리학생부면접),,중국언어문화학과,4,14,3.5
인천,국립,인천대학교,학생부교과(교과성적우수자),사범대학,유아교육과,4,14,3.5
인천,국립,인천대학교,학생부교과(지역균형),공과대학,신소재공학과,4,14,3.5
인천,사립,인하대학교,학생부종합 인하미래인재(서류형),자연과학대학,식품영양학과,4,14,3.5
인천,사립,인하대학교,학생부종합 인하미래인재(서류형),바이오융합대학,첨단바이오의약학과,4,14,3.5
인천,사립,인하대학교,학생부종합 농어촌학생,공과대학,신소재공학과,4,14,3.5
대전,사립,건양대학교(대전),"기초생활수급자, 차상위계층, 한부모가족 지원대상자 전형",,물리치료학과,4,14,3.5
대전,사립,우송대학교,정원내 학생부 종합 - 종합서류형 전형 (면접X),철도대학,철도경영학과,4,14,3.5
대전,사립,우송대학교,정원내 학생부 종합 - 종합서류형 전형 (면접X),보건복지대학,간호학과,4,14,3.5
대전,사립,을지대학교(대전),특성화고교 졸업자,,인문사회계열학부,4,14,3.5
대전,국립,충남대학교,영농창업인재전형,농업생명과학대학,원예학과(영농창업),4,14,3.5
충남,사립,건양대학교(논산),"기초생활수급자, 차상위계층, 한부모가족 지원대상자 전형",,물리치료학과,4,14,3.5
충남,사립,단국대학교(천안),[실기/실적위주] 실기우수자 경쟁률 현황 (죽전),,음악학부(국악전공)-작곡ㆍ이론,4,14,3.5
충남,사립,백석대학교,정원외 모집 학생부 교과 특성화고교 일반전형,,간호학과,4,14,3.5
충남,사립,백석대학교,정원외 모집 학생부 교과 농어촌학생 일반전형,,간호학과,4,14,3.5
충북,사립,가톨릭꽃동네대학교,경제배려대상자,,간호학과,4,14,3.5
충북,국립,충북대학교,학생부종합(학생부종합Ⅰ전형),인문대학,철학과,4,14,3.5
충북,국립,충북대학교,학생부종합(학생부종합Ⅱ전형),인문대학,중어중문학과,4,14,3.5
충북,국립,충북대학교,학생부종합(sw우수인재전형),전자정보대학,정보통신공학부,4,14,3.5
경기,사립,가천대학교(성남),농어촌(교과) 전형,인문계열,패션산업학과,2,7,3.5
경기,사립,가천대학교(성남),농어촌(교과) 전형,자연계열,스마트시티학과,2,7,3.5
경기,사립,가천대학교(성남),농어촌(교과) 전형,자연계열,운동재활학과,2,7,3.5
경기,사립,가천대학교(성남),특성화고교 전형,자연계열,건축공학과,2,7,3.5
경기,사립,가천대학교(성남),기회균형 전형,인문계열,의료산업경영학과,2,7,3.5
경기,사립,가천대학교(성남),기회균형 전형,인문계열,심리학과,2,7,3.5
경기,사립,가천대학교(성남),기회균형 전형,자연계열,식품영양학과,2,7,3.5
경기,사립,가천대학교(성남),농어촌(종합) 전형,자연계열,건축공학과,2,7,3.5
경기,사립,가톨릭대학교(부천),학생부종합(가톨릭지도자추천전형),,국제학부,2,7,3.5
경기,사립,가톨릭대학교(부천),학생부종합(기회균형Ⅰ전형),,의류학과,2,7,3.5
경기,사립,경기대학교(수원),학생부교과(교과성적우수자전형),,유아교육과,2,7,3.5
경기,사립,경기대학교(수원),학생부교과(농어촌학생전형),,문헌정보학과,2,7,3.5
경기,사립,경기대학교(수원),학생부교과(기초생활수급자등선발전형),,"전자공학부 / 나노·반도체전공, 정보통신시스템전공, 로봇공학전공",2,7,3.5
경기,사립,경희대학교(용인),서울캠퍼스 학생부종합[기회균형전형Ⅰ(국가보훈·농어촌·수급자·자립아동 등)],인문계열,사회학과,2,7,3.5
경기,사립,경희대학교(용인),서울캠퍼스 학생부종합(기회균형전형Ⅱ),인문계열,사학과,2,7,3.5
경기,사립,경희대학교(용인),서울캠퍼스 학생부종합(기회균형전형Ⅱ),인문계열,행정학과,2,7,3.5
경기,사립,경희대학교(용인),서울캠퍼스 학생부종합(기회균형전형Ⅱ),인문계열,사회학과,2,7,3.5
경기,사립,경희대학교(용인),서울캠퍼스 학생부종합(기회균형전형Ⅱ),인문계열,경제학과,2,7,3.5
경기,사립,경희대학교(용인),서울캠퍼스 학생부종합(기회균형전형Ⅱ),인문계열,미디어학과,2,7,3.5
경기,사립,경희대학교(용인),서울캠퍼스 학생부종합(기회균형전형Ⅱ),인문계열,주거환경학과,2,7,3.5
경기,사립,경희대학교(용인),서울캠퍼스 학생부종합(기회균형전형Ⅱ),자연계열,화학과,2,7,3.5
경기,사립,경희대학교(용인),국제캠퍼스 학생부교과(지역균형전형),체육계열,스포츠의학과,2,7,3.5
경기,사립,경희대학교(용인),국제캠퍼스 학생부종합[기회균형전형Ⅰ(국가보훈·농어촌·수급자·자립아동 등)],인문계열,일본어학과,2,7,3.5
경기,사립,경희대학교(용인),국제캠퍼스 학생부종합[기회균형전형Ⅰ(국가보훈·농어촌·수급자·자립아동 등)],자연계열,소프트웨어융합학과,2,7,3.5
경기,사립,경희대학교(용인),국제캠퍼스 학생부종합(기회균형전형Ⅱ),자연계열,소프트웨어융합학과,2,7,3.5
경기,사립,경희대학교(용인),국제캠퍼스 실기우수자전형(체육),체육계열,스포츠지도학과-축구(남)-M.F-중앙미드필드(CMF),2,7,3.5
경기,사립,단국대학교(죽전),[학생부종합] 사회적배려대상자 경쟁률 현황 (죽전),,철학과,2,7,3.5
경기,사립,단국대학교(죽전),[학생부종합] 사회적배려대상자 경쟁률 현황 (죽전),,기계공학과,2,7,3.5
경기,사립,단국대학교(죽전),[학생부종합] 교육기회배려자(정원외) 경쟁률 현황 (죽전),,건축학부[건축학전공(5년제)],2,7,3.5
경기,사립,단국대학교(죽전),[학생부종합] 농어촌학생(정원외) 경쟁률 현황 (죽전),,화학공학과,2,7,3.5
경기,사립,단국대학교(죽전),[실기/실적위주] 실기우수자 경쟁률 현황 (죽전),,음악학부(관현악전공)-관악(금관)[테너트럼본],2,7,3.5
경기,사립,단국대학교(죽전),[학생부종합] 농어촌학생(정원외) 경쟁률 현황 (천안),,아시아중동학부(일본학전공),2,7,3.5
경기,사립,단국대학교(죽전),[학생부종합] 농어촌학생(정원외) 경쟁률 현황 (천안),,의생명과학부(미생물학전공),2,7,3.5
경기,사립,명지대학교(용인),학생부교과(특성화고교전형),,전자공학전공,2,7,3.5
경기,사립,명지대학교(용인),학생부종합(명지인재서류전형),,전통건축학전공,2,7,3.5
경기,사립,명지대학교(용인),학생부종합(농어촌학생전형),,융합바이오학부 / 식품영양학전공,2,7,3.5
경기,사립,명지대학교(용인),학생부종합(농어촌학생전형),,환경시스템공학전공,2,7,3.5
경기,사립,명지대학교(용인),학생부종합(농어촌학생전형),,전통건축학전공,2,7,3.5
경기,사립,성결대학교,[학생부교과] (정원내) 특성화고교졸업자,글로벌경영대학,경영학과,2,7,3.5
경기,사립,성결대학교,[학생부교과] (정원외) 고른기회Ⅱ,인문사회융합대학,사회복지학과,2,7,3.5
경기,사립,성결대학교,[학생부교과] (정원외) 고른기회Ⅱ,글로벌경영대학,국제교류·개발협력학과,2,7,3.5
경기,사립,신한대학교(의정부/동두천),교육기회균형전형(교과100%),,경영대학(자율전공) - AI융합경영학과 - 글로벌무역학과 - 국제개발협력학과 - 글로벌관광경영학과,2,7,3.5
경기,사립,신한대학교(의정부/동두천),특성화고교졸업자전형(교과100%),,임상병리학과,2,7,3.5
경기,사립,신한대학교(의정부/동두천),특성화고교졸업자전형(교과100%),,산업디자인학과,2,7,3.5
경기,사립,아주대학교,고른기회1전형,,행정학과,2,7,3.5
경기,사립,안양대학교(안양),학생부교과(농어촌학생),,국어국문학과,2,7,3.5
경기,사립,안양대학교(안양),학생부교과(특성화고교졸업자),,식품영양학과(교직),2,7,3.5
경기,사립,용인대학교,정원내 기회균형 특별전형,AI바이오융합대학,바이오생명공학과,2,7,3.5
경기,사립,용인대학교,정원내 체육우수자 특별전형,체육과학대학,스포츠레저학과-배드민턴,2,7,3.5
경기,사립,용인대학교,정원외 농어촌학생 특별전형,인문사회융합대학,경찰행정학과,2,7,3.5
경기,사립,용인대학교,정원외 특성화고교졸업자 특별전형,AI바이오융합대학,"자연과학 / AI융합학부-AI,빅데이터",2,7,3.5
경기,국립,한경국립대학교,학생부교과(지역균형선발_안성)_정원내,,행정학과,2,7,3.5
경기,사립,한국공학대학교,학생부종합(기회균형),,컴퓨터공학부 컴퓨터공학전공,2,7,3.5
경기,사립,한국공학대학교,학생부교과(특성화고교졸업자),,"디자인공학부(산업디자인공학전공, 미디어디자인공학전공)",2,7,3.5
경기,사립,한국항공대학교,고른기회 전형,,항공운항학과,2,7,3.5
경기,사립,한세대학교,"농어촌학생(정원외) - 음악전공/공연예술전공 교과 20% + 실기 80%, 이외학과 교과 100%",,간호학과,2,7,3.5
경기,사립,한신대학교,기회균형선발,휴먼서비스계열,재활상담학,2,7,3.5
경기,사립,한양대학교(ERICA),학생부종합(고른기회),커뮤니케이션&컬처대학,미디어학과,2,7,3.5
경기,사립,협성대학교,정원외 [학생부교과]기초생활수급자/차상위계층/한부모가족,인문사회과학대학,사회복지학과,2,7,3.5
서울,사립,가톨릭대학교(서울),학생부종합(가톨릭지도자추천전형),,국제학부,2,7,3.5
서울,사립,가톨릭대학교(서울),학생부종합(기회균형Ⅰ전형),,의류학과,2,7,3.5
서울,사립,건국대학교(서울),학생부종합(기회균형),사회과학대학,응용통계학과,2,7,3.5
서울,사립,경기대학교(서울),학생부교과(교과성적우수자전형),,유아교육과,2,7,3.5
서울,사립,경기대학교(서울),학생부교과(농어촌학생전형),,문헌정보학과,2,7,3.5
서울,사립,경기대학교(서울),학생부교과(기초생활수급자등선발전형),,"전자공학부 / 나노·반도체전공, 정보통신시스템전공, 로봇공학전공",2,7,3.5
서울,사립,경희대학교(서울),서울캠퍼스 학생부종합[기회균형전형Ⅰ(국가보훈·농어촌·수급자·자립아동 등)],인문계열,사회학과,2,7,3.5
서울,사립,경희대학교(서울),서울캠퍼스 학생부종합(기회균형전형Ⅱ),인문계열,사학과,2,7,3.5
서울,사립,경희대학교(서울),서울캠퍼스 학생부종합(기회균형전형Ⅱ),인문계열,행정학과,2,7,3.5
서울,사립,경희대학교(서울),서울캠퍼스 학생부종합(기회균형전형Ⅱ),인문계열,사회학과,2,7,3.5
서울,사립,경희대학교(서울),서울캠퍼스 학생부종합(기회균형전형Ⅱ),인문계열,경제학과,2,7,3.5
서울,사립,경희대학교(서울),서울캠퍼스 학생부종합(기회균형전형Ⅱ),인문계열,미디어학과,2,7,3.5
서울,사립,경희대학교(서울),서울캠퍼스 학생부종합(기회균형전형Ⅱ),인문계열,주거환경학과,2,7,3.5
서울,사립,경희대학교(서울),서울캠퍼스 학생부종합(기회균형전형Ⅱ),자연계열,화학과,2,7,3.5
서울,사립,경희대학교(서울),국제캠퍼스 학생부교과(지역균형전형),체육계열,스포츠의학과,2,7,3.5
서울,사립,경희대학교(서울),국제캠퍼스 학생부종합[기회균형전형Ⅰ(국가보훈·농어촌·수급자·자립아동 등)],인문계열,일본어학과,2,7,3.5
서울,사립,경희대학교(서울),국제캠퍼스 학생부종합[기회균형전형Ⅰ(국가보훈·농어촌·수급자·자립아동 등)],자연계열,소프트웨어융합학과,2,7,3.5
서울,사립,경희대학교(서울),국제캠퍼스 학생부종합(기회균형전형Ⅱ),자연계열,소프트웨어융합학과,2,7,3.5
서울,사립,경희대학교(서울),국제캠퍼스 실기우수자전형(체육),체육계열,스포츠지도학과-축구(남)-M.F-중앙미드필드(CMF),2,7,3.5
서울,사립,명지대학교(서울),학생부교과(특성화고교전형),,전자공학전공,2,7,3.5
서울,사립,명지대학교(서울),학생부종합(명지인재서류전형),,전통건축학전공,2,7,3.5
서울,사립,명지대학교(서울),학생부종합(농어촌학생전형),,융합바이오학부 / 식품영양학전공,2,7,3.5
서울,사립,명지대학교(서울),학생부종합(농어촌학생전형),,환경시스템공학전공,2,7,3.5
서울,사립,명지대학교(서울),학생부종합(농어촌학생전형),,전통건축학전공,2,7,3.5
서울,사립,삼육대학교,농어촌전형,,경영학과,2,7,3.5
서울,사립,상명대학교(서울),정원 내 학생부종합(기회균형전형),,전기공학전공,2,7,3.5
서울,사립,서경대학교,기회균형② 특별전형 - 특성화고교졸업자,,코스메틱뷰티매니지먼트학과,2,7,3.5
서울,국립,서울과학기술대학교,기회균형전형(기회균등),에너지바이오대학,식품생명공학과,2,7,3.5
서울,국립,서울과학기술대학교,기회균형전형(기회균등),에너지바이오대학,정밀화학과,2,7,3.5
서울,국립,서울과학기술대학교,기회균형전형(농어촌학생),창의융합대학,지능형반도체공학과,2,7,3.5
서울,공립,서울시립대학교,고교추천전형,인공지능융합대학,첨단융합학부-융합바이오헬스전공,2,7,3.5
서울,공립,서울시립대학교,기회균형전형Ⅰ,자연과학대학,통계학과,2,7,3.5
서울,사립,서울여자대학교,학생부종합(기회균형전형_사회통합지원),사회과학대학,문헌정보학과,2,7,3.5
서울,사립,서울여자대학교,학생부종합(기회균형전형_농어촌학생)[정원외],인문대학,프랑스문화콘텐츠전공,2,7,3.5
서울,사립,서울여자대학교,학생부종합(기회균형전형_농어촌학생)[정원외],사회과학대학,심리·인지과학학부,2,7,3.5
서울,사립,서울여자대학교,학생부종합(기회균형전형_농어촌학생)[정원외],과학기술융합대학,화학과,2,7,3.5
서울,사립,서울여자대학교,학생부종합(기회균형전형_농어촌학생)[정원외],미래산업융합대학,패션산업학과,2,7,3.5
서울,사립,성공회대학교,특성화고교졸업자(정원외),,미디어콘텐츠융합학부,2,7,3.5
서울,사립,성신여자대학교,기회균형Ⅰ,,문화예술경영학과,2,7,3.5
서울,사립,숙명여자대학교,[학생부종합] 농어촌학생전형(정원외),사회과학대학,소비자경제학과,2,7,3.5
서울,사립,숙명여자대학교,[학생부종합] 농어촌학생전형(정원외),사회과학대학,사회심리학과,2,7,3.5
서울,사립,숙명여자대학교,[학생부종합] 농어촌학생전형(정원외),생활과학대학,의류학과,2,7,3.5
서울,사립,숭실대학교,학생부종합(기회균형전형),,정치외교학과,2,7,3.5
서울,사립,연세대학교(서울),학생부종합전형 (기회균형),생활과학대학,실내건축학과,2,7,3.5
서울,사립,연세대학교(서울),학생부종합전형 (기회균형),생활과학대학,통합디자인학과,2,7,3.5
서울,사립,연세대학교(서울),특기자전형 (체육인재),교육과학대학,럭비 : 넘버에이트 8번,2,7,3.5
서울,사립,이화여자대학교,학생부종합(고른기회전형),사범대학,교육공학과,2,7,3.5
서울,사립,장로회신학대학교,정원내 일반전형,,실용음악(보컬),2,7,3.5
서울,사립,추계예술대학교,실기/실적(일반학생전형),공연예술대학1,"성악(정가, 판소리, 경서도창, 가야금병창)",2,7,3.5
인천,사립,가천대학교(인천),농어촌(교과) 전형,인문계열,패션산업학과,2,7,3.5
인천,사립,가천대학교(인천),농어촌(교과) 전형,자연계열,스마트시티학과,2,7,3.5
인천,사립,가천대학교(인천),농어촌(교과) 전형,자연계열,운동재활학과,2,7,3.5
인천,사립,가천대학교(인천),특성화고교 전형,자연계열,건축공학과,2,7,3.5
인천,사립,가천대학교(인천),기회균형 전형,인문계열,의료산업경영학과,2,7,3.5
인천,사립,가천대학교(인천),기회균형 전형,인문계열,심리학과,2,7,3.5
인천,사립,가천대학교(인천),기회균형 전형,자연계열,식품영양학과,2,7,3.5
인천,사립,가천대학교(인천),농어촌(종합) 전형,자연계열,건축공학과,2,7,3.5
인천,사립,안양대학교(강화),학생부교과(농어촌학생),,국어국문학과,2,7,3.5
인천,사립,안양대학교(강화),학생부교과(특성화고교졸업자),,식품영양학과(교직),2,7,3.5
인천,국립,인천대학교,학생부종합(기회균형),인문대학,국어국문학과,2,7,3.5
인천,국립,인천대학교,학생부종합(기회균형),자연과학대학,화학과,2,7,3.5
인천,국립,인천대학교,학생부종합(기회균형),글로벌정경대학,행정학과,2,7,3.5
인천,국립,인천대학교,학생부종합(기회균형),글로벌정경대학,정치외교학과,2,7,3.5
인천,국립,인천대학교,학생부종합(기회균형),글로벌정경대학,소비자학과,2,7,3.5
인천,국립,인천대학교,학생부종합(기회균형),도시과학대학,도시행정학과,2,7,3.5
인천,국립,인천대학교,실기/실적(특기자),예술체육대학,축구-DF(중앙)(남),2,7,3.5
인천,사립,인하대학교,학생부종합 고른기회,문과대학,철학과,2,7,3.5
인천,사립,인하대학교,학생부종합 고른기회,바이오융합대학,생명공학과,2,7,3.5
인천,사립,인하대학교,학생부종합 농어촌학생,자연과학대학,수학과,2,7,3.5
인천,사립,인하대학교,학생부종합 농어촌학생,사범대학,영어교육과,2,7,3.5
인천,사립,인하대학교,학생부종합 농어촌학생,사회과학대학,소비자학과,2,7,3.5
대전,사립,건양대학교(대전),농어촌학생전형,,스포츠의학전공,2,7,3.5
대전,국립,국립한밭대학교,지역인재(종합)전형,,시각·영상디자인학과,2,7,3.5
대전,국립,국립한밭대학교,농어촌학생전형,,건축설비시스템공학과,2,7,3.5
대전,국립,충남대학교,지역인재전형,사범대학,국어교육과,2,7,3.5
대전,국립,충남대학교,학생부종합 면접전형,농업생명과학대학,원예학과,2,7,3.5
대전,국립,충남대학교,학생부종합 서류전형,인문대학,언어학과,2,7,3.5
대전,국립,충남대학교,학생부종합 서류전형,공과대학,건축학과(5년제),2,7,3.5
대전,국립,충남대학교,학생부종합 서류전형,농업생명과학대학,산림환경자원학과,2,7,3.5
대전,국립,충남대학교,학생부종합 서류전형,생활과학대학,소비자학과,2,7,3.5
대전,국립,충남대학교,저소득층학생전형,공과대학,토목공학과,2,7,3.5
대전,국립,충남대학교,저소득층학생전형,생활과학대학,의류학과,2,7,3.5
충남,사립,건양대학교(논산),농어촌학생전형,,스포츠의학전공,2,7,3.5
충남,국립,국립공주대학교,학생부종합전형  특성화고교졸업자전형(정원외),간호보건대학,간호학과,2,7,3.5
충남,국립,국립공주대학교,학생부교과전형  일반전형(정원내),사범대학,물리교육과,2,7,3.5
충남,국립,국립공주대학교,학생부교과전형  지역인재전형(정원내),사범대학,환경교육과,2,7,3.5
충남,국립,국립공주대학교,학생부교과전형  농어촌학생전형(정원외),사범대학,국어교육과,2,7,3.5
충남,국립,국립공주대학교,학생부교과전형  농어촌학생전형(정원외),사범대학,수학교육과,2,7,3.5
충남,국립,국립공주대학교,학생부교과전형  농어촌학생전형(정원외),간호보건대학,보건행정학과,2,7,3.5
충남,사립,단국대학교(천안),[학생부종합] 사회적배려대상자 경쟁률 현황 (죽전),,철학과,2,7,3.5
충남,사립,단국대학교(천안),[학생부종합] 사회적배려대상자 경쟁률 현황 (죽전),,기계공학과,2,7,3.5
충남,사립,단국대학교(천안),[학생부종합] 교육기회배려자(정원외) 경쟁률 현황 (죽전),,건축학부[건축학전공(5년제)],2,7,3.5
충남,사립,단국대학교(천안),[학생부종합] 농어촌학생(정원외) 경쟁률 현황 (죽전),,화학공학과,2,7,3.5
충남,사립,단국대학교(천안),[실기/실적위주] 실기우수자 경쟁률 현황 (죽전),,음악학부(관현악전공)-관악(금관)[테너트럼본],2,7,3.5
충남,사립,단국대학교(천안),[학생부종합] 농어촌학생(정원외) 경쟁률 현황 (천안),,아시아중동학부(일본학전공),2,7,3.5
충남,사립,단국대학교(천안),[학생부종합] 농어촌학생(정원외) 경쟁률 현황 (천안),,의생명과학부(미생물학전공),2,7,3.5
충남,사립,순천향대학교,[정원내] 학생부교과(기회균형전형),인문사회과학대학,미디어커뮤니케이션학과,2,7,3.5
충남,사립,순천향대학교,[정원내] 학생부교과(기회균형전형),AI의료융합혁신교육원,의약바이오스쿨(임상병리학전공),2,7,3.5
충남,사립,순천향대학교,[정원내] 학생부교과(기회균형전형),AI의료융합혁신교육원,헬스케어서비스스쿨(작업치료학전공),2,7,3.5
충남,사립,호서대학교,- 정원외 학생부교과 기초생활수급자 및 차상위계층전형,,임상병리학과,2,7,3.5
충북,사립,건국대학교(글로컬),[학생부교과] 농어촌학생(정원외),인문사회융합대학,경찰학과,2,7,3.5
충북,사립,건국대학교(글로컬),[학생부교과] 농어촌학생(정원외),의료생명대학,간호학과,2,7,3.5
충북,국립,충북대학교,학생부종합(농어촌학생전형),사회과학대학,행정학과,2,7,3.5
충북,국립,충북대학교,학생부종합(농어촌학생전형),자연과학대학,정보통계학과,2,7,3.5
충북,국립,충북대학교,학생부종합(농어촌학생전형),농업생명환경대학,축산학과,2,7,3.5
충북,국립,충북대학교,학생부교과(경제배려대상자전형),공과대학,토목공학부,2,7,3.5
경기,사립,한국공학대학교,논술(논술우수자),,스마트기계융합 자율전공,33,116,3.52
경기,사립,한양대학교(ERICA),재능우수자(디자인),디자인대학,디자인계열,40,141,3.53
경기,사립,성균관대학교(수원),학생부종합(과학인재),,지능형소프트웨어학과,15,53,3.53
서울,사립,서강대학교,학생부종합(일반Ⅱ),,AI기반자유전공학부,15,53,3.53
서울,사립,성균관대학교(서울),학생부종합(과학인재),,지능형소프트웨어학과,15,53,3.53
서울,사립,숙명여자대학교,[실기/실적] 예능창의인재전형,이과대학,무용과-한국무용,15,53,3.53
서울,사립,연세대학교(서울),학생부교과전형 (추천형),공과대학,시스템반도체공학과,20,71,3.55
서울,사립,서강대학교,학생부교과(지역균형),,화공생명공학과,11,39,3.55
인천,국립,인천대학교,학생부종합(자기추천),인문대학,독어독문학과,11,39,3.55
충남,국립,국립공주대학교,학생부종합전형  일반전형(정원내),사범대학,문헌정보교육과,11,39,3.55
충북,국립,충북대학교,학생부교과(지역인재전형),약학대학,약학과,11,39,3.55
서울,사립,삼육대학교,논술우수자전형,,인공지능융합학부,18,64,3.56
서울,사립,강서대학교,일반학생,,경영학과(일반학생),16,57,3.56
서울,사립,이화여자대학교,학생부종합(미래인재전형-서류형),간호대학,간호학부,16,57,3.56
경기,사립,용인대학교,정원내 일반학생 전형,문화예술대학,문화유산학과,9,32,3.56
경기,국립,한경국립대학교,학생부종합(잠재력우수자_안성)_정원내,,전기공학과,9,32,3.56
서울,사립,서강대학교,학생부교과(지역균형),,기계공학과,9,32,3.56
서울,사립,세종대학교,논술(논술우수자 전형),공과,건설환경공학과,9,32,3.56
충남,사립,순천향대학교,[정원내] 학생부교과(충남형지역인재전형),의과대학,의예과,9,32,3.56
경기,사립,가천대학교(성남),가천바람개비 전형,자연계열,인공지능학과,14,50,3.57
서울,국립,서울과학기술대학교,학교생활우수자전형,기술경영융합대학,경영학과(경영학전공),14,50,3.57
인천,사립,가천대학교(인천),가천바람개비 전형,자연계열,인공지능학과,14,50,3.57
대전,국립,충남대학교,학생부종합 면접전형,의과대학,의예과,14,50,3.57
경기,사립,아주대학교,고른기회1전형,,미래모빌리티공학과,7,25,3.57
경기,국립,한경국립대학교,학생부교과(일반전형_안성)_정원내,,컴퓨터공학과,7,25,3.57
서울,사립,강서대학교,교과우수자,,식품영양학과(교과우수자),7,25,3.57
서울,사립,서울여자대학교,학생부종합(바롬인재면접전형),인문대학,독일문화콘텐츠전공,7,25,3.57
서울,사립,숙명여자대학교,[학생부종합] 숙명인재(면접형)전형,생활과학대학,아동복지학부,7,25,3.57
서울,사립,한양대학교(서울),학생부종합(서류형),예술체육대학,연극영화학과(영화),7,25,3.57
대전,사립,우송대학교,정원내 학생부 교과 - 교과중심 전형 (교과100% / 12과목 반영),외식조리대학,한식·조리과학전공,7,25,3.57
충남,사립,한국기술교육대학교,논술전형,,ICT융합자율전공,7,25,3.57
경기,사립,한국항공대학교,미래인재 전형,,공과대학,52,186,3.58
서울,사립,삼육대학교,논술우수자전형,,미래융합자유전공학부,50,179,3.58
경기,사립,단국대학교(죽전),[학생부종합] DKU인재(서류형) 경쟁률 현황 (죽전),,경영학부,12,43,3.58
충남,사립,단국대학교(천안),[학생부종합] DKU인재(서류형) 경쟁률 현황 (죽전),,경영학부,12,43,3.58
서울,사립,한양대학교(서울),학생부교과(추천형),공과대학,기계공학부,17,61,3.59
경기,사립,성결대학교,[학생부교과] 교과성적우수자,미래인재융합대학,인문사회계열자율전공학부,30,108,3.6
서울,사립,한양대학교(서울),학생부종합(추천형),경영대학,경영학부,30,108,3.6
서울,사립,한성대학교,기회균형-고른기회전형,미래융합사회과학대학,미래융합사회과학대학,15,54,3.6
경기,사립,경기대학교(수원),학생부종합(KGU학생부종합전형),,유아교육과,10,36,3.6
경기,사립,성균관대학교(수원),학생부교과(추천인재),,사범대학 / 수학교육과,10,36,3.6
서울,사립,경기대학교(서울),학생부종합(KGU학생부종합전형),,유아교육과,10,36,3.6
서울,사립,덕성여자대학교,고교추천전형[학생부위주(교과)],,미래인재대학(데이터사이언스학과),10,36,3.6
서울,국립,서울과학기술대학교,학교생활우수자전형,에너지바이오대학,정밀화학과,10,36,3.6
서울,사립,성균관대학교(서울),학생부교과(추천인재),,사범대학 / 수학교육과,10,36,3.6
서울,사립,연세대학교(서울),학생부종합전형 (활동우수형),인공지능융합대학,인공지능시스템학과,10,36,3.6
충남,국립,국립공주대학교,학생부종합전형  일반전형(정원내),사범대학,역사교육과,10,36,3.6
충남,사립,상명대학교(천안),정원내 학생부종합(상명인재전형),,간호학과,10,36,3.6
경기,사립,가톨릭대학교(부천),논술전형,,인공지능학과,5,18,3.6
경기,사립,단국대학교(죽전),[학생부종합] DKU인재(서류형) 경쟁률 현황 (천안),,코스메디컬소재학과,5,18,3.6
경기,사립,명지대학교(용인),학생부종합(명지인재면접전형),,아너칼리지(전공자유대학) / 자율전공학부(인문),5,18,3.6
경기,사립,서울신학대학교,[실적/실기위주]어학특기자전형,,일본어문화콘텐츠학과,5,18,3.6
경기,사립,수원대학교,교과우수전형,라이프케어사이언스대학,식품영양학과,5,18,3.6
경기,사립,신한대학교(의정부/동두천),농어촌전형(교과100%),,사회과학대학(자율전공) - 토지행정학과 - 경찰행정학과 - 행정학과 - 사회복지학과 - 상담심리학과,5,18,3.6
경기,사립,아주대학교,고른기회1전형,,첨단바이오융합대학,5,18,3.6
경기,사립,한국외국어대학교(용인),학생부종합전형(면접형),,튀르키예·아제르바이잔학과,5,18,3.6
경기,사립,한국외국어대학교(용인),학생부종합전형(면접형),,사학과,5,18,3.6
경기,사립,한양대학교(ERICA),학생부종합(고른기회),경상대학,경영학부,5,18,3.6
경기,사립,협성대학교,정원내 [학생부교과]미래창의인재,경영대학,미디어영상광고학과,5,18,3.6
서울,사립,가톨릭대학교(서울),논술전형,,인공지능학과,5,18,3.6
서울,사립,강서대학교,일반학생,,신학과(일반학생),5,18,3.6
서울,사립,고려대학교(서울),서울캠퍼스 학생부종합(고른기회전형),정경대학,통계학과,5,18,3.6
서울,사립,명지대학교(서울),학생부종합(명지인재면접전형),,아너칼리지(전공자유대학) / 자율전공학부(인문),5,18,3.6
서울,사립,숙명여자대학교,[논술] 논술우수자전형,이과대학,수학과,5,18,3.6
서울,사립,숙명여자대학교,[실기/실적] 예능창의인재전형,음악대학,관현악과-바이올린,5,18,3.6
서울,사립,숭실대학교,학생부종합(SSU미래인재전형-서류형),,경제학과,5,18,3.6
서울,사립,숭실대학교,학생부종합(기회균형전형),,산업·정보시스템공학과,5,18,3.6
서울,사립,한국외국어대학교(서울),학생부종합전형(면접형),,튀르키예·아제르바이잔학과,5,18,3.6
서울,사립,한국외국어대학교(서울),학생부종합전형(면접형),,사학과,5,18,3.6
서울,사립,홍익대학교(서울),학교장추천자전형,사범대학,국어교육과,5,18,3.6
인천,국립,인천대학교,학생부교과(지역균형),인문대학,영어영문학과,5,18,3.6
인천,사립,인하대학교,학생부종합 인하미래인재(서류형),공과대학,반도체시스템공학과,5,18,3.6
대전,사립,목원대학교,"지역인재전형 경쟁률 현황 교과100 [면접없음, 수능최저없음]",사회과학대학,"광고홍보커뮤니케이션학부(광고홍보전공, 언론영상콘텐츠전공)",5,18,3.6
대전,사립,우송대학교,정원내 학생부 종합 - 종합서류형 전형 (면접X),보건복지대학,[사범계열]유아교육과,5,18,3.6
대전,국립,충남대학교,학생부종합 면접전형,자연과학대학,지질환경과학과*,5,18,3.6
충남,사립,단국대학교(천안),[학생부종합] DKU인재(서류형) 경쟁률 현황 (천안),,코스메디컬소재학과,5,18,3.6
충남,사립,백석대학교,정원내 모집 학생부 교과 지역인재(일반),,보건학부 치위생학과,5,18,3.6
충남,사립,백석대학교,정원내 모집 실기위주 (예·체능계열) 일반실기,,싱어송라이터,5,18,3.6
충남,사립,한국기술교육대학교,창의인재(면접형),,화학생명공학전공,5,18,3.6
충남,사립,호서대학교,- 정원내 학생부교과 면접전형,,경찰행정학과,5,18,3.6
충북,국립,충북대학교,학생부종합(학생부종합Ⅰ전형),농업생명환경대학,지역건설공학과,5,18,3.6
대전,사립,대전대학교,"교과면접전형 [1단계:교과/출석 100%, 2단계:교과/출석 60% + 면접 40%]",한의과대학,한의예과,18,65,3.61
서울,사립,한양대학교(서울),학생부교과(추천형),공과대학,컴퓨터소프트웨어학부,13,47,3.62
인천,사립,인하대학교,논술 논술우수자,공과대학,반도체시스템공학과,13,47,3.62
충남,사립,순천향대학교,[정원내] 학생부종합(일반학생전형),AI의료융합혁신교육원,의약바이오스쿨(임상병리학전공),13,47,3.62
서울,사립,한양대학교(서울),학생부종합(특성화고졸재직자 정원외),기술혁신대학,산업융합학부,158,574,3.63
서울,사립,동덕여자대학교,실기우수자전형,공연예술대학,방송연예전공(야),30,109,3.63
충남,국립,국립공주대학교,학생부종합전형  일반전형(정원내),사범대학,영어교육과,16,58,3.63
경기,국립,한경국립대학교,학생부종합(잠재력우수자_안성)_정원내,,행정학과,8,29,3.63
서울,사립,건국대학교(서울),학생부종합(특수교육대상자),문과대학,국어국문학과,8,5,3.63
서울,사립,삼육대학교,논술우수자전형,,항공관광외국어학부,8,29,3.63
서울,사립,한양대학교(서울),학생부종합(서류형),공과대학,유기나노공학과,8,29,3.63
대전,국립,충남대학교,일반전형,인문대학,사학과*,8,29,3.63
대전,국립,충남대학교,학생부종합 면접전형,자연과학대학,물리학과*,8,29,3.63
충남,사립,순천향대학교,[정원내] 학생부종합(일반학생전형),인문사회과학대학,특수교육과,8,29,3.63
경기,사립,중부대학교(고양),학생부우수자전형,,뷰티ㆍ패션비즈니스학전공 / 뷰티ㆍ패션비즈니스학전공,14,51,3.64
경기,사립,협성대학교,정원내 [학생부교과]교과성적우수자,인문사회과학대학,사회복지학과,14,51,3.64
충남,사립,중부대학교(금산),학생부우수자전형,,뷰티ㆍ패션비즈니스학전공 / 뷰티ㆍ패션비즈니스학전공,14,51,3.64
경기,사립,경기대학교(수원),학생부교과(학교장추천전형),,"바이오융합학부 / 생명과학전공, 식품생물공학전공",11,40,3.64
서울,사립,경기대학교(서울),학생부교과(학교장추천전형),,"바이오융합학부 / 생명과학전공, 식품생물공학전공",11,40,3.64
서울,사립,삼육대학교,세움인재전형,,식품영양학과,11,40,3.64
인천,사립,인하대학교,학생부종합 인하미래인재(면접형),사범대학,체육교육과,17,62,3.65
경기,사립,성결대학교,[학생부교과] SKU창의,인문사회융합대학,행정학부,15,55,3.67
대전,사립,대전대학교,"교과면접전형 [1단계:교과/출석 100%, 2단계:교과/출석 60% + 면접 40%]",디자인·아트대학,뷰티디자인학과 [교직],15,55,3.67
서울,국립,서울과학기술대학교,실기전형,조형대학,시각디자인학과,12,44,3.67
서울,공립,서울시립대학교,학생부종합전형Ⅰ(면접형),인공지능융합대학,컴퓨터과학부,12,44,3.67
서울,사립,연세대학교(서울),학생부교과전형 (추천형),사회과학대학,행정학과,12,44,3.67
서울,사립,동덕여자대학교,동덕창의리더전형,문화지식융합대학,커뮤니케이션콘텐츠전공,9,33,3.67
서울,사립,성신여자대학교,자기주도인재,,사회복지학과,9,33,3.67
경기,사립,가천대학교(성남),가천바람개비 전형,자연계열,신소재공학과,6,22,3.67
경기,사립,가톨릭대학교(부천),학생부종합(잠재능력우수자면접전형),,수학과,6,22,3.67
경기,사립,경희대학교(용인),국제캠퍼스 학생부종합(네오르네상스전형),예술계열,의류디자인학과,6,22,3.67
경기,사립,단국대학교(죽전),[학생부종합] DKU인재(서류형) 경쟁률 현황 (천안),,유럽중남미학부(프랑스학전공),6,22,3.67
경기,사립,명지대학교(용인),학생부종합(명지인재면접전형),,아동학전공,6,22,3.67
경기,사립,성결대학교,[학생부교과] SKU창의,글로벌경영대학,스마트관광항공학부(관광학전공),6,22,3.67
경기,사립,성균관대학교(수원),학생부종합(탐구인재),,철학과,6,22,3.67
경기,사립,용인대학교,정원내 일반학생 전형,무도대학,무도학과-복싱,6,22,3.67
서울,사립,가톨릭대학교(서울),학생부종합(잠재능력우수자면접전형),,수학과,6,22,3.67
서울,사립,경희대학교(서울),국제캠퍼스 학생부종합(네오르네상스전형),예술계열,의류디자인학과,6,22,3.67
서울,사립,명지대학교(서울),학생부종합(명지인재면접전형),,아동학전공,6,22,3.67
서울,사립,성균관대학교(서울),학생부종합(탐구인재),,철학과,6,22,3.67
인천,사립,가천대학교(인천),가천바람개비 전형,자연계열,신소재공학과,6,22,3.67
인천,사립,인하대학교,학생부종합 인하미래인재(서류형),공과대학,항공우주공학과,6,22,3.67
대전,사립,우송대학교,정원내 학생부 종합 - 종합서류형 전형 (면접X),보건복지대학,물리치료학과,6,22,3.67
충남,국립,국립공주대학교,학생부교과전형  일반전형(정원내),예술대학,영상학과,6,22,3.67
충남,사립,단국대학교(천안),[학생부종합] DKU인재(서류형) 경쟁률 현황 (천안),,유럽중남미학부(프랑스학전공),6,22,3.67
충북,사립,건국대학교(글로컬),[학생부교과] 교과우수,의료생명대학,뷰티화장품학과,6,22,3.67
충북,국립,충북대학교,학생부종합(학생부종합Ⅱ전형),농업생명환경대학,축산학과,6,22,3.67
경기,사립,가천대학교(성남),학생부우수자 전형,자연계열,약학과,3,11,3.67
경기,사립,가천대학교(성남),기회균형 전형,자연계열,반도체대학,3,11,3.67
경기,사립,가천대학교(성남),농어촌(종합) 전형,인문계열,AI인문대학,3,11,3.67
경기,사립,가천대학교(성남),농어촌(종합) 전형,자연계열,인공지능학과,3,11,3.67
경기,사립,가톨릭대학교(부천),학생부종합(기회균형Ⅰ전형),,정보통신전자공학부,3,11,3.67
경기,사립,가톨릭대학교(부천),논술전형,,수학과,3,11,3.67
경기,사립,경기대학교(수원),학생부교과(기초생활수급자등선발전형),,"글로벌어문학부 / 독어독문전공, 프랑스어문전공, 일어일문전공, 중어중문전공, 러시아어문전공",3,11,3.67
경기,사립,경희대학교(용인),서울캠퍼스 학생부종합(네오르네상스전형),인문계열,주거환경학과,3,11,3.67
경기,사립,경희대학교(용인),국제캠퍼스 학생부종합[기회균형전형Ⅰ(국가보훈·농어촌·수급자·자립아동 등)],자연계열,화학공학과,3,11,3.67
경기,사립,단국대학교(죽전),[학생부종합] DKU인재(면접형) 경쟁률 현황 (죽전),,철학과,3,11,3.67
경기,사립,단국대학교(죽전),[학생부종합] DKU인재(면접형) 경쟁률 현황 (죽전),,영미인문학과,3,11,3.67
경기,사립,명지대학교(용인),학생부교과(특성화고교전형),,스마트인프라공학부 / 건설환경공학전공,3,11,3.67
경기,사립,명지대학교(용인),학생부교과(특성화고교전형),,컴퓨터AI응용공학부 / AI컴퓨터공학전공,3,11,3.67
경기,사립,명지대학교(용인),학생부종합(명지인재서류전형),,문헌정보학전공,3,11,3.67
경기,사립,명지대학교(용인),학생부종합(농어촌학생전형),,디지털콘텐츠디자인학과,3,11,3.67
경기,사립,성결대학교,[학생부교과] 고른기회Ⅰ,글로벌경영대학,글로벌물류학과,3,11,3.67
경기,사립,수원대학교,교과우수전형,혁신공과대학,소방재난공학과,3,11,3.67
경기,사립,한국공학대학교,학생부종합(기회균형),,생명화학공학과,3,11,3.67
서울,사립,가톨릭대학교(서울),학생부종합(기회균형Ⅰ전형),,정보통신전자공학부,3,11,3.67
서울,사립,가톨릭대학교(서울),논술전형,,수학과,3,11,3.67
서울,사립,경기대학교(서울),학생부교과(기초생활수급자등선발전형),,"글로벌어문학부 / 독어독문전공, 프랑스어문전공, 일어일문전공, 중어중문전공, 러시아어문전공",3,11,3.67
서울,사립,경희대학교(서울),서울캠퍼스 학생부종합(네오르네상스전형),인문계열,주거환경학과,3,11,3.67
서울,사립,경희대학교(서울),국제캠퍼스 학생부종합[기회균형전형Ⅰ(국가보훈·농어촌·수급자·자립아동 등)],자연계열,화학공학과,3,11,3.67
서울,사립,명지대학교(서울),학생부교과(특성화고교전형),,스마트인프라공학부 / 건설환경공학전공,3,11,3.67
서울,사립,명지대학교(서울),학생부교과(특성화고교전형),,컴퓨터AI응용공학부 / AI컴퓨터공학전공,3,11,3.67
서울,사립,명지대학교(서울),학생부종합(명지인재서류전형),,문헌정보학전공,3,11,3.67
서울,사립,명지대학교(서울),학생부종합(농어촌학생전형),,디지털콘텐츠디자인학과,3,11,3.67
서울,사립,삼육대학교,기회균형Ⅰ전형,,간호학과,3,11,3.67
서울,사립,숙명여자대학교,[학생부종합] 농어촌학생전형(정원외),경상대학,경영학부,3,11,3.67
서울,사립,숭실대학교,학생부교과(교과우수자전형-학교장 추천),,건축학부(실내건축전공),3,11,3.67
서울,사립,숭실대학교,학생부종합(기회균형전형),,화학과,3,11,3.67
서울,사립,연세대학교(서울),학생부종합전형 (기회균형),이과대학,수학과,3,11,3.67
서울,사립,이화여자대학교,학생부종합(미래인재전형-면접형),신산업융합대학,국제사무학과,3,11,3.67
서울,사립,이화여자대학교,학생부종합(미래인재전형-면접형),인공지능대학,컴퓨터공학과,3,11,3.67
서울,사립,이화여자대학교,학생부종합(고른기회전형),사회과학대학,심리학과,3,11,3.67
인천,사립,가천대학교(인천),학생부우수자 전형,자연계열,약학과,3,11,3.67
인천,사립,가천대학교(인천),기회균형 전형,자연계열,반도체대학,3,11,3.67
인천,사립,가천대학교(인천),농어촌(종합) 전형,인문계열,AI인문대학,3,11,3.67
인천,사립,가천대학교(인천),농어촌(종합) 전형,자연계열,인공지능학과,3,11,3.67
인천,국립,인천대학교,학생부교과(교과성적우수자),사회과학대학,창의인재개발학과,3,11,3.67
대전,사립,목원대학교,"지역인재전형 경쟁률 현황 교과100 [면접없음, 수능최저없음]",사회과학대학,마케팅빅데이터학과,3,11,3.67
대전,사립,우송대학교,정원내 학생부 교과 - 자기추천 전형 (교과100% / 12과목 반영),외식조리대학,Lyfe조리전공,3,11,3.67
대전,국립,충남대학교,기회균형선발Ⅰ전형,AI(인공지능)대학,컴퓨터인공지능학부*,3,11,3.67
대전,국립,충남대학교,학생부종합 면접전형,생명시스템과학대학,생명정보융합학과,3,11,3.67
대전,국립,충남대학교,지역의사선발전형(홍성권),의과대학,의예과(지역의사선발-홍성권),3,11,3.67
대전,국립,충남대학교,특성화고출신자전형,사범대학,기계공학교육과,3,11,3.67
대전,국립,충남대학교,저소득층학생전형,경상대학,경영학부,3,11,3.67
충남,국립,국립공주대학교,학생부종합전형  일반전형(정원내),천안공과대학,그린스마트건축공학과,3,11,3.67
충남,사립,단국대학교(천안),[학생부종합] DKU인재(면접형) 경쟁률 현황 (죽전),,철학과,3,11,3.67
충남,사립,단국대학교(천안),[학생부종합] DKU인재(면접형) 경쟁률 현황 (죽전),,영미인문학과,3,11,3.67
충남,사립,백석대학교,정원내 모집 학생부 종합 창의인재,,외식산업학부,3,11,3.67
충남,사립,한국기술교육대학교,사회통합,,기계공학부,3,11,3.67
충북,사립,극동대학교,정원 외 학생부교과 농어촌학생전형(정원 외),,방사선학과,3,11,3.67
충북,국립,충북대학교,학생부교과(학생부교과전형),사회과학대학,사회과학자율전공학부,3,11,3.67
충북,국립,충북대학교,학생부교과(만학도전형),창의융합대학,인문사회자율전공계열,3,11,3.67
인천,사립,인하대학교,학생부종합 인하미래인재(면접형),간호대학,간호학과,28,103,3.68
경기,사립,용인대학교,정원내 체육우수자 특별전형,체육과학대학,골프학부-골프,25,92,3.68
경기,사립,가천대학교(성남),가천바람개비 전형,자연계열,반도체물리학과,13,48,3.69
인천,사립,가천대학교(인천),가천바람개비 전형,자연계열,반도체물리학과,13,48,3.69
대전,사립,배재대학교,정원내 실기/실적 예술인재,,아트앤웹툰학부(아트앤웹툰) [교직],53,196,3.7
경기,사립,가톨릭대학교(부천),학생부종합(잠재능력우수자면접전형),,영어영문학부,10,37,3.7
경기,사립,성균관대학교(수원),학생부교과(추천인재),,사범대학 / 교육학과,10,37,3.7
서울,사립,가톨릭대학교(서울),학생부종합(잠재능력우수자면접전형),,영어영문학부,10,37,3.7
서울,사립,서경대학교,교과우수자 전형,,아트앤테크놀로지학과,10,37,3.7
서울,사립,성균관대학교(서울),학생부교과(추천인재),,사범대학 / 교육학과,10,37,3.7
인천,국립,인천대학교,학생부종합(자기추천),사회과학대학,사회복지학과,10,37,3.7
충남,국립,국립공주대학교,학생부종합전형  일반전형(정원내),천안공과대학,건축학과(5년제),10,37,3.7
경기,사립,경기대학교(수원),학생부종합(기회균형선발전형),,"글로벌어문학부 / 독어독문전공, 프랑스어문전공, 일어일문전공, 중어중문전공, 러시아어문전공",14,52,3.71
서울,사립,건국대학교(서울),학생부종합(KU자기추천),문과대학,문화콘텐츠학과,14,52,3.71
서울,사립,경기대학교(서울),학생부종합(기회균형선발전형),,"글로벌어문학부 / 독어독문전공, 프랑스어문전공, 일어일문전공, 중어중문전공, 러시아어문전공",14,52,3.71
인천,사립,인하대학교,논술 논술우수자,공과대학,화공에너지공학부(화학공학전공),14,52,3.71
대전,국립,충남대학교,일반전형,수의과대학,수의예과,14,52,3.71
경기,사립,명지대학교(용인),실기/실적(실기우수자전형),,싱어송라이터,7,26,3.71
경기,사립,한국외국어대학교(용인),학생부종합전형(면접형),,중국외교통상학부,7,26,3.71
서울,사립,건국대학교(서울),학생부교과(KU지역균형),공과대학,사회환경공학부,7,26,3.71
서울,사립,광운대학교,실기/실적【체육특기자전형】,,실기/실적【체육특기자전형(아이스하키)】,7,26,3.71
서울,사립,명지대학교(서울),실기/실적(실기우수자전형),,싱어송라이터,7,26,3.71
서울,사립,한국외국어대학교(서울),학생부종합전형(면접형),,중국외교통상학부,7,26,3.71
충북,국립,충북대학교,학생부교과(학생부교과전형),자연과학대학,천문우주학과,7,26,3.71
경기,사립,성균관대학교(수원),학생부종합(탐구인재),,전자전기정보공학부,25,93,3.72
서울,사립,성균관대학교(서울),학생부종합(탐구인재),,전자전기정보공학부,25,93,3.72
경기,사립,성균관대학교(수원),학생부종합(탐구인재),,글로벌경제학과,18,67,3.72
서울,사립,성균관대학교(서울),학생부종합(탐구인재),,글로벌경제학과,18,67,3.72
서울,사립,홍익대학교(서울),미술우수자전형,미술대학,판화과,18,67,3.72
경기,사립,한양대학교(ERICA),학생부종합(서류형),글로벌문화통상대학,글로벌문화통상학부,40,149,3.73
경기,국립,한경국립대학교,학생부교과(일반전형_평택)_정원내,,AI반도체융합학과,15,56,3.73
서울,사립,연세대학교(서울),학생부종합전형 (활동우수형),문과대학,영어영문학과,15,56,3.73
경기,사립,경희대학교(용인),국제캠퍼스 학생부종합(네오르네상스전형),자연계열,신소재공학과,11,41,3.73
경기,국립,한경국립대학교,학생부종합(잠재력우수자_안성)_정원내,,조경학과,11,41,3.73
서울,사립,경희대학교(서울),국제캠퍼스 학생부종합(네오르네상스전형),자연계열,신소재공학과,11,41,3.73
인천,사립,인하대학교,논술 논술우수자,사회과학대학,경제학과,11,41,3.73
서울,국립,서울과학기술대학교,학교생활우수자전형,공과대학,기계공학과,39,146,3.74
충남,국립,국립공주대학교,학생부종합전형  일반전형(정원내),사범대학,유아교육과,16,60,3.75
서울,사립,서강대학교,학생부종합(기회균형),,경제학과,8,30,3.75
서울,사립,서경대학교,군사학과 특별전형,,군사학과-여자,8,30,3.75
서울,사립,서울여자대학교,학생부종합(바롬인재면접전형),과학기술융합대학,원예생명조경학과,8,30,3.75
서울,사립,연세대학교(서울),학생부교과전형 (추천형),이과대학,화학과,8,30,3.75
경기,사립,경기대학교(수원),학생부교과(학교장추천전형),,문헌정보학과,4,15,3.75
경기,사립,단국대학교(죽전),[학생부종합] DKU인재(서류형) 경쟁률 현황 (죽전),,과학교육과,4,15,3.75
경기,사립,단국대학교(죽전),[학생부종합] 군사학과 경쟁률 현황 (천안),,해병대군사학과(여),4,15,3.75
경기,사립,신한대학교(의정부/동두천),사회기여자전형(학생부서류100%),,유아교육과,4,15,3.75
경기,사립,신한대학교(의정부/동두천),농어촌전형(교과100%),,치위생학과,4,15,3.75
경기,사립,을지대학교(성남의정부),EU서류형,,안경광학과,4,15,3.75
경기,사립,차의과학대학교,학생부종합(농어촌학생특별전형),,간호대학,4,15,3.75
서울,사립,경기대학교(서울),학생부교과(학교장추천전형),,문헌정보학과,4,15,3.75
서울,사립,광운대학교,논술【논술우수자전형】,,경영학부 빅데이터경영전공,4,15,3.75
서울,사립,삼육대학교,학교장추천전형,,바이오융합공학과,4,15,3.75
서울,사립,상명대학교(서울),정원 내 학생부종합(상명인재전형),,문헌정보학전공,4,15,3.75
서울,사립,성신여자대학교,지역균형,,사회교육과,4,15,3.75
서울,사립,세종대학교,학생부교과(지역균형 전형),자연과학,화학과,4,15,3.75
서울,사립,세종대학교,학생부종합(세종인재 전형(면접형)),사회과학,법학과,4,15,3.75
서울,사립,세종대학교,논술(논술우수자 전형),인공지능융합,정보보호학과,4,15,3.75
서울,사립,숭실대학교,학생부종합(기회균형전형),,신소재공학과,4,15,3.75
서울,사립,총신대학교,정원내 코람데오인재,인문사회계열,중독상담학과,4,15,3.75
서울,사립,한양대학교(서울),학생부교과(추천형),자연과학대학,물리학과,4,15,3.75
서울,사립,한양대학교(서울),학생부종합(고른기회),공과대학,전기·생체공학부(전기공학전공),4,15,3.75
인천,사립,인하대학교,학생부종합 고른기회,공과대학,건축학부,4,15,3.75
대전,사립,우송대학교,정원내 학생부 종합 - 종합서류형 전형 (면접X),외식조리대학,"글로벌외식,조리경영전공",4,15,3.75
대전,사립,우송대학교,정원내 학생부 종합 - 종합서류형 전형 (면접X),보건복지대학,재활학부 / 스포츠건강재활학과,4,15,3.75
대전,사립,을지대학교(대전),EU서류형,,안경광학과,4,15,3.75
대전,국립,충남대학교,농어촌학생전형,AI(인공지능)대학,컴퓨터인공지능학부*,4,15,3.75
충남,사립,단국대학교(천안),[학생부종합] DKU인재(서류형) 경쟁률 현황 (죽전),,과학교육과,4,15,3.75
충남,사립,단국대학교(천안),[학생부종합] 군사학과 경쟁률 현황 (천안),,해병대군사학과(여),4,15,3.75
충북,국립,충북대학교,학생부종합(학생부종합Ⅱ전형),자연과학대학,지구환경과학과,4,15,3.75
충북,국립,충북대학교,학생부종합(학생부종합Ⅱ전형),농업생명환경대학,원예과학과,4,15,3.75
서울,사립,한양대학교(서울),학생부종합(추천형),경제금융대학,경제금융학부,17,64,3.76
서울,사립,이화여자대학교,학생부종합(미래인재전형-서류형),신산업융합대학,융합콘텐츠학과,13,49,3.77
경기,국립,한경국립대학교,학생부종합(잠재력우수자_안성)_정원내,,동물응용과학과,9,34,3.78
경기,사립,협성대학교,정원내 [학생부교과]교과성적우수자,경영대학,미디어영상광고학과,9,34,3.78
세종,사립,홍익대학교(세종),학교생활우수자전형,AID융합과학기술대학,건축공학부,9,34,3.78
충북,사립,건국대학교(글로컬),[학생부교과] 교과우수,인문사회융합대학,유아교육과,9,34,3.78
세종,사립,고려대학교(세종),학생부종합(크림슨인재전형),글로벌비즈니스대학,글로벌학부,39,148,3.79
서울,사립,고려대학교(서울),서울캠퍼스 학생부교과(학교추천전형),정경대학,통계학과,14,53,3.79
서울,사립,서울여자대학교,학생부종합(바롬인재면접전형),미래산업융합대학,경영학과,14,53,3.79
인천,사립,인하대학교,논술 논술우수자,공과대학,신소재공학과,14,53,3.79
충남,사립,백석대학교,정원내 모집 실기위주 (예·체능계열) 일반실기,,디자인영상학부 / 기초디자인,195,252,3.8
대전,사립,목원대학교,실기전형 경쟁률 현황 실기100 [수능최저없음],웹툰애니메이션게임대학,게임콘텐츠학과 [SW],30,114,3.8
서울,사립,한양대학교(서울),학생부종합(서류형),한양YK인터칼리지,한양인터칼리지학부(자연),25,95,3.8
대전,사립,건양대학교(대전),의학과,,지역[최저],20,76,3.8
충남,사립,건양대학교(논산),의학과,,지역[최저],20,76,3.8
서울,사립,서경대학교,계약학과 채용조건형 특별전형,,코스메틱뷰티매니지먼트학과-㈜뷰티라운지,15,57,3.8
서울,사립,숙명여자대학교,[학생부종합] 숙명인재(면접형)전형,법과대학,법학부,15,57,3.8
경기,사립,경기대학교(수원),학생부종합(KGU학생부종합전형),,문헌정보학과,10,38,3.8
경기,사립,수원대학교,농어촌학생전형,자유전공학부,자유전공학부,10,38,3.8
경기,사립,용인대학교,정원내 체육우수자 특별전형,무도대학,태권도학과-시범,10,38,3.8
서울,사립,경기대학교(서울),학생부종합(KGU학생부종합전형),,문헌정보학과,10,38,3.8
서울,공립,서울시립대학교,학생부종합전형Ⅰ(면접형),인문대학,중국어문화학과,10,38,3.8
경기,사립,가톨릭대학교(부천),학생부종합(잠재능력우수자면접전형),,공간디자인·소비자학과,5,19,3.8
경기,사립,명지대학교(용인),학생부교과(만학도전형),,심리치료학전공,5,19,3.8
경기,사립,수원대학교,교과논술전형,혁신공과대학,소방재난공학과,5,19,3.8
경기,사립,수원대학교,교과논술전형,라이프케어사이언스대학,아동가족복지학과,5,19,3.8
경기,사립,신한대학교(의정부/동두천),교육기회균형전형(교과100%),,방사선학과,5,19,3.8
경기,사립,한국외국어대학교(용인),학생부종합전형(면접형),,베트남학과,5,19,3.8
경기,사립,한국외국어대학교(용인),학생부종합전형(서류형),,포르투갈어과,5,19,3.8
경기,사립,한국외국어대학교(용인),논술전형,,투어리즘 & 웰니스학부,5,19,3.8
경기,사립,한양대학교(ERICA),학생부종합(서류형),공학대학,로봇공학과,5,19,3.8
서울,사립,가톨릭대학교(서울),학생부종합(잠재능력우수자면접전형),,공간디자인·소비자학과,5,19,3.8
서울,사립,강서대학교,교과우수자,,상담심리학과(교과우수자),5,19,3.8
서울,사립,명지대학교(서울),학생부교과(만학도전형),,심리치료학전공,5,19,3.8
서울,사립,삼육대학교,학교장추천전형,,간호학과,5,19,3.8
서울,사립,상명대학교(서울),정원 내 학생부종합(상명인재전형),,국어교육과,5,19,3.8
서울,사립,이화여자대학교,학생부종합(미래인재전형-면접형),인문과학대학,중어중문학과,5,19,3.8
서울,사립,한국외국어대학교(서울),학생부종합전형(면접형),,베트남학과,5,19,3.8
서울,사립,한국외국어대학교(서울),학생부종합전형(서류형),,포르투갈어과,5,19,3.8
서울,사립,한국외국어대학교(서울),논술전형,,투어리즘 & 웰니스학부,5,19,3.8
인천,국립,인천대학교,학생부종합(자기추천),사범대학,역사교육과,5,19,3.8
인천,사립,인하대학교,논술 논술우수자,자연과학대학,해양과학과,5,19,3.8
대전,사립,건양대학교(대전),학생부종합전형,,사회복지학과,5,19,3.8
대전,국립,국립한밭대학교,농어촌학생전형,,기계공학과,5,19,3.8
대전,사립,대전대학교,"교과면접전형 [1단계:교과/출석 100%, 2단계:교과/출석 60% + 면접 40%]",디자인·아트대학,"공연예술영상콘텐츠학과 (연기트랙, 영상콘텐츠트랙)",5,19,3.8
대전,국립,충남대학교,학생부종합 서류전형,경상대학,경제학과,5,19,3.8
충남,사립,건양대학교(논산),학생부종합전형,,사회복지학과,5,19,3.8
충남,사립,한국기술교육대학교,창의인재(면접형),,에너지신소재화학공학부 / 에너지신소재공학전공,5,19,3.8
충남,사립,한국기술교육대학교,논술전형,,에너지신소재화학공학부 / 에너지신소재공학전공,5,19,3.8
경기,사립,명지대학교(용인),학생부종합(사회적배려대상자전형),,자연캠퍼스(용인) 소계,16,61,3.81
경기,사립,성결대학교,[학생부교과] 교과성적우수자,예술대학,뷰티디자인학과,16,61,3.81
경기,사립,성균관대학교(수원),학생부종합(탐구인재),,의상학과,16,61,3.81
서울,사립,명지대학교(서울),학생부종합(사회적배려대상자전형),,자연캠퍼스(용인) 소계,16,61,3.81
서울,사립,성균관대학교(서울),학생부종합(탐구인재),,의상학과,16,61,3.81
경기,사립,용인대학교,정원내 일반학생 전형,문화예술대학,예능 / 무용과,17,65,3.82
서울,사립,상명대학교(서울),정원 내 학생부종합(상명인재전형),,경영학부,11,42,3.82
서울,사립,서강대학교,학생부종합(일반Ⅰ),,유럽문화학과,18,69,3.83
대전,국립,국립한밭대학교,학생부교과(일반)전형,,건축설비시스템공학과,18,69,3.83
충남,국립,국립공주대학교,학생부종합전형  일반전형(정원내),자연과학대학,생명과학과,18,69,3.83
경기,사립,중부대학교(고양),학생부우수자전형,,응급구조학과 / 응급구조학과,12,46,3.83
충남,국립,국립공주대학교,학생부종합전형  일반전형(정원내),사범대학,미술교육과,12,46,3.83
충남,국립,국립공주대학교,학생부교과전형  일반전형(정원내),산업과학대학,산림과학과,12,46,3.83
충남,사립,중부대학교(금산),학생부우수자전형,,응급구조학과 / 응급구조학과,12,46,3.83
충남,사립,호서대학교,- 정원내 학생부종합 호서인재전형,,동물보건복지학과,12,46,3.83
경기,사립,가천대학교(성남),학생부우수자 전형,자연계열,물리치료학과,6,23,3.83
경기,사립,가천대학교(성남),가천바람개비 전형,자연계열,건설환경공학과,6,23,3.83
경기,사립,가톨릭대학교(부천),학생부종합(잠재능력우수자면접전형),,에너지환경공학과,6,23,3.83
경기,사립,단국대학교(죽전),[학생부종합] DKU인재(서류형) 경쟁률 현황 (천안),,아시아중동학부(베트남학전공),6,23,3.83
경기,사립,명지대학교(용인),학생부교과(학교장추천전형),,환경시스템공학전공,6,23,3.83
경기,사립,성균관대학교(수원),학생부종합(탐구인재),,전공예약 / 생명과학과,6,23,3.83
경기,사립,협성대학교,정원내 [학생부교과]교과성적우수자,경영대학,호텔관광경영학과,6,23,3.83
서울,사립,가톨릭대학교(서울),학생부종합(잠재능력우수자면접전형),,에너지환경공학과,6,23,3.83
서울,사립,명지대학교(서울),학생부교과(학교장추천전형),,환경시스템공학전공,6,23,3.83
서울,사립,성균관대학교(서울),학생부종합(탐구인재),,전공예약 / 생명과학과,6,23,3.83
서울,사립,이화여자대학교,학생부종합(미래인재전형-면접형),인문과학대학,기독교학과,6,23,3.83
인천,사립,가천대학교(인천),학생부우수자 전형,자연계열,물리치료학과,6,23,3.83
인천,사립,가천대학교(인천),가천바람개비 전형,자연계열,건설환경공학과,6,23,3.83
대전,국립,충남대학교,학생부종합 면접전형,사회과학대학,정치외교학과,6,23,3.83
충남,사립,단국대학교(천안),[학생부종합] DKU인재(서류형) 경쟁률 현황 (천안),,아시아중동학부(베트남학전공),6,23,3.83
충북,국립,충북대학교,학생부종합(학생부종합Ⅰ전형),공과대학,안전공학과,6,23,3.83
충북,국립,충북대학교,학생부교과(학생부교과전형),공과대학,공업화학과,6,23,3.83
서울,사립,연세대학교(서울),학생부교과전형 (추천형),공과대학,전기전자공학부,27,104,3.85
대전,국립,충남대학교,일반전형,예술대학,회화과(한국화),13,50,3.85
경기,사립,가천대학교(성남),논술 전형,자연계열,건축공학과,14,54,3.86
인천,사립,가천대학교(인천),논술 전형,자연계열,건축공학과,14,54,3.86
경기,사립,가천대학교(성남),학생부우수자 전형,자연계열,생명과학과,7,27,3.86
경기,사립,가천대학교(성남),가천바람개비 전형,자연계열,스마트팩토리학과,7,27,3.86
경기,사립,가천대학교(성남),가천바람개비 전형,자연계열,화학과,7,27,3.86
경기,사립,아주대학교,고른기회1전형,,경제정치사회융합학부,7,27,3.86
경기,국립,한경국립대학교,학생부교과(일반전형_안성)_정원내,,동물생명과학과,7,27,3.86
서울,사립,고려대학교(서울),서울캠퍼스 학생부교과(학교추천전형),이과대학,화학과,7,27,3.86
서울,사립,상명대학교(서울),정원 내 학생부교과(고교추천전형),,화학에너지공학전공,7,27,3.86
서울,사립,숙명여자대학교,[논술] 논술우수자전형,공과대학,인공지능공학부,7,27,3.86
인천,사립,가천대학교(인천),학생부우수자 전형,자연계열,생명과학과,7,27,3.86
인천,사립,가천대학교(인천),가천바람개비 전형,자연계열,스마트팩토리학과,7,27,3.86
인천,사립,가천대학교(인천),가천바람개비 전형,자연계열,화학과,7,27,3.86
인천,사립,인하대학교,논술 논술우수자,문과대학,중국학과,7,27,3.86
대전,사립,배재대학교,정원내 학생부교과 교과,,유아교육과 [사범],7,27,3.86
충남,국립,국립공주대학교,학생부종합전형  일반전형(정원내),자연과학대학,화학과,7,27,3.86
충남,국립,국립공주대학교,학생부교과전형  일반전형(정원내),천안공과대학,디지털융합금형공학과,7,27,3.86
대전,사립,건양대학교(대전),학생부종합전형,,간호학과 [교직],50,194,3.88
충남,사립,건양대학교(논산),학생부종합전형,,간호학과 [교직],50,194,3.88
충남,사립,순천향대학교,[정원내] 학생부종합(일반학생전형),인문사회과학대학,미디어커뮤니케이션학과,17,66,3.88
경기,사립,가천대학교(성남),논술 전형,인문계열,회계세무학과,16,62,3.88
경기,사립,경희대학교(용인),국제캠퍼스 학생부종합(네오르네상스전형),인문계열,일본어학과,16,62,3.88
경기,사립,아주대학교,논술우수자전형,,수학과,16,62,3.88
서울,사립,경희대학교(서울),국제캠퍼스 학생부종합(네오르네상스전형),인문계열,일본어학과,16,62,3.88
인천,사립,가천대학교(인천),논술 전형,인문계열,회계세무학과,16,62,3.88
경기,사립,경기대학교(수원),학생부종합(기회균형선발전형),,"공공인재학부 / 행정학전공, 정치외교학전공",8,31,3.88
경기,사립,경희대학교(용인),서울캠퍼스 학생부종합(네오르네상스전형),인문계열,사회학과,8,31,3.88
경기,사립,수원대학교,교과논술전형,혁신공과대학,바이오공학과,8,31,3.88
서울,사립,경기대학교(서울),학생부종합(기회균형선발전형),,"공공인재학부 / 행정학전공, 정치외교학전공",8,31,3.88
서울,사립,경희대학교(서울),서울캠퍼스 학생부종합(네오르네상스전형),인문계열,사회학과,8,31,3.88
서울,사립,광운대학교,학생부종합【광운참빛인재전형Ⅰ-면접형】,,산업심리학과,8,31,3.88
서울,공립,서울시립대학교,논술전형,인공지능융합대학,컴퓨터과학부,8,31,3.88
서울,사립,서울여자대학교,학생부종합(바롬인재면접전형),과학기술융합대학,화학과,8,31,3.88
서울,사립,숭실대학교,학생부종합(SSU미래인재전형-면접형),,수학과,8,31,3.88
대전,국립,국립한밭대학교,지역인재(교과)전형,,건설환경공학과,8,31,3.88
충북,국립,충북대학교,학생부종합(학생부종합Ⅰ전형),공과대학,건축공학과,8,31,3.88
충북,사립,건국대학교(글로컬),[실기위주] 실기우수자,디자인대학,조형예술학과,27,105,3.89
경기,사립,경기대학교(수원),학생부교과(교과성적우수자전형),,"글로벌어문학부 / 독어독문전공, 프랑스어문전공, 일어일문전공, 중어중문전공, 러시아어문전공",9,35,3.89
경기,사립,단국대학교(죽전),[학생부종합] DKU인재(서류형) 경쟁률 현황 (천안),,생명공학부(동물생명공학전공),9,35,3.89
경기,사립,아주대학교,ACE전형,,문화콘텐츠학과,9,35,3.89
서울,사립,경기대학교(서울),학생부교과(교과성적우수자전형),,"글로벌어문학부 / 독어독문전공, 프랑스어문전공, 일어일문전공, 중어중문전공, 러시아어문전공",9,35,3.89
충남,사립,단국대학교(천안),[학생부종합] DKU인재(서류형) 경쟁률 현황 (천안),,생명공학부(동물생명공학전공),9,35,3.89
충북,국립,충북대학교,학생부종합(학생부종합Ⅰ전형),사범대학,수학교육과,9,35,3.89
경기,사립,한국항공대학교,논술우수자 전형,,공과대학,51,199,3.9
서울,사립,건국대학교(서울),학생부종합(KU자기추천),공과대학,화공·생명·에너지공학부,20,78,3.9
경기,사립,신한대학교(의정부/동두천),일반전형(교과60%+면접40%),,미래자동차공학과,10,39,3.9
경기,사립,신한대학교(의정부/동두천),실기우수자전형(교과20%+실기80%),,산업디자인학과,10,39,3.9
경기,사립,한양대학교(ERICA),재능우수자(무용),예체능대학,무용예술학과(한국무용),10,39,3.9
인천,사립,인하대학교,실기/실적 의류디자인학과-실기,예술체육대학,의류디자인학과(실기),10,39,3.9
충남,국립,국립공주대학교,학생부종합전형  일반전형(정원내),사범대학,지리교육과,10,39,3.9
대전,사립,배재대학교,정원내 실기/실적 예술인재,,아트앤웹툰학부(게임애니메이션),35,137,3.91
서울,사립,고려대학교(서울),서울캠퍼스 학생부교과(학교추천전형),공과대학,전기전자공학부,34,133,3.91
대전,국립,충남대학교,학생부종합 면접전형,경상대학,경영학부,23,90,3.91
경기,사립,성결대학교,[학생부교과] 교과성적우수자,글로벌경영대학,경영학과,11,43,3.91
경기,사립,안양대학교(안양),학생부교과(아리학생부교과),,식품영양학과(교직),11,43,3.91
서울,공립,서울시립대학교,학생부종합전형Ⅰ(면접형),도시과학대학,건축학부(건축공학전공),11,43,3.91
서울,사립,연세대학교(서울),학생부종합전형 (기회균형),상경대학,경제학부,11,43,3.91
인천,사립,안양대학교(강화),학생부교과(아리학생부교과),,식품영양학과(교직),11,43,3.91
인천,사립,인하대학교,학생부종합 인하미래인재(면접형),공과대학,고분자공학과,11,43,3.91
경기,사립,경기대학교(수원),학생부종합(KGU학생부종합전형),,"공공안전학부 / 범죄교정심리학전공, 경찰행정학전공",24,94,3.92
서울,사립,경기대학교(서울),학생부종합(KGU학생부종합전형),,"공공안전학부 / 범죄교정심리학전공, 경찰행정학전공",24,94,3.92
서울,사립,숭실대학교,학생부종합(SSU미래인재전형-면접형),,기독교학과,24,94,3.92
경기,사립,가천대학교(성남),논술 전형,인문계열,의료산업경영학과,13,51,3.92
인천,사립,가천대학교(인천),논술 전형,인문계열,의료산업경영학과,13,51,3.92
대전,사립,건양대학교(대전),특기자전형,,글로벌의료뷰티학전공 [교직],13,51,3.92
충남,사립,건양대학교(논산),특기자전형,,글로벌의료뷰티학전공 [교직],13,51,3.92
충북,사립,건국대학교(글로컬),[실기위주] 실기우수자,디자인대학,패션디자인학과,13,51,3.92
경기,사립,성균관대학교(수원),학생부종합(탐구인재),,독어독문학과,12,47,3.92
경기,사립,을지대학교(성남의정부),논술우수자,,임상병리학과(성남),12,47,3.92
서울,사립,성균관대학교(서울),학생부종합(탐구인재),,독어독문학과,12,47,3.92
서울,사립,숙명여자대학교,[학생부종합] 숙명인재(면접형)전형,문과대학,한국어문학부,12,47,3.92
대전,사립,을지대학교(대전),논술우수자,,임상병리학과(성남),12,47,3.92
서울,사립,홍익대학교(서울),미술우수자전형,미술대학,도예·유리과,15,59,3.93
경기,사립,경희대학교(용인),국제캠퍼스 실기우수자전형(디자인·도예),예술계열,환경조경디자인학과,14,55,3.93
서울,사립,경희대학교(서울),국제캠퍼스 실기우수자전형(디자인·도예),예술계열,환경조경디자인학과,14,55,3.93
경기,사립,아주대학교,ACE전형,,경제정치사회융합학부,36,142,3.94
대전,사립,우송대학교,정원내 학생부 교과 - 교과중심 전형 (교과100% / 12과목 반영),외식조리대학,글로벌호텔관광학과,18,71,3.94
서울,사립,서경대학교,계약학과 채용조건형 특별전형,,헤어디자인학과-㈜커커,20,79,3.95
서울,국립,서울과학기술대학교,기회균형전형(특성화고등을졸업한재직자),미래융합대학,융합기계공학과,20,79,3.95
서울,사립,고려대학교(서울),서울캠퍼스 학생부교과(학교추천전형),경영대학,경영학과,54,214,3.96
경기,사립,을지대학교(성남의정부),EU면접형,,인문사회계열학부,25,99,3.96
대전,사립,을지대학교(대전),EU면접형,,인문사회계열학부,25,99,3.96
서울,사립,동덕여자대학교,실기우수자전형,디자인이노베이션대학,미디어디자인전공,24,95,3.96
경기,사립,성균관대학교(수원),학생부종합(탐구인재),,경영학과,25,100,4.0
서울,사립,성균관대학교(서울),학생부종합(탐구인재),,경영학과,25,100,4.0
서울,사립,건국대학교(서울),학생부종합(KU자기추천),건축대학,건축학부,20,80,4.0
서울,사립,서강대학교,학생부종합(일반Ⅰ),,화학과,18,72,4.0
충남,사립,한국기술교육대학교,창의인재(면접형),,메카트로닉스공학부,17,68,4.0
서울,사립,건국대학교(서울),학생부종합(KU자기추천),융합생명과학대학,생명공학부,16,64,4.0
충남,사립,순천향대학교,[정원내] 실기/실적(실기우수자전형),자연과학대학,스포츠과학과,16,64,4.0
충북,사립,극동대학교,정원 내 학생부교과 일반학생전형(면접),,방사선학과,16,64,4.0
경기,사립,성균관대학교(수원),학생부종합(탐구인재),,에너지학과,15,60,4.0
서울,사립,성균관대학교(서울),학생부종합(탐구인재),,에너지학과,15,60,4.0
경기,사립,가천대학교(성남),논술 전형,자연계열,건설환경공학과,14,56,4.0
경기,사립,명지대학교(용인),학생부종합(명지인재면접전형),,스마트시스템공과대학 / 기계시스템공학부<기계공학전공·로봇공학전공>,14,56,4.0
서울,사립,건국대학교(서울),학생부종합(KU자기추천),사회과학대학,국제무역학과,14,56,4.0
서울,사립,명지대학교(서울),학생부종합(명지인재면접전형),,스마트시스템공과대학 / 기계시스템공학부<기계공학전공·로봇공학전공>,14,56,4.0
인천,사립,가천대학교(인천),논술 전형,자연계열,건설환경공학과,14,56,4.0
서울,국립,서울과학기술대학교,학교생활우수자전형,인문사회대학,행정학과,13,52,4.0
경기,사립,가천대학교(성남),논술 전형,자연계열,식품영양학과,12,48,4.0
경기,사립,경희대학교(용인),서울캠퍼스 학생부종합(네오르네상스전형),인문계열,응용영어통번역학과,12,48,4.0
경기,사립,신한대학교(의정부/동두천),신한국인전형(학생부서류100%),,유아교육과,12,48,4.0
서울,사립,경희대학교(서울),서울캠퍼스 학생부종합(네오르네상스전형),인문계열,응용영어통번역학과,12,48,4.0
서울,사립,이화여자대학교,학생부종합(미래인재전형-면접형),약학대학,약학부 약학전공,12,48,4.0
인천,사립,가천대학교(인천),논술 전형,자연계열,식품영양학과,12,48,4.0
충북,사립,극동대학교,정원 내 학생부교과 교과우수자전형,,항공정비학과,12,48,4.0
서울,사립,삼육대학교,세움인재전형,,사회복지학과,11,44,4.0
서울,사립,총신대학교,정원내 코람데오인재,사범계열,기독교교육과,11,44,4.0
서울,사립,홍익대학교(서울),학교생활우수자전형,공과대학,건설환경공학과,11,44,4.0
충남,국립,국립공주대학교,학생부교과전형  일반전형(정원내),산업과학대학,원예학과,11,44,4.0
경기,사립,가톨릭대학교(부천),학생부종합(잠재능력우수자서류전형),,영어영문학부,10,40,4.0
경기,사립,경기대학교(수원),학생부종합(KGU학생부종합전형),,사학과,10,40,4.0
경기,사립,성균관대학교(수원),학생부종합(융합인재),,건축학과(5년제),10,40,4.0
경기,사립,성균관대학교(수원),학생부종합(과학인재),,전자전기정보공학부,10,40,4.0
서울,사립,가톨릭대학교(서울),학생부종합(잠재능력우수자서류전형),,영어영문학부,10,40,4.0
서울,사립,경기대학교(서울),학생부종합(KGU학생부종합전형),,사학과,10,40,4.0
서울,사립,성균관대학교(서울),학생부종합(융합인재),,건축학과(5년제),10,40,4.0
서울,사립,성균관대학교(서울),학생부종합(과학인재),,전자전기정보공학부,10,40,4.0
서울,사립,숙명여자대학교,[학생부종합] 숙명인재(면접형)전형,문과대학,프랑스언어·문화학과,10,40,4.0
충남,국립,국립공주대학교,학생부종합전형  일반전형(정원내),사범대학,윤리교육과,10,40,4.0
경기,사립,가천대학교(성남),논술 전형,자연계열,치위생학과,9,36,4.0
서울,사립,숭실대학교,학생부종합(SW우수자전형),,AI소프트웨어학부,9,36,4.0
인천,사립,가천대학교(인천),논술 전형,자연계열,치위생학과,9,36,4.0
경기,사립,성결대학교,[학생부교과] 교과성적우수자,인문사회융합대학,영미언어문화학과,8,32,4.0
경기,사립,용인대학교,정원내 교과성적우수자 특별전형,인문사회융합대학,경찰행정학과,8,32,4.0
서울,사립,덕성여자대학교,기회균형전형Ⅰ_기초생활수급자 등[학생부위주(종합)],,미래인재대학(자유전공학부),8,32,4.0
서울,공립,서울시립대학교,기회균형전형Ⅰ,정경대학,경제학부,8,32,4.0
서울,사립,이화여자대학교,학생부종합(미래인재전형-서류형),사범대학,국어교육과,8,32,4.0
서울,사립,한양대학교(서울),학생부종합(추천형),인문과학대학,영어영문학과,8,32,4.0
경기,사립,가천대학교(성남),실기우수자 전형,예체능계열,작곡전공(작곡),7,28,4.0
경기,사립,단국대학교(죽전),[논술위주] 논술우수자 경쟁률 현황 (죽전),,무역학과,7,28,4.0
경기,사립,명지대학교(용인),학생부교과(특수교육대상자전형),,미디어·휴먼라이프대학 / 디지털미디어학부,7,28,4.0
경기,사립,한양대학교(ERICA),학생부종합(고른기회),LIONS칼리지,LIONS자율전공학부(자연계열),7,28,4.0
서울,사립,고려대학교(서울),서울캠퍼스 학생부교과(학교추천전형),사범대학,가정교육과,7,28,4.0
서울,사립,명지대학교(서울),학생부교과(특수교육대상자전형),,미디어·휴먼라이프대학 / 디지털미디어학부,7,28,4.0
서울,사립,한양대학교(서울),학생부종합(서류형),인문과학대학,국어국문학과,7,28,4.0
인천,사립,가천대학교(인천),실기우수자 전형,예체능계열,작곡전공(작곡),7,28,4.0
충남,사립,단국대학교(천안),[논술위주] 논술우수자 경쟁률 현황 (죽전),,무역학과,7,28,4.0
충북,국립,한국교원대학교,농어촌학생 특별전형,,초등교육과,7,28,4.0
경기,사립,가천대학교(성남),학생부우수자 전형,인문계열,유아교육학과,6,24,4.0
경기,사립,가천대학교(성남),학생부우수자 전형,자연계열,방사선학과,6,24,4.0
경기,사립,서울신학대학교,[학생부교과]교과성적전형,,신학부 / 신학과,6,24,4.0
서울,사립,한양대학교(서울),학생부종합(추천형),생활과학대학,의류학과,6,24,4.0
인천,사립,가천대학교(인천),학생부우수자 전형,인문계열,유아교육학과,6,24,4.0
인천,사립,가천대학교(인천),학생부우수자 전형,자연계열,방사선학과,6,24,4.0
충북,국립,충북대학교,학생부종합(학생부종합Ⅰ전형),사범대학,지구과학교육과,6,24,4.0
경기,사립,가톨릭대학교(부천),학생부종합(잠재능력우수자서류전형),,에너지환경공학과,5,20,4.0
경기,사립,가톨릭대학교(부천),학생부종합(잠재능력우수자면접전형),,법학과,5,20,4.0
경기,사립,성균관대학교(수원),학생부교과(추천인재),,컴퓨터공학과,5,20,4.0
경기,사립,아주대학교,고른기회2전형,,기계공학과,5,20,4.0
경기,사립,아주대학교,고른기회2전형,,전자공학과,5,20,4.0
경기,사립,을지대학교(성남의정부),EU서류형,,임상병리학과(성남),5,20,4.0
경기,사립,한국공학대학교,학생부종합(기회균형),,기계공학과,5,20,4.0
경기,사립,한국외국어대학교(용인),학교장추천전형,,미디어커뮤니케이션학부,5,20,4.0
서울,사립,가톨릭대학교(서울),학생부종합(잠재능력우수자서류전형),,에너지환경공학과,5,20,4.0
서울,사립,가톨릭대학교(서울),학생부종합(잠재능력우수자면접전형),,법학과,5,20,4.0
서울,사립,성균관대학교(서울),학생부교과(추천인재),,컴퓨터공학과,5,20,4.0
서울,사립,숙명여자대학교,[논술] 논술우수자전형,이과대학,화학과,5,20,4.0
서울,사립,숭실대학교,학생부종합(기회균형전형),,행정학부,5,20,4.0
서울,사립,연세대학교(서울),학생부교과전형 (추천형),사회과학대학,사회복지학과,5,20,4.0
서울,사립,연세대학교(서울),학생부종합전형 (기회균형),문과대학,영어영문학과,5,20,4.0
서울,사립,한국외국어대학교(서울),학교장추천전형,,미디어커뮤니케이션학부,5,20,4.0
서울,사립,홍익대학교(서울),논술전형,사범대학,수학교육과,5,20,4.0
인천,국립,인천대학교,학생부종합(기회균형),경영대학,경영학부,5,20,4.0
대전,사립,을지대학교(대전),EU서류형,,임상병리학과(성남),5,20,4.0
충남,사립,호서대학교,- 정원내 학생부교과 학생부전형,,물리치료학과,5,20,4.0
경기,사립,강남대학교,[정원내]학생부교과(농어촌학생전형),공학계,부동산건설학부,4,16,4.0
경기,사립,경희대학교(용인),서울캠퍼스 학생부종합(네오르네상스전형),자연계열,지리학과(자연),4,16,4.0
경기,사립,경희대학교(용인),국제캠퍼스 실기우수자전형(체육),체육계열,"스포츠지도학과-빙상(스피드, 쇼트트랙, 피겨(A조만인정))",4,16,4.0
경기,사립,성결대학교,[학생부교과] 고른기회Ⅰ,IT융합공과대학,컴퓨터AI공학과,4,16,4.0
경기,사립,수원대학교,기회균형특별전형,혁신공과대학,전기전자공학부,4,16,4.0
경기,사립,아주대학교,고른기회1전형,,AI컴퓨터공학부,4,16,4.0
서울,사립,건국대학교(서울),논술(KU논술우수자),경영대학,기술경영학과,4,16,4.0
서울,사립,경희대학교(서울),서울캠퍼스 학생부종합(네오르네상스전형),자연계열,지리학과(자연),4,16,4.0
서울,사립,경희대학교(서울),국제캠퍼스 실기우수자전형(체육),체육계열,"스포츠지도학과-빙상(스피드, 쇼트트랙, 피겨(A조만인정))",4,16,4.0
서울,사립,성신여자대학교,지역균형,,윤리교육과,4,16,4.0
서울,사립,세종대학교,실기/실적(실기우수자 전형),예체능,음악과-바이올린,4,16,4.0
서울,사립,숙명여자대학교,[논술] 논술우수자전형,경상대학,경제학부,4,16,4.0
서울,사립,숭실대학교,논술(논술우수자전형),,화학과,4,16,4.0
서울,사립,연세대학교(서울),학생부종합전형 (기회균형),교육과학대학,교육학부,4,16,4.0
서울,사립,이화여자대학교,논술(논술전형),공과대학,환경공학과,4,16,4.0
서울,사립,이화여자대학교,논술(논술전형),인공지능대학,사이버보안학과,4,16,4.0
서울,사립,한양대학교(서울),실기/실적(음악특기자),음악대학,국악과(해금),4,16,4.0
서울,사립,홍익대학교(서울),학교장추천자전형,사범대학,역사교육과,4,16,4.0
대전,국립,충남대학교,일반전형,지식융합학부,리더십과조직과학전공,4,16,4.0
대전,국립,충남대학교,학생부종합 면접전형,사범대학,기계공학교육과,4,16,4.0
대전,국립,충남대학교,소프트웨어인재전형,AI(인공지능)대학,컴퓨터인공지능학부(소프트웨어)*,4,16,4.0
충남,국립,국립공주대학교,학생부교과전형  일반전형(정원내),사범대학,생물교육과,4,16,4.0
충남,사립,한국기술교육대학교,지역인재,,AI정보통신공학전공,4,16,4.0
충남,사립,호서대학교,- 정원내 학생부종합 호서인재전형,,미디어커뮤니케이션학과,4,16,4.0
충북,국립,충북대학교,학생부종합(학생부종합Ⅱ전형),인문대학,국어국문학과,4,16,4.0
충북,국립,충북대학교,학생부종합(학생부종합Ⅱ전형),생활과학대학,소비자학과,4,16,4.0
경기,사립,가천대학교(성남),특성화고교 전형,인문계열,패션산업학과,3,12,4.0
경기,사립,가천대학교(성남),농어촌(종합) 전형,자연계열,컴퓨터공학과,3,12,4.0
경기,사립,가톨릭대학교(부천),학생부종합(기회균형Ⅰ전형),,사회복지학과,3,12,4.0
경기,사립,경기대학교(수원),학생부교과(교과성적우수자전형),,국어국문학과,3,12,4.0
경기,사립,단국대학교(죽전),[학생부종합] 사회적배려대상자 경쟁률 현황 (죽전),,경영학부,3,12,4.0
경기,사립,단국대학교(죽전),[학생부종합] 교육기회배려자(정원외) 경쟁률 현황 (죽전),,도시계획ㆍ부동산학부,3,12,4.0
경기,사립,명지대학교(용인),학생부종합(명지인재서류전형),,아랍지역학전공,3,12,4.0
경기,사립,수원대학교,농어촌학생전형,라이프케어사이언스대학,간호학과,3,12,4.0
경기,사립,을지대학교(성남의정부),기회균형(정원내),,임상병리학과(성남),3,12,4.0
경기,사립,을지대학교(성남의정부),사회기여 및 배려대상자,,물리치료학과,3,12,4.0
경기,사립,차의과학대학교,학생부종합(CHA학생부종합전형),,약학대학,3,12,4.0
경기,사립,한국공학대학교,학생부종합(기회균형),,신소재공학과,3,12,4.0
경기,사립,한신대학교,기회균형선발,휴먼서비스계열,심리·아동학,3,12,4.0
경기,사립,협성대학교,정원내 [학생부교과]사회배려자,인문사회과학대학,사회복지학과,3,12,4.0
서울,사립,가톨릭대학교(서울),학생부종합(기회균형Ⅰ전형),,사회복지학과,3,12,4.0
서울,사립,건국대학교(서울),논술(KU논술우수자),융합생명과학대학,동물자원과학과,3,12,4.0
서울,사립,경기대학교(서울),학생부교과(교과성적우수자전형),,국어국문학과,3,12,4.0
서울,사립,광운대학교,학생부종합【특성화고졸업자전형】,,전기공학과,3,10,4.0
서울,사립,명지대학교(서울),학생부종합(명지인재서류전형),,아랍지역학전공,3,12,4.0
서울,사립,상명대학교(서울),정원 내 학생부종합(상명인재전형),,가족복지학과,3,12,4.0
서울,사립,숭실대학교,학생부종합(기회균형전형),,국어국문학과,3,12,4.0
서울,사립,숭실대학교,학생부종합(기회균형전형),,회계학과,3,12,4.0
서울,사립,이화여자대학교,학생부종합(미래인재전형-면접형),공과대학,휴먼기계바이오공학과,3,12,4.0
서울,사립,이화여자대학교,학생부종합(미래인재전형-면접형),스크랜튼대학,뇌·인지과학부,3,12,4.0
인천,사립,가천대학교(인천),특성화고교 전형,인문계열,패션산업학과,3,12,4.0
인천,사립,가천대학교(인천),농어촌(종합) 전형,자연계열,컴퓨터공학과,3,12,4.0
대전,사립,을지대학교(대전),기회균형(정원내),,임상병리학과(성남),3,12,4.0
대전,사립,을지대학교(대전),사회기여 및 배려대상자,,물리치료학과,3,12,4.0
대전,국립,충남대학교,학생부종합 서류전형,인문대학,중어중문학과*,3,12,4.0
충남,국립,국립공주대학교,학생부교과전형  일반전형(정원내),사범대학,화학교육과,3,12,4.0
충남,사립,단국대학교(천안),[학생부종합] 사회적배려대상자 경쟁률 현황 (죽전),,경영학부,3,12,4.0
충남,사립,단국대학교(천안),[학생부종합] 교육기회배려자(정원외) 경쟁률 현황 (죽전),,도시계획ㆍ부동산학부,3,12,4.0
충북,사립,세명대학교,사회배려자및봉사자전형(정원내),자연과학,간호학과 【교직】,3,12,4.0
충북,사립,청주대학교,정원내 지역인재전형 [교과100%],보건의료과학대학,"동물보건복지학과 / 수의사 교수진 4명의 현장중심 교육, 15개 교과목·40학점과 동물병원 현장실습 120시간 운영, 동물보건·복지·실험동물 전문인재 양성",3,12,4.0
충북,국립,충북대학교,학생부교과(학생부교과전형),약학대학,약학과,3,12,4.0
경기,사립,가천대학교(성남),특성화고교 전형,인문계열,경제학과,2,8,4.0
경기,사립,가천대학교(성남),특성화고교 전형,인문계열,사회복지학과,2,8,4.0
경기,사립,가천대학교(성남),기회균형 전형,인문계열,관광경영학과,2,8,4.0
경기,사립,가천대학교(성남),기회균형 전형,인문계열,유아교육학과,2,8,4.0
경기,사립,가천대학교(성남),기회균형 전형,자연계열,신소재공학과,2,8,4.0
경기,사립,가천대학교(성남),기회균형 전형,자연계열,생명과학과,2,8,4.0
경기,사립,가톨릭대학교(부천),학생부종합(기회균형Ⅰ전형),,철학과,2,8,4.0
경기,사립,가톨릭대학교(부천),학생부종합(기회균형Ⅰ전형),,국사학과,2,8,4.0
경기,사립,가톨릭대학교(부천),학생부종합(기회균형Ⅰ전형),,행정학과,2,8,4.0
경기,사립,경기대학교(수원),학생부교과(기초생활수급자등선발전형),,"공공안전학부 / 범죄교정심리학전공, 경찰행정학전공",2,8,4.0
경기,사립,경희대학교(용인),서울캠퍼스 학생부종합[기회균형전형Ⅰ(국가보훈·농어촌·수급자·자립아동 등)],인문계열,사학과,2,8,4.0
경기,사립,경희대학교(용인),서울캠퍼스 학생부종합[기회균형전형Ⅰ(국가보훈·농어촌·수급자·자립아동 등)],인문계열,주거환경학과,2,8,4.0
경기,사립,경희대학교(용인),국제캠퍼스 학생부교과(지역균형전형),자연계열,우주과학과,2,8,4.0
경기,사립,경희대학교(용인),국제캠퍼스 학생부종합[기회균형전형Ⅰ(국가보훈·농어촌·수급자·자립아동 등)],인문계열,중국어학과,2,8,4.0
경기,사립,경희대학교(용인),국제캠퍼스 학생부종합[기회균형전형Ⅰ(국가보훈·농어촌·수급자·자립아동 등)],자연계열,건축학과(5년제),2,8,4.0
경기,사립,경희대학교(용인),국제캠퍼스 학생부종합[기회균형전형Ⅰ(국가보훈·농어촌·수급자·자립아동 등)],자연계열,응용화학과,2,8,4.0
경기,사립,경희대학교(용인),국제캠퍼스 학생부종합[기회균형전형Ⅰ(국가보훈·농어촌·수급자·자립아동 등)],예술계열,도예학과,2,8,4.0
경기,사립,경희대학교(용인),국제캠퍼스 학생부종합(기회균형전형Ⅱ),자연계열,산업경영공학과,2,8,4.0
경기,사립,경희대학교(용인),국제캠퍼스 학생부종합(기회균형전형Ⅱ),자연계열,신소재공학과,2,8,4.0
경기,사립,경희대학교(용인),국제캠퍼스 실기우수자전형(체육),체육계열,스포츠지도학과-럭비(남)-F.B.,2,8,4.0
경기,사립,단국대학교(죽전),[학생부종합] 사회적배려대상자 경쟁률 현황 (죽전),,사학과,2,8,4.0
경기,사립,단국대학교(죽전),[학생부종합] 사회적배려대상자 경쟁률 현황 (죽전),,영미인문학과,2,8,4.0
경기,사립,단국대학교(죽전),[학생부종합] 교육기회배려자(정원외) 경쟁률 현황 (죽전),,사학과,2,8,4.0
경기,사립,단국대학교(죽전),[학생부종합] 교육기회배려자(정원외) 경쟁률 현황 (죽전),,고분자시스템공학부(융합소재공학전공),2,8,4.0
경기,사립,단국대학교(죽전),[학생부종합] 사회적배려대상자 경쟁률 현황 (천안),,식품영양학과,2,8,4.0
경기,사립,단국대학교(죽전),[학생부종합] 사회적배려대상자 경쟁률 현황 (천안),,의생명과학부(미생물학전공),2,8,4.0
경기,사립,단국대학교(죽전),[실기/실적위주] 체육특기자 경쟁률 현황 (천안),,국제스포츠학부(국제스포츠전공)(남)-빙상(쇼트트랙 스피드스케이팅),2,8,4.0
경기,사립,단국대학교(죽전),[실기/실적위주] 체육특기자 경쟁률 현황 (천안),,국제스포츠학부(태권도전공)(여)-품새(공인품새),2,8,4.0
경기,사립,명지대학교(용인),학생부교과(만학도전형),,법무행정학전공,2,8,4.0
경기,사립,명지대학교(용인),학생부종합(농어촌학생전형),,미술사·역사학전공,2,8,4.0
경기,사립,명지대학교(용인),학생부종합(농어촌학생전형),,화공신소재공학부 / 화학공학전공,2,8,4.0
경기,사립,명지대학교(용인),학생부종합(농어촌학생전형),,산업경영공학과,2,8,4.0
경기,사립,명지대학교(용인),실기/실적(특기자전형),,농구(남) / 가드,2,8,4.0
경기,사립,명지대학교(용인),실기/실적(특기자전형),,포워드,2,8,4.0
경기,사립,성결대학교,[학생부교과/실기] (정원외) 농어촌학생,글로벌경영대학,경영학과,2,8,4.0
경기,사립,수원대학교,농어촌학생전형,혁신공과대학,건축학과,2,8,4.0
경기,사립,수원대학교,농어촌학생전형,지능형SW융합대학,지능형보안학부,2,8,4.0
경기,사립,수원대학교,특성화고졸업자전형,혁신공과대학,건축학과,2,8,4.0
경기,사립,신한대학교(의정부/동두천),특성화고교졸업자전형(교과100%),,K-뷰티학과,2,8,4.0
경기,사립,아주대학교,고른기회1전형,,심리학과,2,8,4.0
경기,사립,안양대학교(안양),학생부교과(기회균형),,관광경영학과(교직),2,8,4.0
경기,사립,안양대학교(안양),학생부교과(기회균형),,디지털미디어디자인학과,2,8,4.0
경기,사립,용인대학교,정원내 기회균형 특별전형,문화예술대학,문화유산학과,2,8,4.0
경기,사립,을지대학교(성남의정부),기회균형(정원외),,간호학과(의정부),2,8,4.0
경기,사립,을지대학교(성남의정부),농어촌학생,,안경광학과,2,8,4.0
경기,사립,을지대학교(성남의정부),농어촌학생,,방사선학과,2,8,4.0
경기,사립,한국공학대학교,학생부종합(기회균형),,컴퓨터공학부 소프트웨어전공,2,8,4.0
경기,사립,한국공학대학교,학생부종합(기회균형),,기계설계공학부 기계설계전공,2,8,4.0
경기,사립,한양대학교(ERICA),학생부종합(고른기회),커뮤니케이션&컬처대학,광고홍보학과,2,8,4.0
서울,사립,가톨릭대학교(서울),학생부종합(기회균형Ⅰ전형),,철학과,2,8,4.0
서울,사립,가톨릭대학교(서울),학생부종합(기회균형Ⅰ전형),,국사학과,2,8,4.0
서울,사립,가톨릭대학교(서울),학생부종합(기회균형Ⅰ전형),,행정학과,2,8,4.0
서울,사립,건국대학교(서울),학생부종합(기회균형),공과대학,생물공학과,2,8,4.0
서울,사립,건국대학교(서울),학생부종합(기회균형),부동산과학원,부동산학과,2,8,4.0
서울,사립,경기대학교(서울),학생부교과(기초생활수급자등선발전형),,"공공안전학부 / 범죄교정심리학전공, 경찰행정학전공",2,8,4.0
서울,사립,경희대학교(서울),서울캠퍼스 학생부종합[기회균형전형Ⅰ(국가보훈·농어촌·수급자·자립아동 등)],인문계열,사학과,2,8,4.0
서울,사립,경희대학교(서울),서울캠퍼스 학생부종합[기회균형전형Ⅰ(국가보훈·농어촌·수급자·자립아동 등)],인문계열,주거환경학과,2,8,4.0
서울,사립,경희대학교(서울),국제캠퍼스 학생부교과(지역균형전형),자연계열,우주과학과,2,8,4.0
서울,사립,경희대학교(서울),국제캠퍼스 학생부종합[기회균형전형Ⅰ(국가보훈·농어촌·수급자·자립아동 등)],인문계열,중국어학과,2,8,4.0
서울,사립,경희대학교(서울),국제캠퍼스 학생부종합[기회균형전형Ⅰ(국가보훈·농어촌·수급자·자립아동 등)],자연계열,건축학과(5년제),2,8,4.0
서울,사립,경희대학교(서울),국제캠퍼스 학생부종합[기회균형전형Ⅰ(국가보훈·농어촌·수급자·자립아동 등)],자연계열,응용화학과,2,8,4.0
서울,사립,경희대학교(서울),국제캠퍼스 학생부종합[기회균형전형Ⅰ(국가보훈·농어촌·수급자·자립아동 등)],예술계열,도예학과,2,8,4.0
서울,사립,경희대학교(서울),국제캠퍼스 학생부종합(기회균형전형Ⅱ),자연계열,산업경영공학과,2,8,4.0
서울,사립,경희대학교(서울),국제캠퍼스 학생부종합(기회균형전형Ⅱ),자연계열,신소재공학과,2,8,4.0
서울,사립,경희대학교(서울),국제캠퍼스 실기우수자전형(체육),체육계열,스포츠지도학과-럭비(남)-F.B.,2,8,4.0
서울,사립,고려대학교(서울),서울캠퍼스 학생부종합(고른기회전형),공과대학,건축학과,2,8,4.0
서울,사립,명지대학교(서울),학생부교과(만학도전형),,법무행정학전공,2,8,4.0
서울,사립,명지대학교(서울),학생부종합(농어촌학생전형),,미술사·역사학전공,2,8,4.0
서울,사립,명지대학교(서울),학생부종합(농어촌학생전형),,화공신소재공학부 / 화학공학전공,2,8,4.0
서울,사립,명지대학교(서울),학생부종합(농어촌학생전형),,산업경영공학과,2,8,4.0
서울,사립,명지대학교(서울),실기/실적(특기자전형),,농구(남) / 가드,2,8,4.0
서울,사립,명지대학교(서울),실기/실적(특기자전형),,포워드,2,8,4.0
서울,사립,상명대학교(서울),정원 내 학생부종합(기회균형전형),,가족복지학과,2,8,4.0
서울,사립,상명대학교(서울),정원 내 학생부종합(기회균형전형),,의류학과,2,8,4.0
서울,사립,서강대학교,학생부종합(서강가치),,컴퓨터공학과,2,8,4.0
서울,사립,서경대학교,실기우수자 전형,,공연예술학부-무대기술(조명),2,8,4.0
서울,국립,서울과학기술대학교,기회균형전형(농어촌학생),공과대학,기계시스템공학부(미래자동차전공),2,8,4.0
서울,사립,서울여자대학교,학생부종합(기회균형전형_사회통합지원),인문대학,프랑스문화콘텐츠전공,2,8,4.0
서울,사립,서울여자대학교,학생부종합(기회균형전형_사회통합지원),인문대학,중어중문학과,2,8,4.0
서울,사립,서울여자대학교,학생부종합(기회균형전형_사회통합지원),사회과학대학,사회복지학과,2,8,4.0
서울,사립,서울여자대학교,학생부종합(기회균형전형_사회통합지원),과학기술융합대학,생명환경공학과,2,8,4.0
서울,사립,서울여자대학교,학생부종합(기회균형전형_사회통합지원),미래산업융합대학,패션산업학과,2,8,4.0
서울,사립,서울여자대학교,학생부종합(기회균형전형_농어촌학생)[정원외],인문대학,일어일문학과,2,8,4.0
서울,사립,숙명여자대학교,[실기/실적] 예능창의인재전형,음악대학,관현악과-클라리넷,2,8,4.0
서울,사립,숙명여자대학교,[학생부종합] 농어촌학생전형(정원외),문과대학,한국어문학부,2,8,4.0
서울,사립,숙명여자대학교,[학생부종합] 농어촌학생전형(정원외),이과대학,화학과,2,8,4.0
서울,사립,숙명여자대학교,[학생부종합] 농어촌학생전형(정원외),생활과학대학,식품영양학과,2,8,4.0
서울,사립,숭실대학교,학생부종합(SSU미래인재전형-서류형),,정보사회학과,2,8,4.0
서울,사립,연세대학교(서울),학생부종합전형 (기회균형),문과대학,중어중문학과,2,8,4.0
서울,사립,연세대학교(서울),학생부종합전형 (기회균형),사회과학대학,사회복지학과,2,8,4.0
서울,사립,연세대학교(서울),학생부종합전형 (기회균형),생활과학대학,의류환경학과,2,8,4.0
서울,국립,한국체육대학교,체육특기자(개인),,체육학과-골프-아마추어[여],2,8,4.0
서울,사립,한양대학교(서울),학생부종합(고른기회),공과대학,산업공학과,2,8,4.0
서울,사립,한양대학교(서울),실기/실적(음악특기자),음악대학,국악과(작곡),2,8,4.0
서울,사립,한양대학교(서울),실기/실적(체육특기자),예술체육대학,스포츠산업과학부(스포츠매니지먼트전공)(농구(남)가드),2,8,4.0
서울,사립,홍익대학교(서울),기초생활수급자·차상위계층전형,공과대학,기계·시스템디자인공학과,2,8,4.0
인천,사립,가천대학교(인천),특성화고교 전형,인문계열,경제학과,2,8,4.0
인천,사립,가천대학교(인천),특성화고교 전형,인문계열,사회복지학과,2,8,4.0
인천,사립,가천대학교(인천),기회균형 전형,인문계열,관광경영학과,2,8,4.0
인천,사립,가천대학교(인천),기회균형 전형,인문계열,유아교육학과,2,8,4.0
인천,사립,가천대학교(인천),기회균형 전형,자연계열,신소재공학과,2,8,4.0
인천,사립,가천대학교(인천),기회균형 전형,자연계열,생명과학과,2,8,4.0
인천,사립,안양대학교(강화),학생부교과(기회균형),,관광경영학과(교직),2,8,4.0
인천,사립,안양대학교(강화),학생부교과(기회균형),,디지털미디어디자인학과,2,8,4.0
인천,국립,인천대학교,학생부종합(기회균형),자연과학대학,해양학과,2,8,4.0
인천,사립,인하대학교,학생부종합 고른기회,공과대학,항공우주공학과,2,8,4.0
인천,사립,인하대학교,학생부종합 고른기회,자연과학대학,해양과학과,2,8,4.0
인천,사립,인하대학교,학생부종합 고른기회,자연과학대학,식품영양학과,2,8,4.0
인천,사립,인하대학교,학생부종합 고른기회,간호대학,간호학과,2,8,4.0
인천,사립,인하대학교,학생부종합 고른기회,예술체육대학,의류디자인학과(일반),2,8,4.0
인천,사립,인하대학교,학생부종합 농어촌학생,자연과학대학,식품영양학과,2,8,4.0
인천,사립,인하대학교,학생부종합 농어촌학생,사범대학,국어교육과,2,8,4.0
대전,국립,국립한밭대학교,농어촌학생전형,,융합경영학과,2,8,4.0
대전,사립,우송대학교,정원내 학생부 교과 - 지역인재 전형 (교과100% / 12과목 반영),보건복지대학,동물관리학부 / 토탈펫케어학과,2,8,4.0
대전,사립,을지대학교(대전),기회균형(정원외),,간호학과(의정부),2,8,4.0
대전,사립,을지대학교(대전),농어촌학생,,안경광학과,2,8,4.0
대전,사립,을지대학교(대전),농어촌학생,,방사선학과,2,8,4.0
대전,국립,충남대학교,기회균형선발Ⅰ전형,공과대학,응용화학공학과,2,8,4.0
대전,국립,충남대학교,학생부종합 서류전형,사회과학대학,문헌정보학과*,2,8,4.0
대전,국립,충남대학교,학생부종합 서류전형,농업생명과학대학,생물환경화학과,2,8,4.0
대전,국립,충남대학교,학생부종합 서류전형,농업생명과학대학,식품공학과,2,8,4.0
대전,국립,충남대학교,농어촌학생전형,인문대학,중어중문학과*,2,8,4.0
대전,국립,충남대학교,농어촌학생전형,공과대학,환경공학과,2,8,4.0
대전,국립,충남대학교,농어촌학생전형,공과대학,메카트로닉스공학과,2,8,4.0
대전,국립,충남대학교,농어촌학생전형,공과대학,항공우주공학과,2,8,4.0
대전,국립,충남대학교,농어촌학생전형,공과대학,응용화학공학과,2,8,4.0
대전,국립,충남대학교,농어촌학생전형,의과대학,의예과,2,8,4.0
대전,국립,충남대학교,특성화고출신자전형,사범대학,전기·전자·통신공학교육과,2,8,4.0
대전,국립,충남대학교,저소득층학생전형,경상대학,경제학과,2,8,4.0
세종,사립,고려대학교(세종),학생부종합(다문화전형),글로벌비즈니스대학,글로벌학부,2,8,4.0
세종,사립,고려대학교(세종),학생부종합(다문화전형),글로벌비즈니스대학,융합경영학부,2,8,4.0
충남,국립,국립공주대학교,학생부종합전형  특성화고교졸업자전형(정원외),천안공과대학,건축학과(5년제),2,8,4.0
충남,국립,국립공주대학교,학생부종합전형  특성화고교졸업자전형(정원외),산업과학대학,동물생명과학과,2,8,4.0
충남,국립,국립공주대학교,학생부교과전형  농어촌학생전형(정원외),인문사회과학대학,법학과,2,8,4.0
충남,국립,국립공주대학교,학생부교과전형  농어촌학생전형(정원외),천안공과대학,디자인컨버전스학과,2,8,4.0
충남,사립,나사렛대학교,지역인재2(기초)(학생부종합),,간호학과,2,8,4.0
충남,사립,단국대학교(천안),[학생부종합] 사회적배려대상자 경쟁률 현황 (죽전),,사학과,2,8,4.0
충남,사립,단국대학교(천안),[학생부종합] 사회적배려대상자 경쟁률 현황 (죽전),,영미인문학과,2,8,4.0
충남,사립,단국대학교(천안),[학생부종합] 교육기회배려자(정원외) 경쟁률 현황 (죽전),,사학과,2,8,4.0
충남,사립,단국대학교(천안),[학생부종합] 교육기회배려자(정원외) 경쟁률 현황 (죽전),,고분자시스템공학부(융합소재공학전공),2,8,4.0
충남,사립,단국대학교(천안),[학생부종합] 사회적배려대상자 경쟁률 현황 (천안),,식품영양학과,2,8,4.0
충남,사립,단국대학교(천안),[학생부종합] 사회적배려대상자 경쟁률 현황 (천안),,의생명과학부(미생물학전공),2,8,4.0
충남,사립,단국대학교(천안),[실기/실적위주] 체육특기자 경쟁률 현황 (천안),,국제스포츠학부(국제스포츠전공)(남)-빙상(쇼트트랙 스피드스케이팅),2,8,4.0
충남,사립,단국대학교(천안),[실기/실적위주] 체육특기자 경쟁률 현황 (천안),,국제스포츠학부(태권도전공)(여)-품새(공인품새),2,8,4.0
충남,사립,순천향대학교,[정원내] 학생부교과(기회균형전형),AI대학,컴퓨터공학부(소프트웨어공학전공),2,8,4.0
충남,사립,순천향대학교,[정원내] 학생부종합(사회통합전형),인문사회과학대학,미디어커뮤니케이션학과,2,8,4.0
충남,사립,한국기술교육대학교,농어촌학생[정원외],,AI정보통신공학전공,2,8,4.0
충남,사립,호서대학교,- 정원외 학생부교과 기초생활수급자 및 차상위계층전형,,간호학과,2,8,4.0
충북,사립,건국대학교(글로컬),[학생부교과] 기초생활 및 차상위(정원외),인문사회융합대학,경제통상학과,2,8,4.0
충북,국립,충북대학교,학생부종합(농어촌학생전형),자연과학대학,화학과,2,8,4.0
충북,국립,충북대학교,학생부종합(농어촌학생전형),공과대학,안전공학과,2,8,4.0
충북,국립,충북대학교,학생부종합(농어촌학생전형),전자정보대학,인공지능학부,2,8,4.0
충북,국립,충북대학교,학생부교과(학생부교과전형),생활과학대학,생활과학자율전공학부,2,8,4.0
경기,사립,가천대학교(성남),지역의사선발 전형,자연계열,인천 서북권,1,4,4.0
경기,사립,가천대학교(성남),농어촌(교과) 전형,인문계열,사회복지학과,1,4,4.0
경기,사립,가천대학교(성남),농어촌(교과) 전형,자연계열,전기공학과,1,4,4.0
경기,사립,가천대학교(성남),농어촌(교과) 전형,자연계열,물리치료학과,1,4,4.0
경기,사립,가천대학교(성남),실기우수자 전형,예체능계열,기악전공(Flute),1,4,4.0
경기,사립,가천대학교(성남),실기우수자 전형,예체능계열,기악전공(타악기),1,4,4.0
경기,사립,경희대학교(용인),국제캠퍼스 실기우수자전형(체육),체육계열,스포츠지도학과-승마,1,4,4.0
경기,사립,단국대학교(죽전),[학생부종합] 특수교육대상자(정원외) 경쟁률 현황 (죽전),,행정학과,1,4,4.0
경기,사립,단국대학교(죽전),[학생부종합] 특수교육대상자(정원외) 경쟁률 현황 (죽전),,상담학과,1,4,4.0
경기,사립,단국대학교(죽전),[학생부종합] 사회적배려대상자 경쟁률 현황 (천안),,물리학과,1,4,4.0
경기,사립,단국대학교(죽전),[학생부종합] 사회적배려대상자 경쟁률 현황 (천안),,경영공학과,1,4,4.0
경기,사립,단국대학교(죽전),[학생부종합] 사회적배려대상자 경쟁률 현황 (천안),,의생명과학부(의생명시스템학전공),1,4,4.0
경기,사립,단국대학교(죽전),[실기/실적위주] 체육특기자 경쟁률 현황 (천안),,국제스포츠학부(국제스포츠전공)(남)-축구(FW-CF),1,4,4.0
경기,사립,단국대학교(죽전),[실기/실적위주] 체육특기자 경쟁률 현황 (천안),,국제스포츠학부(태권도전공)(여)-겨루기(웰터),1,4,4.0
경기,사립,명지대학교(용인),학생부교과(특성화고교전형),,인공지능전공,1,4,4.0
경기,사립,명지대학교(용인),실기/실적(특기자전형),,센터,1,4,4.0
경기,사립,성균관대학교(수원),실기/실적(예체능 특기자),,축구-골키퍼,1,4,4.0
경기,사립,수원대학교,농어촌학생전형,혁신공과대학,소방재난공학과,1,4,4.0
경기,사립,아주대학교,고른기회2전형,,건설시스템공학과,1,4,4.0
경기,사립,안양대학교(안양),학생부종합(고른기회),,중국언어문화학과,1,4,4.0
경기,사립,용인대학교,정원내 기회균형 특별전형,체육과학대학,"골프학부-골프,골프매니지먼트",1,4,4.0
경기,사립,용인대학교,정원내 체육우수자 특별전형,체육과학대학,체육학과-역도,1,4,4.0
경기,사립,용인대학교,정원외 기초생활수급자 및 차상위계층 특별전형,무도대학,태권도학과-겨루기 및 품새,1,4,4.0
경기,사립,을지대학교(성남의정부),기회균형(정원외),,임상병리학과(성남),1,4,4.0
경기,사립,을지대학교(성남의정부),기회균형(정원외),,자연계열학부,1,4,4.0
경기,사립,을지대학교(성남의정부),농어촌학생,,의료경영학과,1,4,4.0
경기,국립,한경국립대학교,학생부종합(사회통합_안성)_정원내,,복지상담학과,1,4,4.0
경기,국립,한경국립대학교,학생부교과(농어촌학생)_정원외,,복지상담학과,1,4,4.0
경기,국립,한경국립대학교,학생부교과(농어촌학생)_정원외,,조경학과,1,4,4.0
경기,국립,한경국립대학교,학생부교과(농어촌학생)_정원외,,전자공학과,1,4,4.0
경기,국립,한경국립대학교,학생부교과(농어촌학생)_정원외,,전기공학과,1,4,4.0
경기,국립,한경국립대학교,학생부교과(농어촌학생)_정원외,,건축학과(5년제),1,4,4.0
경기,국립,한경국립대학교,학생부교과(농어촌학생)_정원외,,HK자율전공학부Ⅱ,1,4,4.0
경기,사립,한국공학대학교,학생부교과(특성화고교졸업자),,기계공학과,1,4,4.0
경기,사립,한국공학대학교,학생부교과(특성화고교졸업자),,경영학부 경영학전공,1,4,4.0
경기,사립,협성대학교,정원외 [학생부교과]농어촌학생,경영대학,미디어영상광고학과,1,4,4.0
경기,사립,협성대학교,정원외 [학생부교과]농어촌학생,예술대학,시각디자인학과,1,4,4.0
경기,사립,협성대학교,정원외 [학생부교과]특성화고교졸업자,이공대학,보건관리학과,1,4,4.0
경기,사립,협성대학교,정원외 [학생부교과]기초생활수급자/차상위계층/한부모가족,경영대학,금융보험학과,1,4,4.0
서울,사립,건국대학교(서울),학생부종합(기회균형),문과대학,지리학과,1,4,4.0
서울,사립,건국대학교(서울),학생부종합(기회균형),이과대학,화학과,1,4,4.0
서울,사립,건국대학교(서울),학생부종합(특성화고교졸업자),공과대학,사회환경공학부,1,4,4.0
서울,사립,건국대학교(서울),학생부종합(특성화고교졸업자),사회과학대학,행정학과,1,4,4.0
서울,사립,건국대학교(서울),학생부종합(특성화고교졸업자),사회과학대학,국제무역학과,1,4,4.0
서울,사립,건국대학교(서울),학생부종합(특성화고교졸업자),융합생명과학대학,식량자원과학과,1,4,4.0
서울,사립,경희대학교(서울),국제캠퍼스 실기우수자전형(체육),체육계열,스포츠지도학과-승마,1,4,4.0
서울,사립,광운대학교,학생부종합【농어촌학생전형】,,행정학과,1,4,4.0
서울,사립,동덕여자대학교,기회균형 특별전형,인문대학,중어중국학전공,1,4,4.0
서울,사립,명지대학교(서울),학생부교과(특성화고교전형),,인공지능전공,1,4,4.0
서울,사립,명지대학교(서울),실기/실적(특기자전형),,센터,1,4,4.0
서울,사립,삼육대학교,예체능인재전형(체육),,배드민턴,1,4,4.0
서울,사립,삼육대학교,기회균형Ⅱ전형,,사회복지학과,1,4,4.0
서울,사립,서경대학교,실기우수자 전형,,음악학부-관현악-타악기,1,4,4.0
서울,국립,서울과학기술대학교,기회균형전형(국가보훈대상자),공과대학,건축학부(건축학전공),1,4,4.0
서울,국립,서울과학기술대학교,기회균형전형(국가보훈대상자),기술경영융합대학,경영학과(경영학전공),1,4,4.0
서울,국립,서울과학기술대학교,기회균형전형(농어촌학생),공과대학,건설시스템공학과,1,4,4.0
서울,국립,서울과학기술대학교,기회균형전형(농어촌학생),창의융합대학,미래에너지학과,1,4,4.0
서울,공립,서울시립대학교,기회균형전형Ⅰ,인문대학,국사학과,1,4,4.0
서울,공립,서울시립대학교,기회균형전형Ⅰ,인문대학,중국어문화학과,1,4,4.0
서울,공립,서울시립대학교,사회공헌·통합전형,자연과학대학,수학과,1,4,4.0
서울,사립,서울여자대학교,실기/실적(실기우수자전형_체육),사회과학대학,스포츠운동과학과 / 댄스스포츠,1,4,4.0
서울,사립,성균관대학교(서울),실기/실적(예체능 특기자),,축구-골키퍼,1,4,4.0
서울,사립,숙명여자대학교,[학생부종합] 기회균형전형,문과대학,프랑스언어·문화학과,1,4,4.0
서울,사립,숙명여자대학교,[학생부종합] 기회균형전형,문과대학,문화관광학전공,1,4,4.0
서울,사립,숭실대학교,학생부종합(기회균형전형),,정보사회학과,1,4,4.0
서울,사립,숭실대학교,학생부종합(특수교육대상자전형),,사학과,1,4,4.0
서울,사립,이화여자대학교,학생부종합(사회기여자전형),인문과학대학,국어국문학과,1,4,4.0
서울,사립,이화여자대학교,학생부종합(사회기여자전형),인문과학대학,중어중문학과,1,4,4.0
서울,사립,이화여자대학교,학생부종합(사회기여자전형),자연과학대학,화학·나노과학과,1,4,4.0
서울,국립,한국체육대학교,체육특기자(개인),,체육학과-사이클-트랙 제외경기[남],1,4,4.0
서울,국립,한국체육대학교,체육특기자(개인),,체육학과-체조-리듬체조[여],1,4,4.0
서울,국립,한국체육대학교,체육특기자(개인),,체육학과-썰매-봅슬레이[남],1,4,4.0
서울,사립,한양대학교(서울),실기/실적(음악특기자),음악대학,관현악과(플루트),1,4,4.0
서울,사립,한양대학교(서울),실기/실적(음악특기자),음악대학,관현악과(타악기),1,4,4.0
서울,사립,홍익대학교(서울),고른기회Ⅰ전형,공과대학,전자·전기공학부,1,4,4.0
서울,사립,홍익대학교(서울),고른기회Ⅰ전형,공과대학,기계·시스템디자인공학과,1,4,4.0
서울,사립,홍익대학교(서울),고른기회Ⅰ전형,공과대학,건설환경공학과,1,4,4.0
서울,사립,홍익대학교(서울),고른기회Ⅰ전형,사범대학,영어교육과,1,4,4.0
서울,사립,홍익대학교(서울),고른기회Ⅰ전형,법과대학,법학부,1,4,4.0
서울,사립,홍익대학교(서울),고른기회Ⅱ전형,공과대학,기계·시스템디자인공학과,1,4,4.0
서울,사립,홍익대학교(서울),고른기회Ⅱ전형,사범대학,역사교육과,1,4,4.0
서울,사립,홍익대학교(서울),기초생활수급자·차상위계층전형,공과대학,산업·데이터공학과,1,4,4.0
서울,사립,홍익대학교(서울),기초생활수급자·차상위계층전형,건축도시대학,도시공학과,1,4,4.0
서울,사립,홍익대학교(서울),기초생활수급자·차상위계층전형,사범대학,수학교육과,1,4,4.0
서울,사립,홍익대학교(서울),기초생활수급자·차상위계층전형,문과대학,영어영문학과,1,4,4.0
서울,사립,홍익대학교(서울),기초생활수급자·차상위계층전형,문과대학,불어불문학과,1,4,4.0
서울,사립,홍익대학교(서울),농어촌학생전형,미술대학,섬유미술·패션디자인과,1,4,4.0
인천,사립,가천대학교(인천),지역의사선발 전형,자연계열,인천 서북권,1,4,4.0
인천,사립,가천대학교(인천),농어촌(교과) 전형,인문계열,사회복지학과,1,4,4.0
인천,사립,가천대학교(인천),농어촌(교과) 전형,자연계열,전기공학과,1,4,4.0
인천,사립,가천대학교(인천),농어촌(교과) 전형,자연계열,물리치료학과,1,4,4.0
인천,사립,가천대학교(인천),실기우수자 전형,예체능계열,기악전공(Flute),1,4,4.0
인천,사립,가천대학교(인천),실기우수자 전형,예체능계열,기악전공(타악기),1,4,4.0
인천,사립,안양대학교(강화),학생부종합(고른기회),,중국언어문화학과,1,4,4.0
인천,국립,인천대학교,학생부교과(사회통합),인문대학,영어영문학과,1,4,4.0
인천,국립,인천대학교,학생부교과(사회통합),인문대학,중어중국학과,1,4,4.0
인천,국립,인천대학교,학생부교과(사회통합),인공지능대학,인공지능시스템공학과,1,4,4.0
인천,국립,인천대학교,학생부종합(기회균형),경영대학,데이터과학과,1,4,4.0
인천,국립,인천대학교,학생부종합(특수교육대상자)(정원 외),공과대학,전기공학과,1,4,4.0
인천,사립,인하대학교,학생부종합 지역의사선발,의과대학,"인천광역시 인천서북권(서해구, 검단구, 강화군)",1,4,4.0
인천,사립,인하대학교,실기/실적 체육특기자,예술체육대학,테니스(남),1,4,4.0
대전,사립,건양대학교(대전),의학과,,지역의사[천안],1,4,4.0
대전,사립,건양대학교(대전),농어촌학생전형,,특수교육과 [사범],1,4,4.0
대전,국립,국립한밭대학교,농어촌학생전형,,시각·영상디자인학과,1,4,4.0
대전,국립,국립한밭대학교,특성화고교졸업자전형,,시각·영상디자인학과,1,4,4.0
대전,국립,국립한밭대학교,사회적배려자전형,,화학생명공학과,1,4,4.0
대전,국립,국립한밭대학교,사회적배려자전형,,시각·영상디자인학과,1,4,4.0
대전,사립,을지대학교(대전),기회균형(정원외),,임상병리학과(성남),1,4,4.0
대전,사립,을지대학교(대전),기회균형(정원외),,자연계열학부,1,4,4.0
대전,사립,을지대학교(대전),농어촌학생,,의료경영학과,1,4,4.0
대전,국립,충남대학교,일반전형,예술대학,관현악과(Tuba),1,4,4.0
대전,국립,충남대학교,일반전형,예술대학,관현악과(Percussion),1,4,4.0
대전,국립,충남대학교,기회균형선발Ⅰ전형,자연과학대학,반도체융합학과,1,4,4.0
대전,국립,충남대학교,기회균형선발Ⅰ전형,공과대학,건축학과(5년제),1,4,4.0
대전,국립,충남대학교,기회균형선발Ⅰ전형,공과대학,스마트시티건축공학과,1,4,4.0
대전,국립,충남대학교,기회균형선발Ⅰ전형,공과대학,항공우주공학과,1,4,4.0
대전,국립,충남대학교,기회균형선발Ⅰ전형,농업생명과학대학,산림환경자원학과,1,4,4.0
대전,국립,충남대학교,기회균형선발Ⅰ전형,창의융합대학,인문사회융합학부 사회과학대학자율전공,1,4,4.0
대전,국립,충남대학교,학생부종합 면접전형,지식융합학부,리더십과조직과학전공,1,4,4.0
대전,국립,충남대학교,학생부종합 면접전형,사범대학,수학교육과,1,4,4.0
대전,국립,충남대학교,기회균형선발Ⅱ전형,경상대학,무역학과,1,4,4.0
대전,국립,충남대학교,기회균형선발Ⅱ전형,농업생명과학대학,식물자원학과,1,4,4.0
대전,국립,충남대학교,기회균형선발Ⅱ전형,농업생명과학대학,스마트농업시스템기계공학과*,1,4,4.0
대전,국립,충남대학교,기회균형선발Ⅱ전형,생활과학대학,의류학과,1,4,4.0
대전,국립,충남대학교,체육특기자전형,자연과학대학,스포츠과학과(핸드볼-골키퍼),1,4,4.0
대전,국립,충남대학교,농어촌학생전형,사회과학대학,심리학과*,1,4,4.0
대전,국립,충남대학교,농어촌학생전형,사회과학대학,정치외교학과,1,4,4.0
대전,국립,충남대학교,농어촌학생전형,지식융합학부,리더십과조직과학전공,1,4,4.0
대전,국립,충남대학교,농어촌학생전형,지식융합학부,공공안전융합전공,1,4,4.0
대전,국립,충남대학교,농어촌학생전형,농업생명과학대학,응용생물학과*,1,4,4.0
대전,국립,충남대학교,농어촌학생전형,생활과학대학,소비자학과,1,4,4.0
대전,국립,충남대학교,저소득층학생전형,인문대학,일어일문학과*,1,4,4.0
대전,국립,충남대학교,저소득층학생전형,인문대학,철학과*,1,4,4.0
대전,국립,충남대학교,저소득층학생전형,사회과학대학,사회학과*,1,4,4.0
대전,국립,충남대학교,저소득층학생전형,사회과학대학,문헌정보학과*,1,4,4.0
대전,국립,충남대학교,저소득층학생전형,사회과학대학,언론정보학과,1,4,4.0
대전,국립,충남대학교,저소득층학생전형,공과대학,항공우주공학과,1,4,4.0
대전,국립,충남대학교,저소득층학생전형,간호대학,간호학과*,1,4,4.0
대전,국립,충남대학교,특수교육대상자전형,사회과학대학,문헌정보학과*,1,4,4.0
대전,국립,충남대학교,특수교육대상자전형,사범대학,국어교육과,1,4,4.0
세종,사립,고려대학교(세종),학생부종합(기회균형전형),과학기술대학,전자·기계융합공학과,1,4,4.0
세종,사립,고려대학교(세종),학생부종합(기회균형전형),과학기술대학,환경시스템공학과,1,4,4.0
충남,사립,건양대학교(논산),의학과,,지역의사[천안],1,4,4.0
충남,사립,건양대학교(논산),농어촌학생전형,,특수교육과 [사범],1,4,4.0
충남,국립,국립공주대학교,학생부종합전형  특성화고교졸업자전형(정원외),인문사회과학대학,관광경영학과,1,4,4.0
충남,국립,국립공주대학교,학생부종합전형  특성화고교졸업자전형(정원외),천안공과대학,소프트웨어학과,1,4,4.0
충남,국립,국립공주대학교,학생부종합전형  특성화고교졸업자전형(정원외),천안공과대학,신소재공학부,1,4,4.0
충남,국립,국립공주대학교,학생부종합전형  특성화고교졸업자전형(정원외),산업과학대학,스마트팜공학과,1,4,4.0
충남,국립,국립공주대학교,학생부종합전형  특성화고교졸업자전형(정원외),산업과학대학,식품공학과,1,4,4.0
충남,국립,국립공주대학교,학생부종합전형  장애인 등 대상자전형(정원외),인문사회과학대학,행정학과,1,4,4.0
충남,국립,국립공주대학교,학생부교과전형  농어촌학생전형(정원외),사범대학,일반사회교육과,1,4,4.0
충남,국립,국립공주대학교,학생부교과전형  농어촌학생전형(정원외),사범대학,컴퓨터교육과,1,4,4.0
충남,국립,국립공주대학교,학생부교과전형  농어촌학생전형(정원외),자연과학대학,의류상품학과,1,4,4.0
충남,국립,국립공주대학교,학생부교과전형  농어촌학생전형(정원외),천안공과대학,기계자동차공학부,1,4,4.0
충남,사립,단국대학교(천안),[학생부종합] 특수교육대상자(정원외) 경쟁률 현황 (죽전),,행정학과,1,4,4.0
충남,사립,단국대학교(천안),[학생부종합] 특수교육대상자(정원외) 경쟁률 현황 (죽전),,상담학과,1,4,4.0
충남,사립,단국대학교(천안),[학생부종합] 사회적배려대상자 경쟁률 현황 (천안),,물리학과,1,4,4.0
충남,사립,단국대학교(천안),[학생부종합] 사회적배려대상자 경쟁률 현황 (천안),,경영공학과,1,4,4.0
충남,사립,단국대학교(천안),[학생부종합] 사회적배려대상자 경쟁률 현황 (천안),,의생명과학부(의생명시스템학전공),1,4,4.0
충남,사립,단국대학교(천안),[실기/실적위주] 체육특기자 경쟁률 현황 (천안),,국제스포츠학부(국제스포츠전공)(남)-축구(FW-CF),1,4,4.0
충남,사립,단국대학교(천안),[실기/실적위주] 체육특기자 경쟁률 현황 (천안),,국제스포츠학부(태권도전공)(여)-겨루기(웰터),1,4,4.0
충남,사립,상명대학교(천안),정원내 학생부종합(기회균형전형),,연극전공(이론),1,4,4.0
충남,사립,상명대학교(천안),정원외 학생부종합(조기취업형계약학과전형),,주식회사 넥스플러스,1,4,4.0
충남,사립,한국기술교육대학교,사회통합,,전자공학전공,1,4,4.0
충남,사립,한국기술교육대학교,특성화고졸업자[정원외],,건축공학과,1,4,4.0
충남,사립,호서대학교,- 정원내 학생부교과 기회균형전형,,화장품과학과,1,4,4.0
충남,사립,호서대학교,- 정원외 학생부교과 기초생활수급자 및 차상위계층전형,,유아교육과,1,4,4.0
충북,사립,건국대학교(글로컬),[학생부교과] 사회통합,인문사회융합대학,소방방재융합학과,1,4,4.0
충북,사립,우석대학교(진천),학생부교과_지역인재(기회균형),약학대학,한약학과(전주),1,4,4.0
충북,국립,충북대학교,학생부종합(농어촌학생전형),인문대학,중어중문학과,1,4,4.0
충북,국립,충북대학교,학생부종합(농어촌학생전형),농업생명환경대학,목재·종이과학과,1,4,4.0
충북,국립,충북대학교,학생부종합(농어촌학생전형),사범대학,지리교육과,1,4,4.0
충북,국립,충북대학교,학생부종합(농어촌학생전형),생활과학대학,아동복지학과,1,4,4.0
충북,국립,충북대학교,학생부종합(농어촌학생전형),생활과학대학,주거환경학과,1,4,4.0
충북,국립,충북대학교,학생부교과(지역의사진료권(제천)전형),의과대학,의예과,1,4,4.0
충북,국립,충북대학교,학생부교과(국가보훈대상자전형),사회과학대학,심리학과,1,4,4.0
충북,국립,충북대학교,학생부교과(국가보훈대상자전형),자연과학대학,생화학과,1,4,4.0
충북,국립,충북대학교,학생부교과(국가보훈대상자전형),농업생명환경대학,농업생명환경자율전공학부,1,4,4.0
충북,국립,충북대학교,학생부교과(경제배려대상자전형),인문대학,국어국문학과,1,4,4.0
충북,국립,충북대학교,학생부교과(경제배려대상자전형),인문대학,고고미술사학과,1,4,4.0
충북,국립,충북대학교,학생부교과(경제배려대상자전형),사회과학대학,사회학과,1,4,4.0
충북,국립,충북대학교,학생부교과(경제배려대상자전형),자연과학대학,천문우주학과,1,4,4.0
충북,국립,충북대학교,학생부교과(경제배려대상자전형),전자정보대학,전자정보자율전공학부,1,4,4.0
충북,국립,충북대학교,학생부교과(경제배려대상자전형),농업생명환경대학,축산학과,1,4,4.0
충북,국립,충북대학교,학생부교과(특성화고출신자전형),공과대학,화학공학과,1,4,4.0
충북,국립,충북대학교,학생부교과(특성화고출신자전형),공과대학,건축공학과,1,4,4.0
충북,국립,충북대학교,학생부교과(특성화고출신자전형),공과대학,건축학과,1,4,4.0
충북,국립,충북대학교,학생부교과(특성화고출신자전형),전자정보대학,반도체공학부,1,4,4.0
충북,국립,충북대학교,학생부교과(특성화고출신자전형),전자정보대학,컴퓨터공학과,1,4,4.0
충북,국립,충북대학교,학생부교과(특수교육대상자전형),사회과학대학,행정학과,1,4,4.0
충북,국립,충북대학교,학생부교과(특수교육대상자전형),사범대학,국어교육과,1,4,4.0
충북,국립,충북대학교,학생부교과(특수교육대상자전형),사범대학,역사교육과,1,4,4.0
충북,국립,충북대학교,실기/실적(체육특기자전형),사범대학,체육교육과 / 테니스(여),1,4,4.0
충북,국립,한국교원대학교,지역인재 특별전형,,수학교육과,1,4,4.0
충북,국립,한국교원대학교,기초수급 및 차상위계층 특별전형,,국어교육과,1,4,4.0
충북,국립,한국교원대학교,기초수급 및 차상위계층 특별전형,,컴퓨터교육과,1,4,4.0
충북,국립,한국교원대학교,기초수급 및 차상위계층 특별전형,,환경교육과,1,4,4.0
경기,사립,가천대학교(성남),논술 전형,자연계열,화공생명배터리공학부,59,237,4.02
인천,사립,가천대학교(인천),논술 전형,자연계열,화공생명배터리공학부,59,237,4.02
경기,사립,가천대학교(성남),논술 전형,자연계열,컴퓨터공학과,31,125,4.03
인천,사립,가천대학교(인천),논술 전형,자연계열,컴퓨터공학과,31,125,4.03
충북,사립,극동대학교,정원 내 실기 일반학생전형(실기),,연극연기학과,30,121,4.03
서울,사립,건국대학교(서울),학생부종합(KU자기추천),융합생명과학대학,식품융합학부,24,97,4.04
서울,공립,서울시립대학교,학생부종합전형Ⅱ(서류형),경영대학,경영학부,80,324,4.05
서울,사립,한양대학교(서울),학생부종합(추천형),국제대학,국제학부,20,81,4.05
경기,사립,경기대학교(수원),학생부종합(KGU학생부종합전형),,사회복지·청소년학과,18,73,4.06
서울,사립,경기대학교(서울),학생부종합(KGU학생부종합전형),,사회복지·청소년학과,18,73,4.06
경기,사립,성결대학교,[학생부교과] 교과성적우수자,인문사회융합대학,사회복지학과,17,69,4.06
인천,사립,인하대학교,학생부종합 인하미래인재(면접형),공과대학,사회인프라공학과,17,69,4.06
충남,사립,백석대학교,정원내 모집 학생부 종합 창의인재,,보건학부 물리치료학과,17,69,4.06
서울,사립,숭실대학교,학생부종합(SSU미래인재전형-서류형),,AI소프트웨어학부,16,65,4.06
서울,사립,서강대학교,학생부종합(일반Ⅰ),,영문학부,27,110,4.07
경기,사립,수원대학교,실기우수자전형,음악테크놀로지대학,피아노과,15,61,4.07
서울,사립,건국대학교(서울),학생부교과(KU지역균형),경영대학,경영학과,15,61,4.07
인천,국립,인천대학교,실기/실적(실기우수자),예술체육대학,조형예술학부 서양화전공,15,61,4.07
대전,국립,충남대학교,학생부종합 서류전형,AI(인공지능)대학,컴퓨터인공지능학부*,15,61,4.07
경기,사립,아주대학교,ACE전형,,심리학과,14,57,4.07
서울,사립,한양대학교(서울),학생부종합(서류형),자연과학대학,화학과,14,57,4.07
충남,사립,백석대학교,정원내 모집 학생부 종합 창의인재,,경찰학부,25,102,4.08
경기,사립,경기대학교(수원),논술(논술우수자전형),,수리,13,53,4.08
서울,사립,경기대학교(서울),논술(논술우수자전형),,수리,13,53,4.08
서울,국립,서울과학기술대학교,학교생활우수자전형,공과대학,건축학부(건축학전공),13,53,4.08
충북,사립,건국대학교(글로컬),[실기위주] 실기우수자,디자인대학,실내디자인학과,13,53,4.08
서울,사립,성신여자대학교,자기주도인재,,미디어커뮤니케이션학과,12,49,4.08
충남,국립,국립공주대학교,학생부종합전형  일반전형(정원내),인문사회과학대학,사회복지학과,12,49,4.08
서울,사립,서강대학교,학생부종합(일반Ⅰ),,아트&테크놀로지학과,11,45,4.09
서울,사립,한양대학교(서울),학생부종합(서류형),공과대학,건설환경공학과,11,45,4.09
대전,국립,국립한밭대학교,학생부종합(일반)전형,,경제학과,11,45,4.09
경기,사립,단국대학교(죽전),[실기/실적위주] 실기우수자 경쟁률 현황 (천안),,미술학부[동양화전공],20,82,4.1
충남,사립,단국대학교(천안),[실기/실적위주] 실기우수자 경쟁률 현황 (천안),,미술학부[동양화전공],20,82,4.1
충남,사립,순천향대학교,[정원내] 학생부교과(충청형지역인재전형),의과대학,의예과,20,82,4.1
경기,사립,단국대학교(죽전),[학생부종합] DKU인재(서류형) 경쟁률 현황 (천안),,물리치료학과,10,41,4.1
서울,공립,서울시립대학교,학생부종합전형Ⅰ(면접형),자연과학대학,통계학과,10,41,4.1
서울,사립,한양대학교(서울),학생부종합(서류형),한양YK인터칼리지,한양인터칼리지학부(인문),10,41,4.1
충남,사립,단국대학교(천안),[학생부종합] DKU인재(서류형) 경쟁률 현황 (천안),,물리치료학과,10,41,4.1
충남,사립,백석대학교,정원내 모집 학생부 교과 + 면접 백석인재,,경찰학부,10,41,4.1
충북,사립,우석대학교(진천),학생부교과_지역인재2,한의과대학,한의예과(전주),10,41,4.1
서울,사립,동덕여자대학교,실기우수자전형,공연예술대학,모델전공,19,78,4.11
대전,사립,우송대학교,정원내 학생부 교과 - 교과면접 전형 (교과80%+면접20% / 6과목 반영),보건복지대학,뷰티디자인경영학과,18,74,4.11
경기,사립,경희대학교(용인),국제캠퍼스 학생부종합(네오르네상스전형),자연계열,원자력공학과,9,37,4.11
경기,사립,안양대학교(안양),학생부교과(아리학생부교과),,사범계_유아교육과,9,37,4.11
서울,사립,경희대학교(서울),국제캠퍼스 학생부종합(네오르네상스전형),자연계열,원자력공학과,9,37,4.11
인천,사립,안양대학교(강화),학생부교과(아리학생부교과),,사범계_유아교육과,9,37,4.11
충북,국립,충북대학교,학생부종합(학생부종합Ⅱ전형),공과대학,기계공학부,9,37,4.11
경기,사립,명지대학교(용인),학생부교과(만학도전형),,인문캠퍼스(서울) 소계,25,103,4.12
서울,사립,명지대학교(서울),학생부교과(만학도전형),,인문캠퍼스(서울) 소계,25,103,4.12
경기,사립,명지대학교(용인),학생부교과(기회균형전형),,인문캠퍼스(서울) 소계,30,124,4.13
서울,사립,명지대학교(서울),학생부교과(기회균형전형),,인문캠퍼스(서울) 소계,30,124,4.13
인천,사립,인하대학교,학생부종합 인하미래인재(면접형),예술체육대학,스포츠과학과,23,95,4.13
서울,사립,연세대학교(서울),학생부종합전형 (활동우수형),공과대학,건축공학과,16,66,4.13
서울,사립,연세대학교(서울),학생부종합전형 (활동우수형),사회과학대학,행정학과,16,66,4.13
서울,사립,연세대학교(서울),학생부종합전형 (기회균형),경영대학,경영학과,15,62,4.13
경기,사립,경희대학교(용인),국제캠퍼스 논술우수자전형,자연계열,산업경영공학과,8,33,4.13
경기,사립,성균관대학교(수원),실기/실적(예체능 실기우수자),,육상,8,6,4.13
경기,사립,차의과학대학교,학생부교과(CHA학생부교과전형),,약학대학,8,33,4.13
경기,국립,한경국립대학교,학생부교과(일반전형_평택)_정원내,,귀금속보석공예학과,8,33,4.13
경기,사립,한국외국어대학교(용인),학생부종합전형(면접형),,Social Science & AI융합학부,8,33,4.13
경기,사립,한신대학교,참인재,문화콘텐츠계열,디지털영상문화콘텐츠학,8,33,4.13
서울,사립,경희대학교(서울),국제캠퍼스 논술우수자전형,자연계열,산업경영공학과,8,33,4.13
서울,사립,고려대학교(서울),서울캠퍼스 학생부교과(학교추천전형),사범대학,국어교육과,8,33,4.13
서울,사립,성균관대학교(서울),실기/실적(예체능 실기우수자),,육상,8,6,4.13
서울,사립,한국외국어대학교(서울),학생부종합전형(면접형),,Social Science & AI융합학부,8,33,4.13
서울,사립,숭실대학교,학생부종합(SSU미래인재전형-면접형),,화학과,14,58,4.14
대전,사립,우송대학교,정원내 학생부 종합 - 종합면접형 전형,보건복지대학,간호학과,14,58,4.14
대전,국립,충남대학교,일반전형,예술대학,조소과,14,58,4.14
경기,사립,신한대학교(의정부/동두천),학생부우수자전형(교과100%),,방사선학과,7,29,4.14
경기,사립,신한대학교(의정부/동두천),"실적우수자전형(학생부교과,출결20%+실적80%)",,태권도학부(품새전공),7,29,4.14
경기,사립,한국외국어대학교(용인),학생부종합전형(면접형),,노어과,7,29,4.14
경기,사립,한국외국어대학교(용인),학생부종합전형(서류형),,노어과,7,29,4.14
서울,사립,숭실대학교,논술(논술우수자전형),,벤처중소기업학과,7,29,4.14
서울,사립,숭실대학교,학생부종합(SSU미래인재전형-면접형),,국어국문학과,7,29,4.14
서울,사립,이화여자대학교,학생부종합(미래인재전형-면접형),인문과학대학,독어독문학과,7,29,4.14
서울,사립,한국외국어대학교(서울),학생부종합전형(면접형),,노어과,7,29,4.14
서울,사립,한국외국어대학교(서울),학생부종합전형(서류형),,노어과,7,29,4.14
대전,국립,국립한밭대학교,학생부종합(일반)전형,,공공행정학과,7,29,4.14
서울,사립,서경대학교,실기우수자 전형,,무용예술학부-한국무용,20,83,4.15
경기,사립,경희대학교(용인),서울캠퍼스 학생부종합(네오르네상스전형),자연계열,화학과,13,54,4.15
서울,사립,경희대학교(서울),서울캠퍼스 학생부종합(네오르네상스전형),자연계열,화학과,13,54,4.15
경기,사립,신한대학교(의정부/동두천),일반전형(교과60%+면접40%),,간호학과*,18,75,4.17
대전,국립,국립한밭대학교,학생부종합(일반)전형,,일본어과,12,50,4.17
충북,국립,충북대학교,학생부교과(지역인재전형),의과대학,의예과,12,50,4.17
경기,사립,가천대학교(성남),실기우수자 전형,예체능계열,성악전공(여자),6,25,4.17
경기,사립,경기대학교(수원),학생부종합(기회균형선발전형),,"공공안전학부 / 범죄교정심리학전공, 경찰행정학전공",6,25,4.17
경기,사립,경희대학교(용인),국제캠퍼스 논술우수자전형,자연계열,식품생명공학과,6,25,4.17
경기,사립,성균관대학교(수원),학생부종합(탐구인재),,사학과,6,25,4.17
경기,사립,차의과학대학교,학생부종합(사회통합전형),,간호대학,6,25,4.17
경기,국립,한경국립대학교,학생부종합(잠재력우수자_안성)_정원내,,식품영양학과,6,25,4.17
서울,사립,경기대학교(서울),학생부종합(기회균형선발전형),,"공공안전학부 / 범죄교정심리학전공, 경찰행정학전공",6,25,4.17
서울,사립,경희대학교(서울),국제캠퍼스 논술우수자전형,자연계열,식품생명공학과,6,25,4.17
서울,사립,서울여자대학교,학생부종합(바롬인재서류전형),사회과학대학,사회복지학과,6,25,4.17
서울,사립,성균관대학교(서울),학생부종합(탐구인재),,사학과,6,25,4.17
서울,사립,세종대학교,논술(논술우수자 전형),인공지능융합,반도체시스템공학과,6,25,4.17
서울,사립,이화여자대학교,논술(논술전형),신산업융합대학,융합콘텐츠학과,6,25,4.17
인천,사립,가천대학교(인천),실기우수자 전형,예체능계열,성악전공(여자),6,25,4.17
충북,국립,충북대학교,학생부종합(학생부종합Ⅰ전형),사범대학,물리교육과,6,25,4.17
대전,사립,배재대학교,정원내 학생부교과 교과,,운동재활복지학과,17,71,4.18
서울,사립,서강대학교,학생부교과(지역균형),,컴퓨터공학과,11,46,4.18
서울,사립,연세대학교(서울),학생부교과전형 (추천형),간호대학,간호학과,11,46,4.18
서울,사립,서강대학교,학생부종합(일반Ⅰ),,경영학부,72,302,4.19
경기,사립,단국대학교(죽전),[실기/실적위주] 실기우수자 경쟁률 현황 (죽전),,무용과(한국무용),16,67,4.19
충남,국립,국립공주대학교,학생부종합전형  일반전형(정원내),천안공과대학,전기전자제어공학부,16,67,4.19
충남,사립,단국대학교(천안),[실기/실적위주] 실기우수자 경쟁률 현황 (죽전),,무용과(한국무용),16,67,4.19
경기,사립,명지대학교(용인),학생부종합(명지인재서류전형),,영어영문학전공,10,42,4.2
경기,사립,용인대학교,정원내 일반학생 전형,문화예술대학,회화학과,10,42,4.2
서울,사립,덕성여자대학교,미술실기전형[실기/실적위주],,기초소양,10,42,4.2
서울,사립,명지대학교(서울),학생부종합(명지인재서류전형),,영어영문학전공,10,42,4.2
대전,사립,우송대학교,정원내 학생부 교과 - 교과중심 전형 (교과100% / 12과목 반영),보건복지대학,동물의료관리학과,10,42,4.2
경기,사립,가톨릭대학교(부천),학생부종합(잠재능력우수자면접전형),,아동학과,5,21,4.2
경기,사립,경희대학교(용인),서울캠퍼스 논술우수자전형,자연계열,약과학과,5,21,4.2
경기,사립,단국대학교(죽전),[학생부종합] DKU인재(면접형) 경쟁률 현황 (죽전),,상담학과,5,21,4.2
경기,사립,명지대학교(용인),학생부교과(교과면접전형),,스마트인프라공학부 / 건설환경공학전공,5,21,4.2
경기,사립,신한대학교(의정부/동두천),학생부우수자전형(교과100%),,미래스포츠융합학과,5,21,4.2
경기,사립,을지대학교(성남의정부),지역균형(학교장추천),,의예과(대전),5,21,4.2
경기,사립,한국외국어대학교(용인),학생부종합전형(면접형),,체코·슬로바키아학과,5,21,4.2
경기,사립,한국외국어대학교(용인),논술전형,,Finance & AI융합학부,5,21,4.2
서울,사립,가톨릭대학교(서울),학생부종합(잠재능력우수자면접전형),,아동학과,5,21,4.2
서울,사립,경희대학교(서울),서울캠퍼스 논술우수자전형,자연계열,약과학과,5,21,4.2
서울,사립,명지대학교(서울),학생부교과(교과면접전형),,스마트인프라공학부 / 건설환경공학전공,5,21,4.2
서울,공립,서울시립대학교,기회균형전형Ⅰ,정경대학,행정학과,5,21,4.2
서울,사립,숙명여자대학교,[논술] 논술우수자전형,사회과학대학,행정학과,5,21,4.2
서울,사립,한국외국어대학교(서울),학생부종합전형(면접형),,체코·슬로바키아학과,5,21,4.2
서울,사립,한국외국어대학교(서울),논술전형,,Finance & AI융합학부,5,21,4.2
서울,사립,한양대학교(서울),학생부교과(추천형),공과대학,화학공학과,5,21,4.2
인천,사립,인하대학교,학생부종합 고른기회,공과대학,기계공학과,5,21,4.2
대전,국립,국립한밭대학교,학생부종합(일반)전형,,빅데이터헬스케어융합학과,5,21,4.2
대전,사립,목원대학교,"지역인재전형 경쟁률 현황 교과100 [면접없음, 수능최저없음]",보건안전대학,응급구조학과,5,21,4.2
대전,사립,우송대학교,정원내 학생부 교과 - 교과중심 전형 (교과100% / 12과목 반영),보건복지대학,[사범계열]유아교육과,5,21,4.2
대전,사립,을지대학교(대전),지역균형(학교장추천),,의예과(대전),5,21,4.2
대전,국립,충남대학교,일반전형,국제학부,국제학부(국제학),5,21,4.2
대전,국립,충남대학교,학생부종합 서류전형,공과대학,스마트시티건축공학과,5,21,4.2
충남,사립,단국대학교(천안),[학생부종합] DKU인재(면접형) 경쟁률 현황 (죽전),,상담학과,5,21,4.2
충북,사립,청주대학교,정원내 지역인재전형 [교과100%],보건의료과학대학,스포츠재활학과 / 첨단 동작분석 및 재활 실습실 기반의 보건의료·스포츠 융합 실무 커리큘럼을 통해 국가공인 자격 취득 및 병원·프로구단 진출 지원,5,21,4.2
충북,국립,충북대학교,학생부종합(학생부종합Ⅰ전형),사회과학대학,행정학과,5,21,4.2
서울,사립,숭실대학교,학생부종합(SSU미래인재전형-면접형),,화학공학과,19,80,4.21
서울,사립,서강대학교,학생부종합(일반Ⅰ),,수학과,14,59,4.21
서울,국립,서울과학기술대학교,실기전형,조형대학,도예학과,14,59,4.21
경기,국립,한경국립대학교,학생부교과(일반전형_안성)_정원내,,법학과,9,38,4.22
인천,국립,인천대학교,학생부교과(교과성적우수자),인문대학,영어영문학과,9,38,4.22
충북,사립,건국대학교(글로컬),[학생부교과] 교과우수,인문사회융합대학,경찰학과,9,38,4.22
충남,국립,국립공주대학교,학생부종합전형  일반전형(정원내),사범대학,국어교육과,16,68,4.25
서울,사립,연세대학교(서울),학생부종합전형 (기회균형),공과대학,전기전자공학부,12,51,4.25
서울,사립,건국대학교(서울),학생부종합(KU자기추천),공과대학,기계·로봇·자동차공학부,8,34,4.25
서울,사립,고려대학교(서울),서울캠퍼스 학생부교과(학교추천전형),이과대학,수학과,8,34,4.25
서울,사립,서울여자대학교,학생부종합(바롬인재면접전형),사회과학대학,아동학과,8,34,4.25
대전,국립,충남대학교,학생부종합 서류전형,공과대학,기계공학부,8,34,4.25
경기,사립,가톨릭대학교(부천),학생부종합(잠재능력우수자서류전형),,국사학과,4,17,4.25
경기,사립,경희대학교(용인),국제캠퍼스 논술우수자전형,자연계열,환경학및환경공학과,4,17,4.25
경기,사립,단국대학교(죽전),[실기/실적위주] 실기우수자 경쟁률 현황 (죽전),,음악학부(성악전공)(남),4,17,4.25
경기,사립,신한대학교(의정부/동두천),학생부우수자전형(교과100%),,K-뷰티학과,4,17,4.25
경기,사립,신한대학교(의정부/동두천),사회기여자전형(학생부서류100%),,임상병리학과,4,17,4.25
서울,사립,가톨릭대학교(서울),학생부종합(잠재능력우수자서류전형),,국사학과,4,17,4.25
서울,사립,건국대학교(서울),학생부교과(KU지역균형),문과대학,지리학과,4,17,4.25
서울,사립,건국대학교(서울),논술(KU논술우수자),융합생명과학대학,생명과학과,4,17,4.25
서울,사립,경희대학교(서울),국제캠퍼스 논술우수자전형,자연계열,환경학및환경공학과,4,17,4.25
서울,사립,광운대학교,학생부교과【지역균형 전형】,,환경공학과,4,17,4.25
서울,사립,광운대학교,논술【논술우수자전형】,,영어영문학과,4,17,4.25
서울,사립,광운대학교,논술【논술우수자전형】,,국제학부,4,17,4.25
서울,사립,세종대학교,학생부교과(지역균형 전형),사회과학,행정학과,4,17,4.25
인천,사립,인천가톨릭대학교(인천/강화),기회균형,간호대학,간호학과,4,17,4.25
인천,국립,인천대학교,학생부교과(교과성적우수자),인문대학,국어국문학과,4,17,4.25
대전,사립,우송대학교,정원내 학생부 교과 - 자기추천 전형 (교과100% / 12과목 반영),철도대학,철도차량시스템학과,4,17,4.25
대전,사립,우송대학교,정원내 학생부 종합 - 종합서류형 전형 (면접X),외식조리대학,"외식,조리경영전공",4,17,4.25
충남,국립,국립공주대학교,학생부교과전형  일반전형(정원내),사범대학,지리교육과,4,17,4.25
충남,국립,국립공주대학교,학생부교과전형  일반전형(정원내),사범대학,기술·가정교육과,4,17,4.25
충남,사립,단국대학교(천안),[실기/실적위주] 실기우수자 경쟁률 현황 (죽전),,음악학부(성악전공)(남),4,17,4.25
충북,국립,충북대학교,학생부종합(학생부종합Ⅱ전형),생활과학대학,아동복지학과,4,17,4.25
경기,사립,가천대학교(성남),논술 전형,인문계열,유아교육학과,15,64,4.27
인천,사립,가천대학교(인천),논술 전형,인문계열,유아교육학과,15,64,4.27
서울,사립,성신여자대학교,일반학생,,조소과,24,103,4.29
경기,사립,한국항공대학교,미래인재 전형,,항공·경영대학(사회적성),17,73,4.29
경기,사립,가천대학교(성남),논술 전형,자연계열,식품생명공학과,14,60,4.29
경기,사립,성결대학교,[학생부교과] 교과성적우수자,IT융합공과대학,미디어소프트웨어학과,14,60,4.29
인천,사립,가천대학교(인천),논술 전형,자연계열,식품생명공학과,14,60,4.29
서울,사립,연세대학교(서울),학생부종합전형 (활동우수형),문과대학,노어노문학과,7,30,4.29
충남,사립,백석대학교,정원내 모집 학생부 종합 창의인재,,어문학부,7,30,4.29
충북,사립,건국대학교(글로컬),[학생부교과] 교과우수,인문사회융합대학,소방방재융합학과,7,30,4.29
경기,사립,단국대학교(죽전),[실기/실적위주] 실기우수자 경쟁률 현황 (죽전),,공연영화학부 뮤지컬전공(연출),10,43,4.3
경기,사립,안양대학교(안양),학생부종합(아리학생부종합),,사범계_유아교육과,10,43,4.3
서울,사립,상명대학교(서울),정원 내 학생부종합(상명인재전형),,글로벌경영학과,10,43,4.3
서울,사립,세종대학교,논술(논술우수자 전형),인공지능융합,컴퓨터공학과,10,43,4.3
서울,사립,숭실대학교,학생부종합(SSU미래인재전형-면접형),,독어독문학과,10,43,4.3
인천,사립,안양대학교(강화),학생부종합(아리학생부종합),,사범계_유아교육과,10,43,4.3
충남,사립,단국대학교(천안),[실기/실적위주] 실기우수자 경쟁률 현황 (죽전),,공연영화학부 뮤지컬전공(연출),10,43,4.3
충남,사립,순천향대학교,[정원내] 실기/실적(실기우수자전형),인문사회과학대학,공연영상학과 / 영화영상연출제작,10,43,4.3
세종,사립,고려대학교(세종),학생부종합(크림슨인재전형),문화스포츠대학,문화창의학부,13,56,4.31
서울,사립,숙명여자대학교,[학생부종합] 특성화고졸재직자전형(정원외),경상대학,경영학부,38,164,4.32
경기,사립,수원대학교,고교추천전형,자유전공학부,자유전공학부,15,65,4.33
서울,사립,연세대학교(서울),학생부종합전형 (활동우수형),인공지능융합대학,인공지능학과,15,65,4.33
경기,사립,성결대학교,[학생부교과] 교과성적우수자,IT융합공과대학,화장품공학과,9,39,4.33
서울,사립,숙명여자대학교,[논술] 논술우수자전형,생활과학대학,아동복지학부,9,39,4.33
충남,사립,한국기술교육대학교,논술전형,,건축공학과,9,39,4.33
경기,사립,가톨릭대학교(부천),학생부종합(잠재능력우수자면접전형),,국사학과,6,26,4.33
경기,사립,가톨릭대학교(부천),학생부종합(잠재능력우수자면접전형),,화학과,6,26,4.33
경기,사립,단국대학교(죽전),[학생부종합] DKU인재(면접형) 경쟁률 현황 (죽전),,화학공학과,6,26,4.33
경기,사립,명지대학교(용인),학생부종합(명지인재면접전형),,국제통상학전공,6,26,4.33
경기,사립,명지대학교(용인),학생부종합(사회적배려대상자전형),,반도체·ICT대학 / 반도체공학부,6,26,4.33
경기,사립,성균관대학교(수원),학생부종합(탐구인재),,수학과,6,26,4.33
경기,사립,성균관대학교(수원),학생부교과(추천인재),,물리학과,6,26,4.33
서울,사립,가톨릭대학교(서울),학생부종합(잠재능력우수자면접전형),,국사학과,6,26,4.33
서울,사립,가톨릭대학교(서울),학생부종합(잠재능력우수자면접전형),,화학과,6,26,4.33
서울,사립,건국대학교(서울),학생부교과(KU지역균형),융합생명과학대학,생명과학과,6,26,4.33
서울,사립,명지대학교(서울),학생부종합(명지인재면접전형),,국제통상학전공,6,26,4.33
서울,사립,명지대학교(서울),학생부종합(사회적배려대상자전형),,반도체·ICT대학 / 반도체공학부,6,26,4.33
서울,공립,서울시립대학교,기회균형전형Ⅰ,정경대학,세무학과,6,26,4.33
서울,사립,성균관대학교(서울),학생부종합(탐구인재),,수학과,6,26,4.33
서울,사립,성균관대학교(서울),학생부교과(추천인재),,물리학과,6,26,4.33
서울,사립,이화여자대학교,학생부종합(미래인재전형-서류형),사범대학,사회과교육과 사회교육전공,6,26,4.33
서울,사립,한양대학교(서울),학생부종합(추천형),간호대학,간호학과,6,26,4.33
충남,사립,단국대학교(천안),[학생부종합] DKU인재(면접형) 경쟁률 현황 (죽전),,화학공학과,6,26,4.33
충남,사립,백석대학교,정원내 모집 실기위주 (예·체능계열) 일반실기,,베이스,6,26,4.33
경기,사립,가천대학교(성남),특성화고교 전형,자연계열,컴퓨터공학과,3,13,4.33
경기,사립,가천대학교(성남),특성화고교 전형,자연계열,간호학과,3,13,4.33
경기,사립,가톨릭대학교(부천),학생부종합(기회균형Ⅰ전형),,식품영양학과,3,13,4.33
경기,사립,가톨릭대학교(부천),학생부종합(기회균형Ⅰ전형),,미디어기술콘텐츠학과,3,13,4.33
경기,사립,명지대학교(용인),학생부교과(학교장추천전형),,데이터사이언스전공,3,13,4.33
경기,사립,명지대학교(용인),학생부종합(농어촌학생전형),,미디어·휴먼라이프대학 / 디지털미디어학부,3,13,4.33
경기,국립,한경국립대학교,학생부종합(잠재력우수자_안성)_정원내,,건축공학과,3,13,4.33
서울,사립,가톨릭대학교(서울),학생부종합(기회균형Ⅰ전형),,식품영양학과,3,13,4.33
서울,사립,가톨릭대학교(서울),학생부종합(기회균형Ⅰ전형),,미디어기술콘텐츠학과,3,13,4.33
서울,사립,고려대학교(서울),서울캠퍼스 실기/실적(특기자전형-체육교육과),사범대학,농구(포워드),3,13,4.33
서울,사립,광운대학교,학생부종합【농어촌학생전형】,,수학과,3,3,4.33
서울,사립,명지대학교(서울),학생부교과(학교장추천전형),,데이터사이언스전공,3,13,4.33
서울,사립,명지대학교(서울),학생부종합(농어촌학생전형),,미디어·휴먼라이프대학 / 디지털미디어학부,3,13,4.33
서울,사립,서강대학교,학생부종합(기회균형),,물리학과,3,13,4.33
서울,사립,서울여자대학교,학생부종합(기회균형전형_농어촌학생)[정원외],미래산업융합대학,디지털미디어학과,3,13,4.33
서울,사립,숙명여자대학교,[논술] 논술우수자전형,문과대학,독일언어·문화학과,3,13,4.33
서울,사립,숭실대학교,실기/실적(예체능우수인재전형) 축구,,축구(MF),3,13,4.33
서울,사립,이화여자대학교,학생부종합(고른기회전형),자연과학대학,생명과학과,3,13,4.33
서울,사립,한양대학교(서울),학생부종합(고른기회),공과대학,도시공학과,3,13,4.33
서울,사립,한양대학교(서울),실기/실적(음악특기자),음악대학,국악과(거문고),3,13,4.33
서울,사립,한양대학교(서울),실기/실적(음악특기자),음악대학,국악과(피리),3,13,4.33
인천,사립,가천대학교(인천),특성화고교 전형,자연계열,컴퓨터공학과,3,13,4.33
인천,사립,가천대학교(인천),특성화고교 전형,자연계열,간호학과,3,13,4.33
대전,사립,목원대학교,"학생부종합전형 경쟁률 현황 서류100 [면접없음, 수능최저없음]",문화콘텐츠대학,역사학과,3,13,4.33
대전,사립,우송대학교,정원내 학생부 종합 - 종합면접형 전형,철도대학,철도차량시스템학과,3,13,4.33
대전,국립,충남대학교,기회균형선발Ⅰ전형,창의융합대학,공학융합학부 공과대학자율전공,3,13,4.33
대전,국립,충남대학교,학생부종합 면접전형,인문대학,철학과*,3,13,4.33
대전,국립,충남대학교,학생부종합 면접전형,농업생명과학대학,식물자원학과,3,13,4.33
대전,국립,충남대학교,학생부종합 면접전형,농업생명과학대학,산림환경자원학과,3,13,4.33
대전,국립,충남대학교,학생부종합 면접전형,농업생명과학대학,동물자원생명과학과*,3,13,4.33
대전,국립,충남대학교,학생부종합 서류전형,자연과학대학,지질환경과학과*,3,13,4.33
충남,국립,국립공주대학교,학생부종합전형  일반전형(정원내),산업과학대학,지역사회개발학과,3,13,4.33
충북,사립,건국대학교(글로컬),[학생부교과] 사회통합,의료생명대학,간호학과,3,13,4.33
충북,사립,세명대학교,인문계고교전형(정원내),자연과학,반려동물산업학과,3,13,4.33
충북,국립,충북대학교,학생부교과(학생부교과전형),약학대학,제약학과,3,13,4.33
충북,국립,한국교원대학교,기초수급 및 차상위계층 특별전형,,초등교육과,3,13,4.33
서울,국립,서울과학기술대학교,기회균형전형(특성화고등을졸업한재직자),미래융합대학,벤처경영학과,17,74,4.35
충남,사립,백석대학교,정원내 모집 실기위주 (예·체능계열) 일반실기,,시범,21,92,4.38
경기,사립,경희대학교(용인),국제캠퍼스 학생부종합(네오르네상스전형),예술계열,시각디자인학과,8,35,4.38
경기,사립,경희대학교(용인),국제캠퍼스 논술우수자전형,자연계열,융합바이오·신소재공학과,8,35,4.38
경기,사립,을지대학교(성남의정부),EU서류형,,방사선학과,8,35,4.38
서울,사립,경희대학교(서울),국제캠퍼스 학생부종합(네오르네상스전형),예술계열,시각디자인학과,8,35,4.38
서울,사립,경희대학교(서울),국제캠퍼스 논술우수자전형,자연계열,융합바이오·신소재공학과,8,35,4.38
서울,사립,고려대학교(서울),서울캠퍼스 학생부교과(학교추천전형),이과대학,물리학과,8,35,4.38
서울,공립,서울시립대학교,기회균형전형Ⅰ,자유융합대학,자유전공학부(자연),8,35,4.38
서울,사립,숭실대학교,학생부종합(SSU미래인재전형-면접형),,사학과,8,35,4.38
인천,국립,인천대학교,학생부종합(자기추천),도시과학대학,도시환경공학부 환경공학전공,8,35,4.38
대전,사립,을지대학교(대전),EU서류형,,방사선학과,8,35,4.38
충북,사립,건국대학교(글로컬),[실기위주] 실기우수자,의료생명대학,스포츠건강학과,20,88,4.4
서울,사립,숭실대학교,학생부종합(SSU미래인재전형-면접형),,건축학부(건축학·건축공학전공),15,66,4.4
대전,사립,배재대학교,정원내 실기/실적 뷰티케어특기자,,뷰티케어학과,15,66,4.4
인천,국립,인천대학교,학생부종합(자기추천),사회과학대학,미디어커뮤니케이션학과,10,44,4.4
충남,국립,국립공주대학교,학생부종합전형  일반전형(정원내),사범대학,생물교육과,10,44,4.4
충남,사립,상명대학교(천안),정원내 학생부종합(상명인재전형),,글로벌지역학부,10,44,4.4
충남,사립,호서대학교,- 정원내 학생부교과 학생부전형,,동물보건복지학과,10,44,4.4
경기,사립,가톨릭대학교(부천),학생부종합(잠재능력우수자면접전형),,식품영양학과,5,22,4.4
경기,사립,단국대학교(죽전),[논술위주] 논술우수자 경쟁률 현황 (죽전),,도시계획ㆍ부동산학부,5,22,4.4
경기,사립,수원대학교,교과우수전형,라이프케어사이언스대학,아동가족복지학과,5,22,4.4
경기,사립,아주대학교,고른기회1전형,,경영학과,5,22,4.4
경기,사립,한국외국어대학교(용인),학생부종합전형(면접형),,한국학과,5,22,4.4
서울,사립,가톨릭대학교(서울),학생부종합(잠재능력우수자면접전형),,식품영양학과,5,22,4.4
서울,사립,서강대학교,학생부종합(기회균형),,컴퓨터공학과,5,22,4.4
서울,사립,서울여자대학교,학생부종합(바롬인재면접전형),인문대학,중어중문학과,5,22,4.4
서울,사립,한국외국어대학교(서울),학생부종합전형(면접형),,한국학과,5,22,4.4
인천,국립,인천대학교,학생부종합(기회균형),인공지능대학,컴퓨터공학부,5,22,4.4
충남,사립,단국대학교(천안),[논술위주] 논술우수자 경쟁률 현황 (죽전),,도시계획ㆍ부동산학부,5,22,4.4
충북,사립,청주대학교,"정원내 교과면접전형 경쟁률 현황 ※ 면접전형 : 교과70%+ 면접30% 단, 항공서비스학과 만 교과60%+ 면접40% 생활기록부 미반영 면접",보건의료과학대학,스포츠재활학과 / 첨단 동작분석 및 재활 실습실 기반의 보건의료·스포츠 융합 실무 커리큘럼을 통해 국가공인 자격 취득 및 병원·프로구단 진출 지원,5,22,4.4
충북,국립,충북대학교,학생부교과(학생부교과전형),인문대학,고고미술사학과,5,22,4.4
경기,사립,신한대학교(의정부/동두천),실기우수자전형(교과20%+실기80%),,태권도학부(품새전공),22,97,4.41
서울,사립,고려대학교(서울),서울캠퍼스 학생부교과(학교추천전형),공과대학,신소재공학부,22,97,4.41
서울,사립,삼육대학교,세움인재전형,,경영학과,12,53,4.42
경기,사립,경희대학교(용인),국제캠퍼스 학생부종합(네오르네상스전형),자연계열,융합바이오·신소재공학과,14,62,4.43
서울,사립,경희대학교(서울),국제캠퍼스 학생부종합(네오르네상스전형),자연계열,융합바이오·신소재공학과,14,62,4.43
경기,사립,한국외국어대학교(용인),학생부종합전형(면접형),,미디어커뮤니케이션학부,7,31,4.43
서울,사립,서울여자대학교,학생부종합(바롬인재서류전형),사회과학대학,언론영상학부,7,31,4.43
서울,사립,세종대학교,실기/실적(실기우수자 전형),예체능,음악과-성악(여),7,31,4.43
서울,사립,연세대학교(서울),학생부종합전형 (활동우수형),사회과학대학,사회복지학과,7,31,4.43
서울,사립,이화여자대학교,논술(논술전형),신산업융합대학,융합보건학과,7,31,4.43
서울,사립,한국외국어대학교(서울),학생부종합전형(면접형),,미디어커뮤니케이션학부,7,31,4.43
서울,공립,서울시립대학교,학생부종합전형Ⅰ(면접형),인문대학,영어영문학과,18,80,4.44
경기,사립,가천대학교(성남),가천바람개비 전형,인문계열,경제학과,9,40,4.44
서울,사립,강서대학교,일반학생,,실용음악학과_보컬(일반학생),9,40,4.44
서울,공립,서울시립대학교,학생부종합전형Ⅰ(면접형),공과대학,토목공학과,9,40,4.44
인천,사립,가천대학교(인천),가천바람개비 전형,인문계열,경제학과,9,40,4.44
충남,국립,국립공주대학교,학생부종합전형  일반전형(정원내),예술대학,영상학과,9,40,4.44
서울,사립,세종대학교,학생부종합(기회균형 전형),,자연생명계열,11,49,4.45
경기,사립,가천대학교(성남),논술 전형,자연계열,운동재활학과,13,58,4.46
인천,사립,가천대학교(인천),논술 전형,자연계열,운동재활학과,13,58,4.46
인천,국립,인천대학교,학생부종합(자기추천),글로벌정경대학,소비자학과,13,58,4.46
충북,사립,건국대학교(글로컬),[실기위주] 실기우수자,디자인대학,산업디자인학과,13,58,4.46
충북,사립,건국대학교(글로컬),[실적위주] 체육특기자,의료생명대학,스포츠건강학과,13,58,4.46
경기,사립,경희대학교(용인),서울캠퍼스 실기우수자전형(한국무용·현대무용·발레),예술계열,무용학부(발레),15,67,4.47
서울,사립,건국대학교(서울),학생부종합(KU자기추천),부동산과학원,부동산학과,15,67,4.47
서울,사립,경희대학교(서울),서울캠퍼스 실기우수자전형(한국무용·현대무용·발레),예술계열,무용학부(발레),15,67,4.47
충북,사립,극동대학교,정원 내 학생부교과 일반학생전형(면접),,항공운항서비스학과,60,269,4.48
경기,사립,가천대학교(성남),논술 전형,자연계열,인공지능학과,46,206,4.48
인천,사립,가천대학교(인천),논술 전형,자연계열,인공지능학과,46,206,4.48
대전,국립,충남대학교,지역인재전형,의과대학,의예과,25,112,4.48
대전,국립,충남대학교,지역인재전형,약학대학,약학과,28,126,4.5
경기,사립,가천대학교(성남),논술 전형,자연계열,금융·빅데이터학부,26,117,4.5
인천,사립,가천대학교(인천),논술 전형,자연계열,금융·빅데이터학부,26,117,4.5
서울,사립,동덕여자대학교,실기우수자전형,예술대학,디지털공예전공,24,108,4.5
경기,사립,가천대학교(성남),논술 전형,인문계열,관광경영학과,14,63,4.5
경기,사립,경희대학교(용인),서울캠퍼스 학생부종합(네오르네상스전형),인문계열,사학과,14,63,4.5
서울,사립,경희대학교(서울),서울캠퍼스 학생부종합(네오르네상스전형),인문계열,사학과,14,63,4.5
서울,국립,서울과학기술대학교,학교생활우수자전형,에너지바이오대학,식품생명공학과,14,63,4.5
인천,사립,가천대학교(인천),논술 전형,인문계열,관광경영학과,14,63,4.5
세종,사립,고려대학교(세종),학생부교과(일반전형),글로벌비즈니스대학,자유전공학부(글로벌비즈니스),12,54,4.5
충남,사립,순천향대학교,[정원내] 학생부종합(일반학생전형),인문사회과학대학,경찰행정학과,12,54,4.5
경기,사립,경희대학교(용인),서울캠퍼스 학생부종합(네오르네상스전형),인문계열,의상학과,10,45,4.5
서울,사립,경희대학교(서울),서울캠퍼스 학생부종합(네오르네상스전형),인문계열,의상학과,10,45,4.5
서울,사립,연세대학교(서울),학생부교과전형 (추천형),치과대학,치의예과,10,45,4.5
충남,국립,국립공주대학교,학생부종합전형  일반전형(정원내),사범대학,지구과학교육과,10,45,4.5
경기,사립,가천대학교(성남),학생부우수자 전형,자연계열,전기공학과,8,36,4.5
서울,사립,서울여자대학교,학생부종합(바롬인재면접전형),인문대학,국어국문학과,8,36,4.5
인천,사립,가천대학교(인천),학생부우수자 전형,자연계열,전기공학과,8,36,4.5
충남,사립,한국기술교육대학교,창의인재(서류형),,에너지신소재화학공학부 / 에너지신소재공학전공,8,36,4.5
경기,사립,가천대학교(성남),가천바람개비 전형,자연계열,치위생학과,6,27,4.5
경기,사립,명지대학교(용인),학생부종합(명지인재면접전형),,문헌정보학전공,6,27,4.5
경기,사립,명지대학교(용인),학생부종합(명지인재면접전형),,공간디자인학과,6,27,4.5
서울,사립,덕성여자대학교,기회균형전형Ⅰ_기초생활수급자 등[학생부위주(종합)],,약학대학,6,27,4.5
서울,사립,명지대학교(서울),학생부종합(명지인재면접전형),,문헌정보학전공,6,27,4.5
서울,사립,명지대학교(서울),학생부종합(명지인재면접전형),,공간디자인학과,6,27,4.5
서울,사립,삼육대학교,논술우수자전형,,사회복지학과,6,27,4.5
서울,국립,서울과학기술대학교,기회균형전형(농어촌학생),공과대학,기계공학과,6,27,4.5
서울,사립,숙명여자대학교,[논술] 논술우수자전형,생활과학대학,식품영양학과,6,27,4.5
서울,사립,연세대학교(서울),학생부교과전형 (추천형),상경대학,응용통계학과,6,27,4.5
인천,사립,가천대학교(인천),가천바람개비 전형,자연계열,치위생학과,6,27,4.5
충남,국립,국립공주대학교,학생부종합전형  일반전형(정원내),산업과학대학,조경학과,6,27,4.5
충남,사립,나사렛대학교,창의융합인재(학생부종합-서류형/면접형/실기위주),,물리치료학과,6,27,4.5
충북,국립,충북대학교,학생부종합(학생부종합Ⅰ전형),사범대학,지리교육과,6,27,4.5
경기,사립,경희대학교(용인),국제캠퍼스 논술우수자전형,자연계열,컴퓨터공학부 인공지능학과,4,18,4.5
경기,사립,한국외국어대학교(용인),논술전형,,산업경영공학과,4,18,4.5
서울,사립,경희대학교(서울),국제캠퍼스 논술우수자전형,자연계열,컴퓨터공학부 인공지능학과,4,18,4.5
서울,사립,고려대학교(서울),서울캠퍼스 실기/실적(특기자전형-체육교육과),사범대학,아이스하키(FW),4,18,4.5
서울,사립,광운대학교,논술【논술우수자전형】,,건축학과(5년제),4,18,4.5
서울,사립,성공회대학교,특성화고교교과성적,,미디어콘텐츠융합학부,4,18,4.5
서울,사립,이화여자대학교,실기/실적(예체능실기전형),음악대학,성악(정가),4,3,4.5
서울,사립,한국외국어대학교(서울),논술전형,,산업경영공학과,4,18,4.5
서울,사립,한양대학교(서울),학생부종합(고른기회),공과대학,건설환경공학과,4,18,4.5
인천,국립,인천대학교,학생부교과(지역균형),인문대학,일본지역문화학과,4,18,4.5
인천,국립,인천대학교,학생부종합(기회균형),도시과학대학,도시건축학부,4,18,4.5
인천,사립,인하대학교,학생부종합 농어촌학생,공과대학,기계공학과,4,18,4.5
대전,국립,충남대학교,국가안보교과전형(국토안보학전공),국가안보융합학부,국토안보학전공(남자),4,18,4.5
대전,국립,충남대학교,학생부종합 면접전형,공과대학,메카트로닉스공학과,4,18,4.5
대전,국립,충남대학교,학생부종합 서류전형,자연과학대학,수학과,4,18,4.5
대전,국립,충남대학교,저소득층학생전형,약학대학,약학과,4,18,4.5
충남,사립,호서대학교,- 정원외 학생부교과 농어촌학생전형,,미디어커뮤니케이션학과,4,15,4.5
충북,사립,청주대학교,정원내 교과인재전형 [교과100%],항공·국방대학,"항공기계공학과 / AI 시대를 선도하는 첨단 항공기술 교육, 국토부 항공정비 전문교육기관 100% 이수, 국비 항공우주부트캠프 150억, K-항공MRO RISE사업 31.3억 지원",4,18,4.5
충북,국립,충북대학교,학생부종합(학생부종합Ⅱ전형),인문대학,사학과,4,18,4.5
경기,사립,가천대학교(성남),특성화고교 전형,인문계열,미디어커뮤니케이션학과,2,9,4.5
경기,사립,가천대학교(성남),기회균형 전형,자연계열,전기공학과,2,9,4.5
경기,사립,가천대학교(성남),농어촌(종합) 전형,자연계열,식품영양학과,2,9,4.5
경기,사립,강남대학교,[정원외]학생부종합(장애인등대상자전형),인문사회계,중등특수교육과,2,9,4.5
경기,사립,경기대학교(수원),학생부교과(농어촌학생전형),,기계시스템공학과,2,9,4.5
경기,사립,경기대학교(수원),학생부종합(사회배려대상자전형),,"AI컴퓨터공학부 / 컴퓨터공학전공, 인공지능전공, SW안전보안전공, 모빌리티SW전공",2,9,4.5
경기,사립,경희대학교(용인),서울캠퍼스 학생부종합(기회균형전형Ⅱ),인문계열,관광·엔터테인먼트학부,2,9,4.5
경기,사립,경희대학교(용인),서울캠퍼스 학생부종합(기회균형전형Ⅱ),자연계열,생물학과,2,9,4.5
경기,사립,경희대학교(용인),국제캠퍼스 학생부종합[기회균형전형Ⅰ(국가보훈·농어촌·수급자·자립아동 등)],자연계열,사회기반시스템공학과,2,9,4.5
경기,사립,경희대학교(용인),국제캠퍼스 학생부종합(기회균형전형Ⅱ),자연계열,사회기반시스템공학과,2,9,4.5
경기,사립,단국대학교(죽전),[학생부종합] 사회적배려대상자 경쟁률 현황 (죽전),,상담학과,2,9,4.5
경기,사립,단국대학교(죽전),[학생부종합] 교육기회배려자(정원외) 경쟁률 현황 (죽전),,철학과,2,9,4.5
경기,사립,단국대학교(죽전),[실기/실적위주] 실기우수자 경쟁률 현황 (죽전),,음악학부(관현악전공)-관악(목관)[클라리넷],2,9,4.5
경기,사립,단국대학교(죽전),[학생부종합] 농어촌학생(정원외) 경쟁률 현황 (천안),,생명공학부(환경원예학전공),2,9,4.5
경기,사립,단국대학교(죽전),[학생부종합] 농어촌학생(정원외) 경쟁률 현황 (천안),,생명공학부(녹지조경학전공),2,9,4.5
경기,사립,명지대학교(용인),학생부교과(특성화고교전형),,경상·통계학부 / 경제학전공,2,9,4.5
경기,사립,명지대학교(용인),학생부종합(명지인재서류전형),,공간디자인학과,2,9,4.5
경기,사립,서울신학대학교,[실적/실기위주]실기전형,,실용음악과(건반),2,9,4.5
경기,사립,서울신학대학교,[실적/실기위주]실기전형,,실용음악과(베이스),2,9,4.5
경기,사립,성결대학교,[학생부교과] (정원외) 특성화고교졸업자,글로벌경영대학,경영학과,2,9,4.5
경기,사립,성결대학교,[학생부교과] (정원외) 고른기회Ⅱ,인문사회융합대학,중국어문화학과,2,9,4.5
경기,사립,성균관대학교(수원),실기/실적(예체능 특기자),,골프,2,9,4.5
경기,사립,아주대학교,고른기회1전형,,건설시스템공학과,2,9,4.5
경기,사립,아주대학교,고른기회1전형,,사이버보안학과,2,9,4.5
경기,사립,아주대학교,고른기회2전형,,영어영문학과,2,9,4.5
경기,사립,안양대학교(안양),학생부교과(특성화고교졸업자),,관광경영학과(교직),2,9,4.5
경기,사립,용인대학교,정원내 기회균형 특별전형,무도대학,경호학과,2,9,4.5
경기,사립,용인대학교,정원내 기회균형 특별전형,AI바이오융합대학,물리치료학과,2,9,4.5
경기,사립,을지대학교(성남의정부),사회기여 및 배려대상자,,간호학과(의정부),2,9,4.5
경기,사립,한세대학교,"특수교육대상자(정원외) - 음악전공/공연예술전공 실기 70% + 면접 30%, 이외학과 교과 60% + 면접 40%",,자유전공학부,2,5,4.5
경기,사립,한양대학교(ERICA),학생부종합(고른기회),공학대학,건설환경공학과,2,9,4.5
서울,사립,강서대학교,기회균등할당제,,간호학과(기회균등),2,9,4.5
서울,사립,경기대학교(서울),학생부교과(농어촌학생전형),,기계시스템공학과,2,9,4.5
서울,사립,경기대학교(서울),학생부종합(사회배려대상자전형),,"AI컴퓨터공학부 / 컴퓨터공학전공, 인공지능전공, SW안전보안전공, 모빌리티SW전공",2,9,4.5
서울,사립,경희대학교(서울),서울캠퍼스 학생부종합(기회균형전형Ⅱ),인문계열,관광·엔터테인먼트학부,2,9,4.5
서울,사립,경희대학교(서울),서울캠퍼스 학생부종합(기회균형전형Ⅱ),자연계열,생물학과,2,9,4.5
서울,사립,경희대학교(서울),국제캠퍼스 학생부종합[기회균형전형Ⅰ(국가보훈·농어촌·수급자·자립아동 등)],자연계열,사회기반시스템공학과,2,9,4.5
서울,사립,경희대학교(서울),국제캠퍼스 학생부종합(기회균형전형Ⅱ),자연계열,사회기반시스템공학과,2,9,4.5
서울,사립,고려대학교(서울),서울캠퍼스 학생부종합(고른기회전형),문과대학,불어불문학과,2,9,4.5
서울,사립,고려대학교(서울),서울캠퍼스 학생부종합(고른기회전형),문과대학,노어노문학과,2,9,4.5
서울,사립,동덕여자대학교,특기자 특별전형,공연예술대학,모델전공(모델특기자),2,9,4.5
서울,사립,명지대학교(서울),학생부교과(특성화고교전형),,경상·통계학부 / 경제학전공,2,9,4.5
서울,사립,명지대학교(서울),학생부종합(명지인재서류전형),,공간디자인학과,2,9,4.5
서울,사립,상명대학교(서울),정원 내 학생부종합(기회균형전형),,교육학과,2,9,4.5
서울,사립,상명대학교(서울),정원 내 논술(논술전형),,지적재산권전공,2,9,4.5
서울,사립,서울여자대학교,학생부종합(기회균형전형_농어촌학생)[정원외],인문대학,사학과,2,9,4.5
서울,사립,성공회대학교,사회기여자및배려대상자,,미디어콘텐츠융합학부,2,9,4.5
서울,사립,성균관대학교(서울),실기/실적(예체능 특기자),,골프,2,9,4.5
서울,사립,숙명여자대학교,[학생부종합] 기회균형전형,이과대학,생명시스템학부,2,9,4.5
서울,사립,숭실대학교,논술(논술우수자전형),,금융학부,2,9,4.5
서울,사립,숭실대학교,학생부종합(기회균형전형),,수학과,2,9,4.5
서울,사립,연세대학교(서울),학생부종합전형 (기회균형),문과대학,독어독문학과,2,9,4.5
서울,사립,연세대학교(서울),학생부종합전형 (기회균형),공과대학,산업공학과,2,9,4.5
서울,사립,총신대학교,정원내 목회자추천자,사범계열,역사교육과,2,9,4.5
서울,사립,한양대학교(서울),학생부종합(고른기회),공과대학,미래자동차공학과,2,9,4.5
서울,사립,한양대학교(서울),학생부종합(고른기회),인문과학대학,중어중문학과,2,9,4.5
서울,사립,한양대학교(서울),학생부종합(고른기회),인문과학대학,영어영문학과,2,9,4.5
서울,사립,한양대학교(서울),학생부종합(고른기회),사범대학,교육학과,2,9,4.5
서울,사립,한양대학교(서울),학생부종합(고른기회),사범대학,영어교육과,2,9,4.5
서울,사립,한양대학교(서울),실기/실적(음악특기자),음악대학,국악과(이론),2,9,4.5
인천,사립,가천대학교(인천),특성화고교 전형,인문계열,미디어커뮤니케이션학과,2,9,4.5
인천,사립,가천대학교(인천),기회균형 전형,자연계열,전기공학과,2,9,4.5
인천,사립,가천대학교(인천),농어촌(종합) 전형,자연계열,식품영양학과,2,9,4.5
인천,사립,안양대학교(강화),학생부교과(특성화고교졸업자),,관광경영학과(교직),2,9,4.5
인천,사립,인천가톨릭대학교(인천/강화),농어촌학생,간호대학,간호학과,2,9,4.5
대전,사립,건양대학교(대전),농어촌학생전형,,재난안전소방학전공,2,9,4.5
대전,사립,건양대학교(대전),농어촌학생전형,,심리상담치료학과 [교직],2,9,4.5
대전,사립,건양대학교(대전),"기초생활수급자, 차상위계층, 한부모가족 지원대상자 전형",,응급구조학과,2,9,4.5
대전,국립,국립한밭대학교,농어촌학생전형,,경제학과,2,9,4.5
대전,국립,국립한밭대학교,사회적배려자전형,,건설환경공학과,2,9,4.5
대전,사립,을지대학교(대전),사회기여 및 배려대상자,,간호학과(의정부),2,9,4.5
대전,국립,충남대학교,기회균형선발Ⅰ전형,사회과학대학,행정학부,2,9,4.5
대전,국립,충남대학교,기회균형선발Ⅰ전형,공과대학,기계공학부,2,9,4.5
대전,국립,충남대학교,학생부종합 면접전형,인문대학,언어학과,2,9,4.5
대전,국립,충남대학교,학생부종합 서류전형,인문대학,사학과*,2,9,4.5
대전,국립,충남대학교,학생부종합 서류전형,사회과학대학,사회복지학과,2,9,4.5
대전,국립,충남대학교,학생부종합 서류전형,사회과학대학,도시·자치융합학과,2,9,4.5
대전,국립,충남대학교,학생부종합 서류전형,생활과학대학,식품영양학과*,2,9,4.5
대전,국립,충남대학교,농어촌학생전형,사회과학대학,행정학부,2,9,4.5
대전,국립,충남대학교,농어촌학생전형,자연과학대학,천문우주과학과,2,9,4.5
대전,국립,충남대학교,농어촌학생전형,공과대학,전기공학과,2,9,4.5
대전,국립,충남대학교,농어촌학생전형,생활과학대학,식품영양학과*,2,9,4.5
대전,국립,충남대학교,특성화고출신자전형,사범대학,기술교육과,2,9,4.5
대전,국립,충남대학교,저소득층학생전형,공과대학,기계공학부,2,9,4.5
대전,국립,충남대학교,저소득층학생전형,공과대학,전기공학과,2,9,4.5
대전,국립,충남대학교,특수교육대상자전형,사회과학대학,행정학부,2,9,4.5
충남,사립,건양대학교(논산),농어촌학생전형,,재난안전소방학전공,2,9,4.5
충남,사립,건양대학교(논산),농어촌학생전형,,심리상담치료학과 [교직],2,9,4.5
충남,사립,건양대학교(논산),"기초생활수급자, 차상위계층, 한부모가족 지원대상자 전형",,응급구조학과,2,9,4.5
충남,국립,국립공주대학교,학생부종합전형  특성화고교졸업자전형(정원외),천안공과대학,기계자동차공학부,2,9,4.5
충남,국립,국립공주대학교,학생부종합전형  장애인 등 대상자전형(정원외),사범대학,특수교육과,2,9,4.5
충남,국립,국립공주대학교,학생부교과전형  농어촌학생전형(정원외),인문사회과학대학,관광경영학과,2,9,4.5
충남,사립,단국대학교(천안),[학생부종합] 사회적배려대상자 경쟁률 현황 (죽전),,상담학과,2,9,4.5
충남,사립,단국대학교(천안),[학생부종합] 교육기회배려자(정원외) 경쟁률 현황 (죽전),,철학과,2,9,4.5
충남,사립,단국대학교(천안),[실기/실적위주] 실기우수자 경쟁률 현황 (죽전),,음악학부(관현악전공)-관악(목관)[클라리넷],2,9,4.5
충남,사립,단국대학교(천안),[학생부종합] 농어촌학생(정원외) 경쟁률 현황 (천안),,생명공학부(환경원예학전공),2,9,4.5
충남,사립,단국대학교(천안),[학생부종합] 농어촌학생(정원외) 경쟁률 현황 (천안),,생명공학부(녹지조경학전공),2,9,4.5
충남,사립,상명대학교(천안),정원내 학생부종합(기회균형전형),,무대미술전공,2,9,4.5
충남,사립,상명대학교(천안),정원내 학생부종합(기회균형전형),,디지털만화영상전공,2,9,4.5
충남,사립,상명대학교(천안),정원내 학생부종합(기회균형전형),,정보보안공학과,2,9,4.5
충남,사립,순천향대학교,[정원외] 학생부종합(농어촌학생전형),의과대학,의예과,2,9,4.5
충남,사립,한국기술교육대학교,농어촌학생[정원외],,전기·전자·통신공학부 / 전기공학전공,2,9,4.5
충남,사립,한국기술교육대학교,농어촌학생[정원외],,컴퓨터공학부 / 컴퓨터공학전공,2,9,4.5
충북,사립,건국대학교(글로컬),[학생부교과] 지역인재,인문사회융합대학,소방방재융합학과,2,9,4.5
충북,사립,건국대학교(글로컬),[학생부교과] 기초생활 및 차상위(정원외),인문사회융합대학,사회복지학과,2,9,4.5
충북,사립,건국대학교(글로컬),[학생부교과] 기초생활 및 차상위(정원외),인문사회융합대학,신문방송학과,2,9,4.5
충북,사립,세명대학교,지역인재(기회균형)전형(정원내),자연과학,한의예과,2,9,4.5
충북,국립,충북대학교,학생부종합(농어촌학생전형),자연과학대학,수학과,2,9,4.5
서울,사립,고려대학교(서울),서울캠퍼스 학생부교과(학교추천전형),정보대학,컴퓨터학과,19,86,4.53
서울,국립,서울과학기술대학교,실기전형,조형대학,조형예술학과,19,86,4.53
서울,사립,건국대학교(서울),학생부종합(KU자기추천),문과대학,지리학과,17,77,4.53
서울,사립,세종대학교,학생부종합(세종인재 전형(면접형)),생명과학,생명시스템학부,17,77,4.53
서울,사립,동덕여자대학교,실기우수자전형,디자인이노베이션대학,패션디자인전공,26,118,4.54
대전,국립,충남대학교,학생부종합 면접전형,간호대학,간호학과*,13,59,4.54
대전,국립,충남대학교,학생부종합 면접전형,사회과학대학,심리학과*,11,50,4.55
경기,사립,대진대학교,실기/실적위주(실기우수자전형) - 실기80% + 교과20%,예술대학,영화영상학과 [교직],25,114,4.56
경기,사립,가천대학교(성남),논술 전형,자연계열,시스템반도체학과,16,73,4.56
인천,사립,가천대학교(인천),논술 전형,자연계열,시스템반도체학과,16,73,4.56
서울,사립,숙명여자대학교,[학생부종합] 숙명인재(면접형)전형,문과대학,문화관광학전공,9,41,4.56
인천,사립,인하대학교,논술 논술우수자,경영대학,국제통상학과,9,41,4.56
경기,사립,성결대학교,[학생부교과] 교과성적우수자,인문사회융합대학,행정학부,23,105,4.57
경기,사립,단국대학교(죽전),[실기/실적위주] 실기우수자 경쟁률 현황 (천안),,미술학부[서양화전공],21,96,4.57
경기,사립,명지대학교(용인),실기/실적(실기우수자전형),,패션디자인전공,21,96,4.57
서울,사립,명지대학교(서울),실기/실적(실기우수자전형),,패션디자인전공,21,96,4.57
충남,사립,단국대학교(천안),[실기/실적위주] 실기우수자 경쟁률 현황 (천안),,미술학부[서양화전공],21,96,4.57
서울,사립,고려대학교(서울),서울캠퍼스 학생부교과(학교추천전형),공과대학,화공생명공학과,14,64,4.57
서울,사립,서강대학교,학생부종합(일반Ⅰ),,물리학과,14,64,4.57
충남,국립,국립공주대학교,학생부종합전형  일반전형(정원내),사범대학,수학교육과,14,64,4.57
경기,사립,한국항공대학교,교과성적우수자 전형,,항공운항학과,7,32,4.57
서울,사립,한성대학교,실기우수자전형,크리에이티브인문예술대학,동양화_인물수묵담채화,7,8,4.57
충남,국립,국립공주대학교,학생부종합전형  일반전형(정원내),인문사회과학대학,지리학과,7,32,4.57
경기,사립,한국공학대학교,논술(논술우수자),,IT반도체융합 자율전공,26,119,4.58
경기,사립,성결대학교,[학생부교과] SKU창의,사범대학,유아교육과,12,55,4.58
서울,사립,성신여자대학교,일반학생,,기악과(피아노),12,55,4.58
대전,국립,충남대학교,일반전형,의과대학,의예과,12,55,4.58
서울,사립,고려대학교(서울),서울캠퍼스 학생부교과(학교추천전형),생명과학대학,생명공학부,17,78,4.59
경기,사립,성균관대학교(수원),학생부종합(탐구인재),,컴퓨터공학과,10,46,4.6
경기,사립,성균관대학교(수원),학생부종합(과학인재),,에너지학과,10,46,4.6
경기,사립,한신대학교,참인재,신학·인문융합계열,문예창작학,10,46,4.6
서울,사립,건국대학교(서울),학생부종합(KU자기추천),융합생명과학대학,식량자원과학과,10,46,4.6
서울,사립,상명대학교(서울),정원 내 실기/실적(실기전형),,무용예술전공(발레),10,46,4.6
서울,사립,서강대학교,학생부종합(일반Ⅰ),,사학과,10,46,4.6
서울,사립,성균관대학교(서울),학생부종합(탐구인재),,컴퓨터공학과,10,46,4.6
서울,사립,성균관대학교(서울),학생부종합(과학인재),,에너지학과,10,46,4.6
서울,사립,성신여자대학교,자기주도인재,,윤리교육과,10,46,4.6
충남,사립,호서대학교,- 정원내 학생부종합 호서인재전형,,간호학과,10,46,4.6
충북,사립,세명대학교,SMU의료인재전형(정원내),자연과학,간호학과 【교직】,10,46,4.6
경기,사립,강남대학교,[정원내]학생부교과(농어촌학생전형),,자유전공학부,5,23,4.6
경기,사립,경희대학교(용인),국제캠퍼스 학생부종합(네오르네상스전형),자연계열,소프트웨어융합학과,5,23,4.6
경기,사립,명지대학교(용인),학생부교과(교과면접전형),,아동학전공,5,23,4.6
경기,사립,신한대학교(의정부/동두천),신한국인전형(학생부서류100%),,미디어영상학과,5,23,4.6
경기,사립,을지대학교(성남의정부),EU서류형,,응급구조학과,5,23,4.6
서울,사립,경희대학교(서울),국제캠퍼스 학생부종합(네오르네상스전형),자연계열,소프트웨어융합학과,5,23,4.6
서울,사립,명지대학교(서울),학생부교과(교과면접전형),,아동학전공,5,23,4.6
서울,사립,서울여자대학교,학생부종합(바롬인재면접전형),인문대학,프랑스문화콘텐츠전공,5,23,4.6
서울,사립,연세대학교(서울),학생부종합전형 (기회균형),인공지능융합대학,인공지능학과,5,23,4.6
서울,사립,한양대학교(서울),학생부종합(서류형),사회과학대학,관광학부,5,23,4.6
대전,사립,을지대학교(대전),EU서류형,,응급구조학과,5,23,4.6
대전,국립,충남대학교,학생부종합 서류전형,자연과학대학,물리학과*,5,23,4.6
충남,국립,국립공주대학교,학생부교과전형  기회균형일반전형(정원내),인문사회과학대학,인문사회과학대학자율전공학부 - 유형Ⅱ,5,23,4.6
충북,사립,우석대학교(진천),학생부교과_지역인재1,한의과대학,한의예과(전주),5,23,4.6
서울,사립,숭실대학교,학생부종합(SSU미래인재전형-면접형),,영어영문학과,21,97,4.62
서울,사립,세종대학교,논술(논술우수자 전형),인공지능융합,AI로봇학과,24,111,4.63
경기,사립,가천대학교(성남),가천바람개비 전형,자연계열,스마트시티학과,8,37,4.63
서울,사립,건국대학교(서울),학생부종합(KU자기추천),이과대학,화학과,8,37,4.63
서울,사립,고려대학교(서울),서울캠퍼스 학생부종합(고른기회전형),정보대학,컴퓨터학과,8,37,4.63
서울,사립,삼육대학교,논술우수자전형,,상담심리학과,8,37,4.63
서울,공립,서울시립대학교,기회균형전형Ⅰ,자유융합대학,자유전공학부(인문),8,37,4.63
서울,사립,서울여자대학교,학생부종합(바롬인재면접전형),인문대학,일어일문학과,8,37,4.63
서울,사립,세종대학교,학생부종합(세종인재 전형(면접형)),공과,환경융합공학과,8,37,4.63
서울,사립,숭실대학교,논술(논술우수자전형),,글로벌미디어학부,8,37,4.63
인천,사립,가천대학교(인천),가천바람개비 전형,자연계열,스마트시티학과,8,37,4.63
대전,사립,우송대학교,정원내 학생부 교과 - 자기추천 전형 (교과100% / 12과목 반영),외식조리대학,외식조리학부 / 외식조리전공,8,37,4.63
세종,사립,고려대학교(세종),학생부교과(일반전형),문화스포츠대학,자유전공학부(문화스포츠),8,37,4.63
충남,사립,한국기술교육대학교,일반전형,,전기·전자·통신공학부 / 전기공학전공,8,37,4.63
경기,사립,성균관대학교(수원),학생부종합(탐구인재),,인문과학계열,25,116,4.64
서울,사립,성균관대학교(서울),학생부종합(탐구인재),,인문과학계열,25,116,4.64
경기,사립,가천대학교(성남),논술 전형,자연계열,화학과,14,65,4.64
경기,사립,성결대학교,[실기/실적] 실기우수자,사범대학,체육교육과,14,65,4.64
인천,사립,가천대학교(인천),논술 전형,자연계열,화학과,14,65,4.64
경기,사립,아주대학교,고른기회1전형,,전자공학과,11,51,4.64
경기,사립,경기대학교(수원),학생부종합(KGU학생부종합전형),,"글로벌어문학부 / 독어독문전공, 프랑스어문전공, 일어일문전공, 중어중문전공, 러시아어문전공",55,256,4.65
서울,사립,경기대학교(서울),학생부종합(KGU학생부종합전형),,"글로벌어문학부 / 독어독문전공, 프랑스어문전공, 일어일문전공, 중어중문전공, 러시아어문전공",55,256,4.65
서울,사립,삼육대학교,세움인재전형,,간호학과,12,56,4.67
경기,사립,가톨릭대학교(부천),학생부종합(잠재능력우수자서류전형),,국제학부,9,42,4.67
서울,사립,가톨릭대학교(서울),학생부종합(잠재능력우수자서류전형),,국제학부,9,42,4.67
서울,사립,동덕여자대학교,동덕창의리더전형,문화지식융합대학,문화예술경영전공,9,42,4.67
충남,국립,국립공주대학교,학생부종합전형  일반전형(정원내),천안공과대학,환경공학과,9,42,4.67
경기,사립,명지대학교(용인),학생부종합(명지인재면접전형),,스마트모빌리티공학전공,6,28,4.67
경기,사립,한국외국어대학교(용인),학생부종합전형(면접형),,융합일본지역학부,6,28,4.67
서울,사립,명지대학교(서울),학생부종합(명지인재면접전형),,스마트모빌리티공학전공,6,28,4.67
서울,사립,상명대학교(서울),정원 내 학생부종합(상명인재전형),,공간환경학부,6,28,4.67
서울,공립,서울시립대학교,기회균형전형Ⅰ,도시과학대학,환경공학부,6,28,4.67
서울,사립,이화여자대학교,학생부종합(미래인재전형-면접형),스크랜튼대학,스크랜튼학부,6,28,4.67
서울,사립,이화여자대학교,논술(논술전형),인공지능대학,컴퓨터공학과,6,28,4.67
서울,사립,한국외국어대학교(서울),학생부종합전형(면접형),,융합일본지역학부,6,28,4.67
서울,사립,홍익대학교(서울),학교생활우수자전형,사범대학,영어교육과,6,28,4.67
서울,사립,홍익대학교(서울),학교생활우수자전형,문과대학,독어독문학과,6,28,4.67
대전,국립,충남대학교,국가안보융합인재전형-해양안보학,국가안보융합학부,해양안보학전공(여자),6,28,4.67
충남,국립,국립공주대학교,학생부종합전형  일반전형(정원내),산업과학대학,스마트팜공학과,6,28,4.67
충남,사립,한국기술교육대학교,창의인재(면접형),,경영학부 / 융합경영전공,6,28,4.67
경기,사립,가천대학교(성남),특성화고교 전형,인문계열,경영학과,3,14,4.67
경기,사립,가천대학교(성남),농어촌(종합) 전형,자연계열,기계공학부,3,14,4.67
경기,사립,가천대학교(성남),교육기회균형 전형,자연계열,약학과,3,14,4.67
경기,사립,가톨릭대학교(부천),학생부종합(기회균형Ⅰ전형),,심리학과,3,14,4.67
경기,사립,경희대학교(용인),국제캠퍼스 학생부종합(네오르네상스전형),자연계열,생체의공학과,3,14,4.67
경기,사립,수원대학교,고교추천전형,라이프케어사이언스대학,아동가족복지학과,3,14,4.67
경기,사립,아주대학교,고른기회1전형,,건축학과,3,14,4.67
경기,사립,용인대학교,정원외 농어촌학생 특별전형,무도대학,경호학과,3,14,4.67
경기,국립,한경국립대학교,학생부교과(일반전형_안성)_정원내,,전기공학과,3,14,4.67
경기,사립,한국공학대학교,학생부종합(기회균형),,반도체공학부 나노반도체공학전공,3,14,4.67
경기,사립,한신대학교,농어촌학생,휴먼서비스계열,사회복지학,3,14,4.67
서울,사립,가톨릭대학교(서울),학생부종합(기회균형Ⅰ전형),,심리학과,3,14,4.67
서울,사립,건국대학교(서울),학생부종합(기회균형),공과대학,기계·로봇·자동차공학부,3,14,4.67
서울,사립,건국대학교(서울),학생부종합(기회균형),공과대학,재료공학과,3,14,4.67
서울,사립,건국대학교(서울),학생부종합(기회균형),융합생명과학대학,식품융합학부,3,14,4.67
서울,사립,건국대학교(서울),논술(KU논술우수자),융합생명과학대학,첨단바이오공학부,3,14,4.67
서울,사립,경희대학교(서울),국제캠퍼스 학생부종합(네오르네상스전형),자연계열,생체의공학과,3,14,4.67
서울,사립,상명대학교(서울),정원 내 학생부종합(상명인재전형),,교육학과,3,14,4.67
서울,국립,서울과학기술대학교,기회균형전형(농어촌학생),에너지바이오대학,환경공학과,3,14,4.67
서울,국립,서울과학기술대학교,기회균형전형(농어촌학생),에너지바이오대학,식품생명공학과,3,14,4.67
서울,공립,서울시립대학교,기회균형전형Ⅰ,자연과학대학,수학과,3,14,4.67
서울,사립,서울여자대학교,학생부종합(기회균형전형_농어촌학생)[정원외],사회과학대학,언론영상학부,3,14,4.67
서울,사립,서울여자대학교,학생부종합(기회균형전형_농어촌학생)[정원외],과학기술융합대학,원예생명조경학과,3,14,4.67
서울,사립,성신여자대학교,논술우수자,,프랑스어문·문화학과,3,14,4.67
서울,사립,숙명여자대학교,[학생부종합] 농어촌학생전형(정원외),이과대학,생명시스템학부,3,14,4.67
서울,사립,연세대학교(서울),학생부종합전형 (기회균형),문과대학,국어국문학과,3,14,4.67
서울,사립,한성대학교,지역균형전형,AI디자인대학,AI패션학부,3,14,4.67
인천,사립,가천대학교(인천),특성화고교 전형,인문계열,경영학과,3,14,4.67
인천,사립,가천대학교(인천),농어촌(종합) 전형,자연계열,기계공학부,3,14,4.67
인천,사립,가천대학교(인천),교육기회균형 전형,자연계열,약학과,3,14,4.67
인천,국립,인천대학교,학생부교과(교과성적우수자),사회과학대학,사회복지학과,3,14,4.67
대전,국립,충남대학교,학생부종합 면접전형,생명시스템과학대학,미생물·분자생명과학과,3,14,4.67
충남,국립,국립공주대학교,학생부교과전형  일반전형(정원내),자연과학대학,의류상품학과,3,14,4.67
충남,사립,나사렛대학교,지역인재1(학생부교과),,임상병리학과,3,14,4.67
경기,사립,성균관대학교(수원),학생부종합(탐구인재),,영상학과,13,61,4.69
경기,사립,수원대학교,실기우수자전형,라이프케어사이언스대학,스포츠과학부 / 축구,13,61,4.69
서울,사립,성균관대학교(서울),학생부종합(탐구인재),,영상학과,13,61,4.69
경기,사립,가톨릭대학교(부천),학생부종합(잠재능력우수자면접전형),,의생명과학과,10,47,4.7
경기,사립,수원대학교,고교추천전형,라이프케어사이언스대학,간호학과,10,47,4.7
서울,사립,가톨릭대학교(서울),학생부종합(잠재능력우수자면접전형),,의생명과학과,10,47,4.7
서울,사립,이화여자대학교,학생부교과(고교추천전형),자연과학대학,생명과학과,10,47,4.7
서울,사립,한양대학교(서울),학생부종합(서류형),공과대학,자원환경공학과,10,47,4.7
대전,사립,우송대학교,정원내 학생부 종합 - 종합서류형 전형 (면접X),외식조리대학,외식조리자율전공학부,10,47,4.7
서울,공립,서울시립대학교,학생부종합전형Ⅰ(면접형),인공지능융합대학,인공지능학과,14,66,4.71
경기,사립,한국항공대학교,학교장추천 전형,,항공운항학과,7,33,4.71
서울,사립,동덕여자대학교,동덕창의리더전형,인문대학,문예창작전공,7,33,4.71
서울,사립,연세대학교(서울),학생부종합전형 (활동우수형),인공지능융합대학,모빌리티시스템전공,7,33,4.71
서울,사립,한양대학교(서울),학생부종합(서류형),인문과학대학,독어독문학과,7,33,4.71
서울,사립,서강대학교,학생부종합(일반Ⅰ),,기계공학과,25,118,4.72
경기,사립,경희대학교(용인),국제캠퍼스 실기우수자전형(디자인·도예),예술계열,시각디자인학과,12,57,4.75
서울,사립,경희대학교(서울),국제캠퍼스 실기우수자전형(디자인·도예),예술계열,시각디자인학과,12,57,4.75
충남,사립,한국기술교육대학교,논술전형,,공학융합자율전공,12,57,4.75
경기,사립,수원대학교,면접위주교과전형,라이프케어사이언스대학,의류학과,8,38,4.75
경기,사립,신한대학교(의정부/동두천),신한국인전형(학생부서류100%),,임상병리학과,8,38,4.75
경기,사립,한신대학교,참인재,문화콘텐츠계열,일본학,8,38,4.75
서울,사립,건국대학교(서울),논술(KU논술우수자),사회과학대학,사회과학대학융합전공학부,8,38,4.75
서울,사립,서강대학교,학생부종합(일반Ⅰ),,종교학과,8,38,4.75
서울,사립,세종대학교,학생부종합(사회기여 및 배려자 전형),,공과계열,8,38,4.75
서울,사립,연세대학교(서울),학생부종합전형 (활동우수형),문과대학,불어불문학과,8,38,4.75
인천,사립,인하대학교,논술 논술우수자,바이오융합대학,생명공학과,8,38,4.75
대전,국립,국립한밭대학교,학생부종합(일반)전형,,융합경영학과,8,38,4.75
충북,사립,청주대학교,정원내 교과인재전형 [교과100%],인문사회대학,"문헌정보학과 (교직) / 공공·학교·대학도서관 등 사서직 39명을 포함하여 89명의 인재 배출(23~25), 학생 1인당 연간 장학금 충북 1위(25), 전공교육과정 우수인증 학과",8,38,4.75
경기,사립,단국대학교(죽전),[실기/실적위주] 실기우수자 경쟁률 현황 (죽전),,음악학부(성악전공)(여),4,19,4.75
경기,사립,한국외국어대학교(용인),기회균형전형,,스페인어과,4,19,4.75
서울,사립,건국대학교(서울),학생부종합(기회균형),공과대학,사회환경공학부,4,19,4.75
서울,사립,고려대학교(서울),서울캠퍼스 학생부종합(고른기회전형),보건과학대학,보건정책관리학부,4,19,4.75
서울,사립,삼육대학교,학교장추천전형,,물리치료학과,4,19,4.75
서울,사립,세종대학교,학생부교과(지역균형 전형),사회과학,법학과,4,19,4.75
서울,사립,숭실대학교,학생부종합(SSU미래인재전형-서류형),,법학과,4,19,4.75
서울,사립,숭실대학교,학생부종합(기회균형전형),,건축학부(건축학·건축공학전공),4,19,4.75
서울,사립,한국외국어대학교(서울),기회균형전형,,스페인어과,4,19,4.75
대전,사립,건양대학교(대전),농어촌학생전형,,병원경영학과,4,19,4.75
대전,국립,충남대학교,학생부종합 면접전형,인문대학,독어독문학과*,4,19,4.75
대전,국립,충남대학교,학생부종합 서류전형,공과대학,전자공학과,4,19,4.75
충남,사립,건양대학교(논산),농어촌학생전형,,병원경영학과,4,19,4.75
충남,사립,단국대학교(천안),[실기/실적위주] 실기우수자 경쟁률 현황 (죽전),,음악학부(성악전공)(여),4,19,4.75
충남,사립,백석대학교,정원내 모집 실기위주 (예·체능계열) 체육특기자,,시범,4,19,4.75
충북,국립,충북대학교,학생부교과(학생부교과전형),의과대학,의예과,4,19,4.75
충북,사립,세명대학교,면접우수자전형(정원내),인문사회,항공서비스학과,40,191,4.78
경기,사립,단국대학교(죽전),[학생부종합] DKU인재(서류형) 경쟁률 현황 (천안),,사회복지학과,9,43,4.78
경기,사립,단국대학교(죽전),[학생부교과] 학생부교과우수자 경쟁률 현황 (천안),,사회복지학과,9,43,4.78
서울,국립,서울과학기술대학교,창의융합인재전형,에너지바이오대학,양자융합물리학과,9,43,4.78
서울,사립,이화여자대학교,학생부종합(미래인재전형-서류형),의과대학,의예과,9,43,4.78
서울,사립,이화여자대학교,학생부종합(미래인재전형-면접형),간호대학,간호학부,9,43,4.78
충남,사립,단국대학교(천안),[학생부종합] DKU인재(서류형) 경쟁률 현황 (천안),,사회복지학과,9,43,4.78
충남,사립,단국대학교(천안),[학생부교과] 학생부교과우수자 경쟁률 현황 (천안),,사회복지학과,9,43,4.78
충북,사립,세명대학교,면접우수자전형(정원내),자연과학,간호학과 【교직】,9,43,4.78
경기,사립,경희대학교(용인),국제캠퍼스 실기우수자전형(디자인·도예),예술계열,디지털콘텐츠학과,14,67,4.79
경기,사립,아주대학교,논술우수자전형,,미래모빌리티공학과,14,67,4.79
서울,사립,경희대학교(서울),국제캠퍼스 실기우수자전형(디자인·도예),예술계열,디지털콘텐츠학과,14,67,4.79
대전,사립,대전대학교,교과중점전형 [교과/출석 100%],디자인·아트대학,뷰티디자인학과 [교직],20,96,4.8
서울,사립,동덕여자대학교,실기우수자전형,예술대학,회화전공(한국화-인물수묵담채화),15,30,4.8
경기,국립,한경국립대학교,학생부종합(잠재력우수자_안성)_정원내,,경영학과,10,48,4.8
서울,사립,삼육대학교,논술우수자전형,,건축학과(5년제),10,48,4.8
서울,사립,숭실대학교,학생부종합(기회균형전형),,AI소프트웨어학부,10,48,4.8
충남,사립,순천향대학교,[정원내] 실기/실적(실기우수자전형),인문사회과학대학,연기,10,48,4.8
충북,사립,청주대학교,"정원내 교과면접전형 경쟁률 현황 ※ 면접전형 : 교과70%+ 면접30% 단, 항공서비스학과 만 교과60%+ 면접40% 생활기록부 미반영 면접",항공·국방대학,"항공운항학과 / 미래 민·군 전문조종사 양성, 공군 조종 ROTC, 국토부 전문교육기관, 전국 최다 공군·해군 조종장교 배출, 부트캠프 76.5억·RISE 31.25억 및 장학금 지원",10,48,4.8
경기,사립,가톨릭대학교(부천),학생부종합(잠재능력우수자서류전형),,식품영양학과,5,24,4.8
경기,사립,가톨릭대학교(부천),학생부종합(잠재능력우수자면접전형),,의류학과,5,24,4.8
경기,사립,명지대학교(용인),학생부교과(교과면접전형),,미디어·휴먼라이프대학 / 디지털미디어학부,5,24,4.8
경기,사립,신한대학교(의정부/동두천),신한국인전형(학생부서류100%),,식품영양학과,5,24,4.8
경기,사립,한국외국어대학교(용인),학생부종합전형(서류형),,중앙아시아학과,5,24,4.8
서울,사립,가톨릭대학교(서울),학생부종합(잠재능력우수자서류전형),,식품영양학과,5,24,4.8
서울,사립,가톨릭대학교(서울),학생부종합(잠재능력우수자면접전형),,의류학과,5,24,4.8
서울,사립,명지대학교(서울),학생부교과(교과면접전형),,미디어·휴먼라이프대학 / 디지털미디어학부,5,24,4.8
서울,사립,숭실대학교,학생부종합(SSU미래인재전형-서류형),,기계공학부,5,24,4.8
서울,사립,한국외국어대학교(서울),학생부종합전형(서류형),,중앙아시아학과,5,24,4.8
서울,사립,한성대학교,특성화고교졸업자전형,미래융합사회과학대학,미래융합사회과학대학,5,24,4.8
대전,사립,목원대학교,"학생부종합전형 경쟁률 현황 서류100 [면접없음, 수능최저없음]",사회과학대학,"광고홍보커뮤니케이션학부(광고홍보전공, 언론영상콘텐츠전공)",5,24,4.8
충북,사립,세명대학교,인문계고교전형(정원내),공학,전기전자공학과,5,24,4.8
경기,사립,가천대학교(성남),※ 잔여인원은 정시 선발 예정.,자연계열,게임·영상학과,22,106,4.82
인천,사립,가천대학교(인천),※ 잔여인원은 정시 선발 예정.,자연계열,게임·영상학과,22,106,4.82
서울,사립,건국대학교(서울),논술(KU논술우수자),이과대학,이과대학자유전공학부,11,53,4.82
경기,국립,한경국립대학교,학생부교과(특수교육대상자_평택)_정원내,,공공행정학과,12,58,4.83
서울,사립,상명대학교(서울),정원 내 실기/실적(실기전형),,음악학부 / 피아노,12,58,4.83
경기,사립,수원대학교,고교추천전형,혁신공과대학,화학공학·신소재공학부,6,29,4.83
경기,사립,신한대학교(의정부/동두천),교육기회균형전형(교과100%),,사회과학대학(자율전공) - 토지행정학과 - 경찰행정학과 - 행정학과 - 사회복지학과 - 상담심리학과,6,29,4.83
서울,사립,서강대학교,학생부교과(지역균형),,물리학과,6,29,4.83
서울,사립,숙명여자대학교,[학생부종합] 숙명인재(면접형)전형,사회과학대학,소비자경제학과,6,29,4.83
서울,사립,숭실대학교,학생부종합(SSU미래인재전형-서류형),,글로벌통상학과,6,29,4.83
서울,사립,한양대학교(서울),학생부교과(추천형),자연과학대학,생명과학과,6,29,4.83
서울,사립,한양대학교(서울),학생부종합(추천형),생활과학대학,실내건축디자인학과,6,29,4.83
대전,사립,우송대학교,정원내 학생부 종합 - 종합서류형 전형 (면접X),소프트웨어(SW)융합대학,미디어디자인·영상전공,6,29,4.83
대전,사립,우송대학교,정원내 학생부 종합 - 종합서류형 전형 (면접X),보건복지대학,동물의료관리학과,6,29,4.83
충북,사립,건국대학교(글로컬),[학생부교과] 교과우수,인문사회융합대학,사회복지학과,6,29,4.83
서울,사립,강서대학교,교과우수자,,사회복지학과(교과우수자),22,107,4.86
서울,사립,고려대학교(서울),서울캠퍼스 학생부교과(학교추천전형),공과대학,기계공학부,21,102,4.86
경기,사립,가천대학교(성남),논술 전형,자연계열,신소재공학과,14,68,4.86
서울,사립,서강대학교,학생부종합(기회균형),,경영학부,14,68,4.86
인천,사립,가천대학교(인천),논술 전형,자연계열,신소재공학과,14,68,4.86
대전,사립,우송대학교,정원내 학생부 교과 - 교과중심 전형 (교과100% / 12과목 반영),보건복지대학,보건복지자율전공학부,14,68,4.86
경기,사립,신한대학교(의정부/동두천),기회균형전형(학생부서류100%),,사회과학대학(자율전공) - 토지행정학과 - 경찰행정학과 - 행정학과 - 사회복지학과 - 상담심리학과,7,34,4.86
서울,사립,상명대학교(서울),정원 내 학생부교과(고교추천전형),,화공신소재전공,7,34,4.86
서울,사립,상명대학교(서울),정원 내 학생부종합(상명인재전형),,행정학부,7,34,4.86
서울,사립,연세대학교(서울),학생부종합전형 (활동우수형),문과대학,중어중문학과,7,34,4.86
서울,사립,연세대학교(서울),학생부종합전형 (활동우수형),문과대학,독어독문학과,7,34,4.86
대전,국립,충남대학교,학생부종합 서류전형,간호대학,간호학과*,7,34,4.86
충남,국립,국립공주대학교,학생부종합전형  일반전형(정원내),산업과학대학,동물생명과학과,7,34,4.86
충북,국립,충북대학교,학생부종합(학생부종합Ⅰ전형),간호대학,간호학과,7,34,4.86
경기,사립,성균관대학교(수원),학생부종합(성균인재),,사범대학 / 교육학과,15,73,4.87
서울,사립,성균관대학교(서울),학생부종합(성균인재),,사범대학 / 교육학과,15,73,4.87
서울,사립,상명대학교(서울),정원 내 학생부교과(고교추천전형),,교육학과,8,39,4.88
충남,국립,국립공주대학교,학생부교과전형  일반전형(정원내),산업과학대학,부동산학과,8,39,4.88
서울,사립,고려대학교(서울),서울캠퍼스 학생부종합(학업우수전형),학부대학,학부대학,9,44,4.89
서울,사립,한양대학교(서울),학생부종합(서류형),자연과학대학,수학과,9,44,4.89
인천,사립,인하대학교,학생부교과 지역균형,의과대학,의예과,9,44,4.89
대전,국립,국립한밭대학교,학생부종합(일반)전형,,건축공학과,9,44,4.89
충남,사립,상명대학교(천안),정원내 학생부종합(상명인재전형),,영화영상전공(연출ㆍ스태프),9,44,4.89
충남,사립,호서대학교,- 정원내 학생부교과 면접전형,,항공서비스학과,49,240,4.9
경기,사립,가천대학교(성남),논술 전형,자연계열,도시계획·조경학부,21,103,4.9
서울,사립,이화여자대학교,학생부종합(미래인재전형-서류형),스크랜튼대학,스크랜튼학부,21,103,4.9
인천,사립,가천대학교(인천),논술 전형,자연계열,도시계획·조경학부,21,103,4.9
충남,사립,백석대학교,정원내 모집 실기위주 (예·체능계열) 일반실기,,스포츠과학부 태권도 / 품새,21,103,4.9
경기,사립,수원대학교,고교추천전형,경영공학대학,경영공학대학,10,49,4.9
서울,사립,숙명여자대학교,[학생부종합] 특수교육대상자전형(정원외),문과대학,한국어문학부,10,5,4.9
인천,국립,인천대학교,학생부종합(자기추천),자연과학대학,해양학과,10,49,4.9
서울,공립,서울시립대학교,학생부종합전형Ⅰ(면접형),인문대학,국어국문학과,11,54,4.91
경기,사립,아주대학교,ACE전형,,경영학과,25,123,4.92
서울,사립,동덕여자대학교,실기우수자전형,공연예술대학,무용전공(현대무용),12,59,4.92
경기,사립,경희대학교(용인),서울캠퍼스 학생부종합(네오르네상스전형),인문계열,행정학과,14,69,4.93
경기,사립,성결대학교,[학생부교과] 교과성적우수자,글로벌경영대학,글로벌물류학과,14,69,4.93
서울,사립,경희대학교(서울),서울캠퍼스 학생부종합(네오르네상스전형),인문계열,행정학과,14,69,4.93
인천,사립,인하대학교,논술 논술우수자,문과대학,영미유럽인문융합학부,14,69,4.93
대전,국립,충남대학교,지역인재전형,수의과대학,수의예과,14,69,4.93
경기,사립,성균관대학교(수원),학생부종합(융합인재),,경영학과,35,173,4.94
서울,사립,성균관대학교(서울),학생부종합(융합인재),,경영학과,35,173,4.94
세종,사립,고려대학교(세종),학생부종합(크림슨인재전형),문화스포츠대학,국제스포츠학부,17,84,4.94
경기,사립,성균관대학교(수원),학생부종합(탐구인재),,자연과학계열,25,124,4.96
서울,사립,성균관대학교(서울),학생부종합(탐구인재),,자연과학계열,25,124,4.96
경기,사립,성균관대학교(수원),학생부종합(융합인재),,전자전기정보공학부,30,150,5.0
서울,사립,성균관대학교(서울),학생부종합(융합인재),,전자전기정보공학부,30,150,5.0
충남,국립,국립공주대학교,학생부종합전형  일반전형(정원내),간호보건대학,간호학과,16,80,5.0
충남,사립,백석대학교,정원내 모집 학생부 교과 + 면접 백석인재,,외식산업학부,15,75,5.0
서울,사립,세종대학교,실기/실적(실기우수자 전형),예체능,음악과-피아노,14,70,5.0
경기,사립,경희대학교(용인),서울캠퍼스 학생부종합(네오르네상스전형),자연계열,물리학과,13,65,5.0
서울,사립,경희대학교(서울),서울캠퍼스 학생부종합(네오르네상스전형),자연계열,물리학과,13,65,5.0
충북,사립,우석대학교(진천),학생부교과_지역인재2,약학대학,약학과(전주),13,65,5.0
경기,사립,단국대학교(죽전),[학생부종합] DKU인재(면접형) 경쟁률 현황 (죽전),,경영학부,12,60,5.0
대전,사립,대전대학교,"혜화인재전형 [1단계:서류평가 100%, 2단계:서류평가 60% + 면접 40% / 자기소개서 없음 ]",보건의료과학대학,간호학과 [교직],12,60,5.0
충남,사립,단국대학교(천안),[학생부종합] DKU인재(면접형) 경쟁률 현황 (죽전),,경영학부,12,60,5.0
경기,사립,가천대학교(성남),가천바람개비 전형,자연계열,컴퓨터공학과,10,50,5.0
서울,사립,숭실대학교,학생부종합(SSU미래인재전형-서류형),,자유전공학부(자연),10,50,5.0
인천,사립,가천대학교(인천),가천바람개비 전형,자연계열,컴퓨터공학과,10,50,5.0
충남,국립,국립공주대학교,학생부종합전형  일반전형(정원내),인문사회과학대학,사학과,10,50,5.0
인천,국립,인천대학교,학생부교과(교과성적우수자),예술체육대학,디자인학부,9,45,5.0
서울,사립,서울여자대학교,학생부종합(바롬인재면접전형),아트앤디자인스쿨,시각디자인전공,8,40,5.0
인천,사립,인하대학교,논술 논술우수자,문과대학,일본언어문화학과,8,40,5.0
충남,사립,백석대학교,정원외 모집 학생부 교과 특성화고교 일반전형,,관광학부 항공서비스,8,40,5.0
경기,사립,용인대학교,정원내 체육우수자 특별전형,무도대학,태권도학과-공인품새,7,35,5.0
서울,사립,서울여자대학교,학생부종합(바롬인재면접전형),미래산업융합대학,패션산업학과,7,35,5.0
서울,사립,한양대학교(서울),학생부종합(서류형),공과대학,산업공학과,7,35,5.0
인천,사립,인하대학교,논술 논술우수자,자연과학대학,수학과,7,35,5.0
대전,사립,대전대학교,지역인재Ⅰ전형 [교과/출석 100%],보건의료과학대학,임상병리학과,7,35,5.0
대전,사립,우송대학교,정원내 학생부 종합 - 종합면접형 전형,외식조리대학,한식·조리과학전공,7,35,5.0
경기,사립,가천대학교(성남),학생부우수자 전형,자연계열,운동재활학과,6,30,5.0
경기,사립,단국대학교(죽전),[학생부종합] DKU인재(면접형) 경쟁률 현황 (죽전),,기계공학과,6,30,5.0
경기,국립,한경국립대학교,학생부종합(잠재력우수자_안성)_정원내,,기계공학과,6,30,5.0
서울,사립,이화여자대학교,학생부종합(미래인재전형-면접형),경영대학,경영학부,6,30,5.0
서울,사립,한양대학교(서울),학생부종합(서류형),생활과학대학,식품영양학과,6,30,5.0
인천,사립,가천대학교(인천),학생부우수자 전형,자연계열,운동재활학과,6,30,5.0
인천,국립,인천대학교,학생부종합(자기추천),사범대학,국어교육과,6,30,5.0
대전,국립,국립한밭대학교,학생부교과(일반)전형,,공공행정학과,6,30,5.0
충남,사립,단국대학교(천안),[학생부종합] DKU인재(면접형) 경쟁률 현황 (죽전),,기계공학과,6,30,5.0
충북,국립,충북대학교,학생부종합(학생부종합Ⅰ전형),사범대학,윤리교육과,6,30,5.0
경기,사립,가천대학교(성남),학생부우수자 전형,인문계열,미디어커뮤니케이션학과,5,25,5.0
경기,사립,단국대학교(죽전),[논술위주] 논술우수자 경쟁률 현황 (죽전),,기계공학과,5,25,5.0
경기,사립,명지대학교(용인),학생부교과(교과면접전형),,미술사·역사학전공,5,25,5.0
경기,사립,명지대학교(용인),학생부교과(교과면접전형),,공간디자인학과,5,25,5.0
경기,사립,신한대학교(의정부/동두천),학생부우수자전형(교과100%),,스포츠의학과,5,25,5.0
경기,사립,한국외국어대학교(용인),학생부종합전형(면접형),,이탈리아어과,5,25,5.0
서울,사립,건국대학교(서울),학생부교과(KU지역균형),수의과대학,수의예과,5,25,5.0
서울,사립,고려대학교(서울),서울캠퍼스 학생부종합(고른기회전형),문과대학,영어영문학과,5,25,5.0
서울,사립,명지대학교(서울),학생부교과(교과면접전형),,미술사·역사학전공,5,25,5.0
서울,사립,명지대학교(서울),학생부교과(교과면접전형),,공간디자인학과,5,25,5.0
서울,공립,서울시립대학교,논술전형,공과대학,토목공학과,5,25,5.0
서울,사립,성신여자대학교,논술우수자,,소비자산업학과,5,25,5.0
서울,사립,연세대학교(서울),학생부교과전형 (추천형),이과대학,수학과,5,25,5.0
서울,사립,이화여자대학교,학생부교과(고교추천전형),사범대학,영어교육과,5,25,5.0
서울,사립,한국외국어대학교(서울),학생부종합전형(면접형),,이탈리아어과,5,25,5.0
인천,사립,가천대학교(인천),학생부우수자 전형,인문계열,미디어커뮤니케이션학과,5,25,5.0
인천,사립,인하대학교,논술 논술우수자,자연과학대학,물리학과,5,25,5.0
충남,국립,국립공주대학교,학생부종합전형  일반전형(정원내),산업과학대학,식품공학과,5,25,5.0
충남,국립,국립공주대학교,학생부교과전형  일반전형(정원내),예술대학,게임디자인학과,5,25,5.0
충남,사립,단국대학교(천안),[논술위주] 논술우수자 경쟁률 현황 (죽전),,기계공학과,5,25,5.0
경기,사립,가천대학교(성남),농어촌(교과) 전형,인문계열,법과대학,4,20,5.0
경기,사립,가천대학교(성남),특성화고교 전형,자연계열,기계공학부,4,20,5.0
경기,사립,단국대학교(죽전),[논술위주] 논술우수자 경쟁률 현황 (죽전),,행정학과,4,20,5.0
경기,사립,수원대학교,면접위주교과전형,혁신공과대학,소방재난공학과,4,20,5.0
경기,사립,한신대학교,특성화고교졸업자,미디어계열,미디어영상광고홍보학,4,20,5.0
서울,사립,광운대학교,학생부종합【농어촌학생전형】,,전기공학과,4,4,5.0
서울,사립,세종대학교,학생부종합(세종인재 전형(면접형)),생명과학,스마트생명산업융합학과,4,20,5.0
서울,사립,숙명여자대학교,[논술] 논술우수자전형,문과대학,프랑스언어·문화학과,4,20,5.0
서울,사립,숭실대학교,논술(논술우수자전형),,정보통계·보험수리학과,4,20,5.0
서울,사립,숭실대학교,학생부종합(SSU미래인재전형-서류형),,건축학부(건축학·건축공학전공),4,20,5.0
서울,사립,숭실대학교,학생부종합(기회균형전형),,화학공학과,4,20,5.0
서울,사립,한양대학교(서울),학생부종합(추천형),사회과학대학,관광학부,4,20,5.0
인천,사립,가천대학교(인천),농어촌(교과) 전형,인문계열,법과대학,4,20,5.0
인천,사립,가천대학교(인천),특성화고교 전형,자연계열,기계공학부,4,20,5.0
대전,사립,우송대학교,정원내 학생부 종합 - 종합서류형 전형 (면접X),외식조리대학,한식·조리과학전공,4,20,5.0
대전,국립,충남대학교,학생부종합 면접전형,공과대학,건축학과(5년제),4,20,5.0
충남,사립,단국대학교(천안),[논술위주] 논술우수자 경쟁률 현황 (죽전),,행정학과,4,20,5.0
충북,국립,충북대학교,학생부종합(학생부종합Ⅱ전형),자연과학대학,천문우주학과,4,20,5.0
경기,사립,경기대학교(수원),학생부종합(기회균형선발전형),,문헌정보학과,3,15,5.0
경기,사립,경기대학교(수원),실기/실적(예능실기우수자전형),,기악-피아노,3,15,5.0
경기,사립,수원대학교,고교추천전형,혁신공과대학,소방재난공학과,3,15,5.0
경기,사립,수원대학교,특성화고졸업자전형,혁신공과대학,전기전자공학부,3,15,5.0
경기,사립,아주대학교,고교추천전형,,사학과,3,15,5.0
경기,사립,용인대학교,정원내 일반학생 전형,무도대학,무도학과-검도,3,15,5.0
경기,사립,중부대학교(고양),학생부우수자전형,,스포츠건강관리학전공 / 스포츠건강관리학전공,3,15,5.0
경기,사립,협성대학교,정원내 [학생부교과]교과성적우수자,인문사회과학대학,문예창작학과,3,15,5.0
서울,사립,경기대학교(서울),학생부종합(기회균형선발전형),,문헌정보학과,3,15,5.0
서울,사립,경기대학교(서울),실기/실적(예능실기우수자전형),,기악-피아노,3,15,5.0
서울,사립,고려대학교(서울),서울캠퍼스 학생부종합(고른기회전형),생명과학대학,식품자원경제학과,3,15,5.0
서울,사립,고려대학교(서울),서울캠퍼스 학생부종합(다문화전형),공과대학,전기전자공학부,3,15,5.0
서울,사립,삼육대학교,재림교회목회자추천전형,,약학과,3,15,5.0
서울,사립,상명대학교(서울),정원 내 논술(논술전형),,영어교육과,3,15,5.0
서울,사립,서울여자대학교,학생부종합(기회균형전형_농어촌학생)[정원외],사회과학대학,아동학과,3,15,5.0
서울,사립,성신여자대학교,논술우수자,,독일어문·문화학과,3,15,5.0
서울,사립,숙명여자대학교,[논술] 논술우수자전형,사회과학대학,정치외교학과,3,15,5.0
서울,사립,숭실대학교,학생부종합(기회균형전형),,물리학과,3,15,5.0
서울,사립,이화여자대학교,논술(논술전형),공과대학,융합전자반도체공학부 지능형반도체공학전공,3,15,5.0
서울,사립,한양대학교(서울),학생부종합(고른기회),자연과학대학,수학과,3,15,5.0
인천,국립,인천대학교,학생부종합(기회균형),공과대학,전기공학과,3,15,5.0
인천,사립,인하대학교,학생부종합 농어촌학생,사범대학,체육교육과,3,15,5.0
대전,국립,국립한밭대학교,지역인재(교과)전형,,건축설비시스템공학과,3,15,5.0
대전,국립,충남대학교,학생부종합 면접전형,인문대학,불어불문학과*,3,15,5.0
대전,국립,충남대학교,학생부종합 서류전형,자연과학대학,해양환경과학과*,3,15,5.0
대전,국립,충남대학교,학생부종합 서류전형,생명시스템과학대학,생명정보융합학과,3,15,5.0
충남,사립,순천향대학교,[정원내] 학생부종합(지역인재-기초생활수급자및차상위계층전형),의과대학,의예과,3,15,5.0
충남,사립,중부대학교(금산),학생부우수자전형,,스포츠건강관리학전공 / 스포츠건강관리학전공,3,15,5.0
충북,사립,건국대학교(글로컬),[학생부교과] 지역의사제-진료권(청주권),의과대학,의예과,3,15,5.0
경기,사립,가천대학교(성남),농어촌(종합) 전형,자연계열,생명과학과,2,10,5.0
경기,사립,가천대학교(성남),농어촌(종합) 전형,자연계열,전기공학과,2,10,5.0
경기,사립,가천대학교(성남),농어촌(종합) 전형,자연계열,스마트시티학과,2,10,5.0
경기,사립,가천대학교(성남),농어촌(종합) 전형,자연계열,간호학과,2,10,5.0
경기,사립,가톨릭대학교(부천),학생부종합(가톨릭지도자추천전형),,중국언어문화학과,2,10,5.0
경기,사립,가톨릭대학교(부천),학생부종합(가톨릭지도자추천전형),,사회복지학과,2,10,5.0
경기,사립,가톨릭대학교(부천),학생부종합(가톨릭지도자추천전형),,의생명과학과,2,10,5.0
경기,사립,가톨릭대학교(부천),학생부종합(기회균형Ⅰ전형),,화학과,2,10,5.0
경기,사립,가톨릭대학교(부천),학생부종합(기회균형Ⅰ전형),,공간디자인·소비자학과,2,10,5.0
경기,사립,강남대학교,[정원외]학생부종합(장애인등대상자전형),인문사회계,글로벌문화콘텐츠대학,2,10,5.0
경기,사립,경기대학교(수원),학생부교과(기초생활수급자등선발전형),,영어영문학과,2,10,5.0
경기,사립,경기대학교(수원),학생부종합(사회배려대상자전형),,"전자공학부 / 나노·반도체전공, 정보통신시스템전공, 로봇공학전공",2,10,5.0
경기,사립,경희대학교(용인),서울캠퍼스 학생부종합[기회균형전형Ⅰ(국가보훈·농어촌·수급자·자립아동 등)],인문계열,영어영문학과,2,10,5.0
경기,사립,경희대학교(용인),서울캠퍼스 학생부종합[기회균형전형Ⅰ(국가보훈·농어촌·수급자·자립아동 등)],인문계열,응용영어통번역학과,2,10,5.0
경기,사립,경희대학교(용인),국제캠퍼스 학생부종합[기회균형전형Ⅰ(국가보훈·농어촌·수급자·자립아동 등)],자연계열,신소재공학과,2,10,5.0
경기,사립,경희대학교(용인),국제캠퍼스 학생부종합(기회균형전형Ⅱ),자연계열,건축공학과,2,10,5.0
경기,사립,단국대학교(죽전),[학생부종합] 농어촌학생(정원외) 경쟁률 현황 (천안),,경영공학과,2,10,5.0
경기,사립,명지대학교(용인),학생부교과(특성화고교전형),,AI경영정보학과,2,10,5.0
경기,사립,명지대학교(용인),학생부종합(농어촌학생전형),,아시아·중동어문학부 / 중어중문학전공,2,10,5.0
경기,사립,명지대학교(용인),실기/실적(특기자전형),,골프,2,10,5.0
경기,사립,성결대학교,[학생부교과] (정원내) 특성화고교졸업자,예술대학,뷰티디자인학과,2,10,5.0
경기,사립,성균관대학교(수원),실기/실적(예체능 특기자),,농구-포워드,2,10,5.0
경기,사립,수원대학교,특성화고졸업자전형,혁신공과대학,바이오공학과,2,10,5.0
경기,사립,아주대학교,고른기회1전형,,첨단에코에너지공학과,2,10,5.0
경기,사립,아주대학교,고른기회2전형,,첨단에코에너지공학과,2,10,5.0
경기,사립,아주대학교,고른기회2전형,,디지털미디어학과,2,10,5.0
경기,사립,안양대학교(안양),학생부교과(농어촌학생),,디지털미디어디자인학과,2,10,5.0
경기,사립,을지대학교(성남의정부),지역균형(학교장추천),,응급구조학과,2,10,5.0
서울,사립,가톨릭대학교(서울),학생부종합(가톨릭지도자추천전형),,중국언어문화학과,2,10,5.0
서울,사립,가톨릭대학교(서울),학생부종합(가톨릭지도자추천전형),,사회복지학과,2,10,5.0
서울,사립,가톨릭대학교(서울),학생부종합(가톨릭지도자추천전형),,의생명과학과,2,10,5.0
서울,사립,가톨릭대학교(서울),학생부종합(기회균형Ⅰ전형),,화학과,2,10,5.0
서울,사립,가톨릭대학교(서울),학생부종합(기회균형Ⅰ전형),,공간디자인·소비자학과,2,10,5.0
서울,사립,건국대학교(서울),학생부종합(기회균형),문과대학,영어영문학과,2,10,5.0
서울,사립,경기대학교(서울),학생부교과(기초생활수급자등선발전형),,영어영문학과,2,10,5.0
서울,사립,경기대학교(서울),학생부종합(사회배려대상자전형),,"전자공학부 / 나노·반도체전공, 정보통신시스템전공, 로봇공학전공",2,10,5.0
서울,사립,경희대학교(서울),서울캠퍼스 학생부종합[기회균형전형Ⅰ(국가보훈·농어촌·수급자·자립아동 등)],인문계열,영어영문학과,2,10,5.0
서울,사립,경희대학교(서울),서울캠퍼스 학생부종합[기회균형전형Ⅰ(국가보훈·농어촌·수급자·자립아동 등)],인문계열,응용영어통번역학과,2,10,5.0
서울,사립,경희대학교(서울),국제캠퍼스 학생부종합[기회균형전형Ⅰ(국가보훈·농어촌·수급자·자립아동 등)],자연계열,신소재공학과,2,10,5.0
서울,사립,경희대학교(서울),국제캠퍼스 학생부종합(기회균형전형Ⅱ),자연계열,건축공학과,2,10,5.0
서울,사립,고려대학교(서울),서울캠퍼스 학생부종합(고른기회전형),사범대학,지리교육과,2,10,5.0
서울,사립,고려대학교(서울),서울캠퍼스 학생부종합(고른기회전형),정보대학,데이터과학과,2,10,5.0
서울,사립,고려대학교(서울),서울캠퍼스 실기/실적(특기자전형-체육교육과),사범대학,농구(가드),2,10,5.0
서울,사립,고려대학교(서울),서울캠퍼스 실기/실적(특기자전형-체육교육과),사범대학,농구(센터),2,10,5.0
서울,사립,광운대학교,학생부종합【특성화고졸업자전형】,,미디어커뮤니케이션학부,2,10,5.0
서울,사립,명지대학교(서울),학생부교과(특성화고교전형),,AI경영정보학과,2,10,5.0
서울,사립,명지대학교(서울),학생부종합(농어촌학생전형),,아시아·중동어문학부 / 중어중문학전공,2,10,5.0
서울,사립,명지대학교(서울),실기/실적(특기자전형),,골프,2,10,5.0
서울,사립,삼육대학교,기회균형Ⅰ전형,,물리치료학과,2,10,5.0
서울,사립,삼육대학교,농어촌전형,,보건관리학과,2,10,5.0
서울,사립,삼육대학교,농어촌전형,,건축학과(5년제),2,10,5.0
서울,사립,삼육대학교,특성화고교전형,,건축학과(5년제),2,10,5.0
서울,사립,상명대학교(서울),정원 내 학생부종합(기회균형전형),,문헌정보학전공,2,10,5.0
서울,사립,상명대학교(서울),정원 내 학생부종합(기회균형전형),,공간환경학부,2,10,5.0
서울,사립,상명대학교(서울),정원 내 학생부종합(기회균형전형),,영어교육과,2,10,5.0
서울,사립,서강대학교,학생부종합(서강가치),,물리학과,2,10,5.0
서울,사립,서경대학교,기회균형① 특별전형,,자유전공학부,2,10,5.0
서울,사립,서울여자대학교,학생부종합(기회균형전형_농어촌학생)[정원외],인문대학,국어국문학과,2,10,5.0
서울,사립,성균관대학교(서울),실기/실적(예체능 특기자),,농구-포워드,2,10,5.0
서울,사립,숙명여자대학교,[학생부종합] 특성화고교출신자전형(정원외),경상대학,경영학부,2,10,5.0
서울,사립,숙명여자대학교,[학생부종합] 특성화고교출신자전형(정원외),생활과학대학,식품영양학과,2,10,5.0
서울,사립,숭실대학교,논술(논술우수자전형),,회계학과,2,10,5.0
서울,사립,숭실대학교,학생부종합(SSU미래인재전형-서류형),,행정학부,2,10,5.0
서울,사립,숭실대학교,학생부종합(SSU미래인재전형-서류형),,정치외교학과,2,10,5.0
서울,사립,숭실대학교,학생부종합(기회균형전형),,일어일문학과,2,10,5.0
서울,사립,연세대학교(서울),학생부종합전형 (기회균형),문과대학,노어노문학과,2,10,5.0
서울,사립,연세대학교(서울),학생부종합전형 (기회균형),이과대학,물리학과,2,10,5.0
서울,사립,연세대학교(서울),학생부종합전형 (기회균형),이과대학,대기과학과,2,10,5.0
서울,사립,연세대학교(서울),학생부종합전형 (기회균형),생활과학대학,식품영양학과,2,10,5.0
서울,사립,이화여자대학교,학생부종합(고른기회전형),사범대학,국어교육과,2,10,5.0
서울,사립,한양대학교(서울),학생부종합(고른기회),공과대학,유기나노공학과,2,10,5.0
서울,사립,한양대학교(서울),학생부종합(고른기회),인문과학대학,국어국문학과,2,10,5.0
서울,사립,한양대학교(서울),학생부종합(고른기회),자연과학대학,물리학과,2,10,5.0
서울,사립,한양대학교(서울),학생부종합(고른기회),생활과학대학,의류학과,2,10,5.0
서울,사립,홍익대학교(서울),공연예술우수자전형,공연예술학부 실용음악전공,기악(관악기),2,10,5.0
인천,사립,가천대학교(인천),농어촌(종합) 전형,자연계열,생명과학과,2,10,5.0
인천,사립,가천대학교(인천),농어촌(종합) 전형,자연계열,전기공학과,2,10,5.0
인천,사립,가천대학교(인천),농어촌(종합) 전형,자연계열,스마트시티학과,2,10,5.0
인천,사립,가천대학교(인천),농어촌(종합) 전형,자연계열,간호학과,2,10,5.0
인천,사립,안양대학교(강화),학생부교과(농어촌학생),,디지털미디어디자인학과,2,10,5.0
인천,국립,인천대학교,학생부종합(기회균형),공과대학,신소재공학과,2,10,5.0
대전,사립,을지대학교(대전),지역균형(학교장추천),,응급구조학과,2,10,5.0
대전,국립,충남대학교,지역인재전형(저소득),약학대학,약학과,2,10,5.0
대전,국립,충남대학교,기회균형선발Ⅰ전형,창의융합대학,인문사회융합학부 경상대학자율전공,2,10,5.0
대전,국립,충남대학교,학생부종합 서류전형,인문대학,고고학과,2,10,5.0
대전,국립,충남대학교,학생부종합 서류전형,사회과학대학,언론정보학과,2,10,5.0
대전,국립,충남대학교,학생부종합 서류전형,지식융합학부,문화와사회융합전공,2,10,5.0
대전,국립,충남대학교,학생부종합 서류전형,지식융합학부,리더십과조직과학전공,2,10,5.0
대전,국립,충남대학교,학생부종합 서류전형,농업생명과학대학,동물자원생명과학과*,2,10,5.0
대전,국립,충남대학교,학생부종합 서류전형,농업생명과학대학,스마트농업시스템기계공학과*,2,10,5.0
대전,국립,충남대학교,농어촌학생전형,인문대학,철학과*,2,10,5.0
대전,국립,충남대학교,농어촌학생전형,자연과학대학,물리학과*,2,10,5.0
대전,국립,충남대학교,농어촌학생전형,자연과학대학,화학과*,2,10,5.0
충남,국립,국립공주대학교,학생부교과전형  농어촌학생전형(정원외),사범대학,문헌정보교육과,2,10,5.0
충남,국립,국립공주대학교,학생부교과전형  농어촌학생전형(정원외),인문사회과학대학,영어영문학과,2,10,5.0
충남,국립,국립공주대학교,학생부교과전형  농어촌학생전형(정원외),인문사회과학대학,행정학과,2,10,5.0
충남,국립,국립공주대학교,학생부교과전형  농어촌학생전형(정원외),천안공과대학,그린스마트건축공학과,2,10,5.0
충남,사립,단국대학교(천안),[학생부종합] 농어촌학생(정원외) 경쟁률 현황 (천안),,경영공학과,2,10,5.0
충남,사립,순천향대학교,[정원내] 학생부종합(사회통합전형),글로벌경영대학,경영학과,2,10,5.0
충남,사립,순천향대학교,[정원외] 학생부종합(농어촌학생전형),의과대학,간호학과,2,10,5.0
충남,사립,한국기술교육대학교,농어촌학생[정원외],,에너지신소재화학공학부 / 에너지신소재공학전공,2,10,5.0
충남,사립,호서대학교,- 정원내 학생부교과 기회균형전형,,건축학과,2,10,5.0
충북,국립,충북대학교,학생부종합(농어촌학생전형),공과대학,건축학과,2,10,5.0
충북,국립,충북대학교,학생부종합(농어촌학생전형),농업생명환경대학,원예과학과,2,10,5.0
충북,국립,충북대학교,학생부교과(특성화고출신자전형),경영대학,경영학부,2,10,5.0
경기,사립,가천대학교(성남),농어촌(교과) 전형,자연계열,방사선학과,1,5,5.0
경기,사립,가천대학교(성남),실기우수자 전형,예체능계열,기악전공(Horn),1,5,5.0
경기,사립,경기대학교(수원),실기/실적(체육특기자전형),,배구(남)-Setter,1,5,5.0
경기,사립,경희대학교(용인),서울캠퍼스 학생부종합(기회균형전형Ⅱ),인문계열,영어영문학과,1,5,5.0
경기,사립,경희대학교(용인),국제캠퍼스 실기우수자전형(체육),체육계열,스포츠지도학과-럭비(남)-Prop(3),1,5,5.0
경기,사립,경희대학교(용인),국제캠퍼스 실기우수자전형(체육),체육계열,스포츠지도학과-축구(남)-G.K,1,5,5.0
경기,사립,단국대학교(죽전),[학생부종합] 농어촌학생(정원외) 경쟁률 현황 (죽전),,철학과,1,5,5.0
경기,사립,단국대학교(죽전),[학생부종합] 특수교육대상자(정원외) 경쟁률 현황 (죽전),,화학공학과,1,5,5.0
경기,사립,단국대학교(죽전),[실기/실적위주] 실기우수자 경쟁률 현황 (죽전),,음악학부(관현악전공)-관악(금관)[튜바],1,5,5.0
경기,사립,단국대학교(죽전),[실기/실적위주] 실기우수자 경쟁률 현황 (죽전),,음악학부(관현악전공)-타악기,1,5,5.0
경기,사립,단국대학교(죽전),[학생부종합] 농어촌학생(정원외) 경쟁률 현황 (천안),,아시아중동학부(베트남학전공),1,5,5.0
경기,사립,단국대학교(죽전),[학생부종합] 농어촌학생(정원외) 경쟁률 현황 (천안),,식품자원경제학과,1,5,5.0
경기,사립,단국대학교(죽전),[학생부종합] 농어촌학생(정원외) 경쟁률 현황 (천안),,식품공학과,1,5,5.0
경기,사립,단국대학교(죽전),[실기/실적위주] 체육특기자 경쟁률 현황 (천안),,국제스포츠학부(국제스포츠전공)(남)-축구(FW-LW),1,5,5.0
경기,사립,단국대학교(죽전),[실기/실적위주] 체육특기자 경쟁률 현황 (천안),,국제스포츠학부(국제스포츠전공)(남)-축구(FW-RW),1,5,5.0
경기,사립,단국대학교(죽전),[실기/실적위주] 체육특기자 경쟁률 현황 (천안),,국제스포츠학부(국제스포츠전공)(여)-빙상(쇼트트랙 스피드스케이팅),1,5,5.0
경기,사립,명지대학교(용인),실기/실적(특기자전형),,스키,1,5,5.0
경기,사립,성균관대학교(수원),학생부종합(성균인재-지역인재),,포천권 - 포천시,1,5,5.0
경기,사립,성균관대학교(수원),실기/실적(예체능 특기자),,축구-중앙공격수,1,5,5.0
경기,사립,수원대학교,고운사회전형,라이프케어사이언스대학,간호학과,1,5,5.0
경기,사립,아주대학교,고른기회1전형,,불어불문학과,1,5,5.0
경기,사립,아주대학교,고른기회2전형,,국어국문학과,1,5,5.0
경기,사립,아주대학교,고른기회2전형,,문화콘텐츠학과,1,5,5.0
경기,사립,안양대학교(안양),학생부종합(고른기회),,디지털미디어디자인학과,1,5,5.0
경기,사립,안양대학교(안양),학생부교과(특성화고교졸업자),,도시정보공학과,1,5,5.0
경기,사립,안양대학교(안양),학생부교과(기회균형),,정보전기전자공학과,1,5,5.0
경기,사립,용인대학교,정원내 기회균형 특별전형,AI바이오융합대학,식품조리학과,1,5,5.0
경기,사립,을지대학교(성남의정부),기회균형(정원외),,방사선학과,1,5,5.0
경기,사립,중부대학교(고양),지역인재Ⅰ전형,,반려동물사육학전공 / 반려동물사육학전공,1,5,5.0
경기,국립,한경국립대학교,학생부교과(농어촌학생)_정원외,,문예창작미디어콘텐츠홍보학과,1,5,5.0
경기,국립,한경국립대학교,학생부교과(농어촌학생)_정원외,,행정학과,1,5,5.0
경기,국립,한경국립대학교,학생부교과(농어촌학생)_정원외,,식품영양학과,1,5,5.0
경기,국립,한경국립대학교,학생부교과(농어촌학생)_정원외,,안전공학과,1,5,5.0
경기,국립,한경국립대학교,학생부교과(농어촌학생)_정원외,,기계공학과,1,5,5.0
경기,국립,한경국립대학교,학생부교과(농어촌학생)_정원외,,컴퓨터공학과,1,5,5.0
경기,사립,한국공학대학교,학생부교과(특성화고교졸업자),,컴퓨터공학부 컴퓨터공학전공,1,5,5.0
경기,사립,한국공학대학교,학생부교과(특성화고교졸업자),,생명화학공학과,1,5,5.0
경기,사립,한양대학교(ERICA),학생부종합(특성화고졸재직자(정원내)),공학대학,융합시스템공학과,1,5,5.0
경기,사립,한양대학교(ERICA),재능우수자(체육특기),예체능대학,스포츠과학부(축구(남)-DF-중앙),1,5,5.0
경기,사립,한양대학교(ERICA),재능우수자(체육특기),예체능대학,스포츠과학부(축구(남)-DF-왼쪽),1,5,5.0
경기,사립,협성대학교,정원외 [학생부교과]농어촌학생,이공대학,보건관리학과,1,5,5.0
경기,사립,협성대학교,정원외 [학생부교과]특성화고교졸업자,예술대학,실내디자인학과,1,5,5.0
경기,사립,협성대학교,정원외 [학생부교과]기초생활수급자/차상위계층/한부모가족,경영대학,호텔관광경영학과,1,5,5.0
경기,사립,협성대학교,정원외 [학생부교과]기초생활수급자/차상위계층/한부모가족,경영대학,유통경영학과,1,5,5.0
서울,사립,건국대학교(서울),학생부종합(특성화고교졸업자),공과대학,기계·로봇·자동차공학부,1,5,5.0
서울,사립,건국대학교(서울),학생부종합(특성화고교졸업자),공과대학,컴퓨터공학과,1,5,5.0
서울,사립,건국대학교(서울),학생부종합(특성화고교졸업자),부동산과학원,부동산학과,1,5,5.0
서울,사립,경기대학교(서울),실기/실적(체육특기자전형),,배구(남)-Setter,1,5,5.0
서울,사립,경희대학교(서울),서울캠퍼스 학생부종합(기회균형전형Ⅱ),인문계열,영어영문학과,1,5,5.0
서울,사립,경희대학교(서울),국제캠퍼스 실기우수자전형(체육),체육계열,스포츠지도학과-럭비(남)-Prop(3),1,5,5.0
서울,사립,경희대학교(서울),국제캠퍼스 실기우수자전형(체육),체육계열,스포츠지도학과-축구(남)-G.K,1,5,5.0
서울,사립,고려대학교(서울),서울캠퍼스 학생부종합(고른기회전형),문과대학,한문학과,1,5,5.0
서울,사립,고려대학교(서울),서울캠퍼스 실기/실적(특기자전형-체육교육과),사범대학,럭비(S.H),1,5,5.0
서울,사립,명지대학교(서울),실기/실적(특기자전형),,스키,1,5,5.0
서울,사립,상명대학교(서울),정원 내 실기/실적(실기전형),,관현악(목관)-클라리넷,1,5,5.0
서울,사립,서경대학교,실기우수자 전형,,음악학부-관현악-관악(트럼펫),1,5,5.0
서울,국립,서울과학기술대학교,기회균형전형(국가보훈대상자),정보통신대학,컴퓨터공학과,1,5,5.0
서울,국립,서울과학기술대학교,기회균형전형(국가보훈대상자),에너지바이오대학,화공생명공학과,1,5,5.0
서울,국립,서울과학기술대학교,기회균형전형(국가보훈대상자),인문사회대학,문예창작학과,1,5,5.0
서울,국립,서울과학기술대학교,기회균형전형(농어촌학생),조형대학,시각디자인학과,1,5,5.0
서울,국립,서울과학기술대학교,기회균형전형(농어촌학생),인문사회대학,문예창작학과,1,5,5.0
서울,국립,서울과학기술대학교,기회균형전형(농어촌학생),기술경영융합대학,산업공학부(산업정보시스템전공)_자연,1,5,5.0
서울,공립,서울시립대학교,기회균형전형Ⅰ,인문대학,국어국문학과,1,5,5.0
서울,공립,서울시립대학교,기회균형전형Ⅰ,자연과학대학,융합응용화학과,1,5,5.0
서울,공립,서울시립대학교,사회공헌·통합전형,정경대학,세무학과,1,5,5.0
서울,공립,서울시립대학교,사회공헌·통합전형,도시과학대학,건축학부(건축학전공),1,5,5.0
서울,공립,서울시립대학교,사회공헌·통합전형,도시과학대학,도시공학과,1,5,5.0
서울,사립,서울여자대학교,실기/실적(실기우수자전형_체육),사회과학대학,배구,1,5,5.0
서울,사립,성공회대학교,농어촌학생(정원외),,미디어콘텐츠융합학부,1,5,5.0
서울,사립,성균관대학교(서울),학생부종합(성균인재-지역인재),,포천권 - 포천시,1,5,5.0
서울,사립,성균관대학교(서울),실기/실적(예체능 특기자),,축구-중앙공격수,1,5,5.0
서울,사립,세종대학교,학생부교과(항공시스템공학 특별전형),공과,우주항공시스템공학부-항공시스템공학전공(여),1,5,5.0
서울,사립,숙명여자대학교,[학생부종합] 기회균형전형,문과대학,역사문화학과,1,5,5.0
서울,사립,숙명여자대학교,[학생부종합] 기회균형전형,문과대학,독일언어·문화학과,1,5,5.0
서울,사립,숙명여자대학교,[학생부종합] 기회균형전형,문과대학,르꼬르동블루외식경영전공,1,5,5.0
서울,사립,연세대학교(서울),학생부종합전형 (기회균형),사회과학대학,문화인류학과,1,5,5.0
서울,사립,연세대학교(서울),특기자전형 (체육인재),교육과학대학,럭비 : 스크럼하프 9번,1,5,5.0
서울,사립,연세대학교(서울),특기자전형 (체육인재),교육과학대학,축구 : 라이트백(RB),1,5,5.0
서울,사립,이화여자대학교,학생부종합(고른기회전형),사범대학,사회과교육과 사회교육전공,1,5,5.0
서울,사립,이화여자대학교,학생부종합(고른기회전형),신산업융합대학,융합콘텐츠학과(인문),1,5,5.0
서울,사립,이화여자대학교,학생부종합(사회기여자전형),인문과학대학,영어영문학부,1,5,5.0
서울,국립,한국체육대학교,체육특기자(개인),,체육학과-빙상-쇼트트랙[여],1,5,5.0
서울,국립,한국체육대학교,체육특기자(개인),,체육학과-수영-경영(평영)[남],1,5,5.0
서울,국립,한국체육대학교,체육특기자(개인),,체육학과-수영-경영(접영)[남],1,5,5.0
서울,사립,한양대학교(서울),실기/실적(음악특기자),음악대학,관현악과(바순),1,5,5.0
서울,사립,홍익대학교(서울),고른기회Ⅰ전형,사범대학,교육학과,1,5,5.0
서울,사립,홍익대학교(서울),고른기회Ⅱ전형,공과대학,컴퓨터공학과,1,5,5.0
서울,사립,홍익대학교(서울),기초생활수급자·차상위계층전형,사범대학,역사교육과,1,5,5.0
서울,사립,홍익대학교(서울),기초생활수급자·차상위계층전형,문과대학,독어독문학과,1,5,5.0
인천,사립,가천대학교(인천),농어촌(교과) 전형,자연계열,방사선학과,1,5,5.0
인천,사립,가천대학교(인천),실기우수자 전형,예체능계열,기악전공(Horn),1,5,5.0
인천,사립,안양대학교(강화),학생부종합(고른기회),,디지털미디어디자인학과,1,5,5.0
인천,사립,안양대학교(강화),학생부교과(특성화고교졸업자),,도시정보공학과,1,5,5.0
인천,사립,안양대학교(강화),학생부교과(기회균형),,정보전기전자공학과,1,5,5.0
인천,사립,인천가톨릭대학교(인천/강화),기회균형,조형예술대학,문화콘텐츠학과,1,5,5.0
인천,국립,인천대학교,학생부교과(사회통합),자연과학대학,패션산업학과,1,5,5.0
인천,국립,인천대학교,학생부교과(사회통합),공과대학,신소재공학과,1,5,5.0
인천,국립,인천대학교,학생부교과(사회통합),생명과학기술대학,생명공학부 나노바이오공학전공,1,5,5.0
인천,국립,인천대학교,실기/실적(특기자),예술체육대학,"축구-DF(좌, 우)(남)",1,5,5.0
인천,국립,인천대학교,학생부종합(특수교육대상자)(정원 외),사회과학대학,미디어커뮤니케이션학과,1,5,5.0
인천,사립,인하대학교,학생부종합 평생학습자,미래융합대학,메카트로닉스공학과(야간),1,5,5.0
인천,사립,인하대학교,학생부종합 평생학습자,미래융합대학,반도체산업융합학과,1,5,5.0
대전,사립,건양대학교(대전),의학과,,지역의사[논산],1,5,5.0
대전,국립,국립한밭대학교,농어촌학생전형,,공공행정학과,1,5,5.0
대전,국립,국립한밭대학교,특성화고교졸업자전형,,전기공학과,1,5,5.0
대전,국립,국립한밭대학교,특성화고교졸업자전형,,회계세무학과,1,5,5.0
대전,국립,국립한밭대학교,사회적배려자전형,,융합경영학과,1,5,5.0
대전,사립,을지대학교(대전),기회균형(정원외),,방사선학과,1,5,5.0
대전,국립,충남대학교,기회균형선발Ⅰ전형,인문대학,영어영문학과,1,5,5.0
대전,국립,충남대학교,기회균형선발Ⅰ전형,인문대학,일어일문학과*,1,5,5.0
대전,국립,충남대학교,기회균형선발Ⅰ전형,인문대학,국사학과,1,5,5.0
대전,국립,충남대학교,학생부종합 면접전형,사범대학,국어교육과,1,5,5.0
대전,국립,충남대학교,기회균형선발Ⅱ전형,사회과학대학,심리학과*,1,5,5.0
대전,국립,충남대학교,체육특기자전형,자연과학대학,스포츠과학과(배구-센터),1,5,5.0
대전,국립,충남대학교,농어촌학생전형,인문대학,국사학과,1,5,5.0
대전,국립,충남대학교,농어촌학생전형,사회과학대학,사회복지학과,1,5,5.0
대전,국립,충남대학교,농어촌학생전형,농업생명과학대학,동물자원생명과학과*,1,5,5.0
대전,국립,충남대학교,저소득층학생전형,인문대학,국어국문학과,1,5,5.0
대전,국립,충남대학교,특수교육대상자전형,인문대학,일어일문학과*,1,5,5.0
세종,사립,고려대학교(세종),학생부종합(기회균형전형),과학기술대학,식품생명공학과,1,5,5.0
세종,사립,고려대학교(세종),학생부종합(기회균형전형),글로벌비즈니스대학,표준·지식학과,1,5,5.0
세종,사립,고려대학교(세종),학생부종합(기회균형전형),문화스포츠대학,문화유산융합학부,1,5,5.0
세종,사립,홍익대학교(세종),기초생활수급자·차상위계층전형,AID융합과학기술대학,조선해양모빌리티공학과,1,5,5.0
충남,사립,건양대학교(논산),의학과,,지역의사[논산],1,5,5.0
충남,국립,국립공주대학교,학생부종합전형  장애인 등 대상자전형(정원외),사범대학,국어교육과,1,5,5.0
충남,국립,국립공주대학교,학생부교과전형  농어촌학생전형(정원외),인문사회과학대학,지리학과,1,5,5.0
충남,국립,국립공주대학교,학생부교과전형  농어촌학생전형(정원외),산업과학대학,스마트팜공학과,1,5,5.0
충남,사립,단국대학교(천안),[학생부종합] 농어촌학생(정원외) 경쟁률 현황 (죽전),,철학과,1,5,5.0
충남,사립,단국대학교(천안),[학생부종합] 특수교육대상자(정원외) 경쟁률 현황 (죽전),,화학공학과,1,5,5.0
충남,사립,단국대학교(천안),[실기/실적위주] 실기우수자 경쟁률 현황 (죽전),,음악학부(관현악전공)-관악(금관)[튜바],1,5,5.0
충남,사립,단국대학교(천안),[실기/실적위주] 실기우수자 경쟁률 현황 (죽전),,음악학부(관현악전공)-타악기,1,5,5.0
충남,사립,단국대학교(천안),[학생부종합] 농어촌학생(정원외) 경쟁률 현황 (천안),,아시아중동학부(베트남학전공),1,5,5.0
충남,사립,단국대학교(천안),[학생부종합] 농어촌학생(정원외) 경쟁률 현황 (천안),,식품자원경제학과,1,5,5.0
충남,사립,단국대학교(천안),[학생부종합] 농어촌학생(정원외) 경쟁률 현황 (천안),,식품공학과,1,5,5.0
충남,사립,단국대학교(천안),[실기/실적위주] 체육특기자 경쟁률 현황 (천안),,국제스포츠학부(국제스포츠전공)(남)-축구(FW-LW),1,5,5.0
충남,사립,단국대학교(천안),[실기/실적위주] 체육특기자 경쟁률 현황 (천안),,국제스포츠학부(국제스포츠전공)(남)-축구(FW-RW),1,5,5.0
충남,사립,단국대학교(천안),[실기/실적위주] 체육특기자 경쟁률 현황 (천안),,국제스포츠학부(국제스포츠전공)(여)-빙상(쇼트트랙 스피드스케이팅),1,5,5.0
충남,사립,중부대학교(금산),지역인재Ⅰ전형,,반려동물사육학전공 / 반려동물사육학전공,1,5,5.0
충북,사립,건국대학교(글로컬),[학생부교과] 지역인재(충북),의과대학,의예과,1,5,5.0
충북,사립,건국대학교(글로컬),[학생부교과] 지역의사제-진료권(충주권),의과대학,의예과,1,5,5.0
충북,사립,건국대학교(글로컬),[학생부교과] 기초생활 및 차상위(정원외),의료생명대학,뷰티화장품학과,1,5,5.0
충북,국립,충북대학교,학생부종합(농어촌학생전형),인문대학,영어영문학과,1,5,5.0
충북,국립,충북대학교,학생부종합(농어촌학생전형),농업생명환경대학,산림학과,1,5,5.0
충북,국립,충북대학교,학생부종합(농어촌학생전형),생활과학대학,의류학과,1,5,5.0
충북,국립,충북대학교,학생부종합(농어촌학생전형),약학대학,제약학과,1,5,5.0
충북,국립,충북대학교,학생부교과(경제배려대상자전형),인문대학,철학과,1,5,5.0
충북,국립,충북대학교,학생부교과(경제배려대상자전형),공과대학,신소재공학과,1,5,5.0
충북,국립,충북대학교,학생부교과(경제배려대상자전형),농업생명환경대학,산림학과,1,5,5.0
충북,국립,충북대학교,학생부교과(특성화고출신자전형),공과대학,안전공학과,1,5,5.0
충북,국립,충북대학교,학생부교과(특성화고출신자전형),농업생명환경대학,바이오시스템공학과,1,5,5.0
충북,국립,충북대학교,학생부교과(특수교육대상자전형),사회과학대학,심리학과,1,5,5.0
충북,국립,한국교원대학교,기초수급 및 차상위계층 특별전형,,수학교육과,1,5,5.0
경기,사립,명지대학교(용인),실기/실적(실기우수자전형),,자연캠퍼스(용인) 소계,139,698,5.02
서울,사립,명지대학교(서울),실기/실적(실기우수자전형),,자연캠퍼스(용인) 소계,139,698,5.02
서울,사립,삼육대학교,논술우수자전형,,창의융합자유전공학부,33,166,5.03
경기,사립,아주대학교,ACE전형,,프런티어과학학부,50,252,5.04
서울,국립,서울과학기술대학교,창의융합인재전형,창의융합대학,자유전공학부(창의융합대학),25,126,5.04
대전,사립,목원대학교,"교과전형 경쟁률 현황 교과100 [면접없음, 수능최저없음]",보건안전대학,외식조리·제과제빵학과,24,121,5.04
서울,사립,강서대학교,일반학생,,간호학과(일반학생),41,208,5.07
서울,사립,숭실대학교,학생부종합(SSU미래인재전형-서류형),,경영학부,15,76,5.07
서울,사립,이화여자대학교,학생부종합(예체능서류전형),신산업융합대학,체육과학부,15,76,5.07
경기,사립,명지대학교(용인),학생부종합(명지인재면접전형),,영어영문학전공,14,71,5.07
서울,사립,명지대학교(서울),학생부종합(명지인재면접전형),,영어영문학전공,14,71,5.07
서울,공립,서울시립대학교,기회균형전형Ⅰ,공과대학,전자전기컴퓨터공학부,12,61,5.08
서울,사립,홍익대학교(서울),학교생활우수자전형,건축도시대학,건축학부 건축학전공(5년제),11,56,5.09
서울,사립,서강대학교,학생부종합(일반Ⅱ),,인문학기반자유전공학부,20,102,5.1
서울,공립,서울시립대학교,기회균형전형Ⅰ,경영대학,경영학부,20,102,5.1
서울,사립,고려대학교(서울),서울캠퍼스 학생부종합(학업우수전형),문과대학,서어서문학과,10,51,5.1
서울,사립,연세대학교(서울),학생부종합전형 (활동우수형),생활과학대학,의류환경학과,10,51,5.1
충북,사립,가톨릭꽃동네대학교,휴먼리더면접,,간호학과,10,51,5.1
경기,사립,경희대학교(용인),국제캠퍼스 실기우수자전형(디자인·도예),예술계열,의류디자인학과,9,46,5.11
서울,사립,경희대학교(서울),국제캠퍼스 실기우수자전형(디자인·도예),예술계열,의류디자인학과,9,46,5.11
서울,사립,상명대학교(서울),정원 내 실기/실적(실기전형),,무용예술전공(현대무용),9,46,5.11
충남,사립,백석대학교,정원내 모집 학생부 종합 창의인재,,간호학과,25,128,5.12
경기,사립,가톨릭대학교(부천),학생부종합(잠재능력우수자면접전형),,심리학과,8,41,5.13
경기,사립,을지대학교(성남의정부),EU면접형,,간호학과(성남),8,41,5.13
경기,사립,중부대학교(고양),실기우수자전형,,실용음악학전공 / 뮤직프로덕션,8,41,5.13
서울,사립,가톨릭대학교(서울),학생부종합(잠재능력우수자면접전형),,심리학과,8,41,5.13
서울,사립,강서대학교,기회균등할당제,,신학과(기회균등),8,1,5.13
서울,사립,연세대학교(서울),학생부종합전형 (활동우수형),사회과학대학,언론홍보영상학부,8,41,5.13
대전,사립,배재대학교,정원내 실기/실적 체육특기자,,운동재활복지학과 [축구],8,41,5.13
대전,사립,을지대학교(대전),EU면접형,,간호학과(성남),8,41,5.13
충남,사립,중부대학교(금산),실기우수자전형,,실용음악학전공 / 뮤직프로덕션,8,41,5.13
서울,사립,이화여자대학교,학생부종합(미래인재전형-면접형),스크랜튼대학,국제학부,43,221,5.14
서울,사립,연세대학교(서울),학생부종합전형 (국제형(해외고/검정고시)),언더우드국제대학,언더우드학부(인문·사회),29,149,5.14
서울,사립,고려대학교(서울),서울캠퍼스 학생부종합(학업우수전형),정보대학,인공지능학과,22,113,5.14
경기,사립,한양대학교(ERICA),학생부종합(고른기회),LIONS칼리지,LIONS자율전공학부(인문사회계열),7,36,5.14
대전,국립,국립한밭대학교,학생부교과(사회통합)전형,,자율전공학부,7,36,5.14
서울,사립,서경대학교,실기우수자 전형,,헤어디자인학과-B,20,103,5.15
서울,사립,연세대학교(서울),학생부종합전형 (활동우수형),공과대학,시스템반도체공학과,38,196,5.16
충남,사립,나사렛대학교,장애학생(학생부종합/실기위주),,재활자립학과,25,129,5.16
서울,사립,서강대학교,학생부종합(일반Ⅰ),,화공생명공학과,29,150,5.17
경기,사립,단국대학교(죽전),[학생부종합] DKU인재(면접형) 경쟁률 현황 (죽전),,미디어커뮤니케이션학부,6,31,5.17
경기,사립,성결대학교,[실기/실적] 체육특기자,사범대학,체육교육과,6,31,5.17
경기,국립,한경국립대학교,학생부종합(잠재력우수자_안성)_정원내,,의류산업학과,6,31,5.17
서울,사립,서강대학교,학생부교과(지역균형),,수학과,6,31,5.17
서울,사립,숙명여자대학교,[논술] 논술우수자전형,공과대학,기계시스템학부,6,31,5.17
충남,사립,단국대학교(천안),[학생부종합] DKU인재(면접형) 경쟁률 현황 (죽전),,미디어커뮤니케이션학부,6,31,5.17
경기,사립,가톨릭대학교(부천),학생부종합(잠재능력우수자면접전형),,국제학부,10,52,5.2
서울,사립,가톨릭대학교(서울),학생부종합(잠재능력우수자면접전형),,국제학부,10,52,5.2
경기,사립,가톨릭대학교(부천),학생부종합(잠재능력우수자서류전형),,중국언어문화학과,5,26,5.2
경기,사립,신한대학교(의정부/동두천),일반전형(교과60%+면접40%),,패션디자인학과,5,26,5.2
서울,사립,가톨릭대학교(서울),학생부종합(잠재능력우수자서류전형),,중국언어문화학과,5,26,5.2
서울,사립,서울여자대학교,학생부종합(바롬인재면접전형),사회과학대학,문헌정보학과,5,26,5.2
서울,사립,세종대학교,학생부종합(사회기여 및 배려자 전형),,경상호텔관광계열,5,26,5.2
대전,사립,우송대학교,정원내 학생부 교과 - 교과중심 전형 (교과100% / 12과목 반영),외식조리대학,Lyfe조리전공,5,26,5.2
대전,사립,우송대학교,정원내 학생부 종합 - 종합면접형 전형,외식조리대학,외식조리자율전공학부,5,26,5.2
충북,국립,충북대학교,학생부교과(학생부교과전형),수의과대학,수의예과,5,26,5.2
경기,사립,가천대학교(성남),논술 전형,자연계열,바이오로직스학과,29,151,5.21
인천,사립,가천대학교(인천),논술 전형,자연계열,바이오로직스학과,29,151,5.21
대전,사립,대전대학교,실기위주전형,디자인·아트대학,웹툰애니메이션학과,60,313,5.22
경기,사립,가천대학교(성남),실기우수자 전형,예체능계열,산업디자인전공,30,157,5.23
인천,사립,가천대학교(인천),실기우수자 전형,예체능계열,산업디자인전공,30,157,5.23
경기,사립,가천대학교(성남),논술 전형,인문계열,응용통계학과,13,68,5.23
인천,사립,가천대학교(인천),논술 전형,인문계열,응용통계학과,13,68,5.23
서울,사립,한양대학교(서울),학생부종합(추천형),정책과학대학,정책학과,17,89,5.24
서울,사립,상명대학교(서울),정원 내 학생부교과(고교추천전형),,국가안보학과,24,126,5.25
인천,사립,인하대학교,학생부종합 인하미래인재(면접형),의과대학,의예과,16,84,5.25
충남,사립,순천향대학교,[정원내] 학생부종합(일반학생전형),의과대학,간호학과,12,63,5.25
서울,사립,숭실대학교,학생부종합(SSU미래인재전형-면접형),,정보보호학과,8,42,5.25
경기,사립,경기대학교(수원),학생부교과(교과성적우수자전형),,"호텔외식경영학부 / 호텔경영전공, 외식·조리전공",4,21,5.25
경기,사립,단국대학교(죽전),[학생부종합] DKU인재(면접형) 경쟁률 현황 (죽전),,과학교육과,4,21,5.25
경기,사립,단국대학교(죽전),[논술위주] 논술우수자 경쟁률 현황 (죽전),,영미인문학과,4,21,5.25
경기,사립,안양대학교(안양),학생부종합(아리학생부종합),,사회계열자유전공,4,21,5.25
경기,사립,한국외국어대학교(용인),논술전형,,네덜란드어과,4,21,5.25
경기,사립,한국외국어대학교(용인),논술전형,,통계학과,4,21,5.25
경기,사립,한국외국어대학교(용인),논술전형,,환경학과,4,21,5.25
경기,사립,한국외국어대학교(용인),논술전형,,AI로봇공학과,4,21,5.25
서울,사립,경기대학교(서울),학생부교과(교과성적우수자전형),,"호텔외식경영학부 / 호텔경영전공, 외식·조리전공",4,21,5.25
서울,사립,고려대학교(서울),서울캠퍼스 학생부종합(계열적합전형),사범대학,가정교육과,4,21,5.25
서울,사립,고려대학교(서울),서울캠퍼스 학생부종합(고른기회전형),정경대학,행정학과,4,21,5.25
서울,사립,고려대학교(서울),서울캠퍼스 학생부종합(고른기회전형),공과대학,건축사회환경공학부,4,21,5.25
서울,국립,서울과학기술대학교,기회균형전형(기회균등),공과대학,신소재공학과,4,21,5.25
서울,사립,서울여자대학교,학생부종합(바롬인재서류전형),사회과학대학,문헌정보학과,4,21,5.25
서울,사립,서울여자대학교,학생부종합(바롬인재면접전형),사회과학대학,스포츠운동과학과,4,21,5.25
서울,사립,연세대학교(서울),학생부교과전형 (추천형),생명시스템대학,시스템생물학과,4,21,5.25
서울,사립,연세대학교(서울),학생부종합전형 (활동우수형),생명시스템대학,생화학과,4,21,5.25
서울,사립,연세대학교(서울),학생부종합전형 (기회균형),생명시스템대학,생명공학과,4,21,5.25
서울,사립,연세대학교(서울),학생부종합전형 (기회균형),인공지능융합대학,컴퓨터과학과,4,21,5.25
서울,사립,한국외국어대학교(서울),논술전형,,네덜란드어과,4,21,5.25
서울,사립,한국외국어대학교(서울),논술전형,,통계학과,4,21,5.25
서울,사립,한국외국어대학교(서울),논술전형,,환경학과,4,21,5.25
서울,사립,한국외국어대학교(서울),논술전형,,AI로봇공학과,4,21,5.25
서울,사립,한양대학교(서울),학생부종합(서류형),공과대학,전기·생체공학부(바이오메디컬공학전공),4,21,5.25
인천,사립,안양대학교(강화),학생부종합(아리학생부종합),,사회계열자유전공,4,21,5.25
대전,국립,충남대학교,학생부종합 면접전형,사회과학대학,언론정보학과,4,21,5.25
대전,국립,충남대학교,학생부종합 면접전형,자연과학대학,해양환경과학과*,4,21,5.25
충남,사립,단국대학교(천안),[학생부종합] DKU인재(면접형) 경쟁률 현황 (죽전),,과학교육과,4,21,5.25
충남,사립,단국대학교(천안),[논술위주] 논술우수자 경쟁률 현황 (죽전),,영미인문학과,4,21,5.25
충북,국립,충북대학교,학생부교과(학생부교과전형),인문대학,러시아언어문화학과,4,21,5.25
대전,사립,우송대학교,정원내 학생부 교과 - 교과면접 전형 (교과80%+면접20% / 6과목 반영),외식조리대학,제과제빵·조리학부 / 제과제빵·조리전공,36,190,5.28
서울,사립,덕성여자대학교,덕성인재전형Ⅱ[학생부위주(종합)],,약학대학,25,132,5.28
서울,사립,이화여자대학교,학생부종합(미래인재전형-면접형),자연과학대학,화학·나노과학과,7,37,5.29
서울,사립,홍익대학교(서울),학교장추천자전형,건축도시대학,건축학부 건축학전공(5년제),7,37,5.29
충북,국립,충북대학교,학생부종합(학생부종합Ⅱ전형),수의과대학,수의예과,7,37,5.29
충북,국립,충북대학교,학생부교과(학생부교과전형),농업생명환경대학,산림학과,7,37,5.29
경기,사립,경희대학교(용인),서울캠퍼스 학생부종합(네오르네상스전형),인문계열,철학과,10,53,5.3
경기,사립,신한대학교(의정부/동두천),일반전형(교과60%+면접40%),,치위생학과,10,53,5.3
서울,사립,경희대학교(서울),서울캠퍼스 학생부종합(네오르네상스전형),인문계열,철학과,10,53,5.3
대전,사립,건양대학교(대전),학생부종합전형,,응급구조학과,10,53,5.3
충남,사립,건양대학교(논산),학생부종합전형,,응급구조학과,10,53,5.3
경기,사립,성균관대학교(수원),학생부종합(탐구인재),,사회과학계열,25,133,5.32
서울,사립,성균관대학교(서울),학생부종합(탐구인재),,사회과학계열,25,133,5.32
대전,사립,목원대학교,실기전형 경쟁률 현황 실기100 [수능최저없음],웹툰애니메이션게임대학,웹툰학과 [SW],60,320,5.33
서울,사립,홍익대학교(서울),학교생활우수자전형,,서울캠퍼스자율전공(인문·예능),49,261,5.33
대전,사립,목원대학교,실기전형 경쟁률 현황 실기100 [수능최저없음],웹툰애니메이션게임대학,애니메이션학과 [SW],30,160,5.33
서울,사립,숭실대학교,학생부종합(SSU미래인재전형-면접형),,AI소프트웨어학부,18,96,5.33
서울,사립,연세대학교(서울),학생부종합전형 (활동우수형),교육과학대학,교육학부,12,64,5.33
서울,사립,상명대학교(서울),정원 내 학생부종합(상명인재전형),,미술학부 / 조형예술전공,9,48,5.33
서울,사립,서울여자대학교,학생부종합(바롬인재서류전형),미래산업융합대학,디지털미디어학과,9,48,5.33
서울,사립,연세대학교(서울),학생부종합전형 (활동우수형),문과대학,사학과,9,48,5.33
경기,사립,명지대학교(용인),학생부종합(명지인재면접전형),,디지털콘텐츠디자인학과,6,32,5.33
경기,국립,한경국립대학교,학생부종합(잠재력우수자_안성)_정원내,,컴퓨터공학과,6,32,5.33
서울,사립,건국대학교(서울),학생부교과(KU지역균형),사회과학대학,행정학과,6,32,5.33
서울,사립,명지대학교(서울),학생부종합(명지인재면접전형),,디지털콘텐츠디자인학과,6,32,5.33
서울,사립,연세대학교(서울),학생부종합전형 (기회균형),사회과학대학,정치외교학과,6,32,5.33
서울,사립,이화여자대학교,논술(논술전형),자연과학대학,물리학과,6,32,5.33
서울,사립,이화여자대학교,논술(논술전형),신산업융합대학,식품영양학과,6,32,5.33
서울,사립,추계예술대학교,실기/실적(일반학생전형),공연예술대학3,피아노과,6,32,5.33
대전,국립,충남대학교,일반전형,약학대학,약학과,6,32,5.33
대전,국립,충남대학교,학생부종합 서류전형,의과대학,의예과,6,32,5.33
경기,사립,가천대학교(성남),기회균형 전형,자연계열,인공지능학과,3,16,5.33
경기,사립,가톨릭대학교(부천),학생부종합(기회균형Ⅰ전형),,일어일본문화학과,3,16,5.33
경기,사립,경동대학교(양주),지역인재,,응급구조학과,3,16,5.33
경기,사립,경희대학교(용인),서울캠퍼스 학생부종합[기회균형전형Ⅰ(국가보훈·농어촌·수급자·자립아동 등)],인문계열,무역학과,3,16,5.33
경기,사립,경희대학교(용인),국제캠퍼스 학생부종합(네오르네상스전형),예술계열,디지털콘텐츠학과,3,16,5.33
경기,사립,경희대학교(용인),국제캠퍼스 학생부종합(기회균형전형Ⅱ),체육계열,태권도학과,3,16,5.33
경기,사립,수원대학교,기회균형특별전형,라이프케어사이언스대학,간호학과,3,16,5.33
경기,사립,아주대학교,고른기회1전형,,교통시스템공학과,3,16,5.33
경기,국립,한경국립대학교,학생부교과(특성화고교졸업자)_정원외,,공과대학,3,16,5.33
서울,사립,가톨릭대학교(서울),학생부종합(기회균형Ⅰ전형),,일어일본문화학과,3,16,5.33
서울,사립,경희대학교(서울),서울캠퍼스 학생부종합[기회균형전형Ⅰ(국가보훈·농어촌·수급자·자립아동 등)],인문계열,무역학과,3,16,5.33
서울,사립,경희대학교(서울),국제캠퍼스 학생부종합(네오르네상스전형),예술계열,디지털콘텐츠학과,3,16,5.33
서울,사립,경희대학교(서울),국제캠퍼스 학생부종합(기회균형전형Ⅱ),체육계열,태권도학과,3,16,5.33
서울,사립,상명대학교(서울),정원 내 논술(논술전형),,화학에너지공학전공,3,16,5.33
서울,사립,서강대학교,학생부종합(기회균형),,수학과,3,16,5.33
서울,사립,서강대학교,학생부종합(특성화고교졸업자),,전자공학과,3,2,5.33
서울,공립,서울시립대학교,기회균형전형Ⅰ,도시과학대학,건축학부(건축학전공),3,16,5.33
서울,사립,숙명여자대학교,[논술] 논술우수자전형,사회과학대학,소비자경제학과,3,16,5.33
서울,사립,숭실대학교,논술(논술우수자전형),,평생교육학과,3,16,5.33
서울,사립,연세대학교(서울),학생부종합전형 (기회균형),문과대학,사학과,3,16,5.33
서울,사립,연세대학교(서울),학생부종합전형 (기회균형),간호대학,간호학과,3,16,5.33
서울,사립,연세대학교(서울),특기자전형 (체육인재),교육과학대학,아이스하키 : 포워드,3,16,5.33
서울,사립,홍익대학교(서울),특성화고등을졸업한재직자전형(정원내),,디자인·예술경영학부,3,16,5.33
인천,사립,가천대학교(인천),기회균형 전형,자연계열,인공지능학과,3,16,5.33
대전,사립,우송대학교,정원내 학생부 종합 - 종합서류형 전형 (면접X),보건복지대학,사회복지학과,3,16,5.33
대전,국립,충남대학교,저소득층학생전형,AI(인공지능)대학,컴퓨터인공지능학부*,3,16,5.33
서울,사립,한성대학교,실기우수자전형,AI디자인대학,AI융합디자인학부,86,460,5.35
충북,사립,건국대학교(글로컬),[실기위주] 실기우수자,디자인대학,디자인조형자유전공학부,71,380,5.35
경기,사립,성균관대학교(수원),학생부종합(과학인재),,자연과학계열,20,107,5.35
서울,사립,성균관대학교(서울),학생부종합(과학인재),,자연과학계열,20,107,5.35
충남,사립,백석대학교,정원내 모집 학생부 종합 창의인재,,보건학부 치위생학과,11,59,5.36
서울,국립,서울과학기술대학교,학교생활우수자전형,공과대학,신소재공학과,19,102,5.37
인천,사립,인하대학교,논술 논술우수자,간호대학,간호학과,19,102,5.37
서울,사립,서울여자대학교,학생부종합(바롬인재면접전형),과학기술융합대학,바이오헬스융합학과,8,43,5.38
서울,사립,한양대학교(서울),학생부종합(서류형),사회과학대학,사회학과,8,43,5.38
서울,사립,서강대학교,학생부종합(일반Ⅰ),,생명과학과,18,97,5.39
경기,사립,성균관대학교(수원),학생부종합(융합인재),,자유전공계열,20,108,5.4
경기,사립,신한대학교(의정부/동두천),신한국인전형(학생부서류100%),,사회과학대학(자율전공) - 토지행정학과 - 경찰행정학과 - 행정학과 - 사회복지학과 - 상담심리학과,20,108,5.4
서울,사립,성균관대학교(서울),학생부종합(융합인재),,자유전공계열,20,108,5.4
서울,사립,고려대학교(서울),서울캠퍼스 학생부교과(학교추천전형),공과대학,건축사회환경공학부,15,81,5.4
경기,사립,경희대학교(용인),국제캠퍼스 학생부종합(네오르네상스전형),예술계열,환경조경디자인학과,10,54,5.4
경기,사립,경희대학교(용인),국제캠퍼스 학생부종합(네오르네상스전형),예술계열,연극영화학과-영화연출 및 제작,10,54,5.4
경기,사립,성균관대학교(수원),학생부종합(탐구인재),,배터리학과,10,54,5.4
서울,사립,경희대학교(서울),국제캠퍼스 학생부종합(네오르네상스전형),예술계열,환경조경디자인학과,10,54,5.4
서울,사립,경희대학교(서울),국제캠퍼스 학생부종합(네오르네상스전형),예술계열,연극영화학과-영화연출 및 제작,10,54,5.4
서울,사립,서강대학교,학생부종합(일반Ⅰ),,철학과,10,54,5.4
서울,사립,성균관대학교(서울),학생부종합(탐구인재),,배터리학과,10,54,5.4
서울,사립,숭실대학교,논술(논술우수자전형),,컴퓨터학부,10,54,5.4
서울,사립,연세대학교(서울),학생부종합전형 (활동우수형),생활과학대학,아동·가족학과,10,54,5.4
서울,사립,한양대학교(서울),실기/실적(무용특기자),예술체육대학,무용학과(발레),10,54,5.4
충남,사립,백석대학교,정원내 모집 학생부 교과 + 면접 백석인재,,보건학부 응급구조학과,10,54,5.4
경기,사립,명지대학교(용인),학생부종합(크리스천리더전형),,아너칼리지(전공자유대학) / 자율전공학부(자연),5,27,5.4
경기,사립,한국공학대학교,학생부종합(기회균형),,전자공학부 전자공학전공,5,27,5.4
서울,사립,고려대학교(서울),서울캠퍼스 학생부종합(고른기회전형),자유전공학부,자유전공학부,5,27,5.4
서울,사립,명지대학교(서울),학생부종합(크리스천리더전형),,아너칼리지(전공자유대학) / 자율전공학부(자연),5,27,5.4
서울,사립,숭실대학교,논술(논술우수자전형),,의생명시스템학부,5,27,5.4
서울,사립,한양대학교(서울),학생부종합(서류형),공과대학,에너지공학과,5,27,5.4
인천,국립,인천대학교,학생부종합(자기추천),사범대학,윤리교육과,5,27,5.4
대전,사립,우송대학교,정원내 학생부 교과 - 자기추천 전형 (교과100% / 12과목 반영),외식조리대학,제과제빵·조리학부 / 제과제빵·조리전공,5,27,5.4
대전,사립,우송대학교,정원내 학생부 종합 - 종합서류형 전형 (면접X),보건복지대학,뷰티디자인경영학과,5,27,5.4
충북,국립,충북대학교,학생부교과(학생부교과전형),인문대학,인문학자율전공학부,5,27,5.4
충남,사립,호서대학교,- 정원내 실기/실적 실기전형,,애니메이션스쿨,70,379,5.41
경기,사립,경희대학교(용인),국제캠퍼스 학생부종합(네오르네상스전형),체육계열,태권도학과,12,65,5.42
서울,사립,경희대학교(서울),국제캠퍼스 학생부종합(네오르네상스전형),체육계열,태권도학과,12,65,5.42
서울,사립,연세대학교(서울),학생부종합전형 (활동우수형),치과대학,치의예과,21,114,5.43
경기,사립,한국외국어대학교(용인),논술전형,,노어과,7,38,5.43
서울,사립,연세대학교(서울),학생부종합전형 (활동우수형),공과대학,산업공학과,7,38,5.43
서울,사립,한국외국어대학교(서울),논술전형,,노어과,7,38,5.43
서울,사립,한양대학교(서울),학생부종합(서류형),인문과학대학,중어중문학과,7,38,5.43
충북,국립,충북대학교,학생부종합(학생부종합Ⅰ전형),농업생명환경대학,축산학과,7,38,5.43
경기,사립,성균관대학교(수원),학생부종합(과학인재),,공학계열,25,136,5.44
서울,사립,성균관대학교(서울),학생부종합(과학인재),,공학계열,25,136,5.44
서울,사립,홍익대학교(서울),논술전형,건축도시대학,건축학부 건축학전공(5년제),9,49,5.44
충남,사립,호서대학교,- 정원내 실기/실적 실기전형,,사회체육학과,24,132,5.5
서울,사립,한양대학교(서울),실기/실적(미술특기자),사범대학,응용미술교육과,22,121,5.5
경기,사립,경희대학교(용인),국제캠퍼스 학생부종합(네오르네상스전형),자연계열,우주과학과,12,66,5.5
경기,사립,아주대학교,논술우수자전형,,지능형반도체공학과,12,66,5.5
서울,사립,경희대학교(서울),국제캠퍼스 학생부종합(네오르네상스전형),자연계열,우주과학과,12,66,5.5
경기,사립,성균관대학교(수원),학생부종합(융합인재),,글로벌리더학부,10,55,5.5
경기,사립,신한대학교(의정부/동두천),기회균형전형(학생부서류100%),,간호학과*,10,55,5.5
서울,사립,성균관대학교(서울),학생부종합(융합인재),,글로벌리더학부,10,55,5.5
서울,사립,한성대학교,실기우수자전형,크리에이티브인문예술대학,한국무용,10,55,5.5
대전,국립,충남대학교,일반전형,공과대학,건축학과(5년제),10,55,5.5
경기,사립,단국대학교(죽전),[실기/실적위주] 실기우수자 경쟁률 현황 (천안),,뉴뮤직학부(뮤직테크놀러지전공)-컴퓨터음악작곡,8,44,5.5
경기,사립,성결대학교,[학생부교과] SKU창의,글로벌경영대학,경영학과,8,44,5.5
경기,사립,용인대학교,정원내 일반학생 전형,인문사회융합대학,경찰행정학과,8,44,5.5
서울,사립,연세대학교(서울),학생부종합전형 (기회균형),공과대학,신소재공학부,8,44,5.5
충남,사립,단국대학교(천안),[실기/실적위주] 실기우수자 경쟁률 현황 (천안),,뉴뮤직학부(뮤직테크놀러지전공)-컴퓨터음악작곡,8,44,5.5
충북,국립,충북대학교,학생부종합(학생부종합Ⅰ전형),수의과대학,수의예과,8,44,5.5
경기,사립,서울신학대학교,[학생부교과]교과성적전형,,관광경영학과,6,33,5.5
경기,사립,성균관대학교(수원),학생부종합(탐구인재),,물리학과,6,33,5.5
서울,사립,성균관대학교(서울),학생부종합(탐구인재),,물리학과,6,33,5.5
서울,사립,연세대학교(서울),학생부종합전형 (기회균형),공과대학,화공생명공학부,6,33,5.5
서울,사립,한양대학교(서울),학생부종합(서류형),생활과학대학,실내건축디자인학과,6,33,5.5
대전,사립,건양대학교(대전),학생부종합전형,,임상병리학과,6,33,5.5
충남,사립,건양대학교(논산),학생부종합전형,,임상병리학과,6,33,5.5
경기,사립,단국대학교(죽전),[논술위주] 논술우수자 경쟁률 현황 (죽전),,특수교육과,4,22,5.5
경기,사립,신한대학교(의정부/동두천),학생부우수자전형(교과100%),,미디어영상학과,4,22,5.5
경기,사립,을지대학교(성남의정부),EU면접형,,의료경영학과,4,22,5.5
서울,사립,성신여자대학교,논술우수자,,영어영문학과,4,22,5.5
서울,사립,세종대학교,논술(논술우수자 전형),자연과학,화학과,4,22,5.5
서울,사립,이화여자대학교,논술(논술전형),공과대학,식품생명공학과,4,22,5.5
서울,국립,한국체육대학교,체육특기자(개인),,체육학과-배드민턴-단식 및 복식[남],4,22,5.5
서울,사립,홍익대학교(서울),학교장추천자전형,미술대학,예술학과,4,22,5.5
대전,사립,을지대학교(대전),EU면접형,,의료경영학과,4,22,5.5
충남,사립,단국대학교(천안),[논술위주] 논술우수자 경쟁률 현황 (죽전),,특수교육과,4,22,5.5
경기,사립,가천대학교(성남),특성화고교 전형,자연계열,신소재공학과,2,11,5.5
경기,사립,가천대학교(성남),농어촌(종합) 전형,자연계열,도시계획·조경학부,2,11,5.5
경기,사립,경기대학교(수원),학생부교과(교과성적우수자전형),,사학과,2,11,5.5
경기,사립,경기대학교(수원),학생부교과(기초생활수급자등선발전형),,"공공인재학부 / 행정학전공, 정치외교학전공",2,11,5.5
경기,사립,경기대학교(수원),학생부종합(사회배려대상자전형),,"공공안전학부 / 범죄교정심리학전공, 경찰행정학전공",2,11,5.5
경기,사립,경기대학교(수원),학생부종합(사회배려대상자전형),,산업경영공학과,2,11,5.5
경기,사립,경희대학교(용인),서울캠퍼스 학생부종합[기회균형전형Ⅰ(국가보훈·농어촌·수급자·자립아동 등)],인문계열,의상학과,2,11,5.5
경기,사립,경희대학교(용인),국제캠퍼스 학생부종합[기회균형전형Ⅰ(국가보훈·농어촌·수급자·자립아동 등)],자연계열,환경학및환경공학과,2,11,5.5
경기,사립,경희대학교(용인),국제캠퍼스 학생부종합[기회균형전형Ⅰ(국가보훈·농어촌·수급자·자립아동 등)],체육계열,태권도학과,2,11,5.5
경기,사립,성결대학교,[학생부교과/실기] (정원외) 농어촌학생,인문사회융합대학,행정학부,2,11,5.5
경기,사립,아주대학교,고른기회1전형,,첨단신소재공학과,2,11,5.5
경기,사립,안양대학교(안양),학생부종합(고른기회),,글로벌경영학과,2,11,5.5
경기,사립,용인대학교,정원내 기회균형 특별전형,무도대학,체능 / 무도계열전공학부,2,11,5.5
경기,사립,중부대학교(고양),지역인재Ⅰ전형,,응급구조학과 / 응급구조학과,2,11,5.5
서울,사립,건국대학교(서울),학생부종합(기회균형),융합생명과학대학,첨단바이오공학부,2,11,5.5
서울,사립,건국대학교(서울),학생부종합(기회균형),융합생명과학대학,식량자원과학과,2,11,5.5
서울,사립,경기대학교(서울),학생부교과(교과성적우수자전형),,사학과,2,11,5.5
서울,사립,경기대학교(서울),학생부교과(기초생활수급자등선발전형),,"공공인재학부 / 행정학전공, 정치외교학전공",2,11,5.5
서울,사립,경기대학교(서울),학생부종합(사회배려대상자전형),,"공공안전학부 / 범죄교정심리학전공, 경찰행정학전공",2,11,5.5
서울,사립,경기대학교(서울),학생부종합(사회배려대상자전형),,산업경영공학과,2,11,5.5
서울,사립,경희대학교(서울),서울캠퍼스 학생부종합[기회균형전형Ⅰ(국가보훈·농어촌·수급자·자립아동 등)],인문계열,의상학과,2,11,5.5
서울,사립,경희대학교(서울),국제캠퍼스 학생부종합[기회균형전형Ⅰ(국가보훈·농어촌·수급자·자립아동 등)],자연계열,환경학및환경공학과,2,11,5.5
서울,사립,경희대학교(서울),국제캠퍼스 학생부종합[기회균형전형Ⅰ(국가보훈·농어촌·수급자·자립아동 등)],체육계열,태권도학과,2,11,5.5
서울,사립,고려대학교(서울),서울캠퍼스 학생부종합(고른기회전형),국제대학,국제학부,2,11,5.5
서울,사립,서강대학교,학생부종합(서강가치),,기계공학과,2,11,5.5
서울,공립,서울시립대학교,기회균형전형Ⅰ,인문대학,영어영문학과,2,11,5.5
서울,사립,세종대학교,실기/실적(예체능특기자 전형),예체능,체육학과-축구(남),2,11,5.5
서울,사립,숭실대학교,학생부종합(기회균형전형),,경제학과,2,11,5.5
서울,사립,연세대학교(서울),학생부종합전형 (기회균형),문과대학,문헌정보학과,2,11,5.5
서울,사립,연세대학교(서울),학생부종합전형 (기회균형),이과대학,천문우주학과,2,11,5.5
서울,사립,이화여자대학교,학생부종합(고른기회전형),사범대학,초등교육과,2,11,5.5
서울,사립,한양대학교(서울),학생부종합(고른기회),공과대학,정보시스템학과(상경),2,11,5.5
서울,사립,한양대학교(서울),학생부종합(고른기회),정책과학대학,행정학과,2,11,5.5
서울,사립,한양대학교(서울),학생부종합(고른기회),사범대학,수학교육과,2,11,5.5
인천,사립,가천대학교(인천),특성화고교 전형,자연계열,신소재공학과,2,11,5.5
인천,사립,가천대학교(인천),농어촌(종합) 전형,자연계열,도시계획·조경학부,2,11,5.5
인천,사립,안양대학교(강화),학생부종합(고른기회),,글로벌경영학과,2,11,5.5
인천,사립,인천가톨릭대학교(인천/강화),가톨릭지도자추천,간호대학,간호학과,2,11,5.5
대전,사립,건양대학교(대전),"기초생활수급자, 차상위계층, 한부모가족 지원대상자 전형",,임상병리학과,2,11,5.5
대전,사립,건양대학교(대전),"기초생활수급자, 차상위계층, 한부모가족 지원대상자 전형",,치위생학과,2,11,5.5
대전,국립,충남대학교,학생부종합 서류전형,공과대학,토목공학과,2,11,5.5
대전,국립,충남대학교,학생부종합 서류전형,농업생명과학대학,원예학과,2,11,5.5
대전,국립,충남대학교,학생부종합 서류전형,약학대학,약학과,2,11,5.5
대전,국립,충남대학교,기회균형선발Ⅱ전형,AI(인공지능)대학,컴퓨터인공지능학부*,2,11,5.5
대전,국립,충남대학교,농어촌학생전형,생명시스템과학대학,생물과학과*,2,11,5.5
충남,사립,건양대학교(논산),"기초생활수급자, 차상위계층, 한부모가족 지원대상자 전형",,임상병리학과,2,11,5.5
충남,사립,건양대학교(논산),"기초생활수급자, 차상위계층, 한부모가족 지원대상자 전형",,치위생학과,2,11,5.5
충남,국립,국립공주대학교,학생부교과전형  농어촌학생전형(정원외),산업과학대학,원예학과,2,11,5.5
충남,사립,순천향대학교,[정원내] 학생부종합(사회통합전형),인문사회과학대학,경찰행정학과,2,11,5.5
충남,사립,중부대학교(금산),지역인재Ⅰ전형,,응급구조학과 / 응급구조학과,2,11,5.5
충북,국립,충북대학교,학생부종합(농어촌학생전형),공과대학,토목공학부,2,11,5.5
충북,국립,한국교원대학교,지역인재 특별전형,,초등교육과,2,11,5.5
경기,사립,경기대학교(수원),논술(논술우수자전형),,수리,92,509,5.53
서울,사립,경기대학교(서울),논술(논술우수자전형),,수리,92,509,5.53
경기,사립,을지대학교(성남의정부),EU면접형,,물리치료학과,9,50,5.56
대전,사립,을지대학교(대전),EU면접형,,물리치료학과,9,50,5.56
서울,사립,건국대학교(서울),학생부종합(KU자기추천),사회과학대학,행정학과,14,78,5.57
서울,사립,숭실대학교,논술(논술우수자전형),,AI소프트웨어학부,19,106,5.58
경기,사립,경기대학교(수원),학생부종합(KGU학생부종합전형),,관광문화콘텐츠학과,10,56,5.6
서울,사립,경기대학교(서울),학생부종합(KGU학생부종합전형),,관광문화콘텐츠학과,10,56,5.6
경기,사립,경기대학교(수원),학생부종합(기회균형선발전형),,사회복지·청소년학과,5,28,5.6
서울,사립,경기대학교(서울),학생부종합(기회균형선발전형),,사회복지·청소년학과,5,28,5.6
서울,사립,고려대학교(서울),서울캠퍼스 학생부종합(학업우수전형),문과대학,한국사학과,5,28,5.6
서울,사립,연세대학교(서울),학생부종합전형 (기회균형),공과대학,시스템반도체공학과,5,28,5.6
서울,사립,한양대학교(서울),학생부종합(추천형),생활과학대학,식품영양학과,5,28,5.6
인천,사립,인하대학교,논술 논술우수자,문과대학,사학과,5,28,5.6
충남,사립,한국기술교육대학교,논술전형,,화학생명공학전공,5,28,5.6
서울,사립,연세대학교(서울),학생부교과전형 (추천형),공과대학,기계공학부,18,101,5.61
인천,사립,인하대학교,학생부종합 인하미래인재(면접형),공과대학,항공우주공학과,18,101,5.61
서울,사립,한양대학교(서울),학생부종합(추천형),의과대학,의예과,40,225,5.63
서울,사립,숭실대학교,학생부종합(SSU미래인재전형-면접형),,철학과,16,90,5.63
서울,사립,한양대학교(서울),학생부종합(서류형),공과대학,융합전자공학부,28,158,5.64
서울,사립,강서대학교,일반학생,,상담심리학과(일반학생),14,79,5.64
서울,사립,숭실대학교,학생부종합(SSU미래인재전형-면접형),,글로벌통상학과,17,96,5.65
경기,사립,가천대학교(성남),실기우수자 전형,예체능계열,시각디자인전공,30,170,5.67
인천,사립,가천대학교(인천),실기우수자 전형,예체능계열,시각디자인전공,30,170,5.67
서울,공립,서울시립대학교,학생부종합전형Ⅰ(면접형),정경대학,사회복지학과,12,68,5.67
경기,사립,단국대학교(죽전),[실기/실적위주] 실기우수자 경쟁률 현황 (천안),,뉴뮤직학부(재즈퍼포먼스전공)-재즈베이스,6,34,5.67
경기,국립,한경국립대학교,학생부교과(일반전형_안성)_정원내,,지역자원시스템공학과,6,34,5.67
서울,사립,광운대학교,논술【논술우수자전형】,,국제통상학부,6,34,5.67
서울,사립,한양대학교(서울),학생부종합(면접형),사범대학,영어교육과,6,34,5.67
서울,사립,홍익대학교(서울),학교생활우수자전형,문과대학,영어영문학과,6,34,5.67
인천,사립,인하대학교,논술 논술우수자,문과대학,한국어문학과,6,34,5.67
대전,국립,국립한밭대학교,학생부종합(일반)전형,,건축학과(5년제),6,34,5.67
대전,사립,우송대학교,정원내 학생부 종합 - 종합서류형 전형 (면접X),철도대학,철도차량시스템학과,6,34,5.67
충남,국립,국립공주대학교,학생부종합전형  일반전형(정원내),천안공과대학,미래자동차공학과,6,34,5.67
충남,사립,단국대학교(천안),[실기/실적위주] 실기우수자 경쟁률 현황 (천안),,뉴뮤직학부(재즈퍼포먼스전공)-재즈베이스,6,34,5.67
충남,사립,백석대학교,정원내 모집 실기위주 (예·체능계열) 일반실기,,기타,6,34,5.67
경기,사립,경희대학교(용인),서울캠퍼스 학생부종합[기회균형전형Ⅰ(국가보훈·농어촌·수급자·자립아동 등)],자연계열,생물학과,3,17,5.67
경기,사립,단국대학교(죽전),[논술위주] 논술우수자 경쟁률 현황 (죽전),,컴퓨터공학과,3,17,5.67
경기,사립,단국대학교(죽전),[실기/실적위주] 실기우수자 경쟁률 현황 (죽전),,음악학부(국악전공)-기악(관악)[피리],3,17,5.67
경기,사립,아주대학교,고교추천전형,,의학과,3,17,5.67
경기,사립,을지대학교(성남의정부),기회균형(정원내),,응급구조학과,3,17,5.67
서울,사립,건국대학교(서울),논술(KU논술우수자),공과대학,인공지능학과,3,17,5.67
서울,사립,경희대학교(서울),서울캠퍼스 학생부종합[기회균형전형Ⅰ(국가보훈·농어촌·수급자·자립아동 등)],자연계열,생물학과,3,17,5.67
서울,사립,상명대학교(서울),정원 내 학생부종합(상명인재전형),,한일문화콘텐츠전공,3,17,5.67
서울,사립,숭실대학교,논술(논술우수자전형),,물리학과,3,17,5.67
서울,사립,숭실대학교,학생부종합(SSU미래인재전형-서류형),,화학과,3,17,5.67
서울,사립,숭실대학교,실기/실적(예체능우수인재전형) 축구,,축구(DF),3,17,5.67
서울,사립,연세대학교(서울),학생부종합전형 (기회균형),사회과학대학,언론홍보영상학부,3,17,5.67
서울,사립,이화여자대학교,학생부종합(미래인재전형-면접형),신산업융합대학,의류산업학과,3,17,5.67
인천,국립,인천대학교,학생부교과(지역균형),도시과학대학,도시환경공학부 환경공학전공,3,17,5.67
대전,사립,을지대학교(대전),기회균형(정원내),,응급구조학과,3,17,5.67
충남,사립,단국대학교(천안),[논술위주] 논술우수자 경쟁률 현황 (죽전),,컴퓨터공학과,3,17,5.67
충남,사립,단국대학교(천안),[실기/실적위주] 실기우수자 경쟁률 현황 (죽전),,음악학부(국악전공)-기악(관악)[피리],3,17,5.67
경기,사립,아주대학교,ACE전형,,간호학과,25,142,5.68
경기,사립,단국대학교(죽전),[실기/실적위주] 실기우수자 경쟁률 현황 (죽전),,무용과(발레),13,74,5.69
충남,사립,단국대학교(천안),[실기/실적위주] 실기우수자 경쟁률 현황 (죽전),,무용과(발레),13,74,5.69
서울,사립,숭실대학교,학생부종합(SSU미래인재전형-면접형),,기계공학부,20,114,5.7
서울,사립,한양대학교(서울),학생부종합(서류형),정책과학대학,정책학과,17,97,5.71
서울,공립,서울시립대학교,학생부종합전형Ⅰ(면접형),자연과학대학,수학과,7,40,5.71
서울,사립,숙명여자대학교,[논술] 논술우수자전형,사회과학대학,홍보광고학과,7,40,5.71
서울,사립,서경대학교,군사학과 특별전형,,군사학과-남자,22,126,5.73
서울,사립,한양대학교(서울),학생부종합(서류형),자연과학대학,물리학과,11,63,5.73
경기,사립,을지대학교(성남의정부),논술우수자,,물리치료학과,12,69,5.75
서울,사립,동덕여자대학교,실기우수자전형,공연예술대학,무용전공(한국무용),12,69,5.75
서울,공립,서울시립대학교,학생부종합전형Ⅰ(면접형),도시과학대학,도시공학과,12,69,5.75
서울,사립,한양대학교(서울),학생부종합(추천형),공과대학,데이터사이언스학부,12,69,5.75
대전,사립,을지대학교(대전),논술우수자,,물리치료학과,12,69,5.75
서울,사립,성신여자대학교,자기주도인재,,심리학과,8,46,5.75
서울,사립,세종대학교,논술(논술우수자 전형),공과,나노신소재공학과,8,46,5.75
경기,사립,가천대학교(성남),기회균형 전형,인문계열,경영학과,4,23,5.75
경기,사립,용인대학교,정원내 체육우수자 특별전형,체육과학대학,체육학과-축구(남)-MF,4,23,5.75
경기,사립,한국외국어대학교(용인),기회균형전형,,독일어과,4,23,5.75
경기,사립,한국외국어대학교(용인),논술전형,,페르시아어·이란학과,4,23,5.75
서울,사립,고려대학교(서울),서울캠퍼스 학생부교과(학교추천전형),이과대학,지구환경과학과,4,23,5.75
서울,사립,상명대학교(서울),정원 내 논술(논술전형),,경제금융학부,4,23,5.75
서울,사립,숭실대학교,학생부종합(SSU미래인재전형-면접형),,정보사회학과,4,23,5.75
서울,사립,한국외국어대학교(서울),기회균형전형,,독일어과,4,23,5.75
서울,사립,한국외국어대학교(서울),논술전형,,페르시아어·이란학과,4,23,5.75
인천,사립,가천대학교(인천),기회균형 전형,인문계열,경영학과,4,23,5.75
서울,사립,고려대학교(서울),서울캠퍼스 학생부종합(학업우수전형),정보대학,컴퓨터학과,26,150,5.77
경기,사립,가천대학교(성남),가천바람개비 전형,자연계열,기계공학부,18,104,5.78
인천,사립,가천대학교(인천),가천바람개비 전형,자연계열,기계공학부,18,104,5.78
경기,사립,아주대학교,논술우수자전형,,건축학과,9,52,5.78
대전,사립,우송대학교,정원내 학생부 교과 - 교과면접 전형 (교과80%+면접20% / 6과목 반영),보건복지대학,간호학과,33,191,5.79
서울,사립,연세대학교(서울),학생부종합전형 (활동우수형),간호대학,간호학과,24,139,5.79
서울,사립,서울여자대학교,논술(논술우수자전형),학부대학,자유전공학부(광역-인문사회계열),80,464,5.8
서울,사립,광운대학교,학생부종합【광운참빛인재전형Ⅰ-면접형】,,동북아문화산업학부,10,58,5.8
서울,사립,한양대학교(서울),학생부종합(서류형),경제금융대학,경제금융학부,10,58,5.8
인천,사립,인하대학교,논술 논술우수자,사회과학대학,행정학과,10,58,5.8
경기,사립,가톨릭대학교(부천),논술전형,,회계학과,5,29,5.8
경기,사립,신한대학교(의정부/동두천),학생부우수자전형(교과100%),,식품영양학과,5,29,5.8
경기,사립,한세대학교,한세인재 - 서류 100%,,간호학과,5,29,5.8
서울,사립,가톨릭대학교(서울),논술전형,,회계학과,5,29,5.8
서울,사립,고려대학교(서울),서울캠퍼스 학생부종합(고른기회전형),정보대학,인공지능학과,5,29,5.8
서울,사립,숙명여자대학교,[논술] 논술우수자전형,이과대학,생명시스템학부,5,29,5.8
서울,사립,이화여자대학교,논술(논술전형),신산업융합대학,국제사무학과,5,29,5.8
서울,사립,총신대학교,정원내 목회자추천자,인문사회계열,사회복지학과,5,29,5.8
충남,사립,상명대학교(천안),정원내 학생부종합(기회균형전형),,간호학과,5,29,5.8
인천,사립,인하대학교,실기/실적 디자인융합학과,예술체육대학,디자인융합학과,23,134,5.83
경기,사립,중부대학교(고양),실기우수자전형,,실용음악학전공 / 보컬,18,105,5.83
충남,사립,중부대학교(금산),실기우수자전형,,실용음악학전공 / 보컬,18,105,5.83
충남,사립,호서대학교,- 정원내 실기/실적 실기전형,,연기학과,18,105,5.83
서울,사립,세종대학교,논술(논술우수자 전형),생명과학,생명시스템학부,12,70,5.83
경기,사립,명지대학교(용인),학생부종합(명지인재서류전형),,미디어·휴먼라이프대학 / 디지털미디어학부,6,35,5.83
경기,국립,한경국립대학교,학생부교과(일반전형_안성)_정원내,,행정학과,6,35,5.83
경기,국립,한경국립대학교,학생부교과(일반전형_안성)_정원내,,복지상담학과,6,35,5.83
경기,국립,한경국립대학교,학생부교과(일반전형_안성)_정원내,,기계공학과,6,35,5.83
서울,사립,고려대학교(서울),서울캠퍼스 학생부교과(학교추천전형),공과대학,건축학과,6,35,5.83
서울,사립,명지대학교(서울),학생부종합(명지인재서류전형),,미디어·휴먼라이프대학 / 디지털미디어학부,6,35,5.83
인천,국립,인천대학교,학생부종합(기회균형),공과대학,기계공학과,6,35,5.83
충남,사립,백석대학교,정원내 모집 실기위주 (예·체능계열) 일반실기,,드럼,6,35,5.83
충북,사립,청주대학교,정원내 특기자전형,예술대학,"생활체육학과(축구-필드) / AI·스포츠·문화의 융합, 이론과 실기를 바탕으로 전문교육을 현장역량까지 확장. 스포츠지도·산업·콘텐츠·공공 분야로 진출하는 스포츠 전문인재 양성",6,35,5.83
서울,사립,동덕여자대학교,실기우수자전형,디자인이노베이션대학,시각실내디자인전공(실내디자인),20,117,5.85
서울,사립,숭실대학교,학생부종합(기회균형전형),,기계공학부,7,41,5.86
경기,사립,가천대학교(성남),논술 전형,자연계열,반도체대학,73,429,5.88
인천,사립,가천대학교(인천),논술 전형,자연계열,반도체대학,73,429,5.88
충북,사립,건국대학교(글로컬),[실기위주] 실기우수자,의료생명대학,골프산업학과,26,153,5.88
서울,사립,연세대학교(서울),학생부종합전형 (활동우수형),사회과학대학,정치외교학과,16,94,5.88
경기,사립,단국대학교(죽전),[학생부종합] DKU인재(면접형) 경쟁률 현황 (죽전),,무역학과,8,47,5.88
서울,사립,숭실대학교,논술(논술우수자전형),,산업·정보시스템공학과,8,47,5.88
서울,사립,한양대학교(서울),학생부종합(서류형),인문과학대학,영어영문학과,8,47,5.88
충남,사립,단국대학교(천안),[학생부종합] DKU인재(면접형) 경쟁률 현황 (죽전),,무역학과,8,47,5.88
충남,사립,상명대학교(천안),정원내 학생부종합(상명인재전형),,스포츠융합자유전공학부,8,47,5.88
서울,사립,건국대학교(서울),학생부종합(KU자기추천),사회과학대학,정치외교학과,9,53,5.89
경기,사립,아주대학교,논술우수자전형,,AI컴퓨터공학부,10,59,5.9
서울,사립,고려대학교(서울),서울캠퍼스 학생부종합(학업우수전형),문과대학,중어중문학과,10,59,5.9
서울,사립,고려대학교(서울),서울캠퍼스 학생부종합(학업우수전형),사범대학,교육학과,11,65,5.91
서울,사립,고려대학교(서울),서울캠퍼스 학생부종합(학업우수전형),사범대학,영어교육과,11,65,5.91
서울,사립,건국대학교(서울),학생부종합(KU자기추천),문과대학,미디어커뮤니케이션학과,13,77,5.92
서울,사립,고려대학교(서울),서울캠퍼스 학생부종합(계열적합전형),정보대학,컴퓨터학과,15,89,5.93
충남,사립,백석대학교,정원내 모집 학생부 교과 + 면접 백석인재,,간호학과,18,107,5.94
서울,사립,서강대학교,학생부교과(지역균형),,경영학부,35,209,5.97
서울,사립,고려대학교(서울),서울캠퍼스 학생부종합(재직자전형),생명과학대학,생명과학부,18,1,6.0
서울,사립,한양대학교(서울),학생부종합(서류형),국제대학,국제학부,16,96,6.0
경기,사립,경동대학교(양주),특성화고교졸업자,,메트로폴캠퍼스(경기도 양주) / 경찰학과,15,3,6.0
경기,사립,한양대학교(ERICA),학생부종합(체육인재),예체능대학,스포츠과학부,15,90,6.0
서울,공립,서울시립대학교,학생부종합전형Ⅰ(면접형),도시과학대학,조경학과,13,78,6.0
대전,사립,건양대학교(대전),의학과,,일반[최저],11,66,6.0
충남,사립,건양대학교(논산),의학과,,일반[최저],11,66,6.0
서울,사립,고려대학교(서울),서울캠퍼스 학생부종합(학업우수전형),공과대학,차세대통신학과,10,60,6.0
대전,사립,대전대학교,교과중점전형 [교과/출석 100%],한의과대학,한의예과,10,60,6.0
대전,사립,대전대학교,"혜화인재전형 [1단계:서류평가 100%, 2단계:서류평가 60% + 면접 40% / 자기소개서 없음 ]",한의과대학,한의예과,8,48,6.0
서울,공립,서울시립대학교,학생부종합전형Ⅰ(면접형),정경대학,세무학과,7,42,6.0
서울,사립,세종대학교,논술(논술우수자 전형),자연과학,수학통계학과,7,42,6.0
충남,국립,국립공주대학교,학생부종합전형  일반전형(정원내),예술대학,게임디자인학과,7,42,6.0
경기,사립,명지대학교(용인),학생부종합(명지인재면접전형),,미술사·역사학전공,6,36,6.0
서울,사립,광운대학교,학생부종합【광운참빛인재전형Ⅰ-면접형】,,건축공학과,6,36,6.0
서울,사립,명지대학교(서울),학생부종합(명지인재면접전형),,미술사·역사학전공,6,36,6.0
서울,사립,이화여자대학교,논술(논술전형),사회과학대학,사회복지학과,6,36,6.0
서울,사립,한양대학교(서울),학생부종합(서류형),생활과학대학,의류학과,6,36,6.0
충남,사립,한국기술교육대학교,창의인재(서류형),,전기·전자·통신공학부 / 전기공학전공,6,36,6.0
경기,사립,명지대학교(용인),학생부교과(교과면접전형),,일어일문학전공,5,30,6.0
서울,사립,명지대학교(서울),학생부교과(교과면접전형),,일어일문학전공,5,30,6.0
서울,공립,서울시립대학교,논술전형,인공지능융합대학,인공지능학과,5,30,6.0
인천,국립,인천대학교,학생부종합(기회균형),공과대학,전자공학부,5,30,6.0
경기,사립,을지대학교(성남의정부),EU면접형,,안경광학과,4,24,6.0
경기,사립,을지대학교(성남의정부),기회균형(정원내),,간호학과(성남),4,24,6.0
경기,사립,한국외국어대학교(용인),논술전형,,인도·남아시아학과,4,24,6.0
서울,사립,건국대학교(서울),학생부종합(기회균형),공과대학,전기전자공학부,4,24,6.0
서울,사립,고려대학교(서울),서울캠퍼스 학생부종합(고른기회전형),보건과학대학,바이오의공학부,4,24,6.0
서울,사립,상명대학교(서울),정원 내 학생부종합(상명인재전형),,자연 / 수학교육과,4,24,6.0
서울,사립,서강대학교,학생부종합(기회균형),,유럽문화학과,4,24,6.0
서울,사립,성신여자대학교,논술우수자,,지리학과,4,24,6.0
서울,사립,세종대학교,학생부종합(세종인재 전형(면접형)),사회과학,미디어커뮤니케이션학과,4,24,6.0
서울,사립,이화여자대학교,학생부종합(미래인재전형-면접형),인문과학대학,국어국문학과,4,24,6.0
서울,사립,한국외국어대학교(서울),논술전형,,인도·남아시아학과,4,24,6.0
서울,사립,한성대학교,농어촌학생전형,AI디자인대학,AI융합디자인학부,4,24,6.0
대전,사립,을지대학교(대전),EU면접형,,안경광학과,4,24,6.0
대전,사립,을지대학교(대전),기회균형(정원내),,간호학과(성남),4,24,6.0
경기,사립,가천대학교(성남),기회균형 전형,인문계열,법과대학,3,18,6.0
경기,사립,단국대학교(죽전),[실기/실적위주] 실기우수자 경쟁률 현황 (죽전),,음악학부(국악전공)-기악(관악)[대금],3,18,6.0
경기,사립,용인대학교,정원내 체육우수자 특별전형,체육과학대학,체육학과-축구(남)-DF,3,18,6.0
서울,사립,건국대학교(서울),학생부종합(기회균형),공과대학,항공우주·모빌리티공학과,3,18,6.0
서울,사립,고려대학교(서울),서울캠퍼스 학생부종합(고른기회전형),사범대학,영어교육과,3,18,6.0
서울,사립,고려대학교(서울),서울캠퍼스 학생부종합(고른기회전형),스마트보안학부,스마트보안학부,3,18,6.0
서울,사립,삼육대학교,농어촌전형,,간호학과,3,18,6.0
서울,사립,상명대학교(서울),정원 내 논술(논술전형),,문헌정보학전공,3,18,6.0
서울,사립,서강대학교,학생부교과(지역균형),,시스템반도체공학과,3,18,6.0
서울,사립,서강대학교,학생부종합(서강가치),,영문학부,3,18,6.0
서울,사립,숭실대학교,학생부종합(SSU미래인재전형-서류형),,사회복지학부,3,18,6.0
서울,사립,숭실대학교,학생부종합(기회균형전형),,법학과,3,18,6.0
서울,사립,한성대학교,기회균형-고른기회전형,AI디자인대학,AI패션학부,3,18,6.0
서울,사립,한양대학교(서울),학생부종합(고른기회),자연과학대학,화학과,3,18,6.0
인천,사립,가천대학교(인천),기회균형 전형,인문계열,법과대학,3,18,6.0
대전,국립,충남대학교,학생부종합 면접전형,생활과학대학,식품영양학과*,3,18,6.0
충남,국립,국립공주대학교,학생부교과전형  일반전형(정원내),사범대학,윤리교육과,3,18,6.0
충남,사립,단국대학교(천안),[실기/실적위주] 실기우수자 경쟁률 현황 (죽전),,음악학부(국악전공)-기악(관악)[대금],3,18,6.0
경기,사립,가천대학교(성남),특성화고교 전형,인문계열,관광경영학과,2,12,6.0
경기,사립,가천대학교(성남),특성화고교 전형,자연계열,건축학부,2,12,6.0
경기,사립,가천대학교(성남),기회균형 전형,자연계열,건축학부,2,12,6.0
경기,사립,강남대학교,[정원외]학생부교과(특성화고교졸업자전형),공학계,전자반도체공학부,2,12,6.0
경기,사립,경기대학교(수원),학생부종합(사회배려대상자전형),,"공공인재학부 / 행정학전공, 정치외교학전공",2,12,6.0
경기,사립,경희대학교(용인),서울캠퍼스 학생부종합(기회균형전형Ⅱ),자연계열,지리학과(자연),2,12,6.0
경기,사립,경희대학교(용인),국제캠퍼스 실기우수자전형(체육),체육계열,스포츠지도학과-축구(남)-D.F-센터백(CB),2,12,6.0
경기,사립,단국대학교(죽전),[학생부종합] 농어촌학생(정원외) 경쟁률 현황 (죽전),,사학과,2,12,6.0
경기,사립,단국대학교(죽전),[실기/실적위주] 실기우수자 경쟁률 현황 (죽전),,음악학부(관현악전공)-관악(목관)[플루트],2,12,6.0
경기,사립,단국대학교(죽전),[학생부종합] 사회적배려대상자 경쟁률 현황 (천안),,사회복지학과,2,12,6.0
경기,사립,단국대학교(죽전),[실기/실적위주] 체육특기자 경쟁률 현황 (천안),,국제스포츠학부(국제스포츠전공)(남)-농구(포워드),2,12,6.0
경기,사립,명지대학교(용인),학생부교과(만학도전형),,융합경영학전공,2,12,6.0
경기,사립,성결대학교,[학생부교과] 고른기회Ⅰ,예술대학,뷰티디자인학과,2,12,6.0
경기,사립,아주대학교,고른기회2전형,,첨단신소재공학과,2,12,6.0
경기,사립,아주대학교,고른기회2전형,,AI컴퓨터공학부,2,12,6.0
경기,사립,을지대학교(성남의정부),농어촌학생,,응급구조학과,2,12,6.0
경기,사립,을지대학교(성남의정부),농어촌학생,,자유전공학부(의정부),2,12,6.0
경기,사립,을지대학교(성남의정부),농어촌학생,,인문사회계열학부,2,12,6.0
서울,사립,경기대학교(서울),학생부종합(사회배려대상자전형),,"공공인재학부 / 행정학전공, 정치외교학전공",2,12,6.0
서울,사립,경희대학교(서울),서울캠퍼스 학생부종합(기회균형전형Ⅱ),자연계열,지리학과(자연),2,12,6.0
서울,사립,경희대학교(서울),국제캠퍼스 실기우수자전형(체육),체육계열,스포츠지도학과-축구(남)-D.F-센터백(CB),2,12,6.0
서울,사립,고려대학교(서울),서울캠퍼스 학생부종합(고른기회전형),문과대학,독어독문학과,2,12,6.0
서울,사립,고려대학교(서울),서울캠퍼스 학생부종합(고른기회전형),공과대학,산업경영공학부,2,12,6.0
서울,사립,고려대학교(서울),서울캠퍼스 학생부종합(고른기회전형),사범대학,가정교육과,2,12,6.0
서울,사립,명지대학교(서울),학생부교과(만학도전형),,융합경영학전공,2,12,6.0
서울,사립,상명대학교(서울),정원 내 학생부종합(기회균형전형),,생명화학공학부 / 생명공학전공,2,12,6.0
서울,사립,서울여자대학교,학생부종합(기회균형전형_농어촌학생)[정원외],사회과학대학,사회복지학과,2,12,6.0
서울,사립,서울여자대학교,학생부종합(기회균형전형_농어촌학생)[정원외],과학기술융합대학,바이오헬스융합학과,2,12,6.0
서울,사립,숭실대학교,학생부종합(SSU미래인재전형-서류형),,언론홍보학과,2,12,6.0
서울,사립,숭실대학교,학생부종합(SSU미래인재전형-서류형),,건축학부(실내건축전공),2,12,6.0
서울,사립,연세대학교(서울),학생부종합전형 (기회균형),이과대학,지구시스템과학과,2,12,6.0
서울,사립,한성대학교,특성화고교졸업자전형,AI디자인대학,AI패션학부,2,12,6.0
서울,사립,한양대학교(서울),학생부종합(고른기회),사범대학,교육공학과,2,12,6.0
서울,사립,한양대학교(서울),학생부종합(고른기회),사범대학,국어교육과,2,12,6.0
서울,사립,홍익대학교(서울),고른기회Ⅱ전형,경영대학,경영학부,2,12,6.0
서울,사립,홍익대학교(서울),농어촌학생전형,미술대학,디자인학부,2,12,6.0
인천,사립,가천대학교(인천),특성화고교 전형,인문계열,관광경영학과,2,12,6.0
인천,사립,가천대학교(인천),특성화고교 전형,자연계열,건축학부,2,12,6.0
인천,사립,가천대학교(인천),기회균형 전형,자연계열,건축학부,2,12,6.0
인천,국립,인천대학교,학생부교과(교과성적우수자),사범대학,윤리교육과,2,12,6.0
인천,국립,인천대학교,학생부종합(기회균형),인문대학,일본지역문화학과,2,12,6.0
인천,국립,인천대학교,학생부종합(기회균형),사회과학대학,문헌정보학과,2,12,6.0
인천,국립,인천대학교,학생부종합(기회균형),도시과학대학,도시공학과,2,12,6.0
인천,사립,인하대학교,학생부종합 고른기회,사회과학대학,미디어커뮤니케이션학과,2,12,6.0
대전,사립,을지대학교(대전),농어촌학생,,응급구조학과,2,12,6.0
대전,사립,을지대학교(대전),농어촌학생,,자유전공학부(의정부),2,12,6.0
대전,사립,을지대학교(대전),농어촌학생,,인문사회계열학부,2,12,6.0
충남,국립,국립공주대학교,학생부종합전형  특성화고교졸업자전형(정원외),천안공과대학,전기전자제어공학부,2,12,6.0
충남,사립,단국대학교(천안),[학생부종합] 농어촌학생(정원외) 경쟁률 현황 (죽전),,사학과,2,12,6.0
충남,사립,단국대학교(천안),[실기/실적위주] 실기우수자 경쟁률 현황 (죽전),,음악학부(관현악전공)-관악(목관)[플루트],2,12,6.0
충남,사립,단국대학교(천안),[학생부종합] 사회적배려대상자 경쟁률 현황 (천안),,사회복지학과,2,12,6.0
충남,사립,단국대학교(천안),[실기/실적위주] 체육특기자 경쟁률 현황 (천안),,국제스포츠학부(국제스포츠전공)(남)-농구(포워드),2,12,6.0
충남,사립,순천향대학교,[정원내] 학생부교과(기회균형전형),인문사회과학대학,유아교육과,2,12,6.0
충남,사립,호서대학교,- 정원내 학생부교과 기회균형전형,,간호학과,2,12,6.0
충북,국립,충북대학교,학생부종합(농어촌학생전형),공과대학,건축공학과,2,12,6.0
충북,국립,충북대학교,학생부종합(농어촌학생전형),전자정보대학,전자공학과,2,12,6.0
경기,사립,가천대학교(성남),농어촌(교과) 전형,자연계열,약학과,1,6,6.0
경기,사립,가천대학교(성남),실기우수자 전형,예체능계열,기악전공(Classic Guitar),1,6,6.0
경기,사립,가천대학교(성남),실기우수자 전형,예체능계열,기악전공(Clarinet),1,6,6.0
경기,사립,경희대학교(용인),국제캠퍼스 실기우수자전형(체육),체육계열,스포츠지도학과-럭비(남)-Prop(1),1,6,6.0
경기,사립,경희대학교(용인),국제캠퍼스 실기우수자전형(체육),체육계열,스포츠지도학과-럭비(남)-Lock,1,6,6.0
경기,사립,경희대학교(용인),국제캠퍼스 실기우수자전형(체육),체육계열,스포츠지도학과-럭비(남)-S.O.,1,6,6.0
경기,사립,단국대학교(죽전),[학생부종합] 특수교육대상자(정원외) 경쟁률 현황 (죽전),,사학과,1,6,6.0
경기,사립,단국대학교(죽전),[학생부종합] 기회균형선발 경쟁률 현황 (천안),,치위생학과,1,6,6.0
경기,사립,단국대학교(죽전),[실기/실적위주] 체육특기자 경쟁률 현황 (천안),,생활체육학과(여)-수영(경영),1,6,6.0
경기,사립,단국대학교(죽전),[실기/실적위주] 체육특기자 경쟁률 현황 (천안),,국제스포츠학부(국제스포츠전공)(남)-축구(GK),1,6,6.0
경기,사립,단국대학교(죽전),[실기/실적위주] 체육특기자 경쟁률 현황 (천안),,국제스포츠학부(국제스포츠전공)(남)-축구(MF-AM),1,6,6.0
경기,사립,명지대학교(용인),실기/실적(특기자전형),,배구(남) / 미들 블로커(MB),1,6,6.0
경기,사립,성균관대학교(수원),학생부종합(성균인재-지역인재),,"의예과 / 남양주권 - 구리시, 남양주시, 가평군, 양평군",1,6,6.0
경기,사립,성균관대학교(수원),실기/실적(예체능 특기자),,축구-측면수비수,1,6,6.0
경기,사립,아주대학교,고른기회1전형,,수학과,1,6,6.0
경기,사립,아주대학교,고른기회2전형,,심리학과,1,6,6.0
경기,사립,아주대학교,특수교육대상자전형(정원외),,심리학과,1,6,6.0
경기,사립,안양대학교(안양),학생부종합(고른기회),,행정학과,1,6,6.0
경기,사립,용인대학교,정원내 체육우수자 특별전형,체육과학대학,체육학과-스피드스케이팅,1,6,6.0
서울,사립,건국대학교(서울),학생부종합(기회균형),문과대학,철학과,1,6,6.0
서울,사립,건국대학교(서울),학생부종합(기회균형),문과대학,사학과,1,6,6.0
서울,사립,건국대학교(서울),학생부종합(기회균형),이과대학,물리학과,1,6,6.0
서울,사립,경희대학교(서울),국제캠퍼스 실기우수자전형(체육),체육계열,스포츠지도학과-럭비(남)-Prop(1),1,6,6.0
서울,사립,경희대학교(서울),국제캠퍼스 실기우수자전형(체육),체육계열,스포츠지도학과-럭비(남)-Lock,1,6,6.0
서울,사립,경희대학교(서울),국제캠퍼스 실기우수자전형(체육),체육계열,스포츠지도학과-럭비(남)-S.O.,1,6,6.0
서울,사립,고려대학교(서울),서울캠퍼스 학생부종합(고른기회전형),문과대학,한국사학과,1,6,6.0
서울,사립,고려대학교(서울),서울캠퍼스 실기/실적(특기자전형-체육교육과),사범대학,축구(DF)왼쪽,1,6,6.0
서울,사립,명지대학교(서울),실기/실적(특기자전형),,배구(남) / 미들 블로커(MB),1,6,6.0
서울,사립,삼육대학교,예체능인재전형(체육),,배구,1,6,6.0
서울,사립,상명대학교(서울),정원 내 실기/실적(실기전형),,관현악(금관)-트럼펫,1,6,6.0
서울,사립,상명대학교(서울),정원 내 실기/실적(실기전형),,관현악(금관)-테너트롬본/베이스트롬본,1,6,6.0
서울,사립,서경대학교,실기우수자 전형,,음악학부-관현악-관악(플룻),1,6,6.0
서울,사립,서경대학교,실기우수자 전형,,음악학부-관현악-관악(트럼본),1,6,6.0
서울,국립,서울과학기술대학교,기회균형전형(국가보훈대상자),공과대학,기계공학과,1,6,6.0
서울,국립,서울과학기술대학교,기회균형전형(국가보훈대상자),공과대학,신소재공학과,1,6,6.0
서울,국립,서울과학기술대학교,기회균형전형(국가보훈대상자),에너지바이오대학,안경광학과,1,6,6.0
서울,공립,서울시립대학교,사회공헌·통합전형,도시과학대학,공간정보공학과,1,6,6.0
서울,사립,서울여자대학교,실기/실적(실기우수자전형_체육),사회과학대학,유도,1,6,6.0
서울,사립,성공회대학교,사회기여자및배려대상자,,인문융합콘텐츠학부,1,6,6.0
서울,사립,성균관대학교(서울),학생부종합(성균인재-지역인재),,"의예과 / 남양주권 - 구리시, 남양주시, 가평군, 양평군",1,6,6.0
서울,사립,성균관대학교(서울),실기/실적(예체능 특기자),,축구-측면수비수,1,6,6.0
서울,사립,숙명여자대학교,[학생부종합] 기회균형전형,사회과학대학,사회심리학과,1,6,6.0
서울,사립,숭실대학교,학생부종합(특수교육대상자전형),,정치외교학과,1,6,6.0
서울,사립,숭실대학교,학생부종합(특수교육대상자전형),,언론홍보학과,1,6,6.0
서울,사립,연세대학교(서울),학생부종합전형 (기회균형),인공지능융합대학,모빌리티시스템전공,1,6,6.0
서울,사립,한양대학교(서울),실기/실적(음악특기자),음악대학,관현악과(오보에),1,6,6.0
서울,사립,한양대학교(서울),실기/실적(체육특기자),예술체육대학,스포츠산업과학부(스포츠매니지먼트전공)(농구(남)포워드),1,6,6.0
서울,사립,홍익대학교(서울),고른기회Ⅰ전형,공과대학,신소재·화공시스템공학부,1,6,6.0
서울,사립,홍익대학교(서울),기초생활수급자·차상위계층전형,공과대학,건설환경공학과,1,6,6.0
서울,사립,홍익대학교(서울),기초생활수급자·차상위계층전형,건축도시대학,건축학부 실내건축학전공,1,6,6.0
서울,사립,홍익대학교(서울),기초생활수급자·차상위계층전형,문과대학,국어국문학과,1,6,6.0
서울,사립,홍익대학교(서울),농어촌학생전형,미술대학,조소과,1,6,6.0
인천,사립,가천대학교(인천),농어촌(교과) 전형,자연계열,약학과,1,6,6.0
인천,사립,가천대학교(인천),실기우수자 전형,예체능계열,기악전공(Classic Guitar),1,6,6.0
인천,사립,가천대학교(인천),실기우수자 전형,예체능계열,기악전공(Clarinet),1,6,6.0
인천,사립,안양대학교(강화),학생부종합(고른기회),,행정학과,1,6,6.0
인천,국립,인천대학교,학생부교과(사회통합),사회과학대학,사회복지학과,1,6,6.0
인천,사립,인하대학교,학생부종합 지역의사선발,의과대학,"경기도 남양주권(구리시, 남양주시, 가평군, 양평군)",1,6,6.0
인천,사립,인하대학교,학생부종합 지역의사선발,의과대학,경기도 포천권(포천시),1,6,6.0
인천,사립,인하대학교,학생부종합 농어촌학생,예술체육대학,스포츠과학과,1,6,6.0
인천,사립,인하대학교,실기/실적 체육특기자,예술체육대학,배드민턴(남)개인복식,1,6,6.0
인천,사립,인하대학교,실기/실적 체육특기자,예술체육대학,탁구(남),1,6,6.0
대전,사립,건양대학교(대전),"기초생활수급자, 차상위계층, 한부모가족 지원대상자 전형",,심리상담치료학과 [교직],1,6,6.0
대전,국립,국립한밭대학교,특성화고교졸업자전형,,건설환경공학과,1,6,6.0
대전,국립,국립한밭대학교,사회적배려자전형,,일본어과,1,6,6.0
대전,국립,충남대학교,기회균형선발Ⅰ전형,사회과학대학,정치외교학과,1,6,6.0
대전,국립,충남대학교,기회균형선발Ⅰ전형,공과대학,신소재공학과,1,6,6.0
대전,국립,충남대학교,기회균형선발Ⅰ전형,공과대학,에너지공학과,1,6,6.0
대전,국립,충남대학교,기회균형선발Ⅰ전형,농업생명과학대학,동물자원생명과학과*,1,6,6.0
대전,국립,충남대학교,기회균형선발Ⅰ전형,생활과학대학,식품영양학과*,1,6,6.0
대전,국립,충남대학교,국가안보교과전형(국토안보학전공),국가안보융합학부,국토안보학전공(여자),1,6,6.0
대전,국립,충남대학교,학생부종합 서류전형,자연과학대학,정보통계학과,1,6,6.0
대전,국립,충남대학교,기회균형선발Ⅱ전형,사회과학대학,행정학부,1,6,6.0
대전,국립,충남대학교,특성화고출신자전형,사범대학,건설공학교육과,1,6,6.0
대전,국립,충남대학교,저소득층학생전형,농업생명과학대학,응용생물학과*,1,6,6.0
대전,국립,충남대학교,특수교육대상자전형,사회과학대학,사회복지학과,1,6,6.0
세종,사립,고려대학교(세종),학생부종합(기회균형전형),공공정책대학,정부행정학부,1,6,6.0
충남,사립,건양대학교(논산),"기초생활수급자, 차상위계층, 한부모가족 지원대상자 전형",,심리상담치료학과 [교직],1,6,6.0
충남,국립,국립공주대학교,학생부종합전형  특성화고교졸업자전형(정원외),천안공과대학,그린스마트건축공학과,1,6,6.0
충남,국립,국립공주대학교,학생부종합전형  장애인 등 대상자전형(정원외),인문사회과학대학,사회복지학과,1,6,6.0
충남,국립,국립공주대학교,학생부교과전형  농어촌학생전형(정원외),사범대학,지리교육과,1,6,6.0
충남,국립,국립공주대학교,학생부교과전형  농어촌학생전형(정원외),인문사회과학대학,독어독문학과,1,6,6.0
충남,국립,국립공주대학교,실기/실적전형  특성화고교졸업자전형(정원외),예술대학,만화애니메이션학부,1,6,6.0
충남,사립,단국대학교(천안),[학생부종합] 특수교육대상자(정원외) 경쟁률 현황 (죽전),,사학과,1,6,6.0
충남,사립,단국대학교(천안),[학생부종합] 기회균형선발 경쟁률 현황 (천안),,치위생학과,1,6,6.0
충남,사립,단국대학교(천안),[실기/실적위주] 체육특기자 경쟁률 현황 (천안),,생활체육학과(여)-수영(경영),1,6,6.0
충남,사립,단국대학교(천안),[실기/실적위주] 체육특기자 경쟁률 현황 (천안),,국제스포츠학부(국제스포츠전공)(남)-축구(GK),1,6,6.0
충남,사립,단국대학교(천안),[실기/실적위주] 체육특기자 경쟁률 현황 (천안),,국제스포츠학부(국제스포츠전공)(남)-축구(MF-AM),1,6,6.0
충남,사립,한국기술교육대학교,충남형 계약학과 (조기 취업형),,(주)엑시콘,1,6,6.0
충남,사립,호서대학교,- 정원외 학생부교과 조기취업형 계약학과,,SFA반도체,1,6,6.0
충북,사립,건국대학교(글로컬),[학생부교과] 사회통합,인문사회융합대학,경제통상학과,1,6,6.0
충북,사립,우석대학교(진천),학생부교과_지역인재(기회균형),약학대학,약학과(전주),1,6,6.0
충북,국립,충북대학교,학생부종합(농어촌학생전형),사범대학,역사교육과,1,6,6.0
충북,국립,충북대학교,학생부종합(농어촌학생전형),사범대학,윤리교육과,1,6,6.0
충북,국립,충북대학교,학생부종합(농어촌학생전형),사범대학,물리교육과,1,6,6.0
충북,국립,충북대학교,학생부교과(경제배려대상자전형),전자정보대학,전기공학부,1,6,6.0
충북,국립,충북대학교,학생부교과(특성화고출신자전형),공과대학,기계공학부,1,6,6.0
충북,국립,충북대학교,학생부교과(특성화고출신자전형),농업생명환경대학,축산학과,1,6,6.0
충북,국립,충북대학교,학생부교과(특성화고출신자전형),농업생명환경대학,원예과학과,1,6,6.0
충북,국립,한국교원대학교,지역인재 특별전형,,윤리교육과,1,6,6.0
인천,사립,인하대학교,논술 논술우수자,공과대학,기계공학과,23,139,6.04
충남,사립,한국기술교육대학교,논술전형,,메카트로닉스공학부,17,103,6.06
서울,사립,서강대학교,학생부종합(일반Ⅱ),,SCIENCE기반자유전공학부,15,91,6.07
서울,사립,서울여자대학교,학생부종합(바롬인재면접전형),사회과학대학,언론영상학부,14,85,6.07
경기,사립,성균관대학교(수원),학생부종합(탐구인재),,공학계열,40,243,6.08
서울,사립,성균관대학교(서울),학생부종합(탐구인재),,공학계열,40,243,6.08
서울,사립,삼육대학교,학교장추천전형,,체육학과(男),12,54,6.08
대전,사립,우송대학교,정원내 학생부 교과 - 교과중심 전형 (교과100% / 12과목 반영),보건복지대학,동물관리학부 / 토탈펫케어학과,11,67,6.09
충남,사립,백석대학교,정원내 모집 학생부 종합 창의인재,,보건학부 응급구조학과,11,67,6.09
서울,사립,서경대학교,실기우수자 전형,,스포츠앤테크놀로지학과,30,183,6.1
서울,사립,건국대학교(서울),학생부종합(KU자기추천),융합생명과학대학,환경생태과학부,20,122,6.1
서울,공립,서울시립대학교,학생부종합전형Ⅰ(면접형),도시과학대학,건축학부(건축학전공),20,122,6.1
경기,사립,성균관대학교(수원),학생부종합(탐구인재),,글로벌바이오메디컬공학과,10,61,6.1
서울,사립,고려대학교(서울),서울캠퍼스 학생부교과(학교추천전형),간호대학,간호학과,10,61,6.1
서울,사립,성균관대학교(서울),학생부종합(탐구인재),,글로벌바이오메디컬공학과,10,61,6.1
서울,사립,한양대학교(서울),학생부종합(서류형),공과대학,건축학부,10,61,6.1
충남,국립,국립공주대학교,학생부종합전형  일반전형(정원내),인문사회과학대학,행정학과,9,55,6.11
서울,사립,동덕여자대학교,실기우수자전형,예술대학,회화전공(서양화-인물수채화),16,78,6.13
서울,사립,연세대학교(서울),학생부종합전형 (기회균형),공과대학,기계공학부,8,49,6.13
경기,사립,한국외국어대학교(용인),학생부종합전형(면접형),,투어리즘 & 웰니스학부,7,43,6.14
서울,사립,한국외국어대학교(서울),학생부종합전형(면접형),,투어리즘 & 웰니스학부,7,43,6.14
서울,사립,동덕여자대학교,실기우수자전형,디자인이노베이션대학,시각실내디자인전공(시각디자인),20,123,6.15
서울,사립,고려대학교(서울),서울캠퍼스 학생부종합(계열적합전형),정보대학,인공지능학과,13,80,6.15
서울,사립,연세대학교(서울),학생부종합전형 (활동우수형),상경대학,경제학부,32,197,6.16
서울,사립,상명대학교(서울),정원 내 실기/실적(실기전형),,생활예술전공,30,185,6.17
서울,사립,광운대학교,학생부종합【광운참빛인재전형Ⅰ-면접형】,,미디어커뮤니케이션학부,12,74,6.17
서울,사립,숙명여자대학교,[학생부종합] 숙명인재(면접형)전형,글로벌서비스학부,글로벌협력전공,12,74,6.17
경기,사립,경기대학교(수원),학생부종합(기회균형선발전형),,기계시스템공학과,6,37,6.17
경기,사립,경기대학교(수원),학생부종합(기회균형선발전형),,"호텔외식경영학부 / 호텔경영전공, 외식·조리전공",6,37,6.17
경기,사립,명지대학교(용인),학생부종합(명지인재면접전형),,AI경영정보학과,6,37,6.17
서울,사립,경기대학교(서울),학생부종합(기회균형선발전형),,기계시스템공학과,6,37,6.17
서울,사립,경기대학교(서울),학생부종합(기회균형선발전형),,"호텔외식경영학부 / 호텔경영전공, 외식·조리전공",6,37,6.17
서울,사립,명지대학교(서울),학생부종합(명지인재면접전형),,AI경영정보학과,6,37,6.17
서울,사립,이화여자대학교,논술(논술전형),자연과학대학,통계학과,6,37,6.17
서울,사립,한양대학교(서울),학생부종합(서류형),인문과학대학,사학과,6,37,6.17
경기,사립,성균관대학교(수원),학생부종합(탐구인재),,글로벌경영학과,16,99,6.19
서울,사립,성균관대학교(서울),학생부종합(탐구인재),,글로벌경영학과,16,99,6.19
서울,사립,세종대학교,학생부종합(기회균형 전형),,경상호텔관광계열,15,93,6.2
경기,사립,성균관대학교(수원),학생부종합(탐구인재),,글로벌리더학부,10,62,6.2
서울,사립,고려대학교(서울),서울캠퍼스 학생부종합(계열적합전형),공과대학,차세대통신학과,10,62,6.2
서울,사립,서강대학교,학생부교과(지역균형),,전자공학과,10,62,6.2
서울,사립,성균관대학교(서울),학생부종합(탐구인재),,글로벌리더학부,10,62,6.2
서울,사립,광운대학교,학생부종합【특성화고졸업자전형】,,컴퓨터정보공학부,5,9,6.2
서울,사립,서경대학교,실기우수자 전형,,공연예술학부-무대기술(무대),5,31,6.2
서울,사립,세종대학교,논술(논술우수자 전형),공과,건축학과,5,31,6.2
서울,사립,이화여자대학교,학생부종합(미래인재전형-면접형),사범대학,과학교육과,5,31,6.2
서울,사립,한양대학교(서울),학생부종합(고른기회),한양YK인터칼리지,한양인터칼리지학부(자연),5,31,6.2
경기,사립,경기대학교(수원),학생부종합(KGU학생부종합전형),,"호텔외식경영학부 / 호텔경영전공, 외식·조리전공",14,87,6.21
서울,사립,경기대학교(서울),학생부종합(KGU학생부종합전형),,"호텔외식경영학부 / 호텔경영전공, 외식·조리전공",14,87,6.21
서울,사립,연세대학교(서울),학생부종합전형 (활동우수형),생활과학대학,식품영양학과,9,56,6.22
경기,사립,가천대학교(성남),논술 전형,인문계열,사회복지학과,12,75,6.25
인천,사립,가천대학교(인천),논술 전형,인문계열,사회복지학과,12,75,6.25
서울,사립,숙명여자대학교,[실기/실적] 예능창의인재전형,이과대학,무용과-발레,8,50,6.25
경기,사립,가톨릭대학교(부천),학생부종합(기회균형Ⅰ전형),,국제학부,4,25,6.25
경기,사립,을지대학교(성남의정부),기회균형(정원내),,간호학과(의정부),4,25,6.25
경기,사립,한국외국어대학교(용인),논술전형,,몽골학과,4,25,6.25
서울,사립,가톨릭대학교(서울),학생부종합(기회균형Ⅰ전형),,국제학부,4,25,6.25
서울,사립,삼육대학교,학교장추천전형,,상담심리학과,4,25,6.25
서울,사립,서경대학교,기회균형② 특별전형 - 특성화고교졸업자,,헤어디자인학과,4,25,6.25
서울,사립,연세대학교(서울),학생부종합전형 (활동우수형),사회과학대학,문화인류학과,4,25,6.25
서울,사립,한국외국어대학교(서울),논술전형,,몽골학과,4,25,6.25
서울,사립,한양대학교(서울),학생부종합(고른기회),경제금융대학,경제금융학부,4,25,6.25
대전,사립,을지대학교(대전),기회균형(정원내),,간호학과(의정부),4,25,6.25
충북,국립,충북대학교,학생부종합(학생부종합Ⅱ전형),사회과학대학,심리학과,4,25,6.25
충북,국립,충북대학교,학생부종합(학생부종합Ⅱ전형),농업생명환경대학,산림학과,4,25,6.25
서울,사립,연세대학교(서울),학생부종합전형 (활동우수형),공과대학,신소재공학부,19,119,6.26
서울,사립,연세대학교(서울),학생부종합전형 (국제인재),언더우드국제대학,언더우드학부(인문·사회),110,690,6.27
서울,사립,건국대학교(서울),학생부종합(KU자기추천),문과대학,철학과,15,94,6.27
서울,사립,연세대학교(서울),학생부종합전형 (활동우수형),경영대학,경영학과,40,251,6.28
서울,사립,건국대학교(서울),논술(KU논술우수자),공과대학,생물공학과,7,44,6.29
서울,사립,한양대학교(서울),학생부종합(서류형),간호대학,간호학과,7,44,6.29
인천,사립,인하대학교,논술 논술우수자,사회과학대학,정치외교학과,7,44,6.29
경기,국립,한경국립대학교,학생부교과(일반전형_안성)_정원내,,경영학과,10,63,6.3
서울,사립,광운대학교,논술【논술우수자전형】,,전자공학과,13,82,6.31
경기,사립,가천대학교(성남),논술 전형,자연계열,생명과학과,15,95,6.33
경기,사립,수원대학교,고교추천전형,인문사회융합대학,인문사회융합대학,15,95,6.33
인천,사립,가천대학교(인천),논술 전형,자연계열,생명과학과,15,95,6.33
경기,사립,가천대학교(성남),가천바람개비 전형,자연계열,식품생명공학과,6,38,6.33
서울,사립,세종대학교,학생부종합(세종인재 전형(면접형)),공과,우주항공시스템공학부-우주항공공학전공,6,38,6.33
서울,사립,숭실대학교,학생부종합(SSU미래인재전형-서류형),,신소재공학과,6,38,6.33
서울,사립,연세대학교(서울),학생부종합전형 (활동우수형),이과대학,대기과학과,6,38,6.33
서울,사립,한양대학교(서울),학생부종합(면접형),공과대학,데이터사이언스학부,6,38,6.33
인천,사립,가천대학교(인천),가천바람개비 전형,자연계열,식품생명공학과,6,38,6.33
충남,국립,국립공주대학교,실기/실적전형  일반전형(정원내),예술대학,영상학과,6,38,6.33
경기,사립,가톨릭대학교(부천),학생부종합(기회균형Ⅰ전형),,영어영문학부,3,19,6.33
경기,사립,명지대학교(용인),학생부종합(사회적배려대상자전형),,미디어·휴먼라이프대학 / 디지털미디어학부,3,19,6.33
서울,사립,가톨릭대학교(서울),학생부종합(기회균형Ⅰ전형),,영어영문학부,3,19,6.33
서울,사립,건국대학교(서울),학생부종합(기회균형),건축대학,건축학부,3,19,6.33
서울,사립,고려대학교(서울),서울캠퍼스 학생부종합(고른기회전형),간호대학,간호학과,3,19,6.33
서울,사립,명지대학교(서울),학생부종합(사회적배려대상자전형),,미디어·휴먼라이프대학 / 디지털미디어학부,3,19,6.33
서울,사립,상명대학교(서울),정원 내 학생부종합(상명인재전형),,의류학과,3,19,6.33
서울,사립,상명대학교(서울),정원 내 논술(논술전형),,공간환경학부,3,19,6.33
서울,사립,숙명여자대학교,[논술] 논술우수자전형,문과대학,일본학과,3,19,6.33
서울,사립,이화여자대학교,학생부종합(미래인재전형-면접형),사회과학대학,경제학과,3,19,6.33
인천,국립,인천대학교,학생부교과(교과성적우수자),사회과학대학,미디어커뮤니케이션학과,3,19,6.33
인천,국립,인천대학교,학생부교과(교과성적우수자),사회과학대학,문헌정보학과,3,19,6.33
인천,국립,인천대학교,학생부교과(지역균형),사회과학대학,문헌정보학과,3,19,6.33
인천,사립,인하대학교,학생부종합 농어촌학생,공과대학,항공우주공학과,3,19,6.33
대전,사립,우송대학교,정원내 학생부 교과 - 교과중심 전형 (교과100% / 12과목 반영),외식조리대학,글로벌제과제빵학과,3,19,6.33
대전,사립,우송대학교,정원내 학생부 교과 - 교과중심 전형 (교과100% / 12과목 반영),보건복지대학,간호학과,3,19,6.33
충남,국립,국립공주대학교,학생부교과전형  일반전형(정원내),사범대학,역사교육과,3,19,6.33
충북,사립,청주대학교,정원내 일반전형 [교과100%],보건의료과학대학,방사선학과 / 최근3년 연속 방사선사 국가시험100%!공시 취업률 및 유지률94.4%/100%!국내 최초AI시뮬레이션MRI설치! 국내 빅5병원 임상실습·취업!,3,19,6.33
서울,사립,건국대학교(서울),학생부종합(KU자기추천),상허교양대학,KU자유전공학부,183,1163,6.36
경기,사립,명지대학교(용인),학생부종합(명지인재면접전형),,인문캠퍼스(서울) 소계,203,1296,6.38
서울,사립,명지대학교(서울),학생부종합(명지인재면접전형),,인문캠퍼스(서울) 소계,203,1296,6.38
경기,사립,을지대학교(성남의정부),EU면접형,,방사선학과,8,51,6.38
경기,사립,한신대학교,참인재,휴먼서비스계열,사회복지학,8,51,6.38
대전,사립,을지대학교(대전),EU면접형,,방사선학과,8,51,6.38
충남,국립,국립공주대학교,학생부종합전형  일반전형(정원내),산업과학대학,식품영양학과,8,51,6.38
경기,사립,명지대학교(용인),학생부교과(교과면접전형),,청소년지도·아동학부 / 청소년지도학전공,5,32,6.4
경기,사립,명지대학교(용인),학생부종합(명지인재서류전형),,미술사·역사학전공,5,32,6.4
경기,사립,한세대학교,한세인재 - 서류 100%,,디자인학부,5,32,6.4
서울,사립,광운대학교,논술【논술우수자전형】,,행정학과,5,32,6.4
서울,사립,명지대학교(서울),학생부교과(교과면접전형),,청소년지도·아동학부 / 청소년지도학전공,5,32,6.4
서울,사립,명지대학교(서울),학생부종합(명지인재서류전형),,미술사·역사학전공,5,32,6.4
대전,사립,건양대학교(대전),농어촌학생전형,,응급구조학과,5,32,6.4
충남,사립,건양대학교(논산),농어촌학생전형,,응급구조학과,5,32,6.4
충남,사립,나사렛대학교,창의융합인재(학생부종합-서류형/면접형/실기위주),,재활자립학과,5,32,6.4
충북,사립,세명대학교,SMU의료인재전형(정원내),자연과학,한의예과,5,32,6.4
경기,사립,한국외국어대학교(용인),논술전형,,독일어과,12,77,6.42
서울,사립,한국외국어대학교(서울),논술전형,,독일어과,12,77,6.42
서울,사립,숙명여자대학교,[실기/실적] 예능창의인재전형,미술대학,회화과-한국화,7,45,6.43
경기,사립,경희대학교(용인),국제캠퍼스 학생부종합(네오르네상스전형),자연계열,환경학및환경공학과,9,58,6.44
서울,사립,경희대학교(서울),국제캠퍼스 학생부종합(네오르네상스전형),자연계열,환경학및환경공학과,9,58,6.44
서울,사립,삼육대학교,세움인재전형,,항공관광외국어학부,22,142,6.45
경기,사립,수원대학교,실기우수자전형,디자인앤아트대학,디자인학부 패션디자인 / 발상과표현,20,17,6.45
경기,사립,안양대학교(안양),학생부교과(아리학생부교과),,뷰티메디컬디자인학과,13,84,6.46
인천,사립,안양대학교(강화),학생부교과(아리학생부교과),,뷰티메디컬디자인학과,13,84,6.46
충남,사립,한국기술교육대학교,논술전형,,기계공학부,19,123,6.47
서울,사립,숭실대학교,실기/실적(예체능우수인재전형) 연출,,예술창작학부(영화예술전공),22,143,6.5
충북,사립,세명대학교,지역인재(일반)전형(정원내),자연과학,한의예과,16,104,6.5
경기,사립,가천대학교(성남),논술 전형,인문계열,패션산업학과,12,78,6.5
서울,사립,숭실대학교,학생부종합(SSU미래인재전형-면접형),,법학과,12,78,6.5
인천,사립,가천대학교(인천),논술 전형,인문계열,패션산업학과,12,78,6.5
충남,사립,순천향대학교,[정원내] 학생부교과(교과우수자전형),의과대학,의예과,12,78,6.5
서울,사립,숭실대학교,학생부종합(SSU미래인재전형-면접형),,벤처중소기업학과,8,52,6.5
경기,사립,가천대학교(성남),지역균형 전형,자연계열,물리치료학과,6,39,6.5
경기,사립,가톨릭대학교(부천),학생부종합(잠재능력우수자면접전형),,중국언어문화학과,6,39,6.5
경기,사립,단국대학교(죽전),[학생부종합] DKU인재(면접형) 경쟁률 현황 (죽전),,행정학과,6,39,6.5
경기,사립,수원대학교,고교추천전형,지능형SW융합대학,AI데이터과학부,6,39,6.5
경기,국립,한경국립대학교,학생부교과(일반전형_안성)_정원내,,영미언어문화학과,6,39,6.5
서울,사립,가톨릭대학교(서울),학생부종합(잠재능력우수자면접전형),,중국언어문화학과,6,39,6.5
서울,사립,고려대학교(서울),서울캠퍼스 학생부종합(학업우수전형),사범대학,역사교육과,6,39,6.5
서울,사립,광운대학교,학생부종합【광운참빛인재전형Ⅱ-서류형】,,동북아문화산업학부,6,39,6.5
서울,사립,광운대학교,논술【논술우수자전형】,,동북아문화산업학부,6,39,6.5
인천,사립,가천대학교(인천),지역균형 전형,자연계열,물리치료학과,6,39,6.5
충남,사립,단국대학교(천안),[학생부종합] DKU인재(면접형) 경쟁률 현황 (죽전),,행정학과,6,39,6.5
경기,사립,한국외국어대학교(용인),논술전형,,베트남학과,4,26,6.5
서울,사립,건국대학교(서울),논술(KU논술우수자),이과대학,화학과,4,26,6.5
서울,사립,상명대학교(서울),정원 내 논술(논술전형),,행정학부,4,26,6.5
서울,사립,서강대학교,학생부종합(기회균형),,생명과학과,4,26,6.5
서울,공립,서울시립대학교,논술전형,도시과학대학,교통공학과,4,26,6.5
서울,사립,서울여자대학교,학생부종합(바롬인재면접전형),인문대학,사학과,4,26,6.5
서울,사립,이화여자대학교,논술(논술전형),공과대학,건축도시시스템공학과,4,26,6.5
서울,사립,한국외국어대학교(서울),논술전형,,베트남학과,4,26,6.5
서울,사립,홍익대학교(서울),학교생활우수자전형,사범대학,역사교육과,4,26,6.5
대전,국립,충남대학교,학생부종합 면접전형,공과대학,항공우주공학과,4,26,6.5
충북,사립,건국대학교(글로컬),[학생부종합] Cogito자기추천,의과대학,의예과,4,26,6.5
경기,사립,가천대학교(성남),특성화고교 전형,자연계열,전기공학과,2,13,6.5
경기,사립,가천대학교(성남),기회균형 전형,자연계열,도시계획·조경학부,2,13,6.5
경기,사립,가천대학교(성남),농어촌(종합) 전형,자연계열,치위생학과,2,13,6.5
경기,사립,가톨릭대학교(부천),학생부종합(가톨릭지도자추천전형),,일어일본문화학과,2,13,6.5
경기,사립,가톨릭대학교(부천),학생부종합(가톨릭지도자추천전형),,미디어기술콘텐츠학과,2,13,6.5
경기,사립,경기대학교(수원),학생부종합(사회배려대상자전형),,사회복지·청소년학과,2,13,6.5
경기,사립,경희대학교(용인),국제캠퍼스 논술우수자전형,인문계열,한국어학과,2,13,6.5
경기,사립,경희대학교(용인),국제캠퍼스 실기우수자전형(체육),체육계열,스포츠지도학과-야구(남)-내야수(유격수),2,13,6.5
경기,사립,안양대학교(안양),학생부교과(특성화고교졸업자),,디지털미디어디자인학과,2,13,6.5
경기,사립,용인대학교,정원내 기회균형 특별전형,인문사회융합대학,경찰행정학과,2,13,6.5
경기,사립,한신대학교,특성화고교졸업자,문화콘텐츠계열,디지털영상문화콘텐츠학,2,13,6.5
경기,사립,한양대학교(ERICA),학생부종합(고른기회),커뮤니케이션&컬처대학,문화콘텐츠학과,2,13,6.5
서울,사립,가톨릭대학교(서울),학생부종합(가톨릭지도자추천전형),,일어일본문화학과,2,13,6.5
서울,사립,가톨릭대학교(서울),학생부종합(가톨릭지도자추천전형),,미디어기술콘텐츠학과,2,13,6.5
서울,사립,경기대학교(서울),학생부종합(사회배려대상자전형),,사회복지·청소년학과,2,13,6.5
서울,사립,경희대학교(서울),국제캠퍼스 논술우수자전형,인문계열,한국어학과,2,13,6.5
서울,사립,경희대학교(서울),국제캠퍼스 실기우수자전형(체육),체육계열,스포츠지도학과-야구(남)-내야수(유격수),2,13,6.5
서울,사립,고려대학교(서울),서울캠퍼스 학생부종합(고른기회전형),문과대학,사학과,2,13,6.5
서울,사립,고려대학교(서울),서울캠퍼스 학생부종합(고른기회전형),문과대학,서어서문학과,2,13,6.5
서울,사립,고려대학교(서울),서울캠퍼스 학생부종합(고른기회전형),사범대학,국어교육과,2,13,6.5
서울,사립,고려대학교(서울),서울캠퍼스 실기/실적(특기자전형-체육교육과),사범대학,축구(DF)중앙,2,13,6.5
서울,사립,고려대학교(서울),서울캠퍼스 실기/실적(특기자전형-체육교육과),사범대학,럭비(F.B),2,13,6.5
서울,사립,고려대학교(서울),서울캠퍼스 실기/실적(특기자전형-체육교육과),사범대학,아이스하키(DF),2,13,6.5
서울,사립,삼육대학교,농어촌전형,,동물자원과학과,2,13,6.5
서울,사립,삼육대학교,특수교육대상자전형,,사회복지학과,2,13,6.5
서울,사립,상명대학교(서울),정원 내 학생부종합(기회균형전형),,식품영양학전공,2,13,6.5
서울,사립,서강대학교,학생부종합(서강가치),,생명과학과,2,13,6.5
서울,사립,서강대학교,학생부종합(서강가치),,전자공학과,2,13,6.5
서울,사립,서강대학교,학생부종합(서강가치),,화공생명공학과,2,13,6.5
서울,공립,서울시립대학교,사회공헌·통합전형,도시과학대학,도시행정학과,2,13,6.5
서울,사립,성신여자대학교,기회균형Ⅰ,,뷰티산업학과,2,13,6.5
서울,사립,연세대학교(서울),학생부종합전형 (기회균형),문과대학,불어불문학과,2,13,6.5
서울,사립,연세대학교(서울),특기자전형 (체육인재),교육과학대학,아이스하키 : 디펜스,2,13,6.5
인천,사립,가천대학교(인천),특성화고교 전형,자연계열,전기공학과,2,13,6.5
인천,사립,가천대학교(인천),기회균형 전형,자연계열,도시계획·조경학부,2,13,6.5
인천,사립,가천대학교(인천),농어촌(종합) 전형,자연계열,치위생학과,2,13,6.5
인천,사립,안양대학교(강화),학생부교과(특성화고교졸업자),,디지털미디어디자인학과,2,13,6.5
인천,국립,인천대학교,학생부종합(기회균형),생명과학기술대학,생명공학부 생명공학전공,2,13,6.5
인천,사립,인하대학교,학생부종합 농어촌학생,공과대학,환경공학과,2,13,6.5
대전,국립,충남대학교,학생부종합 면접전형,사범대학,교육학과,2,13,6.5
대전,국립,충남대학교,학생부종합 서류전형,수의과대학,수의예과,2,13,6.5
대전,국립,충남대학교,농어촌학생전형,생활과학대학,의류학과,2,13,6.5
대전,국립,충남대학교,농어촌학생전형,간호대학,간호학과*,2,13,6.5
충남,국립,국립공주대학교,학생부교과전형  농어촌학생전형(정원외),사범대학,한문교육과,2,13,6.5
충남,국립,국립공주대학교,학생부교과전형  농어촌학생전형(정원외),사범대학,음악교육과,2,13,6.5
충남,국립,국립공주대학교,학생부교과전형  농어촌학생전형(정원외),간호보건대학,응급구조학과,2,13,6.5
충북,사립,건국대학교(글로컬),[학생부교과] 농어촌학생(정원외),의과대학,의예과,2,13,6.5
충북,사립,건국대학교(글로컬),[학생부교과] 기초생활 및 차상위(정원외),인문사회융합대학,경찰학과,2,13,6.5
충북,사립,건국대학교(글로컬),[학생부교과] 기초생활 및 차상위(정원외),의료생명대학,간호학과,2,13,6.5
서울,사립,고려대학교(서울),서울캠퍼스 학생부종합(학업우수전형),문과대학,영어영문학과,21,137,6.52
경기,사립,가천대학교(성남),논술 전형,인문계열,법과대학,46,301,6.54
인천,사립,가천대학교(인천),논술 전형,인문계열,법과대학,46,301,6.54
서울,사립,한양대학교(서울),학생부종합(면접형),공과대학,컴퓨터소프트웨어학부,13,85,6.54
경기,사립,가천대학교(성남),논술 전형,자연계열,기계공학부,56,367,6.55
인천,사립,가천대학교(인천),논술 전형,자연계열,기계공학부,56,367,6.55
경기,사립,가천대학교(성남),실기우수자 전형,예체능계열,기악전공(Piano),9,59,6.56
서울,사립,고려대학교(서울),서울캠퍼스 학생부종합(학업우수전형),문과대학,사학과,9,59,6.56
인천,사립,가천대학교(인천),실기우수자 전형,예체능계열,기악전공(Piano),9,59,6.56
서울,사립,상명대학교(서울),정원 내 학생부종합(기회균형전형),,경영학부,7,46,6.57
서울,사립,고려대학교(서울),서울캠퍼스 학생부종합(계열적합전형),경영대학,경영학과,48,316,6.58
경기,사립,단국대학교(죽전),[논술위주] 논술우수자 경쟁률 현황 (죽전),,경영학부,17,112,6.59
충남,사립,단국대학교(천안),[논술위주] 논술우수자 경쟁률 현황 (죽전),,경영학부,17,112,6.59
충남,사립,상명대학교(천안),정원내 학생부교과(학생부교과전형),,자유전공(인문사회계열),17,112,6.59
서울,사립,연세대학교(서울),학생부종합전형 (국제인재),언더우드국제대학,언더우드학부(생명과학공학),10,66,6.6
경기,사립,가천대학교(성남),기회균형 전형,인문계열,AI인문대학,5,33,6.6
서울,공립,서울시립대학교,고교추천전형,공과대학,기계정보공학과,5,33,6.6
서울,사립,세종대학교,논술(논술우수자 전형),공과,우주항공시스템공학부-우주항공공학전공,5,33,6.6
인천,사립,가천대학교(인천),기회균형 전형,인문계열,AI인문대학,5,33,6.6
서울,사립,건국대학교(서울),학생부종합(KU자기추천),융합생명과학대학,첨단바이오공학부,18,119,6.61
경기,사립,가천대학교(성남),논술 전형,인문계열,AI인문대학,73,484,6.63
인천,사립,가천대학교(인천),논술 전형,인문계열,AI인문대학,73,484,6.63
경기,사립,아주대학교,논술우수자전형,,첨단신소재공학과,8,53,6.63
경기,사립,용인대학교,정원내 일반학생 전형,문화예술대학,실용음악과-기악-피아노,8,11,6.63
서울,사립,숙명여자대학교,[학생부종합] 숙명인재(면접형)전형,미디어학부,미디어학부,8,53,6.63
대전,국립,충남대학교,지역의사선발전형(광역권),의과대학,의예과(지역의사선발-광역권),8,53,6.63
충남,사립,백석대학교,정원외 모집 학생부 교과 기초생활수급자 및 차상위계층,,관광학부 항공서비스,8,53,6.63
서울,사립,고려대학교(서울),서울캠퍼스 학생부종합(고른기회전형),공과대학,전기전자공학부,14,93,6.64
서울,사립,서울여자대학교,실기/실적(실기우수자전형_미술),아트앤디자인스쿨,시각디자인전공,12,80,6.67
서울,사립,상명대학교(서울),정원 내 실기/실적(실기전형),,무용예술전공(한국무용),9,60,6.67
경기,사립,가천대학교(성남),지역균형 전형,자연계열,방사선학과,6,40,6.67
경기,사립,명지대학교(용인),학생부종합(명지인재서류전형),,아시아·중동어문학부 / 중어중문학전공,6,40,6.67
서울,사립,고려대학교(서울),서울캠퍼스 학생부종합(고른기회전형),정경대학,경제학과,6,40,6.67
서울,사립,명지대학교(서울),학생부종합(명지인재서류전형),,아시아·중동어문학부 / 중어중문학전공,6,40,6.67
서울,사립,세종대학교,학생부종합(사회기여 및 배려자 전형),,자연생명계열,6,40,6.67
인천,사립,가천대학교(인천),지역균형 전형,자연계열,방사선학과,6,40,6.67
대전,사립,우송대학교,정원내 학생부 종합 - 종합서류형 전형 (면접X),외식조리대학,외식조리학부 / 외식조리전공,6,40,6.67
충남,사립,상명대학교(천안),정원내 학생부종합(상명인재전형),,문화예술경영전공,6,40,6.67
경기,사립,가톨릭대학교(부천),학생부종합(기회균형Ⅰ전형),,중국언어문화학과,3,20,6.67
경기,사립,경희대학교(용인),서울캠퍼스 학생부종합[기회균형전형Ⅰ(국가보훈·농어촌·수급자·자립아동 등)],인문계열,미디어학과,3,20,6.67
경기,사립,단국대학교(죽전),[실기/실적위주] 체육특기자 경쟁률 현황 (천안),,국제스포츠학부(국제스포츠전공)-골프,3,20,6.67
서울,사립,가톨릭대학교(서울),학생부종합(기회균형Ⅰ전형),,중국언어문화학과,3,20,6.67
서울,사립,건국대학교(서울),학생부종합(기회균형),공과대학,화공·생명·에너지공학부,3,20,6.67
서울,사립,건국대학교(서울),논술(KU논술우수자),문과대학,중어중문학과,3,20,6.67
서울,사립,경희대학교(서울),서울캠퍼스 학생부종합[기회균형전형Ⅰ(국가보훈·농어촌·수급자·자립아동 등)],인문계열,미디어학과,3,20,6.67
서울,사립,광운대학교,학생부종합【농어촌학생전형】,,경영학부 경영학전공,3,15,6.67
서울,사립,상명대학교(서울),정원 내 논술(논술전형),,한일문화콘텐츠전공,3,20,6.67
서울,사립,성신여자대학교,기회균형Ⅰ,,미디어커뮤니케이션학과,3,20,6.67
대전,국립,충남대학교,일반전형,사범대학,영어교육과,3,20,6.67
대전,국립,충남대학교,학생부종합 서류전형,인문대학,불어불문학과*,3,20,6.67
충남,국립,국립공주대학교,학생부교과전형  농어촌학생전형(정원외),간호보건대학,간호학과,3,20,6.67
충남,사립,단국대학교(천안),[실기/실적위주] 체육특기자 경쟁률 현황 (천안),,국제스포츠학부(국제스포츠전공)-골프,3,20,6.67
서울,사립,성신여자대학교,일반학생,,디자인과 / 소묘,16,29,6.69
대전,국립,충남대학교,학생부종합 면접전형,자연과학대학,스포츠과학과,10,67,6.7
서울,사립,연세대학교(서울),학생부종합전형 (활동우수형),공과대학,디스플레이융합공학과,14,94,6.71
서울,사립,세종대학교,논술(논술우수자 전형),자연과학,물리천문학과,7,47,6.71
서울,사립,연세대학교(서울),학생부종합전형 (활동우수형),공과대학,도시공학과,7,47,6.71
서울,사립,덕성여자대학교,미술실기전형[실기/실적위주],,인체수채화,18,121,6.72
서울,사립,숭실대학교,학생부종합(SSU미래인재전형-면접형),,신소재공학과,18,121,6.72
서울,사립,세종대학교,논술(논술우수자 전형),대양휴머니티칼리지,자유전공학부,71,478,6.73
경기,사립,가천대학교(성남),논술 전형,인문계열,경제학과,15,101,6.73
인천,사립,가천대학교(인천),논술 전형,인문계열,경제학과,15,101,6.73
서울,사립,숭실대학교,논술(논술우수자전형),,화학공학과,12,81,6.75
경기,사립,한국외국어대학교(용인),논술전형,,중국외교통상학부,8,54,6.75
서울,사립,고려대학교(서울),서울캠퍼스 학생부종합(학업우수전형),심리학부,심리학부,8,54,6.75
서울,사립,한국외국어대학교(서울),논술전형,,중국외교통상학부,8,54,6.75
충남,국립,국립공주대학교,학생부교과전형  일반전형(정원내),사범대학,국어교육과,8,54,6.75
서울,사립,상명대학교(서울),정원 내 논술(논술전형),,글로벌경영학과,4,27,6.75
서울,사립,서강대학교,학생부종합(일반Ⅰ),,게페르트국제학부,4,27,6.75
서울,사립,한양대학교(서울),학생부교과(추천형),공과대학,에너지공학과,4,27,6.75
서울,사립,홍익대학교(서울),논술전형,문과대학,독어독문학과,4,27,6.75
충북,국립,충북대학교,학생부종합(학생부종합Ⅰ전형),생활과학대학,식품영양학과,4,27,6.75
서울,사립,한양대학교(서울),학생부종합(서류형),공과대학,컴퓨터소프트웨어학부,13,88,6.77
서울,사립,고려대학교(서울),서울캠퍼스 학생부종합(학업우수전형),정경대학,행정학과,14,95,6.79
서울,사립,서경대학교,실기우수자 전형,,코스메틱뷰티매니지먼트학과,30,204,6.8
경기,사립,가천대학교(성남),논술 전형,자연계열,전기공학과,20,136,6.8
인천,사립,가천대학교(인천),논술 전형,자연계열,전기공학과,20,136,6.8
경기,사립,한국외국어대학교(용인),학생부종합전형(면접형),,글로벌스포츠산업학부,10,68,6.8
서울,사립,한국외국어대학교(서울),학생부종합전형(면접형),,글로벌스포츠산업학부,10,68,6.8
서울,사립,숙명여자대학교,[학생부종합] 숙명인재(면접형)전형,사회과학대학,사회심리학과,5,34,6.8
서울,사립,연세대학교(서울),학생부종합전형 (국제형(해외고/검정고시)),언더우드국제대학,언더우드학부(생명과학공학),5,34,6.8
충남,국립,국립공주대학교,학생부종합전형  일반전형(정원내),산업과학대학,수산생명의학과,5,34,6.8
충남,사립,백석대학교,정원내 모집 실기위주 (예·체능계열) 지역인재(실기),,스포츠과학부,5,34,6.8
충북,국립,충북대학교,학생부종합(학생부종합Ⅰ전형),농업생명환경대학,산림학과,5,34,6.8
경기,사립,수원대학교,실기우수자전형,디자인앤아트대학,디자인학부 공예디자인 / 발상과표현,17,17,6.82
경기,사립,단국대학교(죽전),[실기/실적위주] 실기우수자 경쟁률 현황 (천안),,미술학부[조소전공],11,75,6.82
충남,사립,단국대학교(천안),[실기/실적위주] 실기우수자 경쟁률 현황 (천안),,미술학부[조소전공],11,75,6.82
경기,사립,한양대학교(ERICA),학생부종합(면접형),LIONS칼리지,LIONS자율전공학부(전계열),60,410,6.83
서울,사립,광운대학교,학생부종합【광운참빛인재전형Ⅰ-면접형】,,국제학부,6,41,6.83
서울,사립,한양대학교(서울),학생부종합(서류형),예술체육대학,스포츠산업과학부(스포츠사이언스전공),6,41,6.83
대전,국립,충남대학교,일반전형,사회과학대학,문헌정보학과*,6,41,6.83
경기,사립,성균관대학교(수원),학생부종합(과학인재),,반도체시스템공학과,25,171,6.84
서울,사립,성균관대학교(서울),학생부종합(과학인재),,반도체시스템공학과,25,171,6.84
서울,사립,연세대학교(서울),학생부종합전형 (활동우수형),공과대학,전기전자공학부,34,233,6.85
경기,사립,성균관대학교(수원),학생부종합(탐구인재),,약학과,20,137,6.85
서울,사립,성균관대학교(서울),학생부종합(탐구인재),,약학과,20,137,6.85
충남,사립,백석대학교,정원내 모집 실기위주 (예·체능계열) 일반실기,,문화예술학부 연기·뮤지컬,50,343,6.86
경기,사립,명지대학교(용인),학생부종합(명지인재면접전형),,법학과,14,96,6.86
서울,사립,명지대학교(서울),학생부종합(명지인재면접전형),,법학과,14,96,6.86
경기,사립,단국대학교(죽전),[실기/실적위주] 실기우수자 경쟁률 현황 (천안),,뉴뮤직학부(재즈퍼포먼스전공)-재즈피아노,7,48,6.86
충남,사립,단국대학교(천안),[실기/실적위주] 실기우수자 경쟁률 현황 (천안),,뉴뮤직학부(재즈퍼포먼스전공)-재즈피아노,7,48,6.86
서울,사립,서울여자대학교,학생부종합(바롬인재면접전형),사회과학대학,사회복지학과,8,55,6.88
경기,사립,경희대학교(용인),국제캠퍼스 논술우수자전형,자연계열,신소재공학과,9,62,6.89
서울,사립,경희대학교(서울),국제캠퍼스 논술우수자전형,자연계열,신소재공학과,9,62,6.89
서울,사립,연세대학교(서울),학생부종합전형 (국제형(해외고/검정고시)),언더우드국제대학,융합인문사회과학부(HASS),20,138,6.9
경기,사립,용인대학교,정원내 일반학생 전형,무도대학,체능 / 유도학과,34,235,6.91
인천,사립,인하대학교,논술 논술우수자,공과대학,전기전자공학부,34,235,6.91
경기,사립,단국대학교(죽전),[실기/실적위주] 실기우수자 경쟁률 현황 (죽전),,음악학부(피아노전공),11,76,6.91
충남,사립,단국대학교(천안),[실기/실적위주] 실기우수자 경쟁률 현황 (죽전),,음악학부(피아노전공),11,76,6.91
서울,사립,한양대학교(서울),학생부종합(서류형),자연과학대학,생명과학과,13,90,6.92
서울,사립,이화여자대학교,학생부종합(미래인재전형-서류형),사범대학,초등교육과,12,83,6.92
경기,사립,경희대학교(용인),서울캠퍼스 학생부종합(네오르네상스전형),자연계열,생물학과,16,112,7.0
서울,사립,경희대학교(서울),서울캠퍼스 학생부종합(네오르네상스전형),자연계열,생물학과,16,112,7.0
경기,사립,성균관대학교(수원),학생부종합(탐구인재),,바이오신약·규제과학과,12,84,7.0
서울,공립,서울시립대학교,학생부종합전형Ⅰ(면접형),도시과학대학,도시행정학과,12,84,7.0
서울,사립,성균관대학교(서울),학생부종합(탐구인재),,바이오신약·규제과학과,12,84,7.0
경기,사립,성균관대학교(수원),학생부종합(융합인재),,컴퓨터공학과,10,70,7.0
서울,사립,성균관대학교(서울),학생부종합(융합인재),,컴퓨터공학과,10,70,7.0
경기,사립,경희대학교(용인),국제캠퍼스 논술우수자전형,자연계열,원자력공학과,8,56,7.0
서울,사립,경희대학교(서울),국제캠퍼스 논술우수자전형,자연계열,원자력공학과,8,56,7.0
경기,국립,한경국립대학교,학생부종합(잠재력우수자_안성)_정원내,,복지상담학과,6,42,7.0
서울,사립,고려대학교(서울),서울캠퍼스 학생부종합(계열적합전형),문과대학,서어서문학과,6,42,7.0
서울,사립,고려대학교(서울),서울캠퍼스 학생부종합(계열적합전형),정보대학,데이터과학과,6,42,7.0
서울,사립,한양대학교(서울),학생부종합(서류형),사회과학대학,미디어커뮤니케이션학과,6,42,7.0
경기,사립,한국외국어대학교(용인),학생부종합전형(면접형),,중앙아시아학과,5,35,7.0
서울,사립,서강대학교,학생부종합(기회균형),,화공생명공학과,5,35,7.0
서울,사립,성신여자대학교,논술우수자,,사회복지학과,5,35,7.0
서울,사립,연세대학교(서울),학생부종합전형 (기회균형),공과대학,사회환경시스템공학부,5,35,7.0
서울,사립,한국외국어대학교(서울),학생부종합전형(면접형),,중앙아시아학과,5,35,7.0
경기,사립,명지대학교(용인),학생부종합(크리스천리더전형),,미디어·휴먼라이프대학 / 디지털미디어학부,4,28,7.0
경기,국립,한경국립대학교,학생부종합(잠재력우수자_안성)_정원내,,건축학과(5년제),4,28,7.0
경기,사립,한국외국어대학교(용인),논술전형,,사학과,4,28,7.0
서울,사립,고려대학교(서울),서울캠퍼스 학생부종합(계열적합전형),사범대학,수학교육과,4,28,7.0
서울,사립,고려대학교(서울),서울캠퍼스 학생부종합(고른기회전형),정경대학,정치외교학과,4,28,7.0
서울,사립,명지대학교(서울),학생부종합(크리스천리더전형),,미디어·휴먼라이프대학 / 디지털미디어학부,4,28,7.0
서울,사립,세종대학교,학생부교과(지역균형 전형),사회과학,미디어커뮤니케이션학과,4,28,7.0
서울,사립,한국외국어대학교(서울),논술전형,,사학과,4,28,7.0
서울,사립,한양대학교(서울),학생부교과(추천형),사범대학,국어교육과,4,28,7.0
서울,사립,한양대학교(서울),학생부종합(추천형),공과대학,전기·생체공학부(바이오메디컬공학전공),4,28,7.0
서울,사립,홍익대학교(서울),기초생활수급자·차상위계층전형,경영대학,경영학부,4,28,7.0
인천,국립,인천대학교,학생부교과(교과성적우수자),인문대학,일본지역문화학과,4,28,7.0
대전,국립,충남대학교,학생부종합 면접전형,자연과학대학,천문우주과학과,4,28,7.0
경기,사립,경기대학교(수원),실기/실적(예능실기우수자전형),,기악-베이스,3,21,7.0
서울,사립,경기대학교(서울),실기/실적(예능실기우수자전형),,기악-베이스,3,21,7.0
서울,사립,고려대학교(서울),서울캠퍼스 학생부종합(고른기회전형),문과대학,국어국문학과,3,21,7.0
서울,사립,동덕여자대학교,실기우수자전형,공연예술대학,실용음악전공(피아노),3,21,7.0
서울,사립,삼육대학교,농어촌전형,,약학과,3,21,7.0
서울,사립,상명대학교(서울),정원 내 논술(논술전형),,가족복지학과,3,21,7.0
서울,사립,상명대학교(서울),정원 내 논술(논술전형),,교육학과,3,21,7.0
서울,사립,상명대학교(서울),정원 내 논술(논술전형),,데이터과학전공,3,21,7.0
서울,사립,상명대학교(서울),정원 내 논술(논술전형),,게임전공,3,21,7.0
서울,사립,서강대학교,학생부종합(서강가치),,경영학부,3,21,7.0
서울,사립,한성대학교,한성인재전형,AI디자인대학,AI뷰티디자인학과(야),3,21,7.0
서울,사립,한양대학교(서울),학생부종합(고른기회),간호대학,간호학과,3,21,7.0
서울,사립,홍익대학교(서울),기초생활수급자·차상위계층전형,공과대학,전자·전기공학부,3,21,7.0
대전,사립,배재대학교,정원내 학생부교과 교과,,아트앤웹툰학부(게임애니메이션),3,21,7.0
대전,국립,충남대학교,학생부종합 서류전형,국가안보융합학부,국토안보학전공(공통),3,21,7.0
충남,사립,호서대학교,- 정원내 학생부교과 기회균형전형,,경영학과,3,21,7.0
충북,국립,충북대학교,학생부종합(학생부종합Ⅰ전형),약학대학,제약학과,3,21,7.0
경기,사립,가천대학교(성남),농어촌(종합) 전형,인문계열,관광경영학과,2,14,7.0
경기,사립,가천대학교(성남),농어촌(종합) 전형,인문계열,패션산업학과,2,14,7.0
경기,사립,가천대학교(성남),농어촌(종합) 전형,자연계열,건축학부,2,14,7.0
경기,사립,단국대학교(죽전),[실기/실적위주] 실기우수자 경쟁률 현황 (죽전),,음악학부(국악전공)-기악(현악)[거문고],2,14,7.0
경기,사립,단국대학교(죽전),[실기/실적위주] 체육특기자 경쟁률 현황 (천안),,국제스포츠학부(태권도전공)(남)-품새(공인품새),2,14,7.0
경기,사립,성결대학교,[학생부교과/실기] (정원외) 농어촌학생,예술대학,영화영상학과,2,14,7.0
경기,사립,성결대학교,[학생부교과/실기] (정원외) 농어촌학생,예술대학,뷰티디자인학과,2,14,7.0
경기,사립,신한대학교(의정부/동두천),특성화고교졸업자전형(교과100%),,방사선학과,2,14,7.0
경기,사립,안양대학교(안양),학생부교과(특성화고교졸업자),,정보전기전자공학과,2,14,7.0
경기,사립,용인대학교,정원내 일반학생 전형,문화예술대학,실용음악과-작곡,2,14,7.0
경기,사립,용인대학교,정원내 기회균형 특별전형,문화예술대학,영화영상학과,2,14,7.0
서울,사립,고려대학교(서울),서울캠퍼스 학생부종합(고른기회전형),문과대학,중어중문학과,2,14,7.0
서울,사립,고려대학교(서울),서울캠퍼스 학생부종합(고른기회전형),문과대학,일어일문학과,2,14,7.0
서울,사립,고려대학교(서울),서울캠퍼스 학생부종합(고른기회전형),이과대학,물리학과,2,14,7.0
서울,사립,고려대학교(서울),서울캠퍼스 학생부종합(다문화전형),공과대학,신소재공학부,2,14,7.0
서울,사립,광운대학교,학생부종합【농어촌학생전형】,,화학공학과,2,5,7.0
서울,사립,삼육대학교,농어촌전형,,사회복지학과,2,14,7.0
서울,사립,삼육대학교,농어촌전형,,아트앤디자인학과,2,14,7.0
서울,사립,삼육대학교,특성화고교전형,,경영학과,2,14,7.0
서울,국립,서울과학기술대학교,기회균형전형(기회균등),인문사회대학,문예창작학과,2,14,7.0
서울,공립,서울시립대학교,기회균형전형Ⅰ,자연과학대학,생명과학과,2,14,7.0
서울,사립,서울여자대학교,학생부종합(기회균형전형_사회통합지원),사회과학대학,심리·인지과학학부,2,14,7.0
서울,사립,서울여자대학교,학생부종합(기회균형전형_사회통합지원),미래산업융합대학,디지털미디어학과,2,14,7.0
서울,사립,연세대학교(서울),학생부종합전형 (기회균형),문과대학,철학과,2,14,7.0
서울,사립,연세대학교(서울),특기자전형 (체육인재),교육과학대학,축구 : 센터포워드(CF),2,14,7.0
서울,사립,추계예술대학교,실기/실적(수상실적특기자전형),창의예술대학,"문예창작과 / 시, 운문(시조)",2,14,7.0
서울,사립,추계예술대학교,실기/실적(수상실적특기자전형),창의예술대학,"소설, 산문(희곡, 시나리오, 수필)",2,14,7.0
서울,사립,한양대학교(서울),학생부종합(고른기회),공과대학,자원환경공학과,2,14,7.0
서울,사립,홍익대학교(서울),기초생활수급자·차상위계층전형,공과대학,컴퓨터공학과,2,14,7.0
인천,사립,가천대학교(인천),농어촌(종합) 전형,인문계열,관광경영학과,2,14,7.0
인천,사립,가천대학교(인천),농어촌(종합) 전형,인문계열,패션산업학과,2,14,7.0
인천,사립,가천대학교(인천),농어촌(종합) 전형,자연계열,건축학부,2,14,7.0
인천,사립,안양대학교(강화),학생부교과(특성화고교졸업자),,정보전기전자공학과,2,14,7.0
인천,사립,인하대학교,학생부종합 농어촌학생,의과대학,의예과,2,14,7.0
대전,사립,대전대학교,지역인재Ⅱ전형 [교과/출석 100%],한의과대학,한의예과,2,14,7.0
충남,사립,단국대학교(천안),[실기/실적위주] 실기우수자 경쟁률 현황 (죽전),,음악학부(국악전공)-기악(현악)[거문고],2,14,7.0
충남,사립,단국대학교(천안),[실기/실적위주] 체육특기자 경쟁률 현황 (천안),,국제스포츠학부(태권도전공)(남)-품새(공인품새),2,14,7.0
충남,사립,한국기술교육대학교,농어촌학생[정원외],,건축공학과,2,14,7.0
충북,사립,건국대학교(글로컬),[실적위주] 체육특기자,의료생명대학,골프산업학과,2,14,7.0
충북,국립,충북대학교,학생부종합(농어촌학생전형),사회과학대학,심리학과,2,14,7.0
충북,국립,충북대학교,학생부종합(농어촌학생전형),공과대학,기계공학부,2,14,7.0
경기,사립,가천대학교(성남),기회균형 전형,자연계열,기계공학부,1,7,7.0
경기,사립,경희대학교(용인),국제캠퍼스 실기우수자전형(체육),체육계열,스포츠지도학과-럭비(남)-No. 8,1,7,7.0
경기,사립,단국대학교(죽전),[실기/실적위주] 실기우수자 경쟁률 현황 (죽전),,음악학부(국악전공)-성악(경서도창),1,7,7.0
경기,사립,단국대학교(죽전),[학생부종합] 사회적배려대상자 경쟁률 현황 (천안),,아시아중동학부(일본학전공),1,7,7.0
경기,사립,단국대학교(죽전),[학생부종합] 사회적배려대상자 경쟁률 현황 (천안),,아시아중동학부(베트남학전공),1,7,7.0
경기,사립,단국대학교(죽전),[학생부종합] 사회적배려대상자 경쟁률 현황 (천안),,유럽중남미학부(러시아학전공),1,7,7.0
경기,사립,단국대학교(죽전),[실기/실적위주] 체육특기자 경쟁률 현황 (천안),,국제스포츠학부(국제스포츠전공)(남)-축구(DF-LB),1,7,7.0
경기,사립,명지대학교(용인),학생부교과(만학도전형),,멀티디자인전공,1,7,7.0
경기,사립,명지대학교(용인),실기/실적(특기자전형),,골키퍼,1,7,7.0
경기,사립,명지대학교(용인),실기/실적(특기자전형),,세터(S),1,3,7.0
경기,사립,성균관대학교(수원),실기/실적(예체능 특기자),,축구-측면공격수,1,7,7.0
경기,사립,수원대학교,기회균형특별전형,혁신공과대학,소방재난공학과,1,7,7.0
경기,사립,수원대학교,고운사회전형,혁신공과대학,소방재난공학과,1,7,7.0
경기,사립,수원대학교,고운사회전형,라이프케어사이언스대학,아동가족복지학과,1,7,7.0
경기,사립,용인대학교,정원내 체육우수자 특별전형,체육과학대학,체육학과-축구(남)-GK,1,7,7.0
경기,사립,을지대학교(성남의정부),기회균형(정원외),,물리치료학과,1,7,7.0
경기,국립,한경국립대학교,학생부교과(특성화고교졸업자)_정원외,,HK자율전공학부Ⅱ,1,7,7.0
경기,사립,한국공학대학교,학생부교과(특성화고교졸업자),,컴퓨터공학부 소프트웨어전공,1,7,7.0
경기,사립,한국공학대학교,학생부교과(특성화고교졸업자),,전자공학부 전자공학전공,1,7,7.0
경기,사립,한국공학대학교,학생부교과(특성화고교졸업자),,반도체공학부 나노반도체공학전공,1,7,7.0
경기,사립,한국공학대학교,학생부교과(특성화고교졸업자),,에너지ㆍ전기공학부 전기공학전공,1,7,7.0
경기,사립,협성대학교,정원외 [학생부교과]농어촌학생,인문사회과학대학,사회복지학과,1,7,7.0
서울,사립,건국대학교(서울),학생부종합(특성화고교졸업자),경영대학,기술경영학과,1,7,7.0
서울,사립,건국대학교(서울),학생부종합(특성화고교졸업자),융합생명과학대학,식품융합학부,1,7,7.0
서울,사립,건국대학교(서울),학생부종합(특성화고교졸업자),융합생명과학대학,동물자원과학과,1,7,7.0
서울,사립,경희대학교(서울),국제캠퍼스 실기우수자전형(체육),체육계열,스포츠지도학과-럭비(남)-No. 8,1,7,7.0
서울,사립,고려대학교(서울),서울캠퍼스 학생부종합(고른기회전형),공과대학,융합에너지공학과,1,7,7.0
서울,사립,고려대학교(서울),서울캠퍼스 실기/실적(특기자전형-체육교육과),사범대학,체육교육과 / 축구(DF)오른쪽,1,7,7.0
서울,사립,고려대학교(서울),서울캠퍼스 실기/실적(특기자전형-체육교육과),사범대학,럭비(S.O),1,7,7.0
서울,사립,명지대학교(서울),학생부교과(만학도전형),,멀티디자인전공,1,7,7.0
서울,사립,명지대학교(서울),실기/실적(특기자전형),,골키퍼,1,7,7.0
서울,사립,명지대학교(서울),실기/실적(특기자전형),,세터(S),1,3,7.0
서울,사립,상명대학교(서울),정원 내 학생부종합(기회균형전형),,미술학부 / 조형예술전공,1,7,7.0
서울,사립,상명대학교(서울),정원 내 실기/실적(실기전형),,관현악(목관)-플루트,1,7,7.0
서울,국립,서울과학기술대학교,기회균형전형(국가보훈대상자),인문사회대학,행정학과,1,7,7.0
서울,국립,서울과학기술대학교,기회균형전형(기회균등),조형대학,시각디자인학과,1,7,7.0
서울,국립,서울과학기술대학교,기회균형전형(농어촌학생),공과대학,신소재공학과,1,7,7.0
서울,국립,서울과학기술대학교,기회균형전형(농어촌학생),공과대학,건축학부(건축학전공),1,7,7.0
서울,공립,서울시립대학교,사회공헌·통합전형,인문대학,철학과,1,7,7.0
서울,공립,서울시립대학교,사회공헌·통합전형,공과대학,화학공학과,1,7,7.0
서울,공립,서울시립대학교,사회공헌·통합전형,공과대학,토목공학과,1,7,7.0
서울,공립,서울시립대학교,사회공헌·통합전형,자연과학대학,물리학과,1,7,7.0
서울,공립,서울시립대학교,사회공헌·통합전형,도시과학대학,건축학부(건축공학전공),1,7,7.0
서울,공립,서울시립대학교,사회공헌·통합전형,도시과학대학,교통공학과,1,7,7.0
서울,사립,성균관대학교(서울),실기/실적(예체능 특기자),,축구-측면공격수,1,7,7.0
서울,사립,세종대학교,실기/실적(실기우수자 전형),예체능,음악과-플루트,1,7,7.0
서울,사립,연세대학교(서울),특기자전형 (체육인재),교육과학대학,럭비 : 록 5번,1,7,7.0
서울,사립,연세대학교(서울),특기자전형 (체육인재),교육과학대학,스포츠응용산업학과 / 축구 : 센터백(CB),1,7,7.0
서울,사립,연세대학교(서울),특기자전형 (체육인재),교육과학대학,축구 : 레프트백(LB),1,7,7.0
서울,사립,연세대학교(서울),특기자전형 (체육인재),교육과학대학,럭비 : 센터 13번,1,7,7.0
서울,국립,한국체육대학교,체육특기자(개인),,체육학과-육상(400M 단거리)[남],1,7,7.0
서울,사립,한양대학교(서울),실기/실적(체육특기자),예술체육대학,스포츠산업과학부(스포츠사이언스전공)(농구(남)포워드),1,7,7.0
서울,사립,홍익대학교(서울),고른기회Ⅰ전형,건축도시대학,건축학부 건축학전공(5년제),1,7,7.0
서울,사립,홍익대학교(서울),기초생활수급자·차상위계층전형,사범대학,교육학과,1,7,7.0
서울,사립,홍익대학교(서울),농어촌학생전형,건축도시대학,건축학부 건축학전공(5년제),1,7,7.0
인천,사립,가천대학교(인천),기회균형 전형,자연계열,기계공학부,1,7,7.0
인천,국립,인천대학교,학생부교과(사회통합),인문대학,독어독문학과,1,7,7.0
인천,사립,인하대학교,학생부종합 평생학습자,미래융합대학,소프트웨어융합공학과,1,7,7.0
인천,사립,인하대학교,실기/실적 체육특기자,예술체육대학,스포츠과학과 / 야구(남)포수,1,7,7.0
대전,사립,건양대학교(대전),의학과,,지역의사[홍성],1,7,7.0
대전,사립,을지대학교(대전),기회균형(정원외),,물리치료학과,1,7,7.0
대전,국립,충남대학교,기회균형선발Ⅰ전형,공과대학,토목공학과,1,7,7.0
대전,국립,충남대학교,기회균형선발Ⅰ전형,공과대학,전기공학과,1,7,7.0
대전,국립,충남대학교,농어촌학생전형,사회과학대학,언론정보학과,1,7,7.0
세종,사립,고려대학교(세종),학생부종합(기회균형전형),문화스포츠대학,문화창의학부,1,7,7.0
세종,사립,고려대학교(세종),학생부종합(다문화전형),문화스포츠대학,국제스포츠학부,1,7,7.0
충남,사립,건양대학교(논산),의학과,,지역의사[홍성],1,7,7.0
충남,국립,국립공주대학교,학생부교과전형  농어촌학생전형(정원외),천안공과대학,전기전자제어공학부,1,7,7.0
충남,국립,국립공주대학교,학생부교과전형  농어촌학생전형(정원외),산업과학대학,조경학과,1,7,7.0
충남,사립,단국대학교(천안),[실기/실적위주] 실기우수자 경쟁률 현황 (죽전),,음악학부(국악전공)-성악(경서도창),1,7,7.0
충남,사립,단국대학교(천안),[학생부종합] 사회적배려대상자 경쟁률 현황 (천안),,아시아중동학부(일본학전공),1,7,7.0
충남,사립,단국대학교(천안),[학생부종합] 사회적배려대상자 경쟁률 현황 (천안),,아시아중동학부(베트남학전공),1,7,7.0
충남,사립,단국대학교(천안),[학생부종합] 사회적배려대상자 경쟁률 현황 (천안),,유럽중남미학부(러시아학전공),1,7,7.0
충남,사립,단국대학교(천안),[실기/실적위주] 체육특기자 경쟁률 현황 (천안),,국제스포츠학부(국제스포츠전공)(남)-축구(DF-LB),1,7,7.0
충남,사립,상명대학교(천안),정원내 학생부종합(기회균형전형),,문화예술경영전공,1,7,7.0
충북,사립,건국대학교(글로컬),[학생부교과] 농어촌학생(정원외),인문사회융합대학,소방방재융합학과,1,7,7.0
충북,사립,건국대학교(글로컬),[학생부교과] 농어촌학생(정원외),인문사회융합대학,사회복지학과,1,7,7.0
충북,사립,건국대학교(글로컬),[학생부교과] 농어촌학생(정원외),의료생명대학,뷰티화장품학과,1,7,7.0
충북,국립,충북대학교,학생부종합(농어촌학생전형),자연과학대학,천문우주학과,1,7,7.0
충북,국립,충북대학교,학생부종합(농어촌학생전형),사범대학,교육학과,1,7,7.0
충북,국립,충북대학교,학생부종합(농어촌학생전형),사범대학,수학교육과,1,7,7.0
충북,국립,충북대학교,학생부종합(농어촌학생전형),의과대학,의예과,1,7,7.0
충북,사립,건국대학교(글로컬),[실기위주] 실기우수자,디자인대학,시각영상디자인학과,25,176,7.04
경기,사립,명지대학교(용인),학생부교과(특성화고교전형),,인문캠퍼스(서울) 소계,15,106,7.07
서울,사립,명지대학교(서울),학생부교과(특성화고교전형),,인문캠퍼스(서울) 소계,15,106,7.07
서울,사립,연세대학교(서울),학생부종합전형 (활동우수형),공과대학,사회환경시스템공학부,15,106,7.07
서울,사립,숭실대학교,논술(논술우수자전형),,신소재공학과,12,85,7.08
서울,사립,세종대학교,논술(논술우수자 전형),인공지능융합,AI융합전자공학과,11,78,7.09
충북,사립,건국대학교(글로컬),[학생부종합] 지역인재,의과대학,의예과,8,57,7.13
서울,사립,고려대학교(서울),서울캠퍼스 학생부종합(계열적합전형),사범대학,영어교육과,7,50,7.14
서울,사립,총신대학교,정원내 목회자추천자,사범계열,기독교교육과,7,50,7.14
경기,사립,가천대학교(성남),논술 전형,자연계열,건축학부,20,143,7.15
인천,사립,가천대학교(인천),논술 전형,자연계열,건축학부,20,143,7.15
서울,사립,고려대학교(서울),서울캠퍼스 학생부종합(학업우수전형),문과대학,언어학과,6,43,7.17
서울,사립,고려대학교(서울),서울캠퍼스 학생부종합(계열적합전형),간호대학,간호학과,6,43,7.17
세종,사립,홍익대학교(세종),학교생활우수자전형,,게임학부 게임소프트웨어전공(공학계),6,43,7.17
경기,사립,단국대학교(죽전),[실기/실적위주] 실기우수자 경쟁률 현황 (천안),,뉴뮤직학부(싱어송라이팅전공),20,144,7.2
충남,사립,단국대학교(천안),[실기/실적위주] 실기우수자 경쟁률 현황 (천안),,뉴뮤직학부(싱어송라이팅전공),20,144,7.2
경기,사립,아주대학교,논술우수자전형,,화학공학과,5,36,7.2
서울,사립,성신여자대학교,논술우수자,,일본어문·문화학과,5,36,7.2
경기,사립,성결대학교,[실기/실적] 실기우수자,예술대학,영화영상학과,21,152,7.24
서울,사립,숙명여자대학교,[논술] 논술우수자전형,공과대학,화공생명공학부,8,58,7.25
경기,사립,경희대학교(용인),국제캠퍼스 학생부종합(네오르네상스전형),예술계열,연극영화학과-연극·뮤지컬 연출,4,29,7.25
경기,사립,경희대학교(용인),국제캠퍼스 학생부종합(네오르네상스전형),체육계열,골프산업학과,4,29,7.25
경기,사립,한국외국어대학교(용인),논술전형,,튀르키예·아제르바이잔학과,4,29,7.25
경기,사립,한국외국어대학교(용인),논술전형,,국제금융학과,4,29,7.25
서울,사립,경희대학교(서울),국제캠퍼스 학생부종합(네오르네상스전형),예술계열,연극영화학과-연극·뮤지컬 연출,4,29,7.25
서울,사립,경희대학교(서울),국제캠퍼스 학생부종합(네오르네상스전형),체육계열,골프산업학과,4,29,7.25
서울,사립,고려대학교(서울),서울캠퍼스 학생부종합(고른기회전형),공과대학,화공생명공학과,4,29,7.25
서울,사립,숭실대학교,학생부종합(기회균형전형),,경영학부,4,29,7.25
서울,사립,한국외국어대학교(서울),논술전형,,튀르키예·아제르바이잔학과,4,29,7.25
서울,사립,한국외국어대학교(서울),논술전형,,국제금융학과,4,29,7.25
인천,사립,인하대학교,논술 논술우수자,사회과학대학,사회복지학과,4,29,7.25
경기,사립,명지대학교(용인),학생부종합(크리스천리더전형),,인문캠퍼스(서울) 소계,26,189,7.27
서울,사립,명지대학교(서울),학생부종합(크리스천리더전형),,인문캠퍼스(서울) 소계,26,189,7.27
경기,사립,명지대학교(용인),학생부종합(명지인재면접전형),,정치외교학전공,14,102,7.29
서울,사립,건국대학교(서울),논술(KU논술우수자),융합생명과학대학,융합생명과학대학자유전공학부,14,102,7.29
서울,사립,명지대학교(서울),학생부종합(명지인재면접전형),,정치외교학전공,14,102,7.29
서울,공립,서울시립대학교,학생부종합전형Ⅰ(면접형),자연과학대학,물리학과,7,51,7.29
서울,사립,연세대학교(서울),학생부종합전형 (활동우수형),문과대학,문헌정보학과,7,51,7.29
경기,사립,명지대학교(용인),실기/실적(실기우수자전형),,댄스,10,73,7.3
경기,사립,성균관대학교(수원),학생부종합(탐구인재),,지능형소프트웨어학과,10,73,7.3
서울,사립,명지대학교(서울),실기/실적(실기우수자전형),,댄스,10,73,7.3
서울,사립,성균관대학교(서울),학생부종합(탐구인재),,지능형소프트웨어학과,10,73,7.3
경기,사립,중부대학교(고양),실기우수자전형,,실용음악학전공 / 기악,16,117,7.31
충남,사립,중부대학교(금산),실기우수자전형,,실용음악학전공 / 기악,16,117,7.31
서울,사립,고려대학교(서울),서울캠퍼스 학생부교과(학교추천전형),의과대학,의학과,18,132,7.33
서울,사립,세종대학교,학생부종합(세종인재 전형(면접형)),인문과학,국제학부,15,110,7.33
충남,국립,국립공주대학교,학생부종합전형  일반전형(정원내),산업과학대학,특수동물학과,12,88,7.33
경기,사립,단국대학교(죽전),[학생부종합] DKU인재(서류형) 경쟁률 현황 (천안),,아시아중동학부(일본학전공),9,66,7.33
서울,사립,고려대학교(서울),서울캠퍼스 학생부종합(학업우수전형),국제대학,국제학부,9,66,7.33
충남,사립,단국대학교(천안),[학생부종합] DKU인재(서류형) 경쟁률 현황 (천안),,아시아중동학부(일본학전공),9,66,7.33
경기,사립,신한대학교(의정부/동두천),신한국인전형(학생부서류100%),,치위생학과,6,44,7.33
서울,사립,성신여자대학교,논술우수자,,경영학과,6,44,7.33
서울,사립,성신여자대학교,논술우수자,,간호학과(자연),6,44,7.33
서울,사립,연세대학교(서울),학생부종합전형 (활동우수형),이과대학,천문우주학과,6,44,7.33
경기,사립,경기대학교(수원),학생부종합(기회균형선발전형),,사학과,3,22,7.33
경기,사립,경희대학교(용인),서울캠퍼스 학생부종합[기회균형전형Ⅰ(국가보훈·농어촌·수급자·자립아동 등)],인문계열,행정학과,3,22,7.33
경기,사립,을지대학교(성남의정부),기회균형(정원내),,방사선학과,3,22,7.33
경기,사립,차의과학대학교,학생부종합(농어촌학생특별전형),,약학대학,3,22,7.33
경기,사립,차의과학대학교,학생부종합(기회균등특별전형),,약학대학,3,22,7.33
경기,사립,한양대학교(ERICA),학생부종합(고른기회),공학대학,기계공학과,3,22,7.33
서울,사립,건국대학교(서울),학생부종합(기회균형),융합생명과학대학,환경생태과학부,3,22,7.33
서울,사립,경기대학교(서울),학생부종합(기회균형선발전형),,사학과,3,22,7.33
서울,사립,경희대학교(서울),서울캠퍼스 학생부종합[기회균형전형Ⅰ(국가보훈·농어촌·수급자·자립아동 등)],인문계열,행정학과,3,22,7.33
대전,사립,을지대학교(대전),기회균형(정원내),,방사선학과,3,22,7.33
대전,국립,충남대학교,학생부종합 서류전형,인문대학,철학과*,3,22,7.33
대전,국립,충남대학교,학생부종합 서류전형,공과대학,전기공학과,3,22,7.33
서울,사립,한양대학교(서울),학생부종합(추천형),공과대학,컴퓨터소프트웨어학부,11,81,7.36
경기,사립,명지대학교(용인),실기/실적(특기자전형),,자연캠퍼스(용인) 소계,31,229,7.39
서울,사립,명지대학교(서울),실기/실적(특기자전형),,자연캠퍼스(용인) 소계,31,229,7.39
서울,국립,서울과학기술대학교,학교생활우수자전형,에너지바이오대학,스포츠과학과,15,111,7.4
경기,사립,성균관대학교(수원),실기/실적(예체능 실기우수자),,스포츠과학과 / 야구,10,52,7.4
경기,사립,한국외국어대학교(용인),논술전형,,영어통번역학과,10,74,7.4
서울,사립,성균관대학교(서울),실기/실적(예체능 실기우수자),,스포츠과학과 / 야구,10,52,7.4
서울,사립,숙명여자대학교,[학생부종합] 숙명인재(면접형)전형,이과대학,생명시스템학부,10,74,7.4
서울,사립,한국외국어대학교(서울),논술전형,,영어통번역학과,10,74,7.4
경기,사립,한국외국어대학교(용인),논술전형,,반도체전자공학부(반도체공학전공),5,37,7.4
서울,사립,고려대학교(서울),서울캠퍼스 학생부종합(계열적합전형),심리학부,심리학부,5,37,7.4
서울,사립,숭실대학교,논술(논술우수자전형),,수학과,5,37,7.4
서울,사립,한국외국어대학교(서울),논술전형,,반도체전자공학부(반도체공학전공),5,37,7.4
서울,사립,홍익대학교(서울),논술전형,사범대학,영어교육과,5,37,7.4
서울,사립,삼육대학교,논술우수자전형,,경영학과,17,126,7.41
서울,사립,숭실대학교,논술(논술우수자전형),,전기공학부,12,89,7.42
대전,사립,우송대학교,정원내 학생부 교과 - 교과면접 전형 (교과80%+면접20% / 6과목 반영),외식조리대학,외식조리자율전공학부,14,104,7.43
서울,사립,고려대학교(서울),서울캠퍼스 학생부종합(학업우수전형),문과대학,불어불문학과,7,52,7.43
서울,사립,고려대학교(서울),서울캠퍼스 학생부종합(계열적합전형),문과대학,국어국문학과,7,52,7.43
서울,사립,한양대학교(서울),학생부종합(서류형),예술체육대학,스포츠산업과학부(스포츠매니지먼트전공),7,52,7.43
경기,사립,경희대학교(용인),서울캠퍼스 학생부종합(네오르네상스전형),자연계열,한약학과,9,67,7.44
서울,사립,경희대학교(서울),서울캠퍼스 학생부종합(네오르네상스전형),자연계열,한약학과,9,67,7.44
서울,사립,연세대학교(서울),학생부종합전형 (활동우수형),생활과학대학,실내건축학과,9,67,7.44
서울,공립,서울시립대학교,학생부종합전형Ⅰ(면접형),도시과학대학,도시사회학과,12,90,7.5
경기,사립,아주대학교,논술우수자전형,,자유전공학부(자연),10,75,7.5
서울,사립,고려대학교(서울),서울캠퍼스 학생부종합(학업우수전형),문과대학,일어일문학과,8,60,7.5
충북,국립,충북대학교,학생부교과(지역의사광역권전형),의과대학,의예과,8,60,7.5
서울,사립,한양대학교(서울),학생부교과(추천형),공과대학,반도체공학과,6,45,7.5
경기,사립,가톨릭대학교(부천),논술전형,,아동학과,4,30,7.5
경기,사립,경희대학교(용인),서울캠퍼스 논술우수자전형,자연계열,지리학과(자연),4,30,7.5
경기,사립,단국대학교(죽전),[논술위주] 논술우수자 경쟁률 현황 (죽전),,사학과,4,30,7.5
경기,사립,한국외국어대학교(용인),논술전형,,스칸디나비아어과,4,30,7.5
서울,사립,가톨릭대학교(서울),논술전형,,아동학과,4,30,7.5
서울,사립,경희대학교(서울),서울캠퍼스 논술우수자전형,자연계열,지리학과(자연),4,30,7.5
서울,사립,한국외국어대학교(서울),논술전형,,스칸디나비아어과,4,30,7.5
인천,사립,인하대학교,논술 논술우수자,사범대학,수학교육과,4,30,7.5
대전,사립,우송대학교,정원내 학생부 종합 - 종합서류형 전형 (면접X),외식조리대학,글로벌제과제빵학과,4,30,7.5
충남,사립,단국대학교(천안),[논술위주] 논술우수자 경쟁률 현황 (죽전),,사학과,4,30,7.5
경기,사립,가천대학교(성남),특성화고교 전형,자연계열,식품영양학과,2,15,7.5
경기,사립,가천대학교(성남),기회균형 전형,인문계열,패션산업학과,2,15,7.5
경기,사립,가천대학교(성남),농어촌(종합) 전형,자연계열,화학과,2,15,7.5
경기,사립,강남대학교,[정원외]학생부종합(장애인등대상자전형),인문사회계,복지융합대학,2,15,7.5
경기,사립,경기대학교(수원),학생부교과(기초생활수급자등선발전형),,"스마트시티공학부 / 건축공학전공, 도시교통공학전공",2,15,7.5
경기,사립,경희대학교(용인),국제캠퍼스 실기우수자전형(체육),체육계열,스포츠지도학과-야구(남)-외야수(중견수),2,15,7.5
경기,사립,서울신학대학교,[실적/실기위주]실기전형,,실용음악과(기타),2,15,7.5
경기,사립,성결대학교,[학생부교과] 고른기회Ⅰ,인문사회융합대학,행정학부,2,15,7.5
경기,사립,용인대학교,정원내 체육우수자 특별전형,체육과학대학,체육학과-쇼트트랙,2,15,7.5
경기,사립,을지대학교(성남의정부),사회기여 및 배려대상자,,방사선학과,2,15,7.5
경기,사립,한양대학교(ERICA),재능우수자(체육특기),예체능대학,스포츠과학부(축구(남)-MF-중앙),2,15,7.5
서울,사립,경기대학교(서울),학생부교과(기초생활수급자등선발전형),,"스마트시티공학부 / 건축공학전공, 도시교통공학전공",2,15,7.5
서울,사립,경희대학교(서울),국제캠퍼스 실기우수자전형(체육),체육계열,스포츠지도학과-야구(남)-외야수(중견수),2,15,7.5
서울,사립,고려대학교(서울),서울캠퍼스 학생부종합(고른기회전형),심리학부,심리학부,2,15,7.5
서울,사립,고려대학교(서울),서울캠퍼스 학생부종합(다문화전형),정경대학,경제학과,2,15,7.5
서울,사립,고려대학교(서울),서울캠퍼스 학생부종합(다문화전형),보건과학대학,보건환경융합과학부,2,15,7.5
서울,사립,광운대학교,학생부종합【농어촌학생전형】,,미디어커뮤니케이션학부,2,15,7.5
서울,사립,삼육대학교,특수교육대상자전형,,약학과,2,15,7.5
서울,국립,서울과학기술대학교,기회균형전형(농어촌학생),에너지바이오대학,바이오메디컬학과,2,15,7.5
서울,공립,서울시립대학교,기회균형전형Ⅰ,도시과학대학,도시사회학과,2,15,7.5
서울,사립,서울여자대학교,학생부종합(기회균형전형_농어촌학생)[정원외],사회과학대학,문헌정보학과,2,15,7.5
서울,사립,숙명여자대학교,[학생부종합] 기회균형전형,미디어학부,미디어학부,2,15,7.5
서울,사립,숭실대학교,논술(논술우수자전형),,독어독문학과,2,15,7.5
서울,사립,한양대학교(서울),학생부종합(고른기회),사회과학대학,미디어커뮤니케이션학과,2,15,7.5
서울,사립,한양대학교(서울),학생부종합(고른기회),사회과학대학,관광학부,2,15,7.5
인천,사립,가천대학교(인천),특성화고교 전형,자연계열,식품영양학과,2,15,7.5
인천,사립,가천대학교(인천),기회균형 전형,인문계열,패션산업학과,2,15,7.5
인천,사립,가천대학교(인천),농어촌(종합) 전형,자연계열,화학과,2,15,7.5
인천,국립,인천대학교,학생부종합(기회균형),사회과학대학,사회복지학과,2,15,7.5
대전,국립,국립한밭대학교,농어촌학생전형,,영어영문학과,2,15,7.5
대전,사립,을지대학교(대전),사회기여 및 배려대상자,,방사선학과,2,15,7.5
충남,국립,국립공주대학교,학생부교과전형  농어촌학생전형(정원외),인문사회과학대학,사회복지학과,2,15,7.5
충남,사립,순천향대학교,[정원내] 학생부교과(기회균형전형),글로벌경영대학,경영학과,2,15,7.5
충남,사립,순천향대학교,[정원내] 학생부종합(사회통합전형),인문사회과학대학,유아교육과,2,15,7.5
서울,사립,연세대학교(서울),학생부종합전형 (국제형(국내고)),언더우드국제대학,융합인문사회과학부(HASS),110,829,7.54
경기,사립,가천대학교(성남),가천바람개비 전형,인문계열,법과대학,21,159,7.57
서울,공립,서울시립대학교,학생부종합전형Ⅰ(면접형),정경대학,행정학과,21,159,7.57
인천,사립,가천대학교(인천),가천바람개비 전형,인문계열,법과대학,21,159,7.57
서울,사립,연세대학교(서울),학생부종합전형 (활동우수형),이과대학,물리학과,7,53,7.57
서울,사립,동덕여자대학교,실기우수자전형,공연예술대학,무용전공(발레),12,91,7.58
서울,사립,숭실대학교,논술(논술우수자전형),,글로벌통상학과,10,76,7.6
경기,사립,한국공학대학교,학생부종합(기회균형),,게임공학과,5,38,7.6
대전,사립,우송대학교,정원내 학생부 종합 - 종합서류형 전형 (면접X),보건복지대학,응급구조학과,5,38,7.6
서울,사립,성신여자대학교,일반학생,,공예과 / 소묘,31,60,7.61
서울,사립,숭실대학교,학생부종합(SSU미래인재전형-면접형),,사회복지학부,8,61,7.63
서울,사립,숭실대학교,논술(논술우수자전형),,지능전자공학부,24,184,7.67
경기,사립,신한대학교(의정부/동두천),실기우수자전형(교과20%+실기80%),,모델콘텐츠학과,18,138,7.67
대전,사립,건양대학교(대전),학생부종합전형,,방사선학과,12,92,7.67
충남,사립,건양대학교(논산),학생부종합전형,,방사선학과,12,92,7.67
경기,사립,단국대학교(죽전),[실기/실적위주] 실기우수자 경쟁률 현황 (천안),,뉴뮤직학부(재즈퍼포먼스전공)-재즈드럼,6,46,7.67
경기,국립,한경국립대학교,학생부교과(일반전형_안성)_정원내,,문예창작미디어콘텐츠홍보학과,6,46,7.67
서울,사립,고려대학교(서울),서울캠퍼스 학생부종합(계열적합전형),사범대학,교육학과,6,46,7.67
서울,사립,고려대학교(서울),서울캠퍼스 학생부종합(계열적합전형),스마트보안학부,스마트보안학부,6,46,7.67
충남,사립,단국대학교(천안),[실기/실적위주] 실기우수자 경쟁률 현황 (천안),,뉴뮤직학부(재즈퍼포먼스전공)-재즈드럼,6,46,7.67
충남,사립,한국기술교육대학교,창의인재(서류형),,건축공학과,6,46,7.67
경기,사립,신한대학교(의정부/동두천),교육기회균형전형(교과100%),,간호학과*,3,23,7.67
서울,사립,서경대학교,실기우수자 전형,,공연예술학부-무대기술(공연기획및운영),3,23,7.67
서울,사립,연세대학교(서울),학생부종합전형 (기회균형),신과대학,신학과,3,23,7.67
대전,국립,충남대학교,학생부종합 면접전형,사범대학,영어교육과,3,23,7.67
대전,국립,충남대학교,학생부종합 서류전형,공과대학,메카트로닉스공학과,3,23,7.67
충남,사립,상명대학교(천안),정원내 학생부종합(상명인재전형),,디지털만화영상전공,3,23,7.67
서울,사립,고려대학교(서울),서울캠퍼스 학생부종합(학업우수전형),생명과학대학,식품자원경제학과,10,77,7.7
세종,사립,홍익대학교(세종),체육우수자전형,스포츠지도학과,축구,10,77,7.7
충남,사립,순천향대학교,[정원내] 학생부종합(일반학생전형),의과대학,의예과,10,77,7.7
경기,사립,경희대학교(용인),국제캠퍼스 논술우수자전형,자연계열,건축학과(5년제),7,54,7.71
경기,사립,단국대학교(죽전),[실기/실적위주] 실기우수자 경쟁률 현황 (천안),,뉴뮤직학부(재즈퍼포먼스전공)-재즈기타/관현악,7,54,7.71
서울,사립,경희대학교(서울),국제캠퍼스 논술우수자전형,자연계열,건축학과(5년제),7,54,7.71
서울,공립,서울시립대학교,학생부종합전형Ⅰ(면접형),도시과학대학,교통공학과,7,54,7.71
충남,사립,단국대학교(천안),[실기/실적위주] 실기우수자 경쟁률 현황 (천안),,뉴뮤직학부(재즈퍼포먼스전공)-재즈기타/관현악,7,54,7.71
서울,사립,연세대학교(서울),학생부종합전형 (활동우수형),진리자유학부,진리자유학부(자연),25,193,7.72
서울,사립,숙명여자대학교,[논술] 논술우수자전형,영어영문학부,영어영문학전공,11,85,7.73
서울,사립,고려대학교(서울),서울캠퍼스 학생부종합(학업우수전형),이과대학,수학과,12,93,7.75
충북,사립,우석대학교(진천),학생부교과_교과면접,한의과대학,한의예과(전주),8,62,7.75
경기,사립,가천대학교(성남),학생부우수자 전형,자연계열,의예과,4,31,7.75
경기,사립,신한대학교(의정부/동두천),기회균형전형(학생부서류100%),,치위생학과,4,31,7.75
경기,사립,한국외국어대학교(용인),논술전형,,태국학과,4,31,7.75
서울,사립,서강대학교,학생부종합(기회균형),,화학과,4,31,7.75
서울,사립,이화여자대학교,논술(논술전형),인공지능대학,인공지능데이터사이언스학부,4,31,7.75
서울,사립,한국외국어대학교(서울),논술전형,,태국학과,4,31,7.75
인천,사립,가천대학교(인천),학생부우수자 전형,자연계열,의예과,4,31,7.75
서울,사립,연세대학교(서울),학생부종합전형 (국제형(해외고/검정고시)),언더우드국제대학,융합과학공학부(ISE),15,117,7.8
경기,사립,경희대학교(용인),국제캠퍼스 논술우수자전형,자연계열,화학공학과,10,78,7.8
서울,사립,경희대학교(서울),국제캠퍼스 논술우수자전형,자연계열,화학공학과,10,78,7.8
서울,사립,상명대학교(서울),정원 내 학생부종합(상명인재전형),,생명화학공학부 / 생명공학전공,5,39,7.8
서울,사립,숭실대학교,논술(논술우수자전형),,경제학과,5,39,7.8
서울,사립,연세대학교(서울),학생부종합전형 (활동우수형),생명시스템대학,시스템생물학과,5,39,7.8
서울,사립,이화여자대학교,논술(논술전형),자연과학대학,수학과,5,39,7.8
경기,사립,수원대학교,실기우수자전형,디자인앤아트대학,디자인학부 커뮤니케이션디자인 / 발상과표현,33,32,7.82
경기,사립,가천대학교(성남),가천바람개비 전형,자연계열,방사선학과,6,47,7.83
경기,사립,아주대학교,고른기회1전형,,기계공학과,6,47,7.83
경기,사립,안양대학교(안양),학생부교과(아리학생부면접),,뷰티메디컬디자인학과,6,47,7.83
인천,사립,가천대학교(인천),가천바람개비 전형,자연계열,방사선학과,6,47,7.83
인천,사립,안양대학교(강화),학생부교과(아리학생부면접),,뷰티메디컬디자인학과,6,47,7.83
충북,사립,우석대학교(진천),학생부교과_지역인재1,약학대학,약학과(전주),8,63,7.88
서울,사립,세종대학교,학생부종합(기회균형 전형),,인문사회계열,9,71,7.89
서울,공립,서울시립대학교,논술전형,도시과학대학,환경공학부,10,79,7.9
서울,사립,숭실대학교,학생부종합(SSU미래인재전형-면접형),,일어일문학과,10,79,7.9
충남,사립,순천향대학교,[정원내] 실기/실적(실기우수자전형),인문사회과학대학,디지털애니메이션학과 / 칸만화,10,36,7.9
서울,사립,고려대학교(서울),서울캠퍼스 학생부종합(학업우수전형),정경대학,정치외교학과,17,135,7.94
경기,사립,명지대학교(용인),학생부종합(사회적배려대상자전형),,인문캠퍼스(서울) 소계,19,151,7.95
서울,사립,명지대학교(서울),학생부종합(사회적배려대상자전형),,인문캠퍼스(서울) 소계,19,151,7.95
서울,사립,삼육대학교,실기우수자전형,,아트앤디자인학과,27,215,7.96
서울,사립,고려대학교(서울),서울캠퍼스 학생부종합(학업우수전형),경영대학,경영학과,75,598,7.97
서울,국립,서울과학기술대학교,창의융합인재전형,에너지바이오대학,바이오메디컬학과,12,96,8.0
대전,사립,우송대학교,정원내 학생부 교과 - 교과중심 전형 (교과100% / 12과목 반영),외식조리대학,제과제빵·조리학부 / 제과제빵·조리전공,10,80,8.0
서울,사립,연세대학교(서울),학생부종합전형 (활동우수형),사회과학대학,사회학과,8,64,8.0
서울,사립,건국대학교(서울),논술(KU논술우수자),이과대학,물리학과,7,56,8.0
서울,사립,고려대학교(서울),서울캠퍼스 학생부종합(학업우수전형),사범대학,지리교육과,7,56,8.0
서울,사립,고려대학교(서울),서울캠퍼스 학생부종합(계열적합전형),생명과학대학,식품자원경제학과,6,48,8.0
서울,사립,고려대학교(서울),서울캠퍼스 학생부종합(고른기회전형),보건과학대학,보건환경융합과학부,6,48,8.0
서울,사립,건국대학교(서울),논술(KU논술우수자),부동산과학원,부동산학과,5,40,8.0
서울,사립,삼육대학교,학교장추천전형,,컴퓨터공학부,5,40,8.0
서울,사립,서강대학교,학생부종합(기회균형),,전자공학과,5,40,8.0
경기,사립,가톨릭대학교(부천),논술전형,,행정학과,4,32,8.0
경기,사립,을지대학교(성남의정부),EU서류형,,치위생학과,4,32,8.0
경기,사립,한국외국어대학교(용인),논술전형,,이탈리아어과,4,32,8.0
경기,사립,한국외국어대학교(용인),논술전형,,반도체전자공학부(전자공학전공),4,32,8.0
서울,사립,가톨릭대학교(서울),논술전형,,행정학과,4,32,8.0
서울,사립,서강대학교,학생부종합(기회균형),,기계공학과,4,32,8.0
서울,사립,세종대학교,논술(논술우수자 전형),경영경제,경제학과,4,32,8.0
서울,사립,한국외국어대학교(서울),논술전형,,이탈리아어과,4,32,8.0
서울,사립,한국외국어대학교(서울),논술전형,,반도체전자공학부(전자공학전공),4,32,8.0
서울,사립,한양대학교(서울),학생부종합(서류형),공과대학,화학공학과,4,32,8.0
대전,사립,목원대학교,"학생부종합전형 경쟁률 현황 서류100 [면접없음, 수능최저없음]",보건안전대학,외식조리·제과제빵학과,4,32,8.0
대전,사립,을지대학교(대전),EU서류형,,치위생학과,4,32,8.0
경기,사립,경기대학교(수원),실기/실적(체육특기자전형),,축구(남)-FW(ST),3,24,8.0
서울,사립,경기대학교(서울),실기/실적(체육특기자전형),,축구(남)-FW(ST),3,24,8.0
서울,사립,삼육대학교,농어촌전형,,물리치료학과,3,24,8.0
서울,사립,서경대학교,실기우수자 전형,,공연예술학부-모델연기(커머셜),3,24,8.0
서울,공립,서울시립대학교,논술전형,자연과학대학,통계학과,3,24,8.0
서울,공립,서울시립대학교,기회균형전형Ⅰ,정경대학,사회복지학과,3,24,8.0
서울,사립,숭실대학교,논술(논술우수자전형),,중어중문학과,3,24,8.0
서울,사립,숭실대학교,학생부종합(SSU미래인재전형-서류형),,의생명시스템학부,3,24,8.0
서울,사립,숭실대학교,학생부종합(기회균형전형),,철학과,3,24,8.0
서울,사립,연세대학교(서울),학생부종합전형 (기회균형),사회과학대학,사회학과,3,24,8.0
경기,사립,명지대학교(용인),학생부종합(농어촌학생전형),,스마트시스템공과대학 / 기계시스템공학부<기계공학전공·로봇공학전공>,2,16,8.0
경기,사립,용인대학교,정원외 농어촌학생 특별전형,문화예술대학,영화영상학과,2,16,8.0
경기,국립,한경국립대학교,실적위주(체육특기자_안성)_정원내,,스포츠과학과(올림픽),2,16,8.0
서울,사립,고려대학교(서울),서울캠퍼스 학생부종합(고른기회전형),이과대학,수학과,2,16,8.0
서울,사립,고려대학교(서울),서울캠퍼스 학생부종합(고른기회전형),이과대학,지구환경과학과,2,16,8.0
서울,사립,동덕여자대학교,실기우수자전형,공연예술대학,실용음악전공(드럼),2,16,8.0
서울,사립,명지대학교(서울),학생부종합(농어촌학생전형),,스마트시스템공과대학 / 기계시스템공학부<기계공학전공·로봇공학전공>,2,16,8.0
서울,사립,서울여자대학교,학생부종합(기회균형전형_농어촌학생)[정원외],사회과학대학,행정학과,2,16,8.0
서울,사립,한양대학교(서울),학생부종합(고른기회),생활과학대학,식품영양학과,2,16,8.0
서울,사립,한양대학교(서울),학생부종합(고른기회),생활과학대학,실내건축디자인학과,2,16,8.0
서울,사립,홍익대학교(서울),기초생활수급자·차상위계층전형,법과대학,법학부,2,16,8.0
인천,국립,인천대학교,학생부종합(특수교육대상자)(정원 외),사회과학대학,사회복지학과,2,16,8.0
대전,국립,충남대학교,농어촌학생전형,수의과대학,수의예과,2,16,8.0
충남,사립,순천향대학교,[정원내] 학생부교과(기회균형전형),AI의료융합혁신교육원,헬스케어서비스스쿨(보건행정경영학전공),2,16,8.0
충북,사립,건국대학교(글로컬),[학생부교과] 지역의사제-광역권,의과대학,의예과,2,16,8.0
경기,사립,경기대학교(수원),실기/실적(체육특기자전형),,배구(남)-Center(MB),1,8,8.0
경기,사립,경기대학교(수원),실기/실적(체육특기자전형),,축구(남)-GK,1,8,8.0
경기,사립,단국대학교(죽전),[실기/실적위주] 체육특기자 경쟁률 현황 (천안),,국제스포츠학부(국제스포츠전공)(남)-축구(DF-RCB),1,8,8.0
경기,사립,단국대학교(죽전),[실기/실적위주] 체육특기자 경쟁률 현황 (천안),,국제스포츠학부(국제스포츠전공)(남)-축구(DF-LCB),1,8,8.0
경기,사립,용인대학교,정원외 기초생활수급자 및 차상위계층 특별전형,무도대학,체능 / 유도학과,1,8,8.0
경기,사립,을지대학교(성남의정부),특성화고교 졸업자,,의료경영학과,1,8,8.0
경기,사립,협성대학교,정원외 [학생부교과]특성화고교졸업자,예술대학,시각디자인학과,1,8,8.0
서울,사립,건국대학교(서울),학생부종합(기회균형),문과대학,미디어커뮤니케이션학과,1,8,8.0
서울,사립,경기대학교(서울),실기/실적(체육특기자전형),,배구(남)-Center(MB),1,8,8.0
서울,사립,경기대학교(서울),실기/실적(체육특기자전형),,축구(남)-GK,1,8,8.0
서울,사립,고려대학교(서울),서울캠퍼스 실기/실적(특기자전형-체육교육과),사범대학,럭비(NO.8),1,8,8.0
서울,공립,서울시립대학교,사회공헌·통합전형,인문대학,국사학과,1,8,8.0
서울,사립,서울여자대학교,실기/실적(실기우수자전형_체육),사회과학대학,태권도,1,8,8.0
서울,사립,숭실대학교,학생부종합(기회균형전형),,기독교학과,1,8,8.0
서울,사립,연세대학교(서울),특기자전형 (체육인재),교육과학대학,축구 : 레프트윙포워드(LWF),1,8,8.0
서울,사립,연세대학교(서울),특기자전형 (체육인재),교육과학대학,럭비 : 프롭 3번,1,8,8.0
서울,사립,이화여자대학교,학생부종합(사회기여자전형),경영대학,경영학부,1,8,8.0
서울,사립,한양대학교(서울),실기/실적(음악특기자),음악대학,관현악과(색소폰),1,8,8.0
서울,사립,한양대학교(서울),실기/실적(음악특기자),음악대학,관현악과(튜바),1,8,8.0
서울,사립,홍익대학교(서울),기초생활수급자·차상위계층전형,건축도시대학,건축학부 건축학전공(5년제),1,8,8.0
서울,사립,홍익대학교(서울),기초생활수급자·차상위계층전형,사범대학,국어교육과,1,8,8.0
인천,국립,인천대학교,학생부교과(사회통합),인문대학,일본지역문화학과,1,8,8.0
인천,사립,인하대학교,학생부종합 평생학습자,미래융합대학,금융투자학과,1,8,8.0
대전,사립,을지대학교(대전),특성화고교 졸업자,,의료경영학과,1,8,8.0
대전,국립,충남대학교,일반전형,예술대학,관현악과(Trumpet),1,8,8.0
대전,국립,충남대학교,기회균형선발Ⅰ전형,사회과학대학,심리학과*,1,8,8.0
대전,국립,충남대학교,농어촌학생전형,약학대학,약학과,1,8,8.0
세종,사립,고려대학교(세종),학생부종합(기회균형전형),문화스포츠대학,국제스포츠학부,1,8,8.0
세종,사립,홍익대학교(세종),기초생활수급자·차상위계층전형,,게임학부 게임소프트웨어전공(공학계),1,8,8.0
충남,국립,국립공주대학교,학생부교과전형  농어촌학생전형(정원외),산업과학대학,식품공학과,1,8,8.0
충남,사립,단국대학교(천안),[실기/실적위주] 체육특기자 경쟁률 현황 (천안),,국제스포츠학부(국제스포츠전공)(남)-축구(DF-RCB),1,8,8.0
충남,사립,단국대학교(천안),[실기/실적위주] 체육특기자 경쟁률 현황 (천안),,국제스포츠학부(국제스포츠전공)(남)-축구(DF-LCB),1,8,8.0
충남,사립,한국기술교육대학교,사회통합,,에너지신소재화학공학부 / 에너지신소재공학전공,1,8,8.0
충남,사립,한국기술교육대학교,충남형 계약학과 (조기 취업형),,(주)와이씨,1,8,8.0
충북,사립,우석대학교(진천),학생부교과_지역인재(기회균형),한의과대학,한의예과(전주),1,8,8.0
충북,국립,충북대학교,학생부교과(특성화고출신자전형),전자정보대학,전기공학부,1,8,8.0
서울,사립,연세대학교(서울),학생부종합전형 (활동우수형),신과대학,신학과,12,97,8.08
충남,국립,국립공주대학교,학생부종합전형  일반전형(정원내),간호보건대학,응급구조학과,12,97,8.08
서울,사립,고려대학교(서울),서울캠퍼스 학생부종합(계열적합전형),생명과학대학,생명과학부,11,89,8.09
서울,사립,세종대학교,학생부종합(세종인재 전형(면접형)),자연과학,물리천문학과,10,81,8.1
서울,사립,연세대학교(서울),학생부종합전형 (활동우수형),문과대학,국어국문학과,10,81,8.1
서울,사립,이화여자대학교,학생부종합(예체능서류전형),조형예술대학,디자인학부,24,195,8.13
서울,사립,고려대학교(서울),서울캠퍼스 학생부종합(고른기회전형),경영대학,경영학과,15,122,8.13
서울,사립,숭실대학교,학생부종합(SSU미래인재전형-서류형),,자유전공학부(인문),8,65,8.13
경기,사립,을지대학교(성남의정부),EU면접형,,간호학과(의정부),7,57,8.14
경기,사립,한국항공대학교,논술우수자 전형,,자유전공학부(사회적성),7,57,8.14
서울,사립,숙명여자대학교,[실기/실적] 예능창의인재전형,미술대학,회화과-서양화,7,57,8.14
서울,사립,연세대학교(서울),학생부종합전형 (활동우수형),이과대학,지구시스템과학과,7,57,8.14
대전,사립,을지대학교(대전),EU면접형,,간호학과(의정부),7,57,8.14
서울,사립,연세대학교(서울),학생부종합전형 (활동우수형),진리자유학부,진리자유학부(인문),24,196,8.17
경기,사립,명지대학교(용인),학생부종합(명지인재면접전형),,아랍지역학전공,6,49,8.17
서울,사립,명지대학교(서울),학생부종합(명지인재면접전형),,아랍지역학전공,6,49,8.17
서울,공립,서울시립대학교,논술전형,자연과학대학,물리학과,6,49,8.17
서울,사립,고려대학교(서울),서울캠퍼스 학생부종합(계열적합전형),보건과학대학,바이오의공학부,10,82,8.2
경기,사립,을지대학교(성남의정부),논술우수자,,응급구조학과,5,41,8.2
서울,사립,성신여자대학교,논술우수자,,중국어문·문화학과,5,41,8.2
서울,사립,이화여자대학교,논술(논술전형),인문과학대학,독어독문학과,5,41,8.2
대전,사립,을지대학교(대전),논술우수자,,응급구조학과,5,41,8.2
충남,사립,한국기술교육대학교,논술전형,,전자공학전공,5,41,8.2
서울,사립,연세대학교(서울),학생부종합전형 (활동우수형),생활과학대학,통합디자인학과,9,74,8.22
경기,사립,경희대학교(용인),국제캠퍼스 논술우수자전형,인문계열,러시아어학과,4,33,8.25
서울,사립,건국대학교(서울),학생부종합(기회균형),경영대학,경영학과,4,33,8.25
서울,사립,건국대학교(서울),논술(KU논술우수자),이과대학,수학과,4,33,8.25
서울,사립,경희대학교(서울),국제캠퍼스 논술우수자전형,인문계열,러시아어학과,4,33,8.25
인천,국립,인천대학교,학생부종합(자기추천),예술체육대학,스포츠의학부,4,33,8.25
세종,사립,고려대학교(세종),학생부종합(지역인재전형),약학대학,약학과,4,33,8.25
서울,국립,서울과학기술대학교,논술전형,교양대학,ST자유전공학부_자연,162,1340,8.27
경기,사립,한국항공대학교,논술우수자 전형,,항공·경영대학(이학적성),15,124,8.27
서울,사립,고려대학교(서울),서울캠퍼스 학생부종합(학업우수전형),스마트보안학부,스마트보안학부,11,91,8.27
서울,공립,서울시립대학교,학생부종합전형Ⅰ(면접형),공과대학,전자전기컴퓨터공학부,25,207,8.28
경기,사립,가천대학교(성남),학생부우수자 전형,자연계열,한의예과,7,58,8.29
인천,사립,가천대학교(인천),학생부우수자 전형,자연계열,한의예과,7,58,8.29
서울,사립,연세대학교(서울),학생부종합전형 (활동우수형),인공지능융합대학,컴퓨터과학과,10,83,8.3
서울,사립,건국대학교(서울),실기/실적(체육특기자),사범대학,체육교육과,13,108,8.31
서울,사립,고려대학교(서울),서울캠퍼스 학생부종합(학업우수전형),정경대학,경제학과,25,208,8.32
경기,사립,신한대학교(의정부/동두천),실기우수자전형(교과20%+실기80%),,공연예술학과(연기),15,125,8.33
서울,사립,숙명여자대학교,[논술] 논술우수자전형,문과대학,중어중문학부,12,100,8.33
서울,사립,한양대학교(서울),학생부종합(면접형),사범대학,교육공학과,6,50,8.33
경기,사립,가천대학교(성남),농어촌(종합) 전형,인문계열,법과대학,3,25,8.33
경기,사립,한세대학교,기회균형 - 교과 100%,,간호학과,3,25,8.33
서울,사립,고려대학교(서울),서울캠퍼스 학생부종합(계열적합전형),문과대학,한국사학과,3,25,8.33
서울,사립,고려대학교(서울),서울캠퍼스 실기/실적(특기자전형-체육교육과),사범대학,축구(FW),3,25,8.33
서울,국립,서울과학기술대학교,학교생활우수자전형,조형대학,금속공예디자인학과,3,25,8.33
서울,사립,숭실대학교,학생부종합(기회균형전형),,의생명시스템학부,3,25,8.33
서울,사립,한양대학교(서울),학생부종합(면접형),사범대학,수학교육과,3,25,8.33
인천,사립,가천대학교(인천),농어촌(종합) 전형,인문계열,법과대학,3,25,8.33
서울,사립,연세대학교(서울),학생부종합전형 (국제형(국내고)),언더우드국제대학,아시아학전공,20,167,8.35
서울,사립,고려대학교(서울),서울캠퍼스 학생부종합(학업우수전형),정경대학,통계학과,16,134,8.38
경기,사립,가천대학교(성남),가천바람개비 전형,인문계열,유아교육학과,8,67,8.38
서울,사립,연세대학교(서울),학생부종합전형 (활동우수형),문과대학,철학과,8,67,8.38
인천,사립,가천대학교(인천),가천바람개비 전형,인문계열,유아교육학과,8,67,8.38
경기,사립,성균관대학교(수원),학생부종합(융합인재),,지능형소프트웨어학과,5,42,8.4
경기,사립,한세대학교,면접우수자 - 교과 60% + 면접 40%,,간호학과,5,42,8.4
서울,사립,성균관대학교(서울),학생부종합(융합인재),,지능형소프트웨어학과,5,42,8.4
서울,사립,홍익대학교(서울),논술전형,사범대학,교육학과,5,42,8.4
충남,사립,순천향대학교,[정원내] 학생부종합(일반학생전형),자연과학대학,스포츠과학과,5,42,8.4
서울,국립,서울과학기술대학교,학교생활우수자전형,에너지바이오대학,화공생명공학과,17,143,8.41
경기,사립,가천대학교(성남),가천바람개비 전형,자연계열,정보보호학과,7,59,8.43
인천,사립,가천대학교(인천),가천바람개비 전형,자연계열,정보보호학과,7,59,8.43
경기,사립,용인대학교,정원내 일반학생 전형,무도대학,태권도학과-겨루기 및 품새,33,279,8.45
서울,사립,고려대학교(서울),서울캠퍼스 학생부종합(계열적합전형),공과대학,전기전자공학부,25,212,8.48
경기,사립,성균관대학교(수원),학생부종합(성균인재),,스포츠과학과,12,102,8.5
서울,사립,성균관대학교(서울),학생부종합(성균인재),,스포츠과학과,12,102,8.5
서울,사립,고려대학교(서울),서울캠퍼스 학생부종합(학업우수전형),공과대학,산업경영공학부,8,68,8.5
경기,사립,명지대학교(용인),학생부종합(명지인재면접전형),,시스템생명과학전공,6,51,8.5
서울,사립,명지대학교(서울),학생부종합(명지인재면접전형),,시스템생명과학전공,6,51,8.5
경기,사립,가톨릭대학교(부천),논술전형,,경제학과,4,34,8.5
경기,사립,경희대학교(용인),국제캠퍼스 논술우수자전형,인문계열,중국어학과,4,34,8.5
경기,사립,서울신학대학교,[실적/실기위주]실기전형,,예술학부 / 실용음악과(보컬),4,34,8.5
경기,사립,용인대학교,정원내 체육우수자 특별전형,체육과학대학,"스포츠레저학과-수영(경영, 다이빙, 아티스틱스위밍, 핀수영)",4,34,8.5
경기,사립,한국외국어대학교(용인),논술전형,,언어인지과학과,4,34,8.5
서울,사립,가톨릭대학교(서울),논술전형,,경제학과,4,34,8.5
서울,사립,경희대학교(서울),국제캠퍼스 논술우수자전형,인문계열,중국어학과,4,34,8.5
서울,사립,숙명여자대학교,[논술] 논술우수자전형,문과대학,문화관광학전공,4,34,8.5
서울,사립,한국외국어대학교(서울),논술전형,,언어인지과학과,4,34,8.5
충남,사립,한국기술교육대학교,논술전형,,전기·전자·통신공학부 / 전기공학전공,4,34,8.5
경기,사립,경기대학교(수원),학생부교과(기초생활수급자등선발전형),,"호텔외식경영학부 / 호텔경영전공, 외식·조리전공",2,17,8.5
경기,사립,단국대학교(죽전),[학생부종합] 농어촌학생(정원외) 경쟁률 현황 (죽전),,미디어커뮤니케이션학부,2,17,8.5
경기,사립,신한대학교(의정부/동두천),특성화고교졸업자전형(교과100%),,패션디자인학과,2,17,8.5
경기,사립,아주대학교,고른기회2전형,,경영학과,2,17,8.5
경기,사립,용인대학교,정원내 기회균형 특별전형,무도대학,유도학과,2,17,8.5
경기,사립,용인대학교,정원내 체육우수자 특별전형,체육과학대학,체육학과-축구(남)-FW,2,17,8.5
경기,사립,을지대학교(성남의정부),지역의료인재(특별형),,의예과(대전),2,17,8.5
서울,사립,건국대학교(서울),학생부종합(기회균형),융합생명과학대학,생명공학부,2,17,8.5
서울,사립,경기대학교(서울),학생부교과(기초생활수급자등선발전형),,"호텔외식경영학부 / 호텔경영전공, 외식·조리전공",2,17,8.5
서울,사립,고려대학교(서울),서울캠퍼스 학생부종합(고른기회전형),사범대학,수학교육과,2,17,8.5
서울,사립,고려대학교(서울),서울캠퍼스 학생부종합(다문화전형),공과대학,기계공학부,2,17,8.5
서울,사립,광운대학교,학생부종합【농어촌학생전형】,,산업심리학과,2,12,8.5
서울,사립,상명대학교(서울),정원 내 학생부종합(기회균형전형),,자연 / 수학교육과,2,17,8.5
서울,사립,연세대학교(서울),학생부종합전형 (기회균형),생명시스템대학,생화학과,2,17,8.5
서울,사립,연세대학교(서울),특기자전형 (체육인재),교육과학대학,야구 : 좌투수,2,17,8.5
서울,사립,총신대학교,정원내 교과우수자,사범계열,기독교교육과,2,17,8.5
서울,사립,홍익대학교(서울),고른기회Ⅰ전형,경영대학,경영학부,2,17,8.5
인천,국립,인천대학교,학생부교과(교과성적우수자),사범대학,역사교육과,2,17,8.5
인천,국립,인천대학교,학생부종합(기회균형),자연과학대학,패션산업학과,2,17,8.5
대전,사립,을지대학교(대전),지역의료인재(특별형),,의예과(대전),2,17,8.5
대전,국립,충남대학교,기회균형선발Ⅰ전형,경상대학,경영학부,2,17,8.5
충남,사립,단국대학교(천안),[학생부종합] 농어촌학생(정원외) 경쟁률 현황 (죽전),,미디어커뮤니케이션학부,2,17,8.5
서울,사립,강서대학교,일반학생,,사회복지학과(일반학생),17,145,8.53
서울,사립,고려대학교(서울),서울캠퍼스 학생부종합(학업우수전형),문과대학,사회학과,15,128,8.53
서울,사립,건국대학교(서울),학생부종합(KU자기추천),수의과대학,수의예과,24,205,8.54
경기,사립,가천대학교(성남),가천바람개비 전형,자연계열,간호학과,33,282,8.55
인천,사립,가천대학교(인천),가천바람개비 전형,자연계열,간호학과,33,282,8.55
서울,사립,서경대학교,실기우수자 전형,,공연예술학부-모델연기(패션),22,188,8.55
서울,사립,서경대학교,실기우수자 전형,,헤어디자인학과-A,20,171,8.55
서울,사립,고려대학교(서울),서울캠퍼스 학생부종합(학업우수전형),문과대학,국어국문학과,11,94,8.55
서울,사립,고려대학교(서울),서울캠퍼스 학생부종합(학업우수전형),공과대학,건축학과,9,77,8.56
경기,사립,가천대학교(성남),가천바람개비 전형,자연계열,도시계획·조경학부,7,60,8.57
인천,사립,가천대학교(인천),가천바람개비 전형,자연계열,도시계획·조경학부,7,60,8.57
경기,사립,성균관대학교(수원),학생부종합(성균인재),,글로벌AI융합학부,24,206,8.58
서울,사립,성균관대학교(서울),학생부종합(성균인재),,글로벌AI융합학부,24,206,8.58
경기,사립,신한대학교(의정부/동두천),일반전형(교과60%+면접40%),,방사선학과,12,103,8.58
경기,사립,한국항공대학교,미래인재 전형,,항공운항학과,10,86,8.6
인천,사립,인하대학교,논술 논술우수자,경영대학,아태물류학부,10,86,8.6
서울,사립,건국대학교(서울),논술(KU논술우수자),공과대학,컴퓨터공학과,5,43,8.6
서울,사립,고려대학교(서울),서울캠퍼스 학생부종합(계열적합전형),보건과학대학,보건환경융합과학부,13,112,8.62
서울,사립,한양대학교(서울),학생부종합(면접형),사범대학,국어교육과,8,69,8.63
서울,사립,연세대학교(서울),학생부종합전형 (활동우수형),의과대학,의예과,45,390,8.67
서울,사립,건국대학교(서울),학생부종합(기회균형),공과대학,컴퓨터공학과,3,26,8.67
서울,사립,상명대학교(서울),정원 내 논술(논술전형),,국어교육과,3,26,8.67
서울,사립,상명대학교(서울),정원 내 논술(논술전형),,의류학과,3,26,8.67
서울,사립,서강대학교,학생부종합(특성화고교졸업자),,경제학과,3,6,8.67
서울,사립,성신여자대학교,논술우수자,,사학과,3,26,8.67
경기,사립,신한대학교(의정부/동두천),논술전형(약술형)(교과10%+논술90%),,간호학과*,17,148,8.71
경기,사립,가천대학교(성남),가천바람개비 전형,인문계열,심리학과,7,61,8.71
서울,사립,건국대학교(서울),논술(KU논술우수자),공과대학,사회환경공학부,7,61,8.71
서울,사립,고려대학교(서울),서울캠퍼스 학생부종합(학업우수전형),문과대학,독어독문학과,7,61,8.71
서울,사립,고려대학교(서울),서울캠퍼스 학생부종합(학업우수전형),사범대학,수학교육과,7,61,8.71
인천,사립,가천대학교(인천),가천바람개비 전형,인문계열,심리학과,7,61,8.71
서울,공립,서울시립대학교,학생부종합전형Ⅰ(면접형),공과대학,화학공학과,16,140,8.75
서울,사립,고려대학교(서울),서울캠퍼스 학생부종합(계열적합전형),문과대학,노어노문학과,4,35,8.75
서울,사립,고려대학교(서울),서울캠퍼스 학생부종합(계열적합전형),사범대학,역사교육과,4,35,8.75
서울,사립,세종대학교,논술(논술우수자 전형),사회과학,법학과,4,35,8.75
서울,사립,한양대학교(서울),학생부종합(고른기회),공과대학,융합전자공학부,4,35,8.75
서울,사립,한양대학교(서울),학생부종합(고른기회),공과대학,컴퓨터소프트웨어학부,4,35,8.75
서울,사립,홍익대학교(서울),논술전형,문과대학,불어불문학과,4,35,8.75
충북,사립,건국대학교(글로컬),[실기위주] 실기우수자,디자인대학,미디어콘텐츠학과,13,114,8.77
인천,사립,인하대학교,논술 논술우수자,문과대학,문화콘텐츠문화경영학과,10,88,8.8
대전,사립,우송대학교,정원내 실기/실적 - 뷰티특기자 전형,보건복지대학,뷰티디자인경영학과,10,88,8.8
경기,사립,성균관대학교(수원),논술위주(언어형),,컴퓨터공학과,5,44,8.8
경기,사립,성균관대학교(수원),논술위주(수리형),,반도체융합공학과,5,44,8.8
경기,사립,한국외국어대학교(용인),논술전형,,글로벌스포츠산업학부,5,44,8.8
서울,사립,고려대학교(서울),서울캠퍼스 학생부종합(계열적합전형),문과대학,불어불문학과,5,44,8.8
서울,사립,상명대학교(서울),정원 내 학생부종합(상명인재전형),,게임전공,5,44,8.8
서울,사립,성균관대학교(서울),논술위주(언어형),,컴퓨터공학과,5,44,8.8
서울,사립,성균관대학교(서울),논술위주(수리형),,반도체융합공학과,5,44,8.8
서울,사립,한국외국어대학교(서울),논술전형,,글로벌스포츠산업학부,5,44,8.8
서울,사립,홍익대학교(서울),학교생활우수자전형,미술대학,예술학과,5,44,8.8
대전,국립,충남대학교,일반전형,인문대학,일어일문학과*,5,44,8.8
서울,공립,서울시립대학교,학생부종합전형Ⅰ(면접형),인문대학,국사학과,11,97,8.82
경기,사립,명지대학교(용인),학생부종합(명지인재면접전형),,아시아·중동어문학부 / 중어중문학전공,6,53,8.83
서울,사립,명지대학교(서울),학생부종합(명지인재면접전형),,아시아·중동어문학부 / 중어중문학전공,6,53,8.83
서울,사립,연세대학교(서울),특수교육대상자전형,총계,인문,6,53,8.83
경기,사립,대진대학교,실기/실적위주(실기우수자전형) - 실기80% + 교과20%,예술대학,연기예술학과 [교직] [문화예술사],19,168,8.84
서울,사립,고려대학교(서울),서울캠퍼스 학생부종합(학업우수전형),공과대학,반도체공학과,14,124,8.86
경기,사립,신한대학교(의정부/동두천),기회균형전형(학생부서류100%),,방사선학과,7,62,8.86
서울,사립,이화여자대학교,논술(논술전형),사회과학대학,소비자학과,7,62,8.86
서울,사립,고려대학교(서울),서울캠퍼스 학생부종합(계열적합전형),정경대학,경제학과,15,133,8.87
서울,사립,고려대학교(서울),서울캠퍼스 학생부교과(학교추천전형),사범대학,교육학과,8,71,8.88
서울,사립,숙명여자대학교,[논술] 논술우수자전형,문과대학,교육학부,8,71,8.88
서울,사립,고려대학교(서울),서울캠퍼스 학생부종합(계열적합전형),공과대학,건축사회환경공학부,11,98,8.91
서울,사립,고려대학교(서울),서울캠퍼스 학생부종합(학업우수전형),미디어대학,미디어학부,14,126,9.0
서울,사립,고려대학교(서울),서울캠퍼스 학생부종합(계열적합전형),문과대학,영어영문학과,12,108,9.0
서울,사립,고려대학교(서울),서울캠퍼스 학생부종합(사이버국방전형),스마트보안학부,사이버국방학과,10,90,9.0
경기,사립,경희대학교(용인),서울캠퍼스 실기우수자전형(한국화·회화·조소),예술계열,미술학부(조소),6,54,9.0
서울,사립,경희대학교(서울),서울캠퍼스 실기우수자전형(한국화·회화·조소),예술계열,미술학부(조소),6,54,9.0
서울,사립,고려대학교(서울),서울캠퍼스 학생부종합(계열적합전형),사범대학,국어교육과,6,54,9.0
충남,사립,백석대학교,정원내 모집 학생부 종합 창의인재,,스포츠과학부,5,45,9.0
서울,사립,이화여자대학교,논술(논술전형),공과대학,기후에너지시스템공학과,4,36,9.0
서울,사립,세종대학교,논술(논술우수자 전형),사회과학,행정학과,3,27,9.0
충북,국립,충북대학교,학생부교과(학생부교과전형),사범대학,물리교육과,3,27,9.0
경기,사립,가천대학교(성남),농어촌(교과) 전형,인문계열,관광경영학과,2,18,9.0
경기,사립,가천대학교(성남),농어촌(종합) 전형,인문계열,심리학과,2,18,9.0
경기,사립,단국대학교(죽전),[학생부종합] 농어촌학생(정원외) 경쟁률 현황 (죽전),,기계공학과,2,18,9.0
경기,사립,단국대학교(죽전),[실기/실적위주] 체육특기자 경쟁률 현황 (천안),,국제스포츠학부(국제스포츠전공)(남)-야구(유격수),2,18,9.0
경기,사립,아주대학교,고른기회2전형,,간호학과,2,18,9.0
경기,사립,을지대학교(성남의정부),농어촌학생,,의예과(대전),2,18,9.0
서울,사립,건국대학교(서울),학생부종합(기회균형),사회과학대학,행정학과,2,18,9.0
서울,사립,건국대학교(서울),학생부종합(기회균형),융합생명과학대학,생명과학과,2,18,9.0
서울,공립,서울시립대학교,사회공헌·통합전형,정경대학,행정학과,2,18,9.0
서울,사립,한양대학교(서울),학생부종합(고른기회),공과대학,건축학부,2,18,9.0
서울,사립,홍익대학교(서울),기초생활수급자·차상위계층전형,공과대학,신소재·화공시스템공학부,2,18,9.0
인천,사립,가천대학교(인천),농어촌(교과) 전형,인문계열,관광경영학과,2,18,9.0
인천,사립,가천대학교(인천),농어촌(종합) 전형,인문계열,심리학과,2,18,9.0
대전,사립,을지대학교(대전),농어촌학생,,의예과(대전),2,18,9.0
충남,사립,단국대학교(천안),[학생부종합] 농어촌학생(정원외) 경쟁률 현황 (죽전),,기계공학과,2,18,9.0
충남,사립,단국대학교(천안),[실기/실적위주] 체육특기자 경쟁률 현황 (천안),,국제스포츠학부(국제스포츠전공)(남)-야구(유격수),2,18,9.0
경기,사립,가천대학교(성남),농어촌(종합) 전형,인문계열,미디어커뮤니케이션학과,1,9,9.0
경기,사립,단국대학교(죽전),[실기/실적위주] 체육특기자 경쟁률 현황 (천안),,국제스포츠학부(태권도전공)(여)-격파,1,9,9.0
경기,사립,용인대학교,정원외 기초생활수급자 및 차상위계층 특별전형,AI바이오융합대학,물리치료학과,1,9,9.0
경기,사립,협성대학교,정원외 [학생부교과]특성화고교졸업자,경영대학,경영학과,1,9,9.0
서울,사립,건국대학교(서울),학생부종합(기회균형),문과대학,문화콘텐츠학과,1,9,9.0
서울,사립,건국대학교(서울),학생부종합(기회균형),사회과학대학,정치외교학과,1,9,9.0
서울,사립,건국대학교(서울),학생부종합(특성화고교졸업자),경영대학,경영학과,1,9,9.0
서울,사립,고려대학교(서울),서울캠퍼스 학생부종합(고른기회전형),사범대학,역사교육과,1,9,9.0
서울,사립,고려대학교(서울),서울캠퍼스 학생부종합(다문화전형),문과대학,영어영문학과,1,9,9.0
서울,사립,삼육대학교,예체능인재전형(체육),,수영(경영),1,9,9.0
서울,공립,서울시립대학교,기회균형전형Ⅰ,인공지능융합대학,인공지능학과,1,9,9.0
서울,공립,서울시립대학교,사회공헌·통합전형,인문대학,국어국문학과,1,9,9.0
서울,공립,서울시립대학교,사회공헌·통합전형,인문대학,중국어문화학과,1,9,9.0
서울,공립,서울시립대학교,사회공헌·통합전형,자연과학대학,통계학과,1,9,9.0
서울,공립,서울시립대학교,사회공헌·통합전형,도시과학대학,조경학과,1,9,9.0
서울,공립,서울시립대학교,사회공헌·통합전형,인공지능융합대학,컴퓨터과학부,1,9,9.0
서울,사립,연세대학교(서울),학생부종합전형 (기회균형),약학대학,약학과,1,9,9.0
서울,사립,연세대학교(서울),특기자전형 (체육인재),교육과학대학,럭비 : 스탠드오프 10번,1,9,9.0
서울,사립,한양대학교(서울),실기/실적(음악특기자),음악대학,관현악과(클라리넷),1,9,9.0
인천,사립,가천대학교(인천),농어촌(종합) 전형,인문계열,미디어커뮤니케이션학과,1,9,9.0
대전,국립,충남대학교,기회균형선발Ⅰ전형,사회과학대학,문헌정보학과*,1,9,9.0
대전,국립,충남대학교,기회균형선발Ⅱ전형,사회과학대학,언론정보학과,1,9,9.0
대전,국립,충남대학교,저소득층학생전형,사회과학대학,심리학과*,1,9,9.0
대전,국립,충남대학교,저소득층학생전형,수의과대학,수의예과,1,9,9.0
세종,사립,고려대학교(세종),학생부종합(기회균형전형),글로벌비즈니스대학,글로벌학부,1,9,9.0
충남,국립,국립공주대학교,학생부교과전형  농어촌학생전형(정원외),사범대학,윤리교육과,1,9,9.0
충남,국립,국립공주대학교,학생부교과전형  농어촌학생전형(정원외),사범대학,기술·가정교육과,1,9,9.0
충남,사립,단국대학교(천안),[실기/실적위주] 체육특기자 경쟁률 현황 (천안),,국제스포츠학부(태권도전공)(여)-격파,1,9,9.0
충북,국립,충북대학교,학생부종합(농어촌학생전형),인문대학,철학과,1,9,9.0
충북,국립,충북대학교,학생부종합(농어촌학생전형),수의과대학,수의예과,1,9,9.0
충북,국립,충북대학교,학생부교과(경제배려대상자전형),사회과학대학,심리학과,1,9,9.0
서울,사립,이화여자대학교,학생부종합(미래인재전형-면접형),의과대학,의예과,9,82,9.11
경기,사립,경희대학교(용인),서울캠퍼스 논술우수자전형,자연계열,물리학과,7,64,9.14
서울,사립,경희대학교(서울),서울캠퍼스 논술우수자전형,자연계열,물리학과,7,64,9.14
서울,사립,고려대학교(서울),서울캠퍼스 학생부종합(학업우수전형),문과대학,노어노문학과,7,64,9.14
서울,사립,이화여자대학교,논술(논술전형),인문과학대학,기독교학과,7,64,9.14
경기,사립,단국대학교(죽전),[논술위주] 논술우수자 경쟁률 현황 (죽전),,상담학과,6,55,9.17
서울,사립,고려대학교(서울),서울캠퍼스 학생부종합(계열적합전형),공과대학,산업경영공학부,6,55,9.17
서울,사립,고려대학교(서울),서울캠퍼스 학생부종합(고른기회전형),공과대학,기계공학부,6,55,9.17
서울,사립,숭실대학교,학생부종합(SSU미래인재전형-면접형),,행정학부,6,55,9.17
충남,사립,단국대학교(천안),[논술위주] 논술우수자 경쟁률 현황 (죽전),,상담학과,6,55,9.17
서울,공립,서울시립대학교,학생부종합전형Ⅰ(면접형),정경대학,경제학부,10,92,9.2
서울,사립,고려대학교(서울),서울캠퍼스 학생부종합(계열적합전형),공과대학,화공생명공학과,5,46,9.2
서울,사립,고려대학교(서울),서울캠퍼스 학생부종합(계열적합전형),공과대학,건축학과,5,46,9.2
서울,사립,상명대학교(서울),정원 내 논술(논술전형),,지능·데이터융합학부 / 휴먼AI공학전공,5,46,9.2
서울,사립,성신여자대학교,자기주도인재,,뷰티산업학과,5,46,9.2
서울,사립,세종대학교,논술(논술우수자 전형),인문과학,국어국문학과,5,46,9.2
서울,사립,숙명여자대학교,[논술] 논술우수자전형,문과대학,르꼬르동블루외식경영전공,5,46,9.2
경기,사립,가천대학교(성남),가천바람개비 전형,인문계열,경영학과,18,166,9.22
인천,사립,가천대학교(인천),가천바람개비 전형,인문계열,경영학과,18,166,9.22
서울,사립,고려대학교(서울),서울캠퍼스 학생부종합(계열적합전형),정경대학,정치외교학과,9,83,9.22
서울,사립,홍익대학교(서울),논술전형,,경제학부,8,74,9.25
서울,사립,고려대학교(서울),서울캠퍼스 학생부종합(다문화전형),경영대학,경영학과,4,37,9.25
서울,사립,연세대학교(서울),학생부종합전형 (활동우수형),공과대학,기계공학부,23,213,9.26
경기,사립,가천대학교(성남),가천바람개비 전형,인문계열,관광경영학과,7,65,9.29
경기,사립,성균관대학교(수원),학생부종합(기회균형),,인문과학계열,7,65,9.29
서울,사립,성균관대학교(서울),학생부종합(기회균형),,인문과학계열,7,65,9.29
서울,사립,연세대학교(서울),학생부종합전형 (활동우수형),약학대학,약학과,7,65,9.29
인천,사립,가천대학교(인천),가천바람개비 전형,인문계열,관광경영학과,7,65,9.29
서울,사립,숙명여자대학교,[논술] 논술우수자전형,경상대학,경영학부,10,93,9.3
서울,사립,고려대학교(서울),서울캠퍼스 학생부종합(학업우수전형),사범대학,국어교육과,9,84,9.33
경기,국립,한경국립대학교,학생부종합(잠재력우수자_안성)_정원내,,문예창작미디어콘텐츠홍보학과,6,56,9.33
서울,사립,건국대학교(서울),논술(KU논술우수자),융합생명과학대학,생명공학부,6,56,9.33
서울,사립,연세대학교(서울),특수교육대상자전형,총계,자연,6,56,9.33
충남,사립,상명대학교(천안),정원내 실기/실적(실기전형),,영화영상전공(연기),6,56,9.33
경기,사립,경희대학교(용인),국제캠퍼스 논술우수자전형,인문계열,일본어학과,3,28,9.33
경기,사립,을지대학교(성남의정부),사회기여 및 배려대상자,,간호학과(성남),3,28,9.33
서울,사립,건국대학교(서울),논술(KU논술우수자),공과대학,산업공학과,3,28,9.33
서울,사립,건국대학교(서울),논술(KU논술우수자),사회과학대학,응용통계학과,3,28,9.33
서울,사립,경희대학교(서울),국제캠퍼스 논술우수자전형,인문계열,일본어학과,3,28,9.33
서울,사립,상명대학교(서울),정원 내 논술(논술전형),,SW융합학부 / 컴퓨터과학전공,3,28,9.33
서울,사립,상명대학교(서울),정원 내 논술(논술전형),,식품영양학전공,3,28,9.33
서울,사립,연세대학교(서울),학생부종합전형 (기회균형),이과대학,화학과,3,28,9.33
서울,사립,이화여자대학교,학생부종합(미래인재전형-면접형),공과대학,환경공학과,3,28,9.33
서울,사립,이화여자대학교,학생부종합(고른기회전형),간호대학,간호학부,3,28,9.33
대전,사립,을지대학교(대전),사회기여 및 배려대상자,,간호학과(성남),3,28,9.33
대전,국립,충남대학교,지역인재전형(저소득),의과대학,의예과,3,28,9.33
서울,사립,고려대학교(서울),서울캠퍼스 학생부종합(계열적합전형),정경대학,통계학과,11,103,9.36
충남,사립,백석대학교,정원내 모집 실기위주 (예·체능계열) 일반실기,,스포츠과학부,73,686,9.4
서울,사립,한양대학교(서울),학생부종합(면접형),공과대학,융합전자공학부,10,94,9.4
충남,사립,상명대학교(천안),정원내 실기/실적(실기전형),,사진영상미디어전공,10,94,9.4
서울,사립,건국대학교(서울),논술(KU논술우수자),사회과학대학,행정학과,5,47,9.4
서울,사립,고려대학교(서울),서울캠퍼스 학생부종합(계열적합전형),문과대학,사학과,5,47,9.4
서울,사립,숙명여자대학교,[논술] 논술우수자전형,문과대학,역사문화학과,5,47,9.4
서울,사립,세종대학교,학생부종합(세종인재 전형(면접형)),호텔관광,호텔관광외식경영학부,14,132,9.43
경기,사립,단국대학교(죽전),[논술위주] 논술우수자 경쟁률 현황 (죽전),,미디어커뮤니케이션학부,7,66,9.43
서울,사립,건국대학교(서울),논술(KU논술우수자),사회과학대학,국제무역학과,7,66,9.43
서울,사립,숭실대학교,논술(논술우수자전형),,건축학부(건축학·건축공학전공),7,66,9.43
충남,사립,단국대학교(천안),[논술위주] 논술우수자 경쟁률 현황 (죽전),,미디어커뮤니케이션학부,7,66,9.43
경기,사립,성균관대학교(수원),학생부종합(성균인재),,연기예술학과 / 연출,9,85,9.44
서울,사립,성균관대학교(서울),학생부종합(성균인재),,연기예술학과 / 연출,9,85,9.44
경기,사립,가천대학교(성남),가천바람개비 전형,인문계열,AI인문대학,22,208,9.45
인천,사립,가천대학교(인천),가천바람개비 전형,인문계열,AI인문대학,22,208,9.45
서울,사립,고려대학교(서울),서울캠퍼스 학생부종합(계열적합전형),스마트모빌리티학부,스마트모빌리티학부,20,189,9.45
서울,사립,연세대학교(서울),학생부종합전형 (활동우수형),공과대학,화공생명공학부,17,161,9.47
서울,사립,광운대학교,논술【논술우수자전형】,,법학부,10,95,9.5
서울,사립,고려대학교(서울),서울캠퍼스 학생부종합(계열적합전형),미디어대학,미디어학부,8,76,9.5
서울,사립,광운대학교,실기/실적【체육특기자전형】,,실기/실적【체육특기자전형(축구)】,8,76,9.5
서울,사립,서강대학교,학생부교과(지역균형),,화학과,6,57,9.5
서울,사립,한양대학교(서울),학생부종합(면접형),사범대학,교육학과,6,57,9.5
서울,사립,홍익대학교(서울),논술전형,문과대학,영어영문학과,6,57,9.5
경기,사립,가톨릭대학교(부천),논술전형,,중국언어문화학과,4,38,9.5
서울,사립,가톨릭대학교(서울),논술전형,,중국언어문화학과,4,38,9.5
서울,사립,광운대학교,논술【논술우수자전형】,,산업심리학과,4,38,9.5
서울,사립,연세대학교(서울),논술전형,인공지능융합대학,인공지능시스템학과,4,38,9.5
서울,사립,한양대학교(서울),학생부종합(고른기회),공과대학,화학공학과,4,38,9.5
경기,사립,가천대학교(성남),특성화고교 전형,자연계열,도시계획·조경학부,2,19,9.5
경기,사립,가천대학교(성남),농어촌(종합) 전형,자연계열,물리치료학과,2,19,9.5
경기,사립,경희대학교(용인),서울캠퍼스 학생부종합[기회균형전형Ⅰ(국가보훈·농어촌·수급자·자립아동 등)],인문계열,조리&푸드디자인학과,2,19,9.5
경기,사립,단국대학교(죽전),[실기/실적위주] 체육특기자 경쟁률 현황 (천안),,국제스포츠학부(국제스포츠전공)(남)-야구(좌완투수-오버핸드),2,19,9.5
경기,사립,성결대학교,[학생부교과] 고른기회Ⅰ,글로벌경영대학,경영학과,2,19,9.5
경기,사립,신한대학교(의정부/동두천),농어촌전형(교과100%),,치기공학과,2,19,9.5
경기,사립,을지대학교(성남의정부),기회균형(정원외),,의예과(대전),2,19,9.5
서울,사립,경희대학교(서울),서울캠퍼스 학생부종합[기회균형전형Ⅰ(국가보훈·농어촌·수급자·자립아동 등)],인문계열,조리&푸드디자인학과,2,19,9.5
서울,사립,고려대학교(서울),서울캠퍼스 학생부종합(고른기회전형),사범대학,교육학과,2,19,9.5
서울,사립,고려대학교(서울),서울캠퍼스 학생부종합(다문화전형),정보대학,컴퓨터학과,2,19,9.5
서울,공립,서울시립대학교,학생부종합전형Ⅰ(면접형),인공지능융합대학,첨단융합학부-융합바이오헬스전공,2,19,9.5
서울,공립,서울시립대학교,사회공헌·통합전형,정경대학,사회복지학과,2,19,9.5
서울,사립,숭실대학교,논술(논술우수자전형),,국제법무학과,2,19,9.5
서울,사립,연세대학교(서울),특기자전형 (체육인재),교육과학대학,체육교육학과 / 축구 : 미드필더(MF),2,19,9.5
인천,사립,가천대학교(인천),특성화고교 전형,자연계열,도시계획·조경학부,2,19,9.5
인천,사립,가천대학교(인천),농어촌(종합) 전형,자연계열,물리치료학과,2,19,9.5
대전,사립,을지대학교(대전),기회균형(정원외),,의예과(대전),2,19,9.5
대전,국립,충남대학교,체육특기자전형,사범대학,체육교육과(육상),2,19,9.5
충남,사립,단국대학교(천안),[실기/실적위주] 체육특기자 경쟁률 현황 (천안),,국제스포츠학부(국제스포츠전공)(남)-야구(좌완투수-오버핸드),2,19,9.5
경기,사립,아주대학교,ACE전형,,약학과,15,143,9.53
경기,사립,성균관대학교(수원),학생부종합(융합인재),,사회과학계열,30,287,9.57
서울,사립,성균관대학교(서울),학생부종합(융합인재),,사회과학계열,30,287,9.57
서울,공립,서울시립대학교,학생부종합전형Ⅰ(면접형),공과대학,신소재공학과,12,115,9.58
경기,사립,성균관대학교(수원),학생부종합(융합인재),,공학계열,64,614,9.59
서울,사립,성균관대학교(서울),학생부종합(융합인재),,공학계열,64,614,9.59
서울,사립,고려대학교(서울),서울캠퍼스 실기/실적(특기자전형-디자인조형학부),디자인조형학부,디자인조형학부,15,144,9.6
서울,공립,서울시립대학교,학생부종합전형Ⅰ(면접형),도시과학대학,환경공학부,15,144,9.6
경기,사립,성결대학교,[학생부교과] SKU창의,인문사회융합대학,사회복지학과,10,96,9.6
서울,사립,건국대학교(서울),실기/실적(연출우수자),예술디자인대학,영화예술학과,10,96,9.6
세종,사립,홍익대학교(세종),체육우수자전형,스포츠지도학과,야구,10,96,9.6
서울,사립,고려대학교(서울),서울캠퍼스 학생부종합(계열적합전형),문과대학,일어일문학과,5,48,9.6
서울,사립,세종대학교,논술(논술우수자 전형),인문과학,교육학과,5,48,9.6
서울,사립,서울여자대학교,실기/실적(실기우수자전형_미술),미래산업융합대학,산업디자인학과,13,125,9.62
인천,사립,인하대학교,논술 논술우수자,사회과학대학,미디어커뮤니케이션학과,8,77,9.63
서울,사립,연세대학교(서울),학생부종합전형 (활동우수형),생명시스템대학,생명공학과,11,106,9.64
서울,사립,숭실대학교,학생부종합(SSU미래인재전형-면접형),,경영학부,15,145,9.67
경기,사립,가천대학교(성남),논술 전형,자연계열,응급구조학과,6,58,9.67
인천,사립,가천대학교(인천),논술 전형,자연계열,응급구조학과,6,58,9.67
경기,사립,경기대학교(수원),실기/실적(예능실기우수자전형),,기악-드럼,3,29,9.67
서울,사립,경기대학교(서울),실기/실적(예능실기우수자전형),,기악-드럼,3,29,9.67
서울,사립,광운대학교,학생부종합【특성화고졸업자전형】,,경영학부 경영학전공,3,28,9.67
서울,사립,삼육대학교,학교장추천전형,,사회복지학과,3,29,9.67
서울,공립,서울시립대학교,고교추천전형,자연과학대학,통계학과,3,29,9.67
서울,공립,서울시립대학교,기회균형전형Ⅰ,정경대학,국제관계학과,3,29,9.67
대전,국립,충남대학교,학생부종합 서류전형,공과대학,항공우주공학과,3,29,9.67
충남,국립,국립공주대학교,실기/실적전형  농어촌학생전형(정원외),예술대학,만화애니메이션학부,3,29,9.67
충북,국립,충북대학교,학생부종합(학생부종합Ⅰ전형),약학대학,약학과,3,29,9.67
서울,사립,한양대학교(서울),학생부종합(서류형),공과대학,신소재공학부,7,68,9.71
경기,사립,한국항공대학교,논술우수자 전형,,자유전공학부(이학적성),20,195,9.75
서울,사립,한양대학교(서울),학생부종합(면접형),한양YK인터칼리지,한양인터칼리지학부(자연),20,195,9.75
서울,사립,고려대학교(서울),서울캠퍼스 학생부종합(계열적합전형),생명과학대학,환경생태공학부,8,78,9.75
경기,사립,한국외국어대학교(용인),논술전형,,생명공학과,4,39,9.75
서울,사립,건국대학교(서울),논술(KU논술우수자),사회과학대학,정치외교학과,4,39,9.75
서울,사립,고려대학교(서울),서울캠퍼스 학생부종합(계열적합전형),공과대학,융합에너지공학과,4,39,9.75
서울,사립,한국외국어대학교(서울),논술전형,,생명공학과,4,39,9.75
인천,사립,인하대학교,논술 논술우수자,문과대학,철학과,4,39,9.75
충남,국립,국립공주대학교,학생부교과전형  일반전형(정원내),사범대학,일반사회교육과,4,39,9.75
서울,사립,숭실대학교,학생부종합(SSU미래인재전형-면접형),,의생명시스템학부,13,127,9.77
경기,사립,을지대학교(성남의정부),논술우수자,,간호학과(의정부),15,147,9.8
서울,사립,숙명여자대학교,[학생부종합] 숙명인재(면접형)전형,약학대학,약학부,15,147,9.8
대전,사립,을지대학교(대전),논술우수자,,간호학과(의정부),15,147,9.8
경기,사립,성균관대학교(수원),학생부종합(융합인재),,약학과,10,98,9.8
서울,사립,성균관대학교(서울),학생부종합(융합인재),,약학과,10,98,9.8
경기,사립,한국외국어대학교(용인),논술전형,,영미문학·문화학과,11,108,9.82
서울,사립,한국외국어대학교(서울),논술전형,,영미문학·문화학과,11,108,9.82
서울,사립,숙명여자대학교,[논술] 논술우수자전형,문과대학,한국어문학부,12,118,9.83
경기,사립,가천대학교(성남),실기우수자 전형,예체능계열,체육전공,40,395,9.88
인천,사립,가천대학교(인천),실기우수자 전형,예체능계열,체육전공,40,395,9.88
서울,사립,숙명여자대학교,[논술] 논술우수자전형,미디어학부,미디어학부,11,109,9.91
서울,사립,한양대학교(서울),학생부종합(추천형),공과대학,기계공학부,11,109,9.91
인천,사립,인하대학교,논술 논술우수자,경영대학,경영학부(경영학과),22,220,10.0
서울,사립,이화여자대학교,학생부종합(미래인재전형-면접형),약학대학,약학부 미래산업약학전공,11,110,10.0
서울,사립,연세대학교(서울),학생부종합전형 (활동우수형),이과대학,화학과,10,100,10.0
서울,사립,한양대학교(서울),학생부종합(추천형),공과대학,융합전자공학부,10,100,10.0
서울,사립,고려대학교(서울),서울캠퍼스 학생부종합(계열적합전형),정경대학,행정학과,9,90,10.0
서울,사립,고려대학교(서울),서울캠퍼스 학생부종합(계열적합전형),보건과학대학,바이오시스템의과학부,8,80,10.0
서울,사립,이화여자대학교,학생부종합(미래인재전형-면접형),자연과학대학,생명과학과,7,70,10.0
서울,사립,한성대학교,실기우수자전형,크리에이티브인문예술대학,서양화_인물수채화,7,70,10.0
서울,사립,세종대학교,학생부종합(사회기여 및 배려자 전형),,인문사회계열,6,60,10.0
서울,사립,고려대학교(서울),서울캠퍼스 학생부종합(계열적합전형),생명과학대학,식품공학과,5,50,10.0
서울,사립,한양대학교(서울),학생부종합(추천형),공과대학,신소재공학부,5,50,10.0
서울,사립,한양대학교(서울),학생부종합(추천형),공과대학,화학공학과,5,50,10.0
경기,사립,신한대학교(의정부/동두천),사회기여자전형(학생부서류100%),,간호학과*,4,40,10.0
서울,사립,한양대학교(서울),학생부종합(서류형),인문과학대학,철학과,4,40,10.0
서울,사립,한양대학교(서울),학생부종합(고른기회),공과대학,신소재공학부,4,40,10.0
서울,사립,한양대학교(서울),학생부종합(고른기회),경영대학,경영학부,4,40,10.0
대전,국립,충남대학교,학생부종합 면접전형,수의과대학,수의예과,4,40,10.0
경기,사립,명지대학교(용인),학생부교과(학교장추천전형),,문헌정보학전공,3,30,10.0
경기,사립,용인대학교,정원외 농어촌학생 특별전형,무도대학,체능 / 태권도학과-겨루기 및 품새,3,30,10.0
서울,사립,고려대학교(서울),서울캠퍼스 학생부종합(계열적합전형),문과대학,언어학과,3,30,10.0
서울,사립,고려대학교(서울),서울캠퍼스 학생부종합(고른기회전형),보건과학대학,바이오시스템의과학부,3,30,10.0
서울,사립,명지대학교(서울),학생부교과(학교장추천전형),,문헌정보학전공,3,30,10.0
서울,사립,상명대학교(서울),정원 내 논술(논술전형),,화공신소재전공,3,30,10.0
대전,국립,충남대학교,학생부종합 면접전형,인문대학,일어일문학과*,3,30,10.0
경기,사립,경기대학교(수원),실기/실적(체육특기자전형),,축구(남)-CB,2,20,10.0
경기,사립,성결대학교,[학생부교과] 고른기회Ⅰ,사범대학,유아교육과,2,20,10.0
경기,사립,용인대학교,정원내 기회균형 특별전형,인문사회융합대학,경영학과,2,20,10.0
경기,사립,용인대학교,정원내 체육우수자 특별전형,체육과학대학,체육학과-보디빌딩,2,20,10.0
서울,사립,경기대학교(서울),실기/실적(체육특기자전형),,축구(남)-CB,2,20,10.0
서울,사립,고려대학교(서울),서울캠퍼스 학생부종합(고른기회전형),생명과학대학,식품공학과,2,20,10.0
대전,국립,충남대학교,학생부종합 서류전형,인문대학,일어일문학과*,2,20,10.0
경기,사립,가천대학교(성남),기회균형 전형,인문계열,미디어커뮤니케이션학과,1,10,10.0
경기,사립,경희대학교(용인),국제캠퍼스 실기우수자전형(체육),체육계열,스포츠지도학과-럭비(남)-C.T.B.,1,10,10.0
경기,사립,단국대학교(죽전),[학생부종합] 특수교육대상자(정원외) 경쟁률 현황 (죽전),,특수교육과,1,10,10.0
경기,사립,단국대학교(죽전),[실기/실적위주] 체육특기자 경쟁률 현황 (천안),,국제스포츠학부(국제스포츠전공)(남)-농구(가드),1,10,10.0
경기,사립,한국공학대학교,학생부교과(특성화고교졸업자),,게임공학과,1,10,10.0
경기,사립,한국공학대학교,학생부교과(특성화고교졸업자),,기계설계공학부 기계설계전공,1,10,10.0
서울,사립,건국대학교(서울),학생부종합(특성화고교졸업자),공과대학,전기전자공학부,1,10,10.0
서울,사립,건국대학교(서울),학생부종합(특성화고교졸업자),공과대학,인공지능학과,1,10,10.0
서울,사립,경희대학교(서울),국제캠퍼스 실기우수자전형(체육),체육계열,스포츠지도학과-럭비(남)-C.T.B.,1,10,10.0
서울,사립,광운대학교,학생부종합【농어촌학생전형】,,스포츠융합과학과,1,10,10.0
서울,사립,삼육대학교,예체능인재전형(체육),,체육학과 / 축구,1,10,10.0
서울,공립,서울시립대학교,사회공헌·통합전형,공과대학,기계정보공학과,1,10,10.0
인천,사립,가천대학교(인천),기회균형 전형,인문계열,미디어커뮤니케이션학과,1,10,10.0
대전,국립,충남대학교,기회균형선발Ⅰ전형,사회과학대학,사회복지학과,1,10,10.0
대전,국립,충남대학교,기회균형선발Ⅱ전형,간호대학,간호학과*,1,10,10.0
충남,국립,국립공주대학교,학생부종합전형  특성화고교졸업자전형(정원외),사범대학,경영·금융교육과,1,10,10.0
충남,국립,국립공주대학교,학생부교과전형  농어촌학생전형(정원외),자연과학대학,문화재보존과학과,1,10,10.0
충남,사립,단국대학교(천안),[학생부종합] 특수교육대상자(정원외) 경쟁률 현황 (죽전),,특수교육과,1,10,10.0
충남,사립,단국대학교(천안),[실기/실적위주] 체육특기자 경쟁률 현황 (천안),,국제스포츠학부(국제스포츠전공)(남)-농구(가드),1,10,10.0
충남,사립,한국기술교육대학교,특성화고졸업자[정원외],,전기·전자·통신공학부 / 전기공학전공,1,10,10.0
충남,사립,호서대학교,- 정원내 실기/실적 체육특기자전형,,보디빌딩,1,10,10.0
충북,국립,충북대학교,학생부종합(농어촌학생전형),약학대학,약학과,1,10,10.0
충북,국립,충북대학교,학생부교과(특성화고출신자전형),생활과학대학,식품영양학과,1,10,10.0
서울,공립,서울시립대학교,학생부종합전형Ⅰ(면접형),인문대학,철학과,10,101,10.1
경기,사립,성균관대학교(수원),학생부종합(융합인재),,인문과학계열,30,304,10.13
서울,사립,성균관대학교(서울),학생부종합(융합인재),,인문과학계열,30,304,10.13
경기,사립,신한대학교(의정부/동두천),논술전형(약술형)(교과10%+논술90%),,방사선학과,12,122,10.17
서울,사립,숭실대학교,논술(논술우수자전형),,기계공학부,12,122,10.17
서울,사립,이화여자대학교,논술(논술전형),사회과학대학,문헌정보학과,6,61,10.17
경기,사립,경희대학교(용인),국제캠퍼스 실기우수자전형(PostModern음악),예술계열,Post Modern 음악학과-피아노,5,51,10.2
서울,사립,경희대학교(서울),국제캠퍼스 실기우수자전형(PostModern음악),예술계열,Post Modern 음악학과-피아노,5,51,10.2
서울,사립,고려대학교(서울),서울캠퍼스 학생부종합(계열적합전형),국제대학,글로벌한국융합학부,5,51,10.2
경기,사립,경희대학교(용인),국제캠퍼스 논술우수자전형,자연계열,우주과학과,4,41,10.25
서울,사립,경희대학교(서울),국제캠퍼스 논술우수자전형,자연계열,우주과학과,4,41,10.25
서울,사립,고려대학교(서울),서울캠퍼스 학생부종합(고른기회전형),미디어대학,미디어학부,4,41,10.25
서울,사립,고려대학교(서울),서울캠퍼스 학생부종합(학업우수전형),공과대학,신소재공학부,23,236,10.26
대전,사립,우송대학교,정원내 학생부 종합 - 종합면접형 전형,외식조리대학,제과제빵·조리학부 / 제과제빵·조리전공,15,154,10.27
서울,사립,이화여자대학교,논술(논술전형),자연과학대학,화학·나노과학과,11,113,10.27
서울,사립,이화여자대학교,논술(논술전형),자연과학대학,생명과학과,11,113,10.27
서울,사립,한양대학교(서울),학생부종합(면접형),공과대학,기계공학부,14,144,10.29
경기,사립,신한대학교(의정부/동두천),신한국인전형(학생부서류100%),,방사선학과,7,72,10.29
서울,사립,고려대학교(서울),서울캠퍼스 학생부종합(학업우수전형),보건과학대학,보건정책관리학부,15,155,10.33
인천,사립,인하대학교,논술 논술우수자,공과대학,항공우주공학과,9,93,10.33
경기,사립,가천대학교(성남),가천바람개비 전형,자연계열,생명과학과,6,62,10.33
서울,사립,이화여자대학교,논술(논술전형),공과대학,건축학과,6,62,10.33
인천,사립,가천대학교(인천),가천바람개비 전형,자연계열,생명과학과,6,62,10.33
경기,사립,경기대학교(수원),실기/실적(예능실기우수자전형),,기악-기타,3,31,10.33
서울,사립,경기대학교(서울),실기/실적(예능실기우수자전형),,기악-기타,3,31,10.33
서울,사립,고려대학교(서울),서울캠퍼스 학생부종합(고른기회전형),생명과학대학,환경생태공학부,3,31,10.33
경기,사립,가톨릭대학교(부천),논술전형,,영어영문학부,5,52,10.4
경기,사립,성균관대학교(수원),논술위주(언어형),,전공예약 / 건설환경공학부,5,52,10.4
서울,사립,가톨릭대학교(서울),논술전형,,영어영문학부,5,52,10.4
서울,사립,성균관대학교(서울),논술위주(언어형),,전공예약 / 건설환경공학부,5,52,10.4
경기,사립,가천대학교(성남),가천바람개비 전형,자연계열,건축학부,7,73,10.43
서울,사립,상명대학교(서울),정원 내 학생부종합(상명인재전형),,스포츠무용학부 / 스포츠건강관리전공,7,73,10.43
인천,사립,가천대학교(인천),가천바람개비 전형,자연계열,건축학부,7,73,10.43
서울,사립,한양대학교(서울),학생부종합(서류형),공과대학,반도체공학과,22,230,10.45
경기,사립,신한대학교(의정부/동두천),일반전형(교과60%+면접40%),,K-뷰티학과,11,115,10.45
서울,사립,연세대학교(서울),학생부종합전형 (국제형(해외고/검정고시)),글로벌인재대학,글로벌인재학부,10,105,10.5
경기,사립,가천대학교(성남),가천바람개비 전형,자연계열,식품영양학과,6,63,10.5
경기,사립,경희대학교(용인),서울캠퍼스 논술우수자전형,자연계열,한약학과,6,63,10.5
서울,사립,경희대학교(서울),서울캠퍼스 논술우수자전형,자연계열,한약학과,6,63,10.5
서울,사립,고려대학교(서울),서울캠퍼스 학생부종합(계열적합전형),문과대학,중어중문학과,6,63,10.5
인천,사립,가천대학교(인천),가천바람개비 전형,자연계열,식품영양학과,6,63,10.5
서울,사립,고려대학교(서울),서울캠퍼스 학생부종합(계열적합전형),사범대학,지리교육과,4,42,10.5
서울,사립,한양대학교(서울),학생부종합(고른기회),정책과학대학,정책학과,4,42,10.5
경기,사립,가천대학교(성남),기회균형 전형,인문계열,사회복지학과,2,21,10.5
경기,사립,가톨릭대학교(부천),학생부종합(가톨릭지도자추천전형),,심리학과,2,21,10.5
경기,사립,경기대학교(수원),학생부종합(사회배려대상자전형),,"호텔외식경영학부 / 호텔경영전공, 외식·조리전공",2,21,10.5
경기,사립,명지대학교(용인),학생부교과(특성화고교전형),,미디어·휴먼라이프대학 / 디지털미디어학부,2,21,10.5
경기,사립,을지대학교(성남의정부),재외국민과외국인(모집정원2%제한),,의예과(대전),2,21,10.5
서울,사립,가톨릭대학교(서울),학생부종합(가톨릭지도자추천전형),,심리학과,2,21,10.5
서울,사립,경기대학교(서울),학생부종합(사회배려대상자전형),,"호텔외식경영학부 / 호텔경영전공, 외식·조리전공",2,21,10.5
서울,사립,고려대학교(서울),서울캠퍼스 실기/실적(특기자전형-체육교육과),사범대학,축구(MF),2,21,10.5
서울,사립,고려대학교(서울),서울캠퍼스 실기/실적(특기자전형-체육교육과),사범대학,럭비(PROP 또는 HOOKER),2,21,10.5
서울,사립,명지대학교(서울),학생부교과(특성화고교전형),,미디어·휴먼라이프대학 / 디지털미디어학부,2,21,10.5
서울,공립,서울시립대학교,기회균형전형Ⅰ,자연과학대학,환경원예학과,2,21,10.5
인천,사립,가천대학교(인천),기회균형 전형,인문계열,사회복지학과,2,21,10.5
대전,사립,을지대학교(대전),재외국민과외국인(모집정원2%제한),,의예과(대전),2,21,10.5
충남,국립,국립공주대학교,학생부교과전형  일반전형(정원내),산업과학대학,특수동물학과,2,21,10.5
서울,사립,고려대학교(서울),서울캠퍼스 학생부종합(고른기회전형),공과대학,신소재공학부,7,74,10.57
서울,사립,세종대학교,논술(논술우수자 전형),공과,기계공학과,7,74,10.57
서울,사립,고려대학교(서울),서울캠퍼스 학생부종합(학업우수전형),공과대학,전기전자공학부,48,508,10.58
경기,사립,가톨릭대학교(부천),학생부종합(잠재능력우수자면접전형),,철학과,5,53,10.6
경기,사립,성균관대학교(수원),논술위주(수리형),,인공지능학과,5,53,10.6
서울,사립,가톨릭대학교(서울),학생부종합(잠재능력우수자면접전형),,철학과,5,53,10.6
서울,사립,성균관대학교(서울),논술위주(수리형),,인공지능학과,5,53,10.6
경기,사립,중부대학교(고양),실기우수자전형,,연극영화학전공 / 연기,18,192,10.67
충남,사립,중부대학교(금산),실기우수자전형,,연극영화학전공 / 연기,18,192,10.67
서울,사립,고려대학교(서울),서울캠퍼스 학생부종합(계열적합전형),보건과학대학,보건정책관리학부,9,96,10.67
경기,사립,경희대학교(용인),국제캠퍼스 논술우수자전형,인문계열,스페인어학과,3,32,10.67
서울,사립,경희대학교(서울),국제캠퍼스 논술우수자전형,인문계열,스페인어학과,3,32,10.67
서울,사립,고려대학교(서울),서울캠퍼스 학생부종합(계열적합전형),문과대학,한문학과,3,32,10.67
서울,사립,연세대학교(서울),논술전형,인공지능융합대학,모빌리티시스템전공,3,32,10.67
충북,국립,충북대학교,학생부종합(학생부종합Ⅰ전형),의과대학,의예과,3,32,10.67
경기,사립,가천대학교(성남),실기우수자 전형,예체능계열,태권도전공,30,321,10.7
인천,사립,가천대학교(인천),실기우수자 전형,예체능계열,태권도전공,30,321,10.7
경기,사립,가천대학교(성남),가천바람개비 전형,인문계열,패션산업학과,7,75,10.71
인천,사립,가천대학교(인천),가천바람개비 전형,인문계열,패션산업학과,7,75,10.71
경기,사립,경희대학교(용인),서울캠퍼스 실기우수자전형(한국화·회화·조소),예술계열,미술학부(회화),8,86,10.75
서울,사립,경희대학교(서울),서울캠퍼스 실기우수자전형(한국화·회화·조소),예술계열,미술학부(회화),8,86,10.75
경기,사립,가톨릭대학교(부천),논술전형,,일어일본문화학과,4,43,10.75
서울,사립,가톨릭대학교(서울),논술전형,,일어일본문화학과,4,43,10.75
서울,사립,고려대학교(서울),서울캠퍼스 학생부종합(계열적합전형),문과대학,독어독문학과,4,43,10.75
서울,사립,광운대학교,논술【논술우수자전형】,,국어국문학과,4,43,10.75
서울,사립,건국대학교(서울),학생부종합(KU자기추천),공과대학,항공우주·모빌리티공학과,9,97,10.78
서울,사립,고려대학교(서울),서울캠퍼스 학생부종합(계열적합전형),국제대학,국제학부,9,97,10.78
서울,사립,서경대학교,실기우수자 전형,,메이크업디자인학과,40,432,10.8
경기,사립,을지대학교(성남의정부),논술우수자,,방사선학과,10,108,10.8
대전,사립,을지대학교(대전),논술우수자,,방사선학과,10,108,10.8
경기,사립,경희대학교(용인),국제캠퍼스 실기우수자전형(PostModern음악),예술계열,Post Modern 음악학과-실용음악작곡,5,54,10.8
경기,사립,명지대학교(용인),학생부종합(크리스천리더전형),,아너칼리지(전공자유대학) / 자율전공학부(인문),5,54,10.8
서울,사립,경희대학교(서울),국제캠퍼스 실기우수자전형(PostModern음악),예술계열,Post Modern 음악학과-실용음악작곡,5,54,10.8
서울,사립,고려대학교(서울),서울캠퍼스 학생부종합(학업우수전형),문과대학,한문학과,5,54,10.8
서울,사립,명지대학교(서울),학생부종합(크리스천리더전형),,아너칼리지(전공자유대학) / 자율전공학부(인문),5,54,10.8
서울,사립,상명대학교(서울),정원 내 논술(논술전형),,경영학부,5,54,10.8
경기,사립,한국외국어대학교(용인),논술전형,,스페인어과,12,130,10.83
서울,사립,한국외국어대학교(서울),논술전형,,스페인어과,12,130,10.83
경기,사립,단국대학교(죽전),[실기/실적위주] 실기우수자 경쟁률 현황 (죽전),,공연영화학부 연극전공(연출),6,65,10.83
충남,사립,단국대학교(천안),[실기/실적위주] 실기우수자 경쟁률 현황 (죽전),,공연영화학부 연극전공(연출),6,65,10.83
서울,사립,한양대학교(서울),학생부종합(면접형),공과대학,신소재공학부,7,76,10.86
서울,사립,한양대학교(서울),학생부종합(추천형),한양YK인터칼리지,한양인터칼리지학부(자연),30,326,10.87
서울,사립,홍익대학교(서울),논술전형,법과대학,법학부,24,261,10.88
서울,공립,서울시립대학교,학생부종합전형Ⅰ(면접형),예술체육대학,스포츠과학과,8,87,10.88
충남,사립,상명대학교(천안),정원내 학생부종합(상명인재전형),,사진영상미디어전공,8,87,10.88
경기,사립,성균관대학교(수원),논술위주(수리형),,전공예약 / 건설환경공학부,10,109,10.9
서울,공립,서울시립대학교,논술전형,공과대학,신소재공학과,10,109,10.9
서울,사립,성균관대학교(서울),논술위주(수리형),,전공예약 / 건설환경공학부,10,109,10.9
경기,사립,가천대학교(성남),지역균형 전형,자연계열,간호학과,13,142,10.92
인천,사립,가천대학교(인천),지역균형 전형,자연계열,간호학과,13,142,10.92
서울,공립,서울시립대학교,학생부종합전형Ⅰ(면접형),정경대학,국제관계학과,17,186,10.94
경기,사립,경희대학교(용인),국제캠퍼스 학생부종합(네오르네상스전형),체육계열,스포츠의학과,11,121,11.0
서울,사립,경희대학교(서울),국제캠퍼스 학생부종합(네오르네상스전형),체육계열,스포츠의학과,11,121,11.0
서울,사립,고려대학교(서울),서울캠퍼스 학생부종합(계열적합전형),문과대학,사회학과,9,99,11.0
서울,사립,건국대학교(서울),논술(KU논술우수자),건축대학,건축학부,6,66,11.0
서울,사립,이화여자대학교,논술(논술전형),사회과학대학,행정학과,6,66,11.0
경기,사립,성균관대학교(수원),논술위주(수리형),,글로벌리더학부,5,55,11.0
서울,사립,고려대학교(서울),서울캠퍼스 학생부교과(학교추천전형),공과대학,융합에너지공학과,5,55,11.0
서울,사립,성균관대학교(서울),논술위주(수리형),,글로벌리더학부,5,55,11.0
서울,사립,성신여자대학교,자기주도인재,,문화예술경영학과,5,55,11.0
경기,사립,가톨릭대학교(부천),논술전형,,철학과,4,44,11.0
경기,사립,가톨릭대학교(부천),논술전형,,사회복지학과,4,44,11.0
서울,사립,가톨릭대학교(서울),논술전형,,철학과,4,44,11.0
서울,사립,가톨릭대학교(서울),논술전형,,사회복지학과,4,44,11.0
서울,공립,서울시립대학교,논술전형,공과대학,기계정보공학과,4,44,11.0
서울,사립,연세대학교(서울),논술전형,공과대학,디스플레이융합공학과,4,44,11.0
서울,사립,홍익대학교(서울),논술전형,사범대학,역사교육과,4,44,11.0
서울,공립,서울시립대학교,논술전형,도시과학대학,건축학부(건축공학전공),3,33,11.0
서울,공립,서울시립대학교,실기전형,예술체육대학,성악전공(남),3,33,11.0
경기,사립,경기대학교(수원),학생부교과(교과성적우수자전형),,화학과,2,22,11.0
경기,국립,한경국립대학교,학생부종합(잠재력우수자_안성)_정원내,,스포츠과학과,2,22,11.0
서울,사립,경기대학교(서울),학생부교과(교과성적우수자전형),,화학과,2,22,11.0
서울,사립,고려대학교(서울),서울캠퍼스 학생부종합(고른기회전형),문과대학,철학과,2,22,11.0
서울,사립,성신여자대학교,일반학생,,현대실용음악학과(악기)-피아노,2,22,11.0
서울,사립,연세대학교(서울),학생부종합전형 (기회균형),치과대학,치의예과,2,22,11.0
경기,사립,경희대학교(용인),국제캠퍼스 실기우수자전형(체육),체육계열,스포츠지도학과-야구(남)-투수(사이드),1,11,11.0
경기,사립,을지대학교(성남의정부),지역의사선발,,"광역권(대전광역시, 세종특별자치시, 충청남도, 충청북도)",1,11,11.0
서울,사립,경희대학교(서울),국제캠퍼스 실기우수자전형(체육),체육계열,스포츠지도학과-야구(남)-투수(사이드),1,11,11.0
서울,공립,서울시립대학교,사회공헌·통합전형,공과대학,신소재공학과,1,11,11.0
서울,사립,성신여자대학교,일반학생,,현대실용음악학과(악기)-드럼,1,11,11.0
서울,사립,연세대학교(서울),특기자전형 (체육인재),교육과학대학,축구 : 골키퍼(GK),1,11,11.0
서울,사립,연세대학교(서울),특기자전형 (체육인재),교육과학대학,럭비 : 프롭 1번,1,11,11.0
서울,사립,연세대학교(서울),특수교육대상자전형,총계,통합,1,11,11.0
서울,사립,한양대학교(서울),실기/실적(음악특기자),음악대학,관현악과(호른),1,11,11.0
인천,국립,인천대학교,학생부종합(기회균형),생명과학기술대학,생명공학부 나노바이오공학전공,1,11,11.0
인천,사립,인하대학교,실기/실적 체육특기자,예술체육대학,야구(남)3루수,1,11,11.0
대전,사립,건양대학교(대전),의학과,,지역의사[광역],1,11,11.0
대전,사립,을지대학교(대전),지역의사선발,,"광역권(대전광역시, 세종특별자치시, 충청남도, 충청북도)",1,11,11.0
대전,국립,충남대학교,기회균형선발Ⅰ전형,사회과학대학,언론정보학과,1,11,11.0
충남,사립,건양대학교(논산),의학과,,지역의사[광역],1,11,11.0
경기,사립,아주대학교,논술우수자전형,,전자공학과,35,386,11.03
서울,사립,한양대학교(서울),학생부종합(서류형),공과대학,생명공학과,9,100,11.11
서울,사립,고려대학교(서울),서울캠퍼스 학생부종합(계열적합전형),공과대학,신소재공학부,15,167,11.13
경기,사립,안양대학교(안양),학생부교과(아리학생부교과),,디지털미디어디자인학과,13,145,11.15
인천,사립,안양대학교(강화),학생부교과(아리학생부교과),,디지털미디어디자인학과,13,145,11.15
서울,사립,연세대학교(서울),학생부종합전형 (활동우수형),약학대학,첨단약과학과,6,67,11.17
경기,사립,성균관대학교(수원),학생부종합(융합인재),,반도체시스템공학과,5,56,11.2
서울,사립,성균관대학교(서울),학생부종합(융합인재),,반도체시스템공학과,5,56,11.2
서울,사립,연세대학교(서울),학생부교과전형 (추천형),교육과학대학,교육학부,9,101,11.22
경기,사립,용인대학교,정원내 일반학생 전형,체육과학대학,"골프학부-골프,골프매니지먼트",13,146,11.23
충남,사립,백석대학교,정원외 모집 학생부 교과 농어촌학생 일반전형,,관광학부 항공서비스,8,90,11.25
경기,사립,가톨릭대학교(부천),논술전형,,사회학과,4,45,11.25
서울,사립,가톨릭대학교(서울),논술전형,,사회학과,4,45,11.25
서울,사립,성신여자대학교,논술우수자,,미디어커뮤니케이션학과,4,45,11.25
서울,사립,한양대학교(서울),학생부종합(고른기회),공과대학,기계공학부,4,45,11.25
서울,사립,한양대학교(서울),논술,공과대학,건축공학부,4,45,11.25
서울,사립,고려대학교(서울),서울캠퍼스 학생부종합(학업우수전형),사범대학,가정교육과,7,79,11.29
경기,사립,한세대학교,실기우수자 - 교과 20% + 실기 80%,,공연예술전공,27,305,11.3
서울,공립,서울시립대학교,논술전형,공과대학,전자전기컴퓨터공학부,18,204,11.33
서울,사립,세종대학교,논술(논술우수자 전형),호텔관광,호텔관광외식경영학부,9,102,11.33
서울,사립,건국대학교(서울),논술(KU논술우수자),문과대학,영어영문학과,3,34,11.33
서울,사립,고려대학교(서울),서울캠퍼스 학생부종합(학업우수전형),정보대학,데이터과학과,8,91,11.38
서울,사립,고려대학교(서울),서울캠퍼스 학생부종합(계열적합전형),이과대학,수학과,5,57,11.4
서울,사립,서울여자대학교,실기/실적(실기우수자전형_미술),아트앤디자인스쿨,공예_컬렉터블디자인전공,19,217,11.42
경기,사립,경기대학교(수원),실기/실적(체육실기우수자전형),,"스포츠과학부 / 스포츠건강과학전공, 스포츠레저산업전공",20,229,11.45
서울,사립,경기대학교(서울),실기/실적(체육실기우수자전형),,"스포츠과학부 / 스포츠건강과학전공, 스포츠레저산업전공",20,229,11.45
서울,사립,한양대학교(서울),학생부종합(서류형),공과대학,기계공학부,14,161,11.5
경기,사립,명지대학교(용인),실기/실적(실기우수자전형),,뮤지컬공연전공 / 보컬,10,115,11.5
서울,사립,명지대학교(서울),실기/실적(실기우수자전형),,뮤지컬공연전공 / 보컬,10,115,11.5
충남,사립,상명대학교(천안),정원내 실기/실적(실기전형),,연극전공(연기),8,92,11.5
서울,사립,세종대학교,논술(논술우수자 전형),인문과학,역사학과,6,69,11.5
경기,사립,가천대학교(성남),농어촌(종합) 전형,인문계열,경영학과,4,46,11.5
서울,사립,고려대학교(서울),서울캠퍼스 학생부종합(고른기회전형),문과대학,사회학과,4,46,11.5
서울,사립,숙명여자대학교,[논술] 논술우수자전형,문과대학,문헌정보학과,4,46,11.5
인천,사립,가천대학교(인천),농어촌(종합) 전형,인문계열,경영학과,4,46,11.5
경기,사립,경기대학교(수원),실기/실적(체육특기자전형),,축구(남)-MF(CM),2,23,11.5
경기,사립,명지대학교(용인),학생부교과(특성화고교전형),,디지털콘텐츠디자인학과,2,23,11.5
서울,사립,경기대학교(서울),실기/실적(체육특기자전형),,축구(남)-MF(CM),2,23,11.5
서울,사립,동덕여자대학교,실기우수자전형,공연예술대학,실용음악전공(베이스),2,23,11.5
서울,사립,명지대학교(서울),학생부교과(특성화고교전형),,디지털콘텐츠디자인학과,2,23,11.5
서울,공립,서울시립대학교,사회공헌·통합전형,정경대학,경제학부,2,23,11.5
서울,공립,서울시립대학교,사회공헌·통합전형,자유융합대학,자유전공학부(인문),2,23,11.5
서울,사립,연세대학교(서울),논술전형,생명시스템대학,생화학과,2,23,11.5
대전,국립,충남대학교,농어촌학생전형,공과대학,기계공학부,2,23,11.5
서울,사립,이화여자대학교,학생부종합(미래인재전형-서류형),약학대학,약학부 약학전공,9,104,11.56
서울,사립,서경대학교,실기우수자 전형,,디자인학부-VD_비주얼디자인,12,139,11.58
서울,사립,건국대학교(서울),논술(KU논술우수자),사범대학,수학교육과,5,58,11.6
서울,사립,연세대학교(서울),논술전형,인공지능융합대학,인공지능학과,5,58,11.6
서울,사립,고려대학교(서울),서울캠퍼스 학생부종합(학업우수전형),생명과학대학,식품공학과,9,105,11.67
경기,사립,한국외국어대학교(용인),논술전형,,융합일본지역학부,6,70,11.67
서울,사립,한국외국어대학교(서울),논술전형,,융합일본지역학부,6,70,11.67
서울,사립,성신여자대학교,논술우수자,,문화예술경영학과,3,35,11.67
인천,사립,인하대학교,실기/실적 체육특기자,사범대학,체육교육과 / 야구(남)투수,3,35,11.67
경기,사립,가천대학교(성남),가천바람개비 전형,자연계열,운동재활학과,7,82,11.71
서울,사립,건국대학교(서울),논술(KU논술우수자),사회과학대학,경제학과,7,82,11.71
인천,사립,가천대학교(인천),가천바람개비 전형,자연계열,운동재활학과,7,82,11.71
서울,사립,고려대학교(서울),서울캠퍼스 학생부종합(학업우수전형),공과대학,공과대학,34,400,11.76
경기,사립,가톨릭대학교(부천),논술전형,,국제학부,5,59,11.8
서울,사립,가톨릭대학교(서울),논술전형,,국제학부,5,59,11.8
서울,사립,서경대학교,실기우수자 전형,,디자인학부-LF_라이프스타일디자인,12,142,11.83
서울,사립,고려대학교(서울),서울캠퍼스 학생부종합(계열적합전형),이과대학,물리학과,6,71,11.83
서울,공립,서울시립대학교,논술전형,자연과학대학,수학과,8,95,11.88
경기,사립,가천대학교(성남),논술 전형,자연계열,물리치료학과,9,107,11.89
인천,사립,가천대학교(인천),논술 전형,자연계열,물리치료학과,9,107,11.89
서울,사립,고려대학교(서울),서울캠퍼스 학생부종합(계열적합전형),생명과학대학,생명공학부,12,143,11.92
서울,사립,고려대학교(서울),서울캠퍼스 학생부종합(계열적합전형),공과대학,반도체공학과,14,167,11.93
충남,사립,상명대학교(천안),정원내 실기/실적(실기전형),,디지털만화영상전공,24,288,12.0
충남,사립,백석대학교,정원내 모집 실기위주 (예·체능계열) 일반실기,,문화예술학부 실용음악 / 보컬,12,144,12.0
서울,사립,연세대학교(서울),학생부종합전형 (활동우수형),이과대학,수학과,7,84,12.0
서울,사립,숭실대학교,학생부종합(SSU미래인재전형-면접형),,정치외교학과,5,60,12.0
서울,공립,서울시립대학교,기회균형전형Ⅰ,공과대학,기계정보공학과,3,36,12.0
경기,사립,성결대학교,[학생부교과/실기] (정원외) 농어촌학생,예술대학,연기예술학과,2,24,12.0
경기,사립,용인대학교,정원내 기회균형 특별전형,무도대학,태권도학과-겨루기 및 품새,2,24,12.0
서울,사립,상명대학교(서울),정원 내 학생부종합(기회균형전형),,게임전공,2,24,12.0
서울,사립,상명대학교(서울),정원 내 학생부종합(기회균형전형),,스포츠무용학부 / 스포츠건강관리전공,2,24,12.0
서울,사립,연세대학교(서울),학생부종합전형 (기회균형),생명시스템대학,시스템생물학과,2,24,12.0
경기,사립,경희대학교(용인),국제캠퍼스 실기우수자전형(체육),체육계열,스포츠지도학과-아이스하키(남)-포워드,1,12,12.0
경기,사립,단국대학교(죽전),[학생부종합] 기회균형선발 경쟁률 현황 (천안),,물리치료학과,1,12,12.0
경기,사립,성균관대학교(수원),실기/실적(예체능 특기자),,야구-포수,1,12,12.0
서울,사립,경희대학교(서울),국제캠퍼스 실기우수자전형(체육),체육계열,스포츠지도학과-아이스하키(남)-포워드,1,12,12.0
서울,사립,고려대학교(서울),서울캠퍼스 실기/실적(특기자전형-체육교육과),사범대학,럭비(LOCK),1,12,12.0
서울,공립,서울시립대학교,기회균형전형Ⅰ,인문대학,철학과,1,12,12.0
서울,공립,서울시립대학교,사회공헌·통합전형,자연과학대학,융합응용화학과,1,12,12.0
서울,사립,성균관대학교(서울),실기/실적(예체능 특기자),,야구-포수,1,12,12.0
서울,사립,연세대학교(서울),특기자전형 (체육인재),교육과학대학,럭비 : 풀백 15번,1,12,12.0
서울,사립,이화여자대학교,학생부종합(고른기회전형),약학대학,약학부 약학전공,1,12,12.0
충남,사립,단국대학교(천안),[학생부종합] 기회균형선발 경쟁률 현황 (천안),,물리치료학과,1,12,12.0
서울,공립,서울시립대학교,학생부종합전형Ⅰ(면접형),자연과학대학,환경원예학과,10,121,12.1
경기,사립,한국항공대학교,논술우수자 전형,,항공·경영대학(사회적성),19,230,12.11
서울,사립,숙명여자대학교,[논술] 논술우수자전형,법과대학,법학부,13,158,12.15
경기,사립,경희대학교(용인),서울캠퍼스 논술우수자전형,인문계열,관광·엔터테인먼트학부,6,73,12.17
경기,사립,명지대학교(용인),학생부종합(명지인재면접전형),,청소년지도·아동학부 / 청소년지도학전공,6,73,12.17
서울,사립,경희대학교(서울),서울캠퍼스 논술우수자전형,인문계열,관광·엔터테인먼트학부,6,73,12.17
서울,사립,명지대학교(서울),학생부종합(명지인재면접전형),,청소년지도·아동학부 / 청소년지도학전공,6,73,12.17
서울,사립,고려대학교(서울),서울캠퍼스 학생부종합(고른기회전형),생명과학대학,생명공학부,5,61,12.2
서울,사립,고려대학교(서울),서울캠퍼스 학생부종합(학업우수전형),이과대학,물리학과,10,123,12.3
서울,사립,고려대학교(서울),서울캠퍼스 학생부종합(학업우수전형),공과대학,기계공학부,25,308,12.32
경기,사립,가톨릭대학교(부천),학생부종합(잠재능력우수자면접전형),,일어일본문화학과,6,74,12.33
서울,사립,가톨릭대학교(서울),학생부종합(잠재능력우수자면접전형),,일어일본문화학과,6,74,12.33
서울,사립,고려대학교(서울),서울캠퍼스 학생부종합(학업우수전형),스마트모빌리티학부,스마트모빌리티학부,10,124,12.4
서울,사립,상명대학교(서울),정원 내 실기/실적(실기전형),,미술학부 / 조형예술전공,10,124,12.4
경기,사립,한국외국어대학교(용인),논술전형,,Social Science & AI융합학부,5,62,12.4
서울,사립,건국대학교(서울),논술(KU논술우수자),공과대학,항공우주·모빌리티공학과,5,62,12.4
서울,사립,고려대학교(서울),서울캠퍼스 학생부종합(계열적합전형),이과대학,지구환경과학과,5,62,12.4
서울,사립,한국외국어대학교(서울),논술전형,,Social Science & AI융합학부,5,62,12.4
서울,사립,홍익대학교(서울),논술전형,사범대학,국어교육과,5,62,12.4
서울,사립,광운대학교,논술【논술우수자전형】,,경영학부 경영학전공,12,149,12.42
서울,사립,고려대학교(서울),서울캠퍼스 학생부종합(학업우수전형),간호대학,간호학과,13,162,12.46
서울,사립,숭실대학교,논술(논술우수자전형),,사회복지학부,4,50,12.5
경기,사립,가천대학교(성남),농어촌(종합) 전형,자연계열,방사선학과,2,25,12.5
경기,사립,단국대학교(죽전),[논술위주] 논술우수자 경쟁률 현황 (죽전),,철학과,2,25,12.5
서울,사립,동덕여자대학교,실기우수자전형,공연예술대학,실용음악전공(기타),2,25,12.5
서울,공립,서울시립대학교,사회공헌·통합전형,도시과학대학,도시사회학과,2,25,12.5
인천,사립,가천대학교(인천),농어촌(종합) 전형,자연계열,방사선학과,2,25,12.5
충남,사립,단국대학교(천안),[논술위주] 논술우수자 경쟁률 현황 (죽전),,철학과,2,25,12.5
서울,사립,홍익대학교(서울),논술전형,경영대학,경영학부,48,604,12.58
경기,사립,아주대학교,ACE전형,,의학과,17,214,12.59
서울,사립,세종대학교,논술(논술우수자 전형),인문과학,국제학부,10,126,12.6
경기,사립,아주대학교,논술우수자전형,,기계공학과,5,63,12.6
서울,사립,한양대학교(서울),학생부종합(면접형),공과대학,에너지공학과,5,63,12.6
서울,사립,고려대학교(서울),서울캠퍼스 학생부종합(학업우수전형),자유전공학부,자유전공학부,24,303,12.63
서울,사립,고려대학교(서울),서울캠퍼스 학생부종합(학업우수전형),공과대학,건축사회환경공학부,16,202,12.63
서울,사립,이화여자대학교,논술(논술전형),공과대학,휴먼기계바이오공학과,6,76,12.67
경기,사립,성결대학교,[학생부교과] 고른기회Ⅰ,인문사회융합대학,사회복지학과,3,38,12.67
서울,사립,건국대학교(서울),학생부종합(기회균형),수의과대학,수의예과,3,38,12.67
서울,사립,연세대학교(서울),논술전형,인공지능융합대학,지능형반도체전공,3,38,12.67
충북,사립,세명대학교,인문계고교전형(정원내),자연과학,한의예과,3,38,12.67
충남,국립,국립공주대학교,실기/실적전형  일반전형(정원내),예술대학,만화애니메이션학부,35,445,12.71
서울,사립,숭실대학교,논술(논술우수자전형),,불어불문학과,4,51,12.75
서울,사립,한양대학교(서울),학생부종합(면접형),공과대학,전기·생체공학부(바이오메디컬공학전공),4,51,12.75
서울,사립,고려대학교(서울),서울캠퍼스 학생부종합(학업우수전형),보건과학대학,보건환경융합과학부,22,281,12.77
경기,사립,성균관대학교(수원),논술위주(수리형),,글로벌경영학과,5,64,12.8
서울,사립,성균관대학교(서울),논술위주(수리형),,글로벌경영학과,5,64,12.8
경기,사립,경희대학교(용인),서울캠퍼스 논술우수자전형,자연계열,화학과,6,77,12.83
경기,사립,명지대학교(용인),학생부종합(명지인재면접전형),,미디어·휴먼라이프대학 / 디지털미디어학부,6,77,12.83
서울,사립,경희대학교(서울),서울캠퍼스 논술우수자전형,자연계열,화학과,6,77,12.83
서울,사립,명지대학교(서울),학생부종합(명지인재면접전형),,미디어·휴먼라이프대학 / 디지털미디어학부,6,77,12.83
대전,국립,충남대학교,일반전형,사회과학대학,언론정보학과,7,90,12.86
경기,사립,수원대학교,교과논술전형,라이프케어사이언스대학,간호학과,25,322,12.88
경기,사립,신한대학교(의정부/동두천),신한국인전형(학생부서류100%),,간호학과*,12,156,13.0
경기,사립,명지대학교(용인),실기/실적(실기우수자전형),,영상애니메이션디자인전공 / 상황표현,11,143,13.0
서울,사립,명지대학교(서울),실기/실적(실기우수자전형),,영상애니메이션디자인전공 / 상황표현,11,143,13.0
경기,사립,아주대학교,논술우수자전형,,경제정치사회융합학부,5,65,13.0
서울,사립,한양대학교(서울),논술,자연과학대학,화학과,5,65,13.0
경기,사립,가천대학교(성남),기회균형 전형,자연계열,간호학과,4,52,13.0
경기,사립,성균관대학교(수원),논술위주(수리형),,글로벌AI융합학부,4,52,13.0
서울,공립,서울시립대학교,논술전형,자연과학대학,생명과학과,4,52,13.0
서울,사립,성균관대학교(서울),논술위주(수리형),,글로벌AI융합학부,4,52,13.0
인천,사립,가천대학교(인천),기회균형 전형,자연계열,간호학과,4,52,13.0
서울,사립,한양대학교(서울),학생부종합(고른기회),자연과학대학,생명과학과,3,39,13.0
경기,사립,아주대학교,고른기회1전형,,간호학과,2,26,13.0
서울,사립,고려대학교(서울),서울캠퍼스 학생부종합(고른기회전형),이과대학,화학과,2,26,13.0
서울,공립,서울시립대학교,사회공헌·통합전형,공과대학,전자전기컴퓨터공학부,2,26,13.0
서울,사립,숭실대학교,논술(논술우수자전형),,일어일문학과,2,26,13.0
충남,국립,국립공주대학교,학생부교과전형  일반전형(정원내),자연과학대학,문화재보존과학과,2,26,13.0
경기,사립,가천대학교(성남),농어촌(교과) 전형,자연계열,한의예과,1,13,13.0
경기,사립,가천대학교(성남),실기우수자 전형,예체능계열,기악전공(Trumpet),1,13,13.0
서울,공립,서울시립대학교,사회공헌·통합전형,인문대학,영어영문학과,1,13,13.0
서울,공립,서울시립대학교,사회공헌·통합전형,도시과학대학,환경공학부,1,13,13.0
인천,사립,가천대학교(인천),농어촌(교과) 전형,자연계열,한의예과,1,13,13.0
인천,사립,가천대학교(인천),실기우수자 전형,예체능계열,기악전공(Trumpet),1,13,13.0
충남,국립,국립공주대학교,학생부교과전형  농어촌학생전형(정원외),산업과학대학,식품영양학과,1,13,13.0
경기,사립,한양대학교(ERICA),학생부종합(서류형),약학대학,약학과,15,196,13.07
경기,사립,경희대학교(용인),서울캠퍼스 논술우수자전형,자연계열,생물학과,7,92,13.14
서울,사립,경희대학교(서울),서울캠퍼스 논술우수자전형,자연계열,생물학과,7,92,13.14
경기,사립,명지대학교(용인),학생부종합(명지인재면접전형),,문예창작학과,12,159,13.25
서울,사립,명지대학교(서울),학생부종합(명지인재면접전형),,문예창작학과,12,159,13.25
서울,사립,한양대학교(서울),학생부종합(면접형),공과대학,화학공학과,4,53,13.25
서울,사립,한양대학교(서울),논술,공과대학,건설환경공학과,4,53,13.25
경기,사립,성결대학교,[학생부교과] SKU창의,예술대학,뷰티디자인학과,10,133,13.3
서울,사립,고려대학교(서울),서울캠퍼스 학생부종합(고른기회전형),생명과학대학,생명과학부,5,67,13.4
서울,사립,서강대학교,학생부종합(일반Ⅰ),,시스템반도체공학과,14,188,13.43
경기,사립,한국외국어대학교(용인),논술전형,,아랍어과,7,94,13.43
서울,사립,한국외국어대학교(서울),논술전형,,아랍어과,7,94,13.43
서울,사립,이화여자대학교,논술(논술전형),사회과학대학,경제학과,10,135,13.5
경기,사립,경희대학교(용인),서울캠퍼스 논술우수자전형,인문계열,사회학과,4,54,13.5
서울,사립,경희대학교(서울),서울캠퍼스 논술우수자전형,인문계열,사회학과,4,54,13.5
서울,사립,숭실대학교,학생부종합(SSU미래인재전형-면접형),,언론홍보학과,4,54,13.5
서울,사립,연세대학교(서울),논술전형,인공지능융합대학,IT융합공학전공,4,54,13.5
서울,사립,이화여자대학교,논술(논술전형),사회과학대학,사회학과,4,54,13.5
경기,사립,단국대학교(죽전),[실기/실적위주] 체육특기자 경쟁률 현황 (천안),,국제스포츠학부(국제스포츠전공)(남)-야구(포수),2,27,13.5
대전,사립,건양대학교(대전),의학과,,지역[기초],2,27,13.5
대전,국립,충남대학교,기회균형선발Ⅰ전형,간호대학,간호학과*,2,27,13.5
충남,사립,건양대학교(논산),의학과,,지역[기초],2,27,13.5
충남,사립,단국대학교(천안),[실기/실적위주] 체육특기자 경쟁률 현황 (천안),,국제스포츠학부(국제스포츠전공)(남)-야구(포수),2,27,13.5
충북,사립,건국대학교(글로컬),[학생부교과] 지역인재-기초생활 및 차상위,의과대학,의예과,2,27,13.5
충북,국립,충북대학교,학생부교과(지역경제배려대상자전형),의과대학,의예과,2,27,13.5
서울,사립,고려대학교(서울),서울캠퍼스 학생부종합(계열적합전형),공과대학,기계공학부,15,204,13.6
경기,사립,경기대학교(수원),실기/실적(예능실기우수자전형),,웹툰,5,68,13.6
서울,사립,경기대학교(서울),실기/실적(예능실기우수자전형),,웹툰,5,68,13.6
서울,사립,고려대학교(서울),서울캠퍼스 학생부종합(계열적합전형),이과대학,화학과,5,68,13.6
경기,사립,한국외국어대학교(용인),논술전형,,경제학부,11,150,13.64
서울,사립,한국외국어대학교(서울),논술전형,,경제학부,11,150,13.64
경기,사립,성결대학교,[실기/실적] 실기우수자,예술대학,연기예술학과,20,273,13.65
경기,사립,성균관대학교(수원),학생부종합(성균인재),,자유전공계열,70,959,13.7
서울,사립,성균관대학교(서울),학생부종합(성균인재),,자유전공계열,70,959,13.7
경기,사립,가천대학교(성남),가천바람개비 전형,인문계열,사회복지학과,7,96,13.71
경기,사립,경희대학교(용인),서울캠퍼스 논술우수자전형,인문계열,경제학과,7,96,13.71
서울,사립,경희대학교(서울),서울캠퍼스 논술우수자전형,인문계열,경제학과,7,96,13.71
인천,사립,가천대학교(인천),가천바람개비 전형,인문계열,사회복지학과,7,96,13.71
서울,사립,홍익대학교(서울),논술전형,문과대학,국어국문학과,4,55,13.75
서울,사립,홍익대학교(서울),논술전형,미술대학,예술학과,4,55,13.75
경기,사립,을지대학교(성남의정부),EU면접형,,응급구조학과,5,69,13.8
대전,사립,을지대학교(대전),EU면접형,,응급구조학과,5,69,13.8
서울,사립,이화여자대학교,논술(논술전형),인문과학대학,불어불문학과,8,111,13.88
서울,사립,건국대학교(서울),논술(KU논술우수자),상허교양대학,KU자유전공학부,65,905,13.92
경기,사립,가천대학교(성남),논술 전형,자연계열,간호학과,77,1076,13.97
인천,사립,가천대학교(인천),논술 전형,자연계열,간호학과,77,1076,13.97
경기,사립,성균관대학교(수원),학생부종합(융합인재),,자연과학계열,35,490,14.0
서울,사립,성균관대학교(서울),학생부종합(융합인재),,자연과학계열,35,490,14.0
경기,사립,가천대학교(성남),논술 전형,인문계열,심리학과,10,140,14.0
인천,사립,가천대학교(인천),논술 전형,인문계열,심리학과,10,140,14.0
서울,사립,이화여자대학교,논술(논술전형),사회과학대학,정치외교학과,6,84,14.0
세종,사립,고려대학교(세종),논술(지역인재전형),약학대학,약학과,6,84,14.0
경기,사립,성균관대학교(수원),논술위주(수리형),,에너지학과,5,70,14.0
서울,사립,성균관대학교(서울),논술위주(수리형),,에너지학과,5,70,14.0
서울,사립,건국대학교(서울),논술(KU논술우수자),공과대학,화공·생명·에너지공학부,3,42,14.0
경기,사립,경희대학교(용인),서울캠퍼스 논술우수자전형,인문계열,조리&푸드디자인학과,2,28,14.0
경기,사립,경희대학교(용인),국제캠퍼스 실기우수자전형(체육),체육계열,스포츠지도학과-야구(남)-투수(투수),2,28,14.0
경기,사립,용인대학교,정원내 기회균형 특별전형,문화예술대학,연극학과-연기,2,28,14.0
서울,사립,경희대학교(서울),서울캠퍼스 논술우수자전형,인문계열,조리&푸드디자인학과,2,28,14.0
서울,사립,경희대학교(서울),국제캠퍼스 실기우수자전형(체육),체육계열,스포츠지도학과-야구(남)-투수(투수),2,28,14.0
서울,공립,서울시립대학교,사회공헌·통합전형,정경대학,국제관계학과,2,28,14.0
서울,공립,서울시립대학교,사회공헌·통합전형,자유융합대학,자유전공학부(자연),2,28,14.0
경기,사립,경기대학교(수원),실기/실적(체육특기자전형),,축구(남)-MF(LM),1,14,14.0
경기,사립,경희대학교(용인),국제캠퍼스 실기우수자전형(체육),체육계열,스포츠지도학과-야구(남)-포수,1,14,14.0
경기,사립,단국대학교(죽전),[실기/실적위주] 실기우수자 경쟁률 현황 (죽전),,음악학부(관현악전공)-관악(금관)[트럼펫],1,14,14.0
경기,사립,명지대학교(용인),실기/실적(특기자전형),,빙상(스피드스케이팅/쇼트트랙),1,14,14.0
서울,사립,경기대학교(서울),실기/실적(체육특기자전형),,축구(남)-MF(LM),1,14,14.0
서울,사립,경희대학교(서울),국제캠퍼스 실기우수자전형(체육),체육계열,스포츠지도학과-야구(남)-포수,1,14,14.0
서울,사립,고려대학교(서울),서울캠퍼스 학생부종합(다문화전형),생명과학대학,생명공학부,1,14,14.0
서울,사립,고려대학교(서울),서울캠퍼스 실기/실적(특기자전형-체육교육과),사범대학,럭비(C.T.B),1,14,14.0
서울,사립,명지대학교(서울),실기/실적(특기자전형),,빙상(스피드스케이팅/쇼트트랙),1,14,14.0
서울,사립,한양대학교(서울),실기/실적(음악특기자),음악대학,관현악과(테너트롬본),1,14,14.0
대전,국립,충남대학교,저소득층학생전형,의과대학,의예과,1,14,14.0
충남,국립,국립공주대학교,학생부교과전형  농어촌학생전형(정원외),산업과학대학,특수동물학과,1,14,14.0
충남,사립,단국대학교(천안),[실기/실적위주] 실기우수자 경쟁률 현황 (죽전),,음악학부(관현악전공)-관악(금관)[트럼펫],1,14,14.0
서울,사립,덕성여자대학교,미술실기전형[실기/실적위주],,기초디자인,26,366,14.08
경기,사립,아주대학교,논술우수자전형,,국어국문학과,5,71,14.2
서울,공립,서울시립대학교,학생부종합전형Ⅰ(면접형),자연과학대학,융합응용화학과,7,100,14.29
서울,사립,건국대학교(서울),논술(KU논술우수자),공과대학,공과대학자유전공학부,35,501,14.31
서울,사립,동덕여자대학교,실기우수자전형,공연예술대학,방송연예전공,22,315,14.32
경기,사립,성균관대학교(수원),학생부종합(탐구인재),,반도체시스템공학과,15,215,14.33
서울,사립,성균관대학교(서울),학생부종합(탐구인재),,반도체시스템공학과,15,215,14.33
서울,사립,이화여자대학교,논술(논술전형),공과대학,화공신소재공학과,6,86,14.33
경기,사립,가톨릭대학교(부천),논술전형,,국사학과,3,43,14.33
서울,사립,가톨릭대학교(서울),논술전형,,국사학과,3,43,14.33
경기,사립,가천대학교(성남),논술 전형,인문계열,경영학과,40,574,14.35
인천,사립,가천대학교(인천),논술 전형,인문계열,경영학과,40,574,14.35
서울,사립,고려대학교(서울),서울캠퍼스 학생부종합(학업우수전형),문과대학,철학과,5,72,14.4
경기,사립,가천대학교(성남),가천의약학 전형,자연계열,의예과,16,231,14.44
인천,사립,가천대학교(인천),가천의약학 전형,자연계열,의예과,16,231,14.44
경기,사립,경희대학교(용인),서울캠퍼스 논술우수자전형,인문계열,행정학과,6,87,14.5
서울,사립,경희대학교(서울),서울캠퍼스 논술우수자전형,인문계열,행정학과,6,87,14.5
경기,사립,가톨릭대학교(부천),논술전형,,법학과,4,58,14.5
서울,사립,가톨릭대학교(서울),논술전형,,법학과,4,58,14.5
경기,사립,서울신학대학교,[실적/실기위주]실기전형,,실용음악과(드럼/타악기),2,29,14.5
서울,사립,연세대학교(서울),특기자전형 (체육인재),교육과학대학,야구 : 유격수,2,29,14.5
서울,사립,고려대학교(서울),서울캠퍼스 학생부종합(학업우수전형),공과대학,융합에너지공학과,7,102,14.57
서울,사립,건국대학교(서울),실기/실적(연기우수자),예술디자인대학,영화예술학과,15,219,14.6
서울,사립,건국대학교(서울),논술(KU논술우수자),공과대학,기계·로봇·자동차공학부,5,73,14.6
서울,사립,상명대학교(서울),정원 내 논술(논술전형),,인문 / 자유전공(인문계열),11,161,14.64
서울,사립,건국대학교(서울),논술(KU논술우수자),문과대학,사학과,3,44,14.67
서울,사립,숙명여자대학교,[논술] 논술우수자전형,생활과학대학,의류학과,3,44,14.67
서울,사립,고려대학교(서울),서울캠퍼스 학생부종합(학업우수전형),공과대학,화공생명공학과,15,221,14.73
서울,사립,연세대학교(서울),학생부종합전형 (활동우수형),상경대학,응용통계학과,11,162,14.73
서울,공립,서울시립대학교,실기전형,예술체육대학,성악전공(여),4,59,14.75
경기,사립,가톨릭대학교(부천),학생부종합(잠재능력우수자서류전형),,일어일본문화학과,5,74,14.8
경기,사립,성균관대학교(수원),논술위주(수리형),,글로벌경제학과,5,74,14.8
서울,사립,가톨릭대학교(서울),학생부종합(잠재능력우수자서류전형),,일어일본문화학과,5,74,14.8
서울,사립,성균관대학교(서울),논술위주(수리형),,글로벌경제학과,5,74,14.8
경기,사립,명지대학교(용인),학생부종합(명지인재면접전형),,일어일문학전공,6,89,14.83
서울,사립,명지대학교(서울),학생부종합(명지인재면접전형),,일어일문학전공,6,89,14.83
서울,사립,이화여자대학교,논술(논술전형),인문과학대학,중어중문학과,7,104,14.86
경기,사립,한국외국어대학교(용인),논술전형,,행정학과,8,119,14.88
서울,사립,한국외국어대학교(서울),논술전형,,행정학과,8,119,14.88
서울,사립,한양대학교(서울),학생부종합(면접형),의과대학,의예과,16,240,15.0
경기,사립,경희대학교(용인),서울캠퍼스 논술우수자전형,인문계열,무역학과,7,105,15.0
서울,사립,경희대학교(서울),서울캠퍼스 논술우수자전형,인문계열,무역학과,7,105,15.0
서울,사립,건국대학교(서울),논술(KU논술우수자),문과대학,지리학과,3,45,15.0
서울,사립,고려대학교(서울),서울캠퍼스 실기/실적(특기자전형-체육교육과),사범대학,야구(투수),3,45,15.0
서울,국립,서울과학기술대학교,학교생활우수자전형,조형대학,시각디자인학과,3,45,15.0
서울,공립,서울시립대학교,사회공헌·통합전형,자연과학대학,생명과학과,2,30,15.0
경기,사립,용인대학교,정원외 기초생활수급자 및 차상위계층 특별전형,문화예술대학,예능 / 연극학과-연기,1,15,15.0
경기,사립,한양대학교(ERICA),재능우수자(체육특기),예체능대학,스포츠과학부(야구(남)-포수),1,15,15.0
서울,사립,고려대학교(서울),서울캠퍼스 학생부종합(다문화전형),의과대학,의학과,1,15,15.0
서울,공립,서울시립대학교,사회공헌·통합전형,자연과학대학,환경원예학과,1,15,15.0
서울,사립,성신여자대학교,일반학생,,현대실용음악학과(악기)-기타(guitar),1,15,15.0
서울,사립,성신여자대학교,일반학생,,현대실용음악학과(악기)-베이스기타,1,15,15.0
서울,사립,연세대학교(서울),특기자전형 (체육인재),교육과학대학,야구 : 3루수,1,15,15.0
서울,사립,고려대학교(서울),서울캠퍼스 학생부종합(학업우수전형),생명과학대학,환경생태공학부,14,211,15.07
서울,사립,이화여자대학교,논술(논술전형),공과대학,융합전자반도체공학부 전자전기공학전공,7,106,15.14
서울,사립,연세대학교(서울),학생부종합전형 (활동우수형),생명시스템대학,생명과학부,6,91,15.17
서울,사립,광운대학교,논술【논술우수자전형】,,미디어커뮤니케이션학부,8,122,15.25
서울,공립,서울시립대학교,학생부종합전형Ⅰ(면접형),공과대학,기계정보공학과,11,168,15.27
대전,사립,우송대학교,정원내 학생부 종합 - 종합서류형 전형 (면접X),외식조리대학,제과제빵·조리학부 / 제과제빵·조리전공,9,138,15.33
서울,사립,숭실대학교,논술(논술우수자전형),,사학과,3,46,15.33
경기,사립,경희대학교(용인),서울캠퍼스 논술우수자전형,자연계열,미래정보디스플레이학부,6,93,15.5
서울,사립,경희대학교(서울),서울캠퍼스 논술우수자전형,자연계열,미래정보디스플레이학부,6,93,15.5
서울,사립,서경대학교,기회균형② 특별전형 - 특성화고교졸업자,,메이크업디자인학과,2,31,15.5
인천,국립,인천대학교,학생부종합(기회균형),사회과학대학,미디어커뮤니케이션학과,2,31,15.5
서울,사립,고려대학교(서울),서울캠퍼스 학생부종합(학업우수전형),생명과학대학,생명과학부,21,326,15.52
충남,사립,백석대학교,정원내 모집 학생부 교과 지역인재(일반),,관광학부 항공서비스,5,78,15.6
서울,사립,숭실대학교,논술(논술우수자전형),,경영학부,16,250,15.63
경기,사립,성균관대학교(수원),학생부종합(성균인재),,의예과,20,315,15.75
서울,사립,성균관대학교(서울),학생부종합(성균인재),,의예과,20,315,15.75
서울,사립,연세대학교(서울),논술전형,진리자유학부,진리자유학부(자연),12,189,15.75
서울,사립,연세대학교(서울),논술전형,공과대학,산업공학과,4,63,15.75
서울,사립,연세대학교(서울),학생부종합전형 (국제형(국내고)),언더우드국제대학,융합과학공학부(ISE),45,709,15.76
경기,사립,성균관대학교(수원),논술위주(수리형),,지능형소프트웨어학과,5,79,15.8
서울,사립,성균관대학교(서울),논술위주(수리형),,지능형소프트웨어학과,5,79,15.8
서울,사립,상명대학교(서울),정원 내 논술(논술전형),,자연 / 자유전공(이공계열),9,143,15.89
경기,사립,한국외국어대학교(용인),논술전형,,미디어커뮤니케이션학부,10,159,15.9
서울,사립,한국외국어대학교(서울),논술전형,,미디어커뮤니케이션학부,10,159,15.9
서울,사립,고려대학교(서울),서울캠퍼스 학생부종합(학업우수전형),생명과학대학,생명공학부,22,351,15.95
서울,공립,서울시립대학교,학생부종합전형Ⅰ(면접형),자연과학대학,생명과학과,10,160,16.0
서울,사립,한양대학교(서울),논술,생활과학대학,식품영양학과,4,64,16.0
서울,사립,고려대학교(서울),서울캠퍼스 학생부종합(계열적합전형),문과대학,철학과,3,48,16.0
서울,공립,서울시립대학교,사회공헌·통합전형,경영대학,경영학부,2,32,16.0
경기,사립,성균관대학교(수원),실기/실적(예체능 특기자),,스포츠과학과 / 야구-투수,1,16,16.0
서울,사립,건국대학교(서울),학생부종합(특성화고교졸업자),건축대학,건축학부,1,16,16.0
서울,사립,고려대학교(서울),서울캠퍼스 실기/실적(특기자전형-체육교육과),사범대학,야구(포수),1,16,16.0
서울,사립,상명대학교(서울),정원 내 학생부종합(특성화고졸재직자전형)(정원내),,인문 / 융합경영학과,1,16,16.0
서울,사립,성균관대학교(서울),실기/실적(예체능 특기자),,스포츠과학과 / 야구-투수,1,16,16.0
인천,사립,인하대학교,학생부종합 평생학습자,미래융합대학,산업경영학과,1,16,16.0
인천,사립,인하대학교,실기/실적 체육특기자,예술체육대학,야구(남)유격수,1,16,16.0
서울,사립,고려대학교(서울),서울캠퍼스 학생부종합(학업우수전형),보건과학대학,바이오의공학부,16,257,16.06
경기,사립,가천대학교(성남),논술 전형,자연계열,방사선학과,9,145,16.11
인천,사립,가천대학교(인천),논술 전형,자연계열,방사선학과,9,145,16.11
서울,사립,한양대학교(서울),논술,공과대학,미래자동차공학과,5,81,16.2
서울,사립,세종대학교,논술(논술우수자 전형),경영경제,경영학부,9,146,16.22
경기,사립,경희대학교(용인),국제캠퍼스 논술우수자전형,인문계열,글로벌커뮤니케이션학부,4,65,16.25
서울,사립,경희대학교(서울),국제캠퍼스 논술우수자전형,인문계열,글로벌커뮤니케이션학부,4,65,16.25
경기,사립,성균관대학교(수원),논술위주(수리형),,글로벌바이오메디컬공학과,10,163,16.3
서울,사립,성균관대학교(서울),논술위주(수리형),,글로벌바이오메디컬공학과,10,163,16.3
서울,사립,고려대학교(서울),서울캠퍼스 학생부종합(학업우수전형),이과대학,지구환경과학과,6,98,16.33
서울,사립,상명대학교(서울),정원 내 논술(논술전형),,자연 / 수학교육과,3,49,16.33
서울,사립,숭실대학교,논술(논술우수자전형),,철학과,3,49,16.33
서울,사립,성신여자대학교,논술우수자,,심리학과,5,82,16.4
경기,사립,가천대학교(성남),가천바람개비 전형,자연계열,물리치료학과,6,99,16.5
인천,사립,가천대학교(인천),가천바람개비 전형,자연계열,물리치료학과,6,99,16.5
경기,사립,성균관대학교(수원),논술위주(언어형),,글로벌AI융합학부,4,66,16.5
서울,사립,성균관대학교(서울),논술위주(언어형),,글로벌AI융합학부,4,66,16.5
서울,사립,숭실대학교,논술(논술우수자전형),,정보사회학과,4,66,16.5
경기,사립,명지대학교(용인),실기/실적(특기자전형),,미드필더,2,33,16.5
서울,사립,명지대학교(서울),실기/실적(특기자전형),,미드필더,2,33,16.5
서울,사립,삼육대학교,논술우수자전형,,물리치료학과,6,100,16.67
경기,사립,명지대학교(용인),실기/실적(특기자전형),,수비수,3,50,16.67
서울,사립,명지대학교(서울),실기/실적(특기자전형),,수비수,3,50,16.67
서울,사립,세종대학교,논술(논술우수자 전형),사회과학,미디어커뮤니케이션학과,4,67,16.75
서울,사립,한양대학교(서울),논술,간호대학,간호학과,5,84,16.8
경기,사립,경희대학교(용인),국제캠퍼스 실기우수자전형(PostModern음악),예술계열,Post Modern 음악학과-기타(Guitar),6,101,16.83
서울,사립,경희대학교(서울),국제캠퍼스 실기우수자전형(PostModern음악),예술계열,Post Modern 음악학과-기타(Guitar),6,101,16.83
경기,사립,성균관대학교(수원),논술위주(수리형),,컴퓨터공학과,5,85,17.0
서울,사립,성균관대학교(서울),논술위주(수리형),,컴퓨터공학과,5,85,17.0
서울,사립,상명대학교(서울),정원 내 논술(논술전형),,생명화학공학부 / 생명공학전공,2,34,17.0
경기,사립,한양대학교(ERICA),재능우수자(체육특기),예체능대학,스포츠과학부(야구(남)-투수-좌투수),1,17,17.0
서울,사립,숭실대학교,학생부종합(특수교육대상자전형),,사회복지학부,1,17,17.0
서울,사립,한양대학교(서울),실기/실적(음악특기자),음악대학,관현악과(트럼펫),1,17,17.0
인천,사립,인하대학교,실기/실적 체육특기자,예술체육대학,야구(남)중견수,1,17,17.0
경기,사립,성균관대학교(수원),학생부종합(기회균형),,사회과학계열,7,120,17.14
서울,사립,성균관대학교(서울),학생부종합(기회균형),,사회과학계열,7,120,17.14
경기,사립,경희대학교(용인),국제캠퍼스 실기우수자전형(PostModern음악),예술계열,Post Modern 음악학과-베이스(Bass),5,86,17.2
서울,사립,경희대학교(서울),국제캠퍼스 실기우수자전형(PostModern음악),예술계열,Post Modern 음악학과-베이스(Bass),5,86,17.2
서울,사립,고려대학교(서울),서울캠퍼스 학생부종합(학업우수전형),보건과학대학,바이오시스템의과학부,14,241,17.21
서울,사립,이화여자대학교,논술(논술전형),인문과학대학,사학과,8,138,17.25
서울,사립,서강대학교,논술(일반),,영문학부,10,173,17.3
서울,사립,건국대학교(서울),논술(KU논술우수자),경영대학,경영학과,15,260,17.33
인천,사립,인하대학교,실기/실적 연극영화학과-연기,예술체육대학,연극영화학과(연기),9,156,17.33
서울,사립,상명대학교(서울),정원 내 논술(논술전형),,전기공학전공,3,52,17.33
경기,사립,성균관대학교(수원),학생부종합(기회균형),,자연과학계열,7,122,17.43
서울,사립,성균관대학교(서울),학생부종합(기회균형),,자연과학계열,7,122,17.43
서울,사립,홍익대학교(서울),논술전형,,서울캠퍼스자율전공(인문·예능),38,665,17.5
서울,사립,한양대학교(서울),논술,공과대학,도시공학과,4,70,17.5
경기,사립,가천대학교(성남),가천의약학 전형,자연계열,약학과,10,176,17.6
인천,사립,가천대학교(인천),가천의약학 전형,자연계열,약학과,10,176,17.6
인천,사립,인하대학교,논술 논술우수자,사범대학,사회교육과,3,53,17.67
서울,사립,한양대학교(서울),논술,자연과학대학,수학과,8,142,17.75
서울,사립,고려대학교(서울),서울캠퍼스 학생부종합(계열적합전형),의과대학,의학과,15,268,17.87
경기,사립,가천대학교(성남),논술 전형,인문계열,미디어커뮤니케이션학과,8,143,17.88
서울,사립,이화여자대학교,논술(논술전형),신산업융합대학,의류산업학과,8,143,17.88
인천,사립,가천대학교(인천),논술 전형,인문계열,미디어커뮤니케이션학과,8,143,17.88
경기,사립,성균관대학교(수원),논술위주(수리형),,전자전기정보공학부,25,448,17.92
서울,사립,성균관대학교(서울),논술위주(수리형),,전자전기정보공학부,25,448,17.92
경기,사립,아주대학교,논술우수자전형,,경영학과,15,270,18.0
서울,사립,연세대학교(서울),논술전형,공과대학,건축공학과,7,126,18.0
서울,사립,연세대학교(서울),학생부종합전형 (기회균형),의과대학,의예과,3,54,18.0
서울,사립,연세대학교(서울),논술전형,공과대학,도시공학과,3,54,18.0
경기,사립,한양대학교(ERICA),재능우수자(체육특기),예체능대학,스포츠과학부(야구(남)-내야수-3루수),1,18,18.0
서울,공립,서울시립대학교,사회공헌·통합전형,인공지능융합대학,인공지능학과,1,18,18.0
서울,사립,연세대학교(서울),특기자전형 (체육인재),교육과학대학,야구 : 중견수,1,18,18.0
서울,사립,한성대학교,특성화고교졸업자전형,AI디자인대학,AI뷰티디자인학과,1,18,18.0
서울,사립,연세대학교(서울),논술전형,공과대학,화공생명공학부,12,217,18.08
대전,국립,충남대학교,일반전형,사회과학대학,심리학과*,5,91,18.2
서울,사립,숙명여자대학교,[논술] 논술우수자전형,사회과학대학,사회심리학과,3,55,18.33
서울,사립,숭실대학교,논술(논술우수자전형),,법학과,4,74,18.5
경기,사립,단국대학교(죽전),[실기/실적위주] 체육특기자 경쟁률 현황 (천안),,국제스포츠학부(국제스포츠전공)(남)-야구(우완투수-오버핸드),2,37,18.5
충남,사립,단국대학교(천안),[실기/실적위주] 체육특기자 경쟁률 현황 (천안),,국제스포츠학부(국제스포츠전공)(남)-야구(우완투수-오버핸드),2,37,18.5
서울,사립,고려대학교(서울),서울캠퍼스 학생부종합(학업우수전형),이과대학,화학과,10,187,18.7
서울,사립,연세대학교(서울),논술전형,이과대학,화학과,4,75,18.75
서울,사립,한양대학교(서울),논술,한양YK인터칼리지,한양인터칼리지학부(자연),35,660,18.86
서울,사립,서경대학교,실기우수자 전형,,공연예술학부-뮤지컬,20,380,19.0
서울,사립,연세대학교(서울),논술전형,인공지능융합대학,컴퓨터과학과,6,114,19.0
경기,사립,경희대학교(용인),국제캠퍼스 실기우수자전형(PostModern음악),예술계열,Post Modern 음악학과-드럼·타악기,5,95,19.0
서울,사립,경희대학교(서울),국제캠퍼스 실기우수자전형(PostModern음악),예술계열,Post Modern 음악학과-드럼·타악기,5,95,19.0
경기,사립,경희대학교(용인),서울캠퍼스 논술우수자전형,인문계열,빅데이터응용학과,4,76,19.0
서울,사립,경희대학교(서울),서울캠퍼스 논술우수자전형,인문계열,빅데이터응용학과,4,76,19.0
서울,사립,연세대학교(서울),특기자전형 (체육인재),교육과학대학,야구 : 2루수,1,19,19.0
서울,사립,연세대학교(서울),논술전형,공과대학,신소재공학부,13,249,19.15
경기,사립,을지대학교(성남의정부),논술우수자,,간호학과(성남),12,230,19.17
대전,사립,을지대학교(대전),논술우수자,,간호학과(성남),12,230,19.17
서울,사립,서경대학교,실기우수자 전형,,공연예술학부-연출,6,116,19.33
경기,사립,한양대학교(ERICA),재능우수자(체육특기),예체능대학,스포츠과학부(야구(남)-투수-우투수),3,58,19.33
서울,사립,연세대학교(서울),논술전형,생명시스템대학,시스템생물학과,3,58,19.33
서울,사립,고려대학교(서울),서울캠퍼스 학생부종합(고른기회전형),의과대학,의학과,5,97,19.4
서울,사립,건국대학교(서울),논술(KU논술우수자),공과대학,전기전자공학부,7,137,19.57
서울,사립,연세대학교(서울),논술전형,이과대학,수학과,7,139,19.86
경기,사립,성균관대학교(수원),논술위주(언어형),,글로벌경제학과,10,199,19.9
서울,사립,성균관대학교(서울),논술위주(언어형),,글로벌경제학과,10,199,19.9
서울,사립,홍익대학교(서울),공연예술우수자전형,공연예술학부 뮤지컬전공,연기,20,399,19.95
서울,사립,세종대학교,실기/실적(실기우수자 전형),예체능,영화예술학과-연출제작,23,460,20.0
서울,사립,건국대학교(서울),논술(KU논술우수자),문과대학,문화콘텐츠학과,3,60,20.0
서울,사립,연세대학교(서울),논술전형,이과대학,대기과학과,3,60,20.0
경기,사립,한양대학교(ERICA),재능우수자(체육특기),예체능대학,스포츠과학부(야구(남)-내야수-유격수),1,20,20.0
서울,사립,고려대학교(서울),서울캠퍼스 학생부종합(학업우수전형),의과대학,의학과,28,561,20.04
경기,사립,성균관대학교(수원),학생부종합(기회균형),,공학계열,7,141,20.14
서울,사립,성균관대학교(서울),학생부종합(기회균형),,공학계열,7,141,20.14
경기,사립,성균관대학교(수원),논술위주(언어형),,자연과학계열,5,101,20.2
서울,사립,성균관대학교(서울),논술위주(언어형),,자연과학계열,5,101,20.2
서울,사립,이화여자대학교,논술(논술전형),사회과학대학,커뮤니케이션·미디어학부,8,162,20.25
서울,사립,서경대학교,실기우수자 전형,,실용음악학부-기악-피아노,6,122,20.33
서울,사립,건국대학교(서울),논술(KU논술우수자),문과대학,국어국문학과,5,102,20.4
서울,사립,숭실대학교,논술(논술우수자전형),,정치외교학과,5,102,20.4
서울,사립,숭실대학교,논술(논술우수자전형),,국어국문학과,4,82,20.5
경기,사립,한양대학교(ERICA),학생부종합(서류형),예체능대학,스포츠과학부,10,206,20.6
경기,사립,성균관대학교(수원),논술위주(수리형),,경영학과,5,104,20.8
서울,사립,성균관대학교(서울),논술위주(수리형),,경영학과,5,104,20.8
서울,사립,연세대학교(서울),논술전형,생명시스템대학,생명공학과,8,167,20.88
경기,사립,성균관대학교(수원),논술위주(언어형),,전자전기정보공학부,5,105,21.0
경기,사립,성균관대학교(수원),논술위주(수리형),,사회과학계열,5,105,21.0
서울,사립,성균관대학교(서울),논술위주(언어형),,전자전기정보공학부,5,105,21.0
서울,사립,성균관대학교(서울),논술위주(수리형),,사회과학계열,5,105,21.0
서울,사립,연세대학교(서울),논술전형,상경대학,응용통계학과,2,42,21.0
서울,사립,연세대학교(서울),특기자전형 (체육인재),교육과학대학,야구 : 포수,1,21,21.0
서울,사립,이화여자대학교,논술(논술전형),경영대학,경영학부,19,403,21.21
경기,사립,경희대학교(용인),서울캠퍼스 논술우수자전형,인문계열,응용영어통번역학과,4,85,21.25
서울,사립,경희대학교(서울),서울캠퍼스 논술우수자전형,인문계열,응용영어통번역학과,4,85,21.25
서울,사립,한양대학교(서울),논술,공과대학,건축학부,4,85,21.25
서울,국립,한국체육대학교,실기우수자,,태권도학과,5,107,21.4
서울,사립,이화여자대학교,논술(논술전형),인문과학대학,영어영문학부,9,194,21.56
서울,사립,이화여자대학교,논술(논술전형),사회과학대학,심리학과,6,130,21.67
서울,사립,한양대학교(서울),논술,정책과학대학,정책학과,4,87,21.75
서울,사립,서경대학교,실기우수자 전형,,실용음악학부-작곡,4,88,22.0
서울,사립,이화여자대학교,논술(논술전형),간호대학,간호학부,4,88,22.0
서울,사립,건국대학교(서울),논술(KU논술우수자),문과대학,철학과,3,66,22.0
서울,사립,고려대학교(서울),서울캠퍼스 실기/실적(특기자전형-체육교육과),사범대학,야구(내야수),3,66,22.0
경기,사립,가천대학교(성남),농어촌(교과) 전형,자연계열,의예과,1,22,22.0
인천,사립,가천대학교(인천),농어촌(교과) 전형,자연계열,의예과,1,22,22.0
서울,사립,한양대학교(서울),논술,공과대학,전기·생체공학부(전기공학전공),5,112,22.4
경기,사립,성균관대학교(수원),논술위주(수리형),,자유전공계열,20,450,22.5
서울,사립,성균관대학교(서울),논술위주(수리형),,자유전공계열,20,450,22.5
서울,사립,연세대학교(서울),논술전형,이과대학,지구시스템과학과,4,90,22.5
서울,사립,연세대학교(서울),논술전형,이과대학,물리학과,7,158,22.57
서울,사립,한양대학교(서울),논술,공과대학,화학공학과,4,91,22.75
서울,사립,연세대학교(서울),논술전형,공과대학,기계공학부,18,410,22.78
서울,사립,연세대학교(서울),논술전형,공과대학,시스템반도체공학과,12,274,22.83
서울,사립,한양대학교(서울),논술,자연과학대학,물리학과,5,116,23.2
서울,사립,연세대학교(서울),논술전형,공과대학,사회환경시스템공학부,10,233,23.3
서울,사립,숭실대학교,논술(논술우수자전형),,영어영문학과,8,187,23.38
경기,사립,성균관대학교(수원),논술위주(언어형),,인문과학계열,38,899,23.66
서울,사립,성균관대학교(서울),논술위주(언어형),,인문과학계열,38,899,23.66
경기,사립,가천대학교(성남),가천바람개비 전형,인문계열,미디어커뮤니케이션학과,6,142,23.67
인천,사립,가천대학교(인천),가천바람개비 전형,인문계열,미디어커뮤니케이션학과,6,142,23.67
경기,사립,아주대학교,논술우수자전형,,자유전공학부(인문),5,119,23.8
경기,사립,강남대학교,[정원내]실기/실적위주(실기전형),예체능계,체육학과,25,603,24.12
서울,사립,홍익대학교(서울),공연예술우수자전형,공연예술학부 실용음악전공,기악(피아노),4,97,24.25
서울,사립,이화여자대학교,논술(논술전형),스크랜튼대학,스크랜튼학부,13,316,24.31
경기,사립,성균관대학교(수원),논술위주(수리형),,자연과학계열,25,608,24.32
서울,사립,성균관대학교(서울),논술위주(수리형),,자연과학계열,25,608,24.32
서울,사립,서강대학교,논술(일반),,인공지능학과,3,73,24.33
서울,사립,이화여자대학교,논술(논술전형),인문과학대학,국어국문학과,10,245,24.5
서울,사립,숭실대학교,논술(논술우수자전형),,행정학부,6,147,24.5
서울,사립,고려대학교(서울),서울캠퍼스 논술(논술전형),문과대학,한국사학과,2,49,24.5
서울,사립,고려대학교(서울),서울캠퍼스 논술(논술전형),사범대학,가정교육과,2,49,24.5
경기,사립,경희대학교(용인),서울캠퍼스 논술우수자전형,인문계열,미디어학과,7,173,24.71
서울,사립,경희대학교(서울),서울캠퍼스 논술우수자전형,인문계열,미디어학과,7,173,24.71
서울,사립,서강대학교,논술(일반),,전자공학과,12,299,24.92
서울,사립,한양대학교(서울),논술,공과대학,컴퓨터소프트웨어학부,10,250,25.0
서울,사립,한양대학교(서울),논술,공과대학,산업공학과,5,125,25.0
서울,사립,고려대학교(서울),서울캠퍼스 논술(논술전형),문과대학,한문학과,2,50,25.0
서울,사립,서강대학교,논술(일반),,경제학과,21,533,25.38
경기,사립,경희대학교(용인),국제캠퍼스 논술우수자전형,체육계열,스포츠의학과,4,103,25.75
서울,사립,경희대학교(서울),국제캠퍼스 논술우수자전형,체육계열,스포츠의학과,4,103,25.75
경기,사립,성균관대학교(수원),논술위주(언어형),,글로벌리더학부,10,258,25.8
서울,사립,성균관대학교(서울),논술위주(언어형),,글로벌리더학부,10,258,25.8
서울,사립,이화여자대학교,논술(논술전형),인문과학대학,철학과,9,233,25.89
경기,사립,한국항공대학교,논술우수자 전형,,항공운항학과,11,285,25.91
서울,사립,한성대학교,한성인재전형,AI디자인대학,AI뷰티디자인학과,5,130,26.0
서울,사립,한양대학교(서울),학생부종합(고른기회),의과대학,의예과,2,52,26.0
서울,사립,서경대학교,실기우수자 전형,,무용예술학부-실용무용,20,522,26.1
경기,사립,한양대학교(ERICA),재능우수자(무용),예체능대학,무용예술학과(실용무용),5,132,26.4
서울,사립,건국대학교(서울),논술(KU논술우수자),문과대학,문과대학자유전공학부,14,370,26.43
서울,사립,서경대학교,실기우수자 전형,,영화영상학과,30,799,26.63
경기,사립,한국외국어대학교(용인),논술전형,,AI융합대학(서울)[통합모집],6,160,26.67
서울,사립,한국외국어대학교(서울),논술전형,,AI융합대학(서울)[통합모집],6,160,26.67
서울,사립,서강대학교,논술(일반),,기계공학과,10,267,26.7
경기,사립,성균관대학교(수원),논술위주(언어형),,자유전공계열,10,269,26.9
서울,사립,성균관대학교(서울),논술위주(언어형),,자유전공계열,10,269,26.9
서울,사립,서강대학교,논술(일반),,수학과,6,162,27.0
경기,사립,경희대학교(용인),서울캠퍼스 논술우수자전형,인문계열,영어영문학과,4,108,27.0
경기,사립,용인대학교,정원내 일반학생 전형,문화예술대학,실용음악과-보컬,4,108,27.0
서울,사립,경희대학교(서울),서울캠퍼스 논술우수자전형,인문계열,영어영문학과,4,108,27.0
경기,사립,성균관대학교(수원),실기/실적(예체능 특기자),,야구-내야수,1,27,27.0
경기,사립,한양대학교(ERICA),재능우수자(체육특기),예체능대학,스포츠과학부(야구(남)-내야수-2루수),1,27,27.0
서울,사립,성균관대학교(서울),실기/실적(예체능 특기자),,야구-내야수,1,27,27.0
경기,사립,경희대학교(용인),서울캠퍼스 논술우수자전형,인문계열,주거환경학과,4,109,27.25
서울,사립,경희대학교(서울),서울캠퍼스 논술우수자전형,인문계열,주거환경학과,4,109,27.25
서울,사립,고려대학교(서울),서울캠퍼스 논술(논술전형),사범대학,역사교육과,3,82,27.33
서울,사립,홍익대학교(서울),공연예술우수자전형,공연예술학부 실용음악전공,작곡,3,82,27.33
충남,사립,백석대학교,정원내 모집 학생부 교과 + 면접 백석인재,,관광학부 항공서비스,65,1794,27.6
경기,사립,성균관대학교(수원),논술위주(언어형),,공학계열,10,276,27.6
서울,사립,성균관대학교(서울),논술위주(언어형),,공학계열,10,276,27.6
경기,사립,가톨릭대학교(부천),논술전형,,심리학과,5,138,27.6
서울,사립,가톨릭대학교(서울),논술전형,,심리학과,5,138,27.6
서울,사립,고려대학교(서울),서울캠퍼스 논술(논술전형),사범대학,영어교육과,6,166,27.67
경기,사립,한양대학교(ERICA),재능우수자(실용음악),예체능대학,실용음악학과(작곡),3,83,27.67
서울,사립,한양대학교(서울),논술,한양YK인터칼리지,한양인터칼리지학부(인문),15,419,27.93
경기,사립,수원대학교,실기우수자전형,문화예술융합대학,아트앤엔터테인먼트학부 영화예술,18,505,28.06
경기,사립,용인대학교,정원내 일반학생 전형,문화예술대학,연극학과-연기,14,396,28.29
서울,사립,숭실대학교,논술(논술우수자전형),,언론홍보학과,4,114,28.5
경기,사립,한양대학교(ERICA),재능우수자(체육특기),예체능대학,스포츠과학부(야구(남)-외야수),2,57,28.5
서울,사립,연세대학교(서울),논술전형,공과대학,전기전자공학부,20,574,28.7
경기,사립,용인대학교,정원내 일반학생 전형,문화예술대학,영화영상학과,18,521,28.94
경기,사립,단국대학교(죽전),[실기/실적위주] 체육특기자 경쟁률 현황 (천안),,국제스포츠학부(국제스포츠전공)(남)-야구(3루수),1,29,29.0
충남,사립,단국대학교(천안),[실기/실적위주] 체육특기자 경쟁률 현황 (천안),,국제스포츠학부(국제스포츠전공)(남)-야구(3루수),1,29,29.0
서울,사립,동덕여자대학교,실기우수자전형,공연예술대학,실용음악전공(보컬),8,234,29.25
서울,사립,고려대학교(서울),서울캠퍼스 논술(논술전형),문과대학,노어노문학과,3,88,29.33
경기,사립,성균관대학교(수원),논술위주(언어형),,글로벌경영학과,10,296,29.6
서울,사립,성균관대학교(서울),논술위주(언어형),,글로벌경영학과,10,296,29.6
서울,사립,고려대학교(서울),서울캠퍼스 논술(논술전형),보건과학대학,바이오시스템의과학부,6,178,29.67
서울,사립,한양대학교(서울),논술,사범대학,수학교육과,3,89,29.67
서울,사립,고려대학교(서울),서울캠퍼스 논술(논술전형),생명과학대학,식품자원경제학과,5,149,29.8
경기,사립,단국대학교(죽전),[실기/실적위주] 실기우수자 경쟁률 현황 (죽전),,공연영화학부 뮤지컬전공(연기),7,209,29.86
충남,사립,단국대학교(천안),[실기/실적위주] 실기우수자 경쟁률 현황 (죽전),,공연영화학부 뮤지컬전공(연기),7,209,29.86
서울,사립,연세대학교(서울),특기자전형 (체육인재),교육과학대학,야구 : 우투수,1,30,30.0
서울,사립,서강대학교,논술(일반),,컴퓨터공학과,12,362,30.17
서울,사립,고려대학교(서울),서울캠퍼스 논술(논술전형),생명과학대학,식품공학과,5,151,30.2
서울,사립,고려대학교(서울),서울캠퍼스 논술(논술전형),정보대학,데이터과학과,3,91,30.33
서울,사립,한양대학교(서울),논술,자연과학대학,생명과학과,5,152,30.4
서울,사립,한양대학교(서울),논술,공과대학,정보시스템학과(상경),4,124,31.0
경기,사립,수원대학교,농어촌학생전형,문화예술융합대학,아트앤엔터테인먼트학부 연기예술,2,62,31.0
서울,사립,연세대학교(서울),논술전형,이과대학,천문우주학과,4,125,31.25
경기,사립,한양대학교(ERICA),재능우수자(실용음악),예체능대학,실용음악학과(피아노),3,94,31.33
서울,사립,한양대학교(서울),논술,경영대학,파이낸스경영학과,4,126,31.5
서울,사립,고려대학교(서울),서울캠퍼스 논술(논술전형),사범대학,수학교육과,4,128,32.0
경기,사립,성균관대학교(수원),실기/실적(예체능 특기자),,야구-외야수,1,32,32.0
서울,사립,성균관대학교(서울),실기/실적(예체능 특기자),,야구-외야수,1,32,32.0
서울,사립,고려대학교(서울),서울캠퍼스 논술(논술전형),학부대학,학부대학,8,259,32.38
경기,사립,경희대학교(용인),서울캠퍼스 논술우수자전형,인문계열,사학과,4,131,32.75
서울,사립,경희대학교(서울),서울캠퍼스 논술우수자전형,인문계열,사학과,4,131,32.75
서울,사립,서강대학교,논술(일반),,물리학과,6,197,32.83
서울,사립,고려대학교(서울),서울캠퍼스 논술(논술전형),공과대학,건축학과,4,132,33.0
경기,사립,단국대학교(죽전),[실기/실적위주] 실기우수자 경쟁률 현황 (죽전),,공연영화학부 연극전공(연기),14,466,33.29
충남,사립,단국대학교(천안),[실기/실적위주] 실기우수자 경쟁률 현황 (죽전),,공연영화학부 연극전공(연기),14,466,33.29
서울,사립,한양대학교(서울),논술,공과대학,신소재공학부,7,234,33.43
서울,사립,연세대학교(서울),논술전형,문과대학,노어노문학과,4,134,33.5
서울,사립,삼육대학교,논술우수자전형,,간호학과,12,406,33.83
경기,사립,성균관대학교(수원),논술위주(언어형),,경영학과,20,677,33.85
서울,사립,성균관대학교(서울),논술위주(언어형),,경영학과,20,677,33.85
경기,사립,성균관대학교(수원),논술위주(언어형),,사회과학계열,40,1357,33.93
서울,사립,성균관대학교(서울),논술위주(언어형),,사회과학계열,40,1357,33.93
서울,사립,고려대학교(서울),서울캠퍼스 논술(논술전형),문과대학,불어불문학과,4,138,34.5
서울,사립,고려대학교(서울),서울캠퍼스 논술(논술전형),보건과학대학,바이오의공학부,7,242,34.57
서울,사립,연세대학교(서울),논술전형,문과대학,독어독문학과,4,139,34.75
서울,사립,서경대학교,실기우수자 전형,,실용음악학부-기악-베이스,5,175,35.0
서울,사립,고려대학교(서울),서울캠퍼스 논술(논술전형),공과대학,융합에너지공학과,3,105,35.0
서울,사립,고려대학교(서울),서울캠퍼스 논술(논술전형),보건과학대학,보건환경융합과학부,9,316,35.11
서울,사립,고려대학교(서울),서울캠퍼스 논술(논술전형),사범대학,교육학과,4,141,35.25
서울,사립,고려대학교(서울),서울캠퍼스 논술(논술전형),문과대학,일어일문학과,3,106,35.33
서울,사립,연세대학교(서울),논술전형,교육과학대학,교육학부,4,143,35.75
서울,사립,고려대학교(서울),서울캠퍼스 논술(논술전형),간호대학,간호학과,5,180,36.0
서울,사립,고려대학교(서울),서울캠퍼스 논술(논술전형),사범대학,지리교육과,3,108,36.0
서울,사립,건국대학교(서울),논술(KU논술우수자),문과대학,미디어커뮤니케이션학과,6,217,36.17
서울,사립,고려대학교(서울),서울캠퍼스 논술(논술전형),생명과학대학,환경생태공학부,7,256,36.57
서울,사립,고려대학교(서울),서울캠퍼스 논술(논술전형),스마트보안학부,스마트보안학부,5,183,36.6
서울,사립,한양대학교(서울),논술,경제금융대학,경제금융학부,9,333,37.0
경기,사립,경희대학교(용인),서울캠퍼스 논술우수자전형,인문계열,의상학과,4,148,37.0
서울,사립,경희대학교(서울),서울캠퍼스 논술우수자전형,인문계열,의상학과,4,148,37.0
서울,사립,연세대학교(서울),논술전형,문과대학,중어중문학과,4,149,37.25
경기,사립,성균관대학교(수원),논술위주(수리형),,공학계열,40,1496,37.4
서울,사립,성균관대학교(서울),논술위주(수리형),,공학계열,40,1496,37.4
서울,사립,서강대학교,논술(일반),,경영학부,38,1431,37.66
서울,사립,고려대학교(서울),서울캠퍼스 논술(논술전형),문과대학,독어독문학과,3,113,37.67
서울,사립,한양대학교(서울),논술,예술체육대학,연극영화학과(영화),4,154,38.5
서울,사립,고려대학교(서울),서울캠퍼스 논술(논술전형),생명과학대학,생명과학부,10,387,38.7
서울,사립,한양대학교(서울),논술,인문과학대학,사학과,4,155,38.75
세종,사립,고려대학교(세종),논술(일반전형),약학대학,약학과,10,393,39.3
서울,사립,성신여자대학교,일반학생,,현대실용음악학과(보컬),6,237,39.5
서울,사립,고려대학교(서울),서울캠퍼스 논술(논술전형),이과대학,화학과,5,200,40.0
서울,사립,고려대학교(서울),서울캠퍼스 실기/실적(특기자전형-체육교육과),사범대학,야구(외야수),1,40,40.0
서울,사립,서경대학교,실기우수자 전형,,실용음악학부-싱어송라이터,5,202,40.4
서울,사립,연세대학교(서울),논술전형,문과대학,영어영문학과,5,202,40.4
서울,사립,연세대학교(서울),논술전형,문과대학,불어불문학과,4,162,40.5
서울,사립,한양대학교(서울),논술,공과대학,융합전자공학부,10,406,40.6
서울,사립,한양대학교(서울),학생부종합(사회통합),한양YK인터칼리지,한양인터칼리지학부(자연),5,205,41.0
서울,사립,서경대학교,실기우수자 전형,,실용음악학부-기악-기타,7,288,41.14
서울,사립,한양대학교(서울),논술,사회과학대학,관광학부,4,166,41.5
서울,사립,고려대학교(서울),서울캠퍼스 논술(논술전형),생명과학대학,생명공학부,9,374,41.56
서울,사립,고려대학교(서울),서울캠퍼스 논술(논술전형),정보대학,컴퓨터학과,11,458,41.64
서울,사립,고려대학교(서울),서울캠퍼스 논술(논술전형),이과대학,지구환경과학과,4,168,42.0
서울,사립,고려대학교(서울),서울캠퍼스 논술(논술전형),공과대학,건축사회환경공학부,9,379,42.11
경기,사립,한양대학교(ERICA),재능우수자(실용음악),예체능대학,실용음악학과(베이스),3,127,42.33
서울,사립,고려대학교(서울),서울캠퍼스 논술(논술전형),문과대학,중어중문학과,6,255,42.5
서울,사립,서경대학교,실기우수자 전형,,공연예술학부-연기,20,859,42.95
충남,사립,백석대학교,정원내 모집 학생부 종합 창의인재,,관광학부 항공서비스,8,345,43.13
경기,사립,가천대학교(성남),가천바람개비 전형,자연계열,응급구조학과,4,174,43.5
인천,사립,가천대학교(인천),가천바람개비 전형,자연계열,응급구조학과,4,174,43.5
서울,사립,고려대학교(서울),서울캠퍼스 논술(논술전형),이과대학,수학과,5,222,44.4
서울,사립,고려대학교(서울),서울캠퍼스 논술(논술전형),공과대학,산업경영공학부,7,311,44.43
서울,사립,연세대학교(서울),논술전형,문과대학,사학과,4,178,44.5
서울,사립,서경대학교,실기우수자 전형,,실용음악학부-기악-드럼,5,223,44.6
서울,사립,연세대학교(서울),논술전형,사회과학대학,사회학과,5,223,44.6
경기,사립,한양대학교(ERICA),재능우수자(실용음악),예체능대학,실용음악학과(드럼),3,134,44.67
경기,사립,성균관대학교(수원),논술위주(수리형),,반도체시스템공학과,10,450,45.0
서울,사립,성균관대학교(서울),논술위주(수리형),,반도체시스템공학과,10,450,45.0
서울,사립,고려대학교(서울),서울캠퍼스 논술(논술전형),보건과학대학,보건정책관리학부,6,270,45.0
서울,사립,고려대학교(서울),서울캠퍼스 논술(논술전형),정보대학,인공지능학과,9,407,45.22
경기,사립,경희대학교(용인),서울캠퍼스 논술우수자전형,인문계열,철학과,7,317,45.29
서울,사립,경희대학교(서울),서울캠퍼스 논술우수자전형,인문계열,철학과,7,317,45.29
서울,사립,서강대학교,논술(일반),,화공생명공학과,12,546,45.5
서울,사립,한양대학교(서울),논술,공과대학,기계공학부,9,418,46.44
경기,사립,경기대학교(수원),실기/실적(예능실기우수자전형),,보컬,5,234,46.8
서울,사립,경기대학교(서울),실기/실적(예능실기우수자전형),,보컬,5,234,46.8
서울,사립,고려대학교(서울),서울캠퍼스 논술(논술전형),문과대학,언어학과,4,189,47.25
서울,사립,연세대학교(서울),논술전형,문과대학,문헌정보학과,4,190,47.5
서울,사립,연세대학교(서울),논술전형,사회과학대학,행정학과,6,287,47.83
인천,국립,인천대학교,실기/실적(실기우수자),예술체육대학,공연예술학과,20,957,47.85
서울,사립,고려대학교(서울),서울캠퍼스 논술(논술전형),국제대학,국제학부,4,194,48.5
서울,사립,고려대학교(서울),서울캠퍼스 논술(논술전형),정경대학,통계학과,7,344,49.14
서울,사립,고려대학교(서울),서울캠퍼스 논술(논술전형),문과대학,서어서문학과,5,247,49.4
서울,사립,연세대학교(서울),논술전형,상경대학,경제학부,5,249,49.8
경기,사립,한양대학교(ERICA),재능우수자(실용음악),예체능대학,실용음악학과(기타),3,153,51.0
경기,사립,가천대학교(성남),실기우수자 전형,예체능계열,연기예술학과(연기),24,1227,51.13
인천,사립,가천대학교(인천),실기우수자 전형,예체능계열,연기예술학과(연기),24,1227,51.13
서울,사립,고려대학교(서울),서울캠퍼스 논술(논술전형),정경대학,행정학과,6,309,51.5
서울,사립,연세대학교(서울),논술전형,문과대학,국어국문학과,4,206,51.5
서울,사립,고려대학교(서울),서울캠퍼스 논술(논술전형),이과대학,물리학과,5,258,51.6
서울,사립,고려대학교(서울),서울캠퍼스 논술(논술전형),공과대학,화공생명공학과,13,675,51.92
서울,사립,연세대학교(서울),논술전형,진리자유학부,진리자유학부(인문),12,631,52.58
서울,사립,고려대학교(서울),서울캠퍼스 논술(논술전형),문과대학,사학과,5,266,53.2
서울,사립,고려대학교(서울),서울캠퍼스 논술(논술전형),사범대학,국어교육과,5,266,53.2
경기,사립,수원대학교,실기우수자전형,문화예술융합대학,아트앤엔터테인먼트학부 연기예술,18,961,53.39
서울,사립,연세대학교(서울),논술전형,약학대학,약학과,5,268,53.6
서울,사립,홍익대학교(서울),공연예술우수자전형,공연예술학부 실용음악전공,기악(기타),5,271,54.2
서울,사립,고려대학교(서울),서울캠퍼스 논술(논술전형),공과대학,신소재공학부,11,603,54.82
서울,사립,홍익대학교(서울),공연예술우수자전형,공연예술학부 실용음악전공,기악(드럼),3,167,55.67
서울,사립,홍익대학교(서울),공연예술우수자전형,공연예술학부 실용음악전공,기악(베이스),3,167,55.67
서울,사립,연세대학교(서울),논술전형,문과대학,철학과,4,223,55.75
서울,사립,한양대학교(서울),논술,경영대학,경영학부,12,675,56.25
서울,사립,고려대학교(서울),서울캠퍼스 논술(논술전형),정경대학,정치외교학과,6,342,57.0
서울,사립,한양대학교(서울),논술,인문과학대학,국어국문학과,4,229,57.25
서울,사립,연세대학교(서울),논술전형,사회과학대학,언론홍보영상학부,5,288,57.6
서울,사립,연세대학교(서울),논술전형,사회과학대학,정치외교학과,6,347,57.83
서울,사립,고려대학교(서울),서울캠퍼스 논술(논술전형),문과대학,영어영문학과,8,473,59.13
서울,사립,고려대학교(서울),서울캠퍼스 논술(논술전형),문과대학,국어국문학과,4,239,59.75
서울,사립,숭실대학교,실기/실적(예체능우수인재전형) 연기,,예술창작학부(영화예술전공),16,957,59.81
서울,사립,연세대학교(서울),논술전형,문과대학,심리학과,4,240,60.0
서울,사립,고려대학교(서울),서울캠퍼스 논술(논술전형),공과대학,기계공학부,13,880,67.69
경기,사립,성균관대학교(수원),실기/실적(예체능 실기우수자),,연기예술학과 / 연기,20,1359,67.95
서울,사립,성균관대학교(서울),실기/실적(예체능 실기우수자),,연기예술학과 / 연기,20,1359,67.95
서울,사립,고려대학교(서울),서울캠퍼스 논술(논술전형),미디어대학,미디어학부,6,408,68.0
서울,사립,고려대학교(서울),서울캠퍼스 논술(논술전형),심리학부,심리학부,4,274,68.5
서울,사립,건국대학교(서울),논술(KU논술우수자),수의과대학,수의예과,6,416,69.33
서울,사립,고려대학교(서울),서울캠퍼스 논술(논술전형),정경대학,경제학과,11,765,69.55
경기,사립,아주대학교,논술우수자전형,,의학과,10,703,70.3
서울,사립,연세대학교(서울),논술전형,경영대학,경영학과,15,1063,70.87
서울,사립,한양대학교(서울),논술,공과대학,반도체공학과,4,291,72.75
서울,사립,이화여자대학교,논술(논술전형),의과대학,의예과,5,370,74.0
서울,사립,고려대학교(서울),서울캠퍼스 논술(논술전형),자유전공학부,자유전공학부,15,1129,75.27
서울,사립,한양대학교(서울),논술,인문과학대학,철학과,3,228,76.0
서울,사립,세종대학교,실기/실적(실기우수자 전형),예체능,영화예술학과-연기예술,22,1679,76.32
서울,사립,고려대학교(서울),서울캠퍼스 논술(논술전형),문과대학,사회학과,6,458,76.33
서울,사립,한양대학교(서울),논술,사회과학대학,사회학과,4,311,77.75
서울,사립,이화여자대학교,논술(논술전형),약학대학,약학부 약학전공,5,396,79.2
서울,사립,고려대학교(서울),서울캠퍼스 논술(논술전형),공과대학,전기전자공학부,10,849,84.9
서울,사립,고려대학교(서울),서울캠퍼스 논술(논술전형),문과대학,철학과,4,355,88.75
경기,사립,가천대학교(성남),논술 전형,자연계열,한의예과,7,640,91.43
인천,사립,가천대학교(인천),논술 전형,자연계열,한의예과,7,640,91.43
서울,사립,한양대학교(서울),논술,사회과학대학,정치외교학과,4,386,96.5
서울,사립,덕성여자대학교,논술전형[논술위주],,약학대학,5,490,98.0
서울,사립,한양대학교(서울),논술,사회과학대학,미디어커뮤니케이션학과,5,496,99.2
서울,사립,서강대학교,논술(일반),,시스템반도체공학과,3,313,104.33
서울,사립,한양대학교(서울),논술,의과대학,의예과,8,841,105.13
경기,사립,가천대학교(성남),논술 전형,자연계열,약학과,6,651,108.5
인천,사립,가천대학교(인천),논술 전형,자연계열,약학과,6,651,108.5
서울,사립,숙명여자대학교,[논술] 논술우수자전형,약학대학,약학부,4,445,111.25
인천,사립,인하대학교,논술 논술우수자,의과대학,의예과,8,903,112.88
경기,사립,성균관대학교(수원),논술위주(수리형),,약학과,5,608,121.6
서울,사립,성균관대학교(서울),논술위주(수리형),,약학과,5,608,121.6
서울,사립,홍익대학교(서울),공연예술우수자전형,공연예술학부 실용음악전공,보컬,8,1021,127.63
경기,사립,한양대학교(ERICA),재능우수자(실용음악),예체능대학,실용음악학과(보컬),7,999,142.71
서울,사립,고려대학교(서울),서울캠퍼스 논술(논술전형),경영대학,경영학과,12,1764,147.0
경기,사립,아주대학교,논술우수자전형,,약학과,5,880,176.0
서울,사립,삼육대학교,논술우수자전형,,약학과,5,927,185.4
서울,사립,서경대학교,실기우수자 전형,,실용음악학부-보컬,5,932,186.4
경기,사립,가천대학교(성남),논술 전형,자연계열,의예과,6,1136,189.33
인천,사립,가천대학교(인천),논술 전형,자연계열,의예과,6,1136,189.33
경기,사립,성균관대학교(수원),논술위주(수리형),,의예과,5,981,196.2
서울,사립,성균관대학교(서울),논술위주(수리형),,의예과,5,981,196.2
